repeat,fold,method,n,response,rmse_db,bias_db,centered_rmse_db,centered_skill,variance_ratio
1,1,components_multifidelity,44,HH,2.821135923679962,0.7456769018851435,2.720803899194605,0.03281652647479172,0.07763887050377331
1,1,components_multifidelity,44,VV,3.0679515687190615,1.2602144239107795,2.7971747234974385,-0.053968821199027905,0.06380310051282542
1,1,components_multifidelity,44,common,2.9167949966783078,1.0029456628979612,2.7389401325917624,-0.009438709054676364,0.07016045262889115
1,1,components_multifidelity,44,differential,0.8435029609765698,0.5145375220256361,0.6683923874521307,-0.04282750316236106,0.11705733947995466
1,1,components_scratch,44,HH,2.4690329207490818,-0.5040456722481689,2.4170356894408145,0.23672592654562918,0.2547648732907287
1,1,components_scratch,44,VV,2.917866670087406,1.0536187209668681,2.720998620954283,0.002655454675320912,0.08054341889995788
1,1,components_scratch,44,common,2.5169075827336793,0.2747865243593495,2.5018625354029345,0.15774855851261982,0.1407265573291589
1,1,components_scratch,44,differential,1.9699857401032759,1.557664393215037,1.2060370866272239,-2.3952426096734882,2.1298498389450016
1,1,components_spm,44,HH,2.838272707894644,0.9271663440626742,2.682564917167346,0.05981164997944133,0.09293037668704493
1,1,components_spm,44,VV,3.2696068618654275,1.616361388266717,2.842130344244961,-0.08811940728231815,0.06959814444295938
1,1,components_spm,44,common,3.021321217619525,1.2717638661646953,2.740620106610136,-0.010677400522983493,0.07771667849467154
1,1,components_spm,44,differential,0.9892999499254268,0.6891950442040428,0.709735571862535,-0.17582484318480862,0.33997827416067883
1,1,direct_multifidelity,44,HH,2.7188587790999907,0.19085476927795347,2.712151824240846,0.03895797510024057,0.11410555147391747
1,1,direct_multifidelity,44,VV,3.060684359743693,1.3847315695301086,2.729525092452228,-0.0036048598258000553,0.09014219425591491
1,1,direct_multifidelity,44,common,2.816319701583079,0.7877931694040311,2.703893227138482,0.016229146720865728,0.09238532975780313
1,1,direct_multifidelity,44,differential,1.3391553215506726,1.1938768002521551,0.6066260471304884,0.14100310361443047,0.7907658456016126
1,1,direct_scratch,44,HH,2.535114602215445,-0.4796408845341815,2.4893273525692123,0.19038525950469043,0.23642934394910356
1,1,direct_scratch,44,VV,2.914420432653628,1.384521181085459,2.5645560156476765,0.11404237068870426,0.1402579395460622
1,1,direct_scratch,44,common,2.5215849159829755,0.45244014827563866,2.4806628954255734,0.17196179182339755,0.17842983755415023
1,1,direct_scratch,44,differential,2.099462563423884,1.864162065619641,0.9657343570170324,-1.177032192065424,0.927981996841153
1,1,direct_spm,44,HH,2.8784131790149896,0.904735841277775,2.732529137380712,0.024462457068344268,0.08025574280783222
1,1,direct_spm,44,VV,3.154717396294653,1.5711916625820679,2.735616678176369,-0.008089425269115047,0.09342099568978554
1,1,direct_spm,44,common,2.9858699918682743,1.2379637519299214,2.7171428665506423,0.006564160628018123,0.07815243238934289
1,1,direct_spm,44,differential,0.9018481722911007,0.6664558213042933,0.607590951310517,0.13826827583275836,0.6824717937448632
1,1,fixed_common_multifidelity,44,HH,2.9868259838939686,1.2180172572085513,2.7271896558923676,0.02827121826745993,0.0016379609942717124
1,1,fixed_common_multifidelity,44,VV,3.2635644027762947,1.7325547792341873,2.7657018183494344,-0.030384421419804575,0.0016887981496502035
1,1,fixed_common_multifidelity,44,common,3.099696230805903,1.4752860182213687,2.7261048930136313,-4.440892098500626e-16,1.6983816610047474e-30
1,1,fixed_common_multifidelity,44,differential,0.8435029609765697,0.5145375220256359,0.6683923874521304,-0.04282750316236039,0.11705733947995452
1,1,fixed_common_scratch,44,HH,2.6278620000338524,0.6964538216138505,2.5338924139713153,0.1611376030615409,0.02980258201105968
1,1,fixed_common_scratch,44,VV,3.775049226623125,2.254118214828887,3.0281921565522354,-0.2352516250263652,0.030727560382141184
1,1,fixed_common_scratch,44,common,3.099696230805903,1.4752860182213687,2.7261048930136313,-4.440892098500626e-16,1.6983816610047474e-30
1,1,fixed_common_scratch,44,differential,1.9699857401032759,1.557664393215037,1.2060370866272236,-2.395242609673486,2.1298498389450007
1,1,fixed_common_spm,44,HH,2.912636078669272,1.1306884961193475,2.6842117002034844,0.05865696294871048,0.004757251057037457
1,1,fixed_common_spm,44,VV,3.349946524235866,1.8198835403233902,2.8125016648706107,-0.06555077632587802,0.0049049011610429166
1,1,fixed_common_spm,44,common,3.099696230805903,1.4752860182213687,2.7261048930136313,-4.440892098500626e-16,1.6983816610047474e-30
1,1,fixed_common_spm,44,differential,0.989299949925427,0.689195044204043,0.7097355718625351,-0.17582484318480907,0.3399782741606786
1,1,ridge,44,HH,3.033402206158048,1.2477071572295453,2.764915151342384,0.0012012246803371207,1.439669867977889e-05
1,1,ridge,44,VV,3.2041849230057067,1.6887675586057023,2.7230250005863006,0.0011694184860100432,4.7675348185772816e-05
1,1,ridge,44,common,3.094738565979874,1.4682373579176238,2.7242771247760835,0.0013404880431817645,2.889246115671635e-05
1,1,ridge,44,differential,0.7918540037346029,0.44106040137615693,0.6576461704962814,-0.009564516357939201,0.00016187903590908533
1,1,training_mean,44,HH,3.0368158250293504,1.2523180296932863,2.7665772911042663,-4.440892098500626e-16,4.122634272441028e-31
1,1,training_mean,44,VV,3.2105471586061998,1.6982540067494478,2.724618576277015,0.0,0.0
1,1,training_mean,44,common,3.099696230805902,1.4752860182213672,2.7261048930136313,-4.440892098500626e-16,1.6983816610047474e-30
1,1,training_mean,44,differential,0.7919974321150335,0.44593597705616167,0.6545235189386045,-2.220446049250313e-16,2.589479372272371e-31
1,2,components_multifidelity,51,HH,2.747915185262909,0.19797992846059942,2.7407739442218184,-0.4954993373796721,0.18815984034101624
1,2,components_multifidelity,51,VV,3.838559284425787,-0.21030245115039922,3.832794053832209,-0.682688793316391,0.1644403800948124
1,2,components_multifidelity,51,common,3.1847122356359483,-0.006161261344899957,3.1847062757290447,-0.6641949578244377,0.19135168911060293
1,2,components_multifidelity,51,differential,2.000395559798736,-0.4082823796109985,1.9582869795210505,-0.2257331815324235,0.030914816669119626
1,2,components_scratch,51,HH,2.828470180931318,-0.9552483974896856,2.662281740070166,-0.4110675935287482,0.29860760274433984
1,2,components_scratch,51,VV,4.163098049317689,-1.4697386401775325,3.895029357758661,-0.737778040600058,0.21496398031059427
1,2,components_scratch,51,common,3.4086705025003057,-1.2124935188336092,3.185732892350233,-0.6652680649995981,0.2684318364140783
1,2,components_scratch,51,differential,2.046245216692767,-0.514490242687847,1.9805098527947371,-0.2537105627107792,0.06692855712138975
1,2,components_spm,51,HH,2.850411598755908,0.19724191359850102,2.8435790669229184,-0.6097943844888585,0.2429649760379635
1,2,components_spm,51,VV,3.9784227585414356,-0.3849568099166653,3.9597545252425976,-0.7960125280512913,0.20245593992408326
1,2,components_spm,51,common,3.3045502742012838,-0.09385744815908237,3.3032171127779115,-0.7903571460353462,0.23931755234270388
1,2,components_spm,51,differential,2.0555237281798044,-0.5821987235151663,1.9713504111262194,-0.24214108240338605,0.04531007716285321
1,2,direct_multifidelity,51,HH,2.844812238637325,-0.3337735003132792,2.8251640525090447,-0.5890118441811898,0.2730783304329212
1,2,direct_multifidelity,51,VV,3.8338520414449917,-0.5828859422226801,3.7892829736047835,-0.644700827986812,0.1884977326621966
1,2,direct_multifidelity,51,common,3.2237947149925423,-0.4583297212679796,3.191047826500923,-0.6708292175124155,0.22639822898438822
1,2,direct_multifidelity,51,differential,2.002834701099889,-0.2491124419094009,1.9872820210568547,-0.26229911361412084,0.1647686524507513
1,2,direct_scratch,51,HH,3.1526257460490448,-1.2540004160862455,2.8924958169558033,-0.6656558337531548,0.4166619864748468
1,2,direct_scratch,51,VV,4.233014296922374,-0.49422277426486133,4.20406397279432,-1.0244705627767696,0.27911460031098184
1,2,direct_scratch,51,common,3.5182702676540054,-0.8741115951755535,3.4079546058358576,-0.9056934314948231,0.32406487853481325
1,2,direct_scratch,51,differential,2.490384620930727,0.7597776418213842,2.3716562767729683,-0.7978223059532468,0.37052870813948563
1,2,direct_spm,51,HH,2.862176302919017,-0.13868902744575012,2.8588141847026924,-0.6270902687789535,0.26660486513386616
1,2,direct_spm,51,VV,3.8800870649179657,-0.7132073382610693,3.813975737205767,-0.6662059693144955,0.20192048206565283
1,2,direct_spm,51,common,3.261603377979436,-0.42594818285341,3.233670474982067,-0.7157616527612483,0.24208223851413285
1,2,direct_spm,51,differential,1.9854549251197575,-0.5745183108153192,1.9005157116478184,-0.15447942887874255,0.09668637337575418
1,2,fixed_common_multifidelity,51,HH,2.177140827511507,-0.24051231366593318,2.16381515148419,0.06786222950384602,0.004813968064752643
1,2,fixed_common_multifidelity,51,VV,3.137703589509749,-0.6487946932769317,3.0698940147174554,-0.07949242311591576,0.0027697224293433565
1,2,fixed_common_multifidelity,51,common,2.508419303127829,-0.4446535034714325,2.4686941208166884,0.0,5.17756857148523e-31
1,2,fixed_common_multifidelity,51,differential,2.000395559798736,-0.4082823796109985,1.9582869795210502,-0.22573318153242306,0.030914816669119626
1,2,fixed_common_scratch,51,HH,2.07182923137009,-0.18740838212750902,2.0633357609143324,0.15242214419133404,0.010421926160868239
1,2,fixed_common_scratch,51,VV,3.222641491085852,-0.7018986248153558,3.145275266260547,-0.13315717673027483,0.005996267996887984
1,2,fixed_common_scratch,51,common,2.508419303127829,-0.4446535034714325,2.4686941208166884,0.0,5.17756857148523e-31
1,2,fixed_common_scratch,51,differential,2.046245216692767,-0.5144902426878468,1.9805098527947371,-0.2537105627107792,0.06692855712138976
1,2,fixed_common_spm,51,HH,2.168765044606774,-0.15355414171384943,2.1633222007529866,0.06828689207711591,0.007055557430859091
1,2,fixed_common_spm,51,VV,3.1612310703989173,-0.7357528652290155,3.0744185794655188,-0.08267678886589103,0.00405942361995597
1,2,fixed_common_spm,51,common,2.508419303127829,-0.4446535034714325,2.4686941208166884,0.0,5.17756857148523e-31
1,2,fixed_common_spm,51,differential,2.0555237281798044,-0.5821987235151661,1.9713504111262192,-0.24214108240338583,0.04531007716285324
1,2,ridge,51,HH,2.495362981564762,-0.4033214022898731,2.462553198657586,-0.2072884166498996,0.04538955934932486
1,2,ridge,51,VV,3.447819787452985,-0.7005537397501213,3.3758977686645766,-0.305423442047968,0.057375687143766826
1,2,ridge,51,common,2.8553222841861583,-0.5519375710199972,2.8014693045376395,-0.287766642037532,0.05736016365299409
1,2,ridge,51,differential,1.90187644360826,-0.29723233746024824,1.878506572871099,-0.12789509565490786,0.01900979207896527
1,2,training_mean,51,HH,2.2734951824510596,-0.38185689277229923,2.2411973715115905,0.0,6.282033037224047e-31
1,2,training_mean,51,VV,2.99796020275472,-0.5074501141705798,2.954701297750652,0.0,0.0
1,2,training_mean,51,common,2.50841930312783,-0.4446535034714396,2.468694120816689,-2.220446049250313e-16,5.17756857148523e-31
1,2,training_mean,51,differential,1.7732517707988813,-0.1255932213982806,1.7687985146364666,0.0,1.5758820952353963e-32
1,3,components_multifidelity,51,HH,3.1154742606903105,-2.2171759606311987,2.188677826593708,0.007418248565443597,0.060084228157402074
1,3,components_multifidelity,51,VV,4.757881314578523,-3.010119546068377,3.6846458339971506,-0.07473575739954885,0.04993336078903016
1,3,components_multifidelity,51,common,3.7904961633726546,-2.613647753349788,2.745306282721915,-0.06307096805031698,0.06133507541064242
1,3,components_multifidelity,51,differential,2.6862211910241722,-0.7929435854371782,2.5665199701972616,-0.004271459576404624,0.015575397154919556
1,3,components_scratch,51,HH,3.1192010925339853,-2.272121616021335,2.1370256942006582,0.0537146905775675,0.02607395968200143
1,3,components_scratch,51,VV,4.711756668667107,-3.0486613305350283,3.592536011848641,-0.021674276144888704,0.005832633943010138
1,3,components_scratch,51,common,3.7650215644226663,-2.660391473278182,2.664151757966586,-0.0011486586108611085,0.009021905945251993
1,3,components_scratch,51,differential,2.6755528771671675,-0.7765397145136933,2.5603845942163646,0.0005243092457719589,0.021830731317156543
1,3,components_spm,51,HH,3.956178088179486,-3.006643817199235,2.571271674072794,-0.36993052017467254,0.2628945328095716
1,3,components_spm,51,VV,5.506662662663709,-3.728166788197303,4.052666539422801,-0.3001454477908807,0.13133168593725963
1,3,components_spm,51,common,4.604952729165223,-3.3674053026982675,3.141046189600819,-0.3916476662491759,0.20467690618264991
1,3,components_spm,51,differential,2.6696439725452477,-0.721522970998068,2.5702925013447966,-0.007225989346918205,0.00782709397868377
1,3,direct_multifidelity,51,HH,3.1395727689071937,-2.2187982563188267,2.2212274689954916,-0.022324294206727213,0.08017881766896007
1,3,direct_multifidelity,51,VV,4.610245255801912,-2.908979300273529,3.5766186194818386,-0.012640900549808931,0.009516587728364485
1,3,direct_multifidelity,51,common,3.725787041393138,-2.563888778296178,2.7033245107348773,-0.030806181520550924,0.03169810974824765
1,3,direct_multifidelity,51,differential,2.587779099645703,-0.6901810439547024,2.494043062003686,0.05164765960274276,0.017599919324241223
1,3,direct_scratch,51,HH,3.147127682749096,-2.271384409589864,2.1783538544960503,0.01676016062877772,0.02497696150450347
1,3,direct_scratch,51,VV,4.675490975936386,-2.5611767478544833,3.9115968008362145,-0.21120697420912515,0.033491838554328995
1,3,direct_scratch,51,common,3.7392987582335464,-2.4162805787221737,2.853759514783433,-0.14872320707484632,0.024448982148681374
1,3,direct_scratch,51,differential,2.756780045971891,-0.28979233826462,2.7415062689244216,-0.14588309263498456,0.060058664969242635
1,3,direct_spm,51,HH,4.016950654007108,-3.0710730413712795,2.5892861818058446,-0.3891934197545903,0.30857160897535474
1,3,direct_spm,51,VV,4.675503586186924,-2.927724274238424,3.645375749971719,-0.05194927526316495,0.01895602971190982
1,3,direct_spm,51,common,4.1735302306843005,-2.999398657804852,2.9020617288393793,-0.18793845689020405,0.10175173923854676
1,3,direct_spm,51,differential,2.5137689505216674,0.14334876713285477,2.5096783593855796,0.03971983914148691,0.08718180715465067
1,3,fixed_common_multifidelity,51,HH,2.963497550737121,-1.9849172957744972,2.200550172606881,-0.003379352967810778,0.005292001071900842
1,3,fixed_common_multifidelity,51,VV,4.5107343748053585,-2.777860881211676,3.5539011697970135,0.00018213843707437505,0.0020217502784807394
1,3,fixed_common_multifidelity,51,common,3.5721947168177954,-2.3813890884930866,2.662622974449638,-2.220446049250313e-16,4.4508306996238146e-31
1,3,fixed_common_multifidelity,51,differential,2.6862211910241722,-0.7929435854371785,2.566519970197261,-0.004271459576404402,0.015575397154919563
1,3,fixed_common_scratch,51,HH,2.96541553453799,-1.99311923123624,2.1957151505957,0.00102502884686817,0.0074173552289985515
1,3,fixed_common_scratch,51,VV,4.506301420955046,-2.7696589457499328,3.554678863234881,-0.0002554859244017216,0.002833718246854387
1,3,fixed_common_scratch,51,common,3.5721947168177954,-2.3813890884930866,2.662622974449638,-2.220446049250313e-16,4.4508306996238146e-31
1,3,fixed_common_scratch,51,differential,2.6755528771671675,-0.7765397145136933,2.5603845942163646,0.0005243092457719589,0.02183073131715656
1,3,fixed_common_spm,51,HH,2.95997487906101,-2.0206276029940526,2.1629876039151843,0.03058291105873967,0.0026593857808614603
1,3,fixed_common_spm,51,VV,4.508125816248176,-2.74215057399212,3.578240993096743,-0.013559787724159778,0.001015988823508144
1,3,fixed_common_spm,51,common,3.5721947168177954,-2.3813890884930866,2.662622974449638,-2.220446049250313e-16,4.4508306996238146e-31
1,3,fixed_common_spm,51,differential,2.6696439725452477,-0.7215229709980677,2.5702925013447966,-0.007225989346918205,0.007827093978683768
1,3,ridge,51,HH,2.9296456823096606,-1.9435944650142523,2.1920913255249195,0.0043197396525987974,1.0963222711699018e-05
1,3,ridge,51,VV,4.535781084013008,-2.8232310584976936,3.55002484955024,0.002361996809509548,7.1029137068012455e-06
1,3,ridge,51,common,3.5699784155895062,-2.3834127617559733,2.6578354905587607,0.003592833014542718,9.838827138524848e-06
1,3,ridge,51,differential,2.7080037261480747,-0.8796365934834416,2.561156700445466,-7.858280805739248e-05,9.548599469296402e-07
1,3,training_mean,51,HH,2.932212227036659,-1.9421010833334373,2.1968413521459333,2.220446049250313e-16,6.538272773075751e-31
1,3,training_mean,51,VV,4.537480981532521,-2.820677093652734,3.554224865017983,-2.220446049250313e-16,2.4978745506944636e-31
1,3,training_mean,51,common,3.572194716817794,-2.3813890884930844,2.662622974449638,-2.220446049250313e-16,4.4508306996238146e-31
1,3,training_mean,51,differential,2.707564223589417,-0.8785760103192966,2.5610560749333056,0.0,1.8792401583613614e-33
1,4,components_multifidelity,49,HH,2.1342945125453148,0.8194917515928286,1.9706969161574188,0.29614973308670767,0.11176901481971083
1,4,components_multifidelity,49,VV,2.8696117997281174,0.6772160569485447,2.788557027093028,0.2499003191021285,0.06267977704398436
1,4,components_multifidelity,49,common,2.3612146447431592,0.7483539042706865,2.239486778820626,0.30542380132376745,0.08084451284800344
1,4,components_multifidelity,49,differential,1.8106439464018085,-0.14227569464428383,1.805045464068704,-0.1289020029807444,0.06859602597552349
1,4,components_scratch,49,HH,2.6046288922185536,0.27188117775478,2.590400025355606,-0.21611396880221845,0.21839907374192855
1,4,components_scratch,49,VV,3.490635525876825,0.22281447437029758,3.483516913196269,-0.1705656260887245,0.06043834895549104
1,4,components_scratch,49,common,2.950413859412436,0.2473478260625386,2.9400273799329013,-0.1970867979973201,0.09616127445133942
1,4,components_scratch,49,differential,1.7656410490623815,-0.04906670338448241,1.7649591419500585,-0.07931761673471582,0.30692250918071634
1,4,components_spm,49,HH,2.292788912836234,0.7831629681645484,2.1548867172360717,0.1584314562589202,0.0333556633518027
1,4,components_spm,49,VV,3.2132140586206015,0.7192090757433717,3.1316901015083602,0.05394261738430706,0.047517904454854785
1,4,components_spm,49,common,2.6450497580632524,0.7511860219539601,2.5361403318924323,0.1092220612787731,0.037912822106451916
1,4,components_spm,49,differential,1.7827221545046754,-0.06395389242117672,1.7815746349243895,-0.09973486854307434,0.08948851735479262
1,4,direct_multifidelity,49,HH,2.228439150069796,0.8812601756331175,2.046783219690566,0.24075087291277253,0.1400793440837612
1,4,direct_multifidelity,49,VV,3.3241251077549636,0.660113533761418,3.2579223217492403,-0.02386187195056433,0.05427236804783445
1,4,direct_multifidelity,49,common,2.586003169695969,0.7706868546972677,2.4684922859256484,0.15610883499014538,0.06382949993493084
1,4,direct_multifidelity,49,differential,2.2982271385637842,-0.22114664187169952,2.2875624894677635,-0.8131172366163544,0.2867204570937774
1,4,direct_scratch,49,HH,2.567552638827592,0.21288621908760608,2.558711787379172,-0.1865426278105935,0.17418396270945888
1,4,direct_scratch,49,VV,3.9630025713489436,0.14551577653680642,3.960330104839397,-0.5129434452246047,0.13762817824762572
1,4,direct_scratch,49,common,3.15751090285561,0.17920099781220625,3.152421625359647,-0.37629485863816203,0.1517128071049661
1,4,direct_scratch,49,differential,2.1716195478788505,-0.06737044255079963,2.170574275209225,-0.6324100382533613,0.13645272506347123
1,4,direct_spm,49,HH,2.4265144752934975,1.0571771855827647,2.18411283982586,0.1354487369449855,0.09003301936263998
1,4,direct_spm,49,VV,3.590803996094641,0.6434082024101135,3.5326900831293755,-0.20384617794281756,0.054870144361645945
1,4,direct_spm,49,common,2.8260840031137913,0.850292693996439,2.6951350851473004,-0.005967538638493863,0.047343851303045234
1,4,direct_spm,49,differential,2.36995538011448,-0.41376898317265143,2.3335560272463653,-0.8867589486987708,0.2646358463889522
1,4,fixed_common_multifidelity,49,HH,2.277013114071786,0.12821409437131454,2.2734005075347885,0.0633172746088061,0.008970148172963748
1,4,fixed_common_multifidelity,49,VV,3.301858492073928,-0.014061600272969368,3.3018285499217668,-0.05164450455077296,0.0047744014261719946
1,4,fixed_common_multifidelity,49,common,2.6877353360231404,0.05707624704917247,2.6871292374074986,0.0,0.0
1,4,fixed_common_multifidelity,49,differential,1.810643946401809,-0.14227569464428388,1.805045464068704,-0.1289020029807444,0.06859602597552347
1,4,fixed_common_scratch,49,HH,2.2687882250928735,0.08160959874141385,2.2673199782371563,0.0683211531528003,0.04013556683227146
1,4,fixed_common_scratch,49,VV,3.2953279988131423,0.03254289535693131,3.295167306787869,-0.04740552406977172,0.021362334693843264
1,4,fixed_common_scratch,49,common,2.6877353360231404,0.05707624704917247,2.6871292374074986,0.0,0.0
1,4,fixed_common_scratch,49,differential,1.765641049062382,-0.04906670338448255,1.7649591419500588,-0.07931761673471605,0.30692250918071634
1,4,fixed_common_spm,49,HH,2.2596027174201105,0.0890531932597608,2.257847197961498,0.07608993091113803,0.011702212322587854
1,4,fixed_common_spm,49,VV,3.3062194682935666,0.02509930083858432,3.3061241957344567,-0.054382642434161355,0.006228554771338973
1,4,fixed_common_spm,49,common,2.6877353360231404,0.05707624704917247,2.6871292374074986,0.0,0.0
1,4,fixed_common_spm,49,differential,1.782722154504675,-0.06395389242117647,1.7815746349243893,-0.09973486854307412,0.08948851735479256
1,4,ridge,49,HH,2.8513616215195055,0.9088779637421852,2.702629079932761,-0.3237729317838762,0.10781019426663178
1,4,ridge,49,VV,3.6909006458517584,0.8215330446704958,3.5983094689122215,-0.24898419642120095,0.116230652896448
1,4,ridge,49,common,3.1846954282272772,0.8652055042063406,3.064915073221895,-0.3009475314750505,0.12039878144958137
1,4,ridge,49,differential,1.7137331957337067,-0.08734491907168956,1.7115058665607967,-0.014931514025858128,0.04232269204317902
1,4,training_mean,49,HH,2.3536590884766304,0.14830528278756394,2.3489820450284298,0.0,5.718748935947011e-31
1,4,training_mean,49,VV,3.2199154734639897,-0.03415278868920816,3.2197343435876165,0.0,0.0
1,4,training_mean,49,common,2.6877353360231404,0.0570762470491778,2.6871292374074986,0.0,0.0
1,4,training_mean,49,differential,1.7086393932053787,-0.18245807147677207,1.6988695147556867,-2.220446049250313e-16,4.270713256888138e-33
1,5,components_multifidelity,45,HH,2.9109514364419944,0.47185371467791254,2.8724540618203744,-0.5428607598699717,0.1480873345674517
1,5,components_multifidelity,45,VV,3.9281392057149223,1.1150034445355452,3.766569385813639,-0.5099108364123746,0.1421315865827769
1,5,components_multifidelity,45,common,3.3503316946409023,0.7934285796067286,3.255025891322315,-0.5373118989535441,0.14891462445047463
1,5,components_multifidelity,45,differential,1.7055620519744288,0.6431497298576329,1.5796519674027183,-0.29997451231914596,0.07789892101631973
1,5,components_scratch,45,HH,2.857481228272817,0.6789720349293179,2.7756433390685245,-0.4406147921510437,0.16373315515907685
1,5,components_scratch,45,VV,3.9743505006283626,1.7249470354667362,3.580505498764027,-0.36441990856686335,0.12590496750293861
1,5,components_scratch,45,common,3.327125176840345,1.2019595351980268,3.102427310689397,-0.39654946751289,0.12516261904790085
1,5,components_scratch,45,differential,1.908474252929099,1.045975000537418,1.5963114584391203,-0.327538956121731,0.34735035886008914
1,5,components_spm,45,HH,3.1203250460503114,0.5611679047472169,3.0694492951815477,-0.7617386287351255,0.3216758972801086
1,5,components_spm,45,VV,4.18797436697155,1.1259489620614227,4.033778406561714,-0.7317429616767526,0.29880827328816517
1,5,components_spm,45,common,3.5939104424707042,0.8435584334043197,3.493508471140785,-0.7708292838963982,0.32133600897742554
1,5,components_spm,45,differential,1.6989250450915652,0.5647810573142062,1.6023010535284634,-0.33751988837634483,0.10268340051863004
1,5,direct_multifidelity,45,HH,2.7149175943203123,0.5610812181384109,2.656306723743007,-0.3194015592338115,0.07147830817964694
1,5,direct_multifidelity,45,VV,4.206920268270056,1.3391488276426153,3.988089587886011,-0.6927357598122428,0.3167483134111356
1,5,direct_multifidelity,45,common,3.3199955889446997,0.9501150228905134,3.18114007140365,-0.46831311682633325,0.16206771574763143
1,5,direct_multifidelity,45,differential,2.459355308330566,0.7780676095042042,2.333032217448817,-1.835655607226105,1.1716144127656953
1,5,direct_scratch,45,HH,2.80515282570711,0.7905703371569394,2.6914458786273494,-0.35454005531235233,0.12585251920810298
1,5,direct_scratch,45,VV,4.327084131378018,1.8478957907412352,3.9126638274434313,-0.6293126456610678,0.20967316060562888
1,5,direct_scratch,45,common,3.493280225641099,1.3192330639490877,3.234599025820454,-0.5180776860172078,0.17080124254173978
1,5,direct_scratch,45,differential,2.091184346673328,1.057325453584296,1.804193686103107,-0.6958144412898,0.3008970285163275
1,5,direct_spm,45,HH,2.951516461122752,0.5009196198892455,2.9086988422125426,-0.5820422075745482,0.23816247556332454
1,5,direct_spm,45,VV,4.238392981723088,1.3473091585886108,4.018548630874433,-0.718691045694581,0.3216978739725916
1,5,direct_spm,45,common,3.5100234077671604,0.9241143892389283,3.3861891439603533,-0.6637019281716743,0.29075821387059186
1,5,direct_spm,45,differential,2.017372470145922,0.8463895386993653,1.8312335820650887,-0.7470265299549852,0.30058701894809586
1,5,fixed_common_multifidelity,45,HH,2.6014245595227,1.271950072583627,2.269262600877734,0.037080323580315766,0.006990045275348601
1,5,fixed_common_multifidelity,45,VV,3.6809994075970507,1.9150998024412602,3.1435886158050774,-0.05174576588306312,0.0039784948160267635
1,5,fixed_common_multifidelity,45,common,3.0710499361822574,1.593524937512443,2.625266840542311,3.3306690738754696e-16,4.120557968538591e-30
1,5,fixed_common_multifidelity,45,differential,1.7055620519744292,0.6431497298576331,1.5796519674027185,-0.2999745123191462,0.07789892101631973
1,5,fixed_common_scratch,45,HH,2.5660089378731263,1.0705374372437344,2.332027329321933,-0.016922417364847897,0.03116852843612488
1,5,fixed_common_scratch,45,VV,3.754920843220529,2.116512437781153,3.1015811515370113,-0.023824823470437906,0.017740060889680196
1,5,fixed_common_scratch,45,common,3.0710499361822574,1.593524937512443,2.625266840542311,3.3306690738754696e-16,4.120557968538591e-30
1,5,fixed_common_scratch,45,differential,1.908474252929099,1.0459750005374182,1.5963114584391203,-0.32753895612173123,0.34735035886008914
1,5,fixed_common_spm,45,HH,2.61237403061878,1.3111344088553403,2.259518673914196,0.045331880808433644,0.009214012328894867
1,5,fixed_common_spm,45,VV,3.6716985850718156,1.8759154661695463,3.1563129856533982,-0.06027734470928969,0.005244300836590325
1,5,fixed_common_spm,45,common,3.0710499361822574,1.593524937512443,2.625266840542311,3.3306690738754696e-16,4.120557968538591e-30
1,5,fixed_common_spm,45,differential,1.6989250450915652,0.5647810573142061,1.6023010535284634,-0.33751988837634506,0.10268340051863
1,5,ridge,45,HH,2.5910001675015524,1.161924799395713,2.315861098715185,-0.0028721362449457555,4.089466621251439e-05
1,5,ridge,45,VV,3.6751237767979656,2.0205996732191585,3.069806465458755,-0.0029547753249132835,4.0082815600393314e-05
1,5,ridge,45,common,3.073263480467539,1.5912622363074358,2.6292266763589085,-0.003018986242137034,4.219616645262493e-05
1,5,ridge,45,differential,1.6309014697570805,0.8586748738234452,1.3865486162122467,-0.0015720937377865507,1.4254331427419005e-05
1,5,training_mean,45,HH,2.5888925242956913,1.1638348834187355,2.312542511283158,0.0,9.440629574998804e-30
1,5,training_mean,45,VV,3.6727847363971176,2.0232149916061366,3.065281197158236,0.0,0.0
1,5,training_mean,45,common,3.071049936182254,1.5935249375124367,2.625266840542311,3.3306690738754696e-16,4.120557968538591e-30
1,5,training_mean,45,differential,1.6303476937240788,0.8593801081874015,1.3854600073922139,0.0,1.0274305009364614e-31
2,1,components_multifidelity,44,HH,2.9941377718576248,1.0813908136234176,2.792034187662362,-0.018487839498414704,0.051246736009994895
2,1,components_multifidelity,44,VV,3.16194347959902,1.4587177039097339,2.80535723723006,-0.06014414392501788,0.06797017598310197
2,1,components_multifidelity,44,common,3.0537383032275804,1.270054258766576,2.7770991707874146,-0.03776173480168099,0.059380826506227356
2,1,components_multifidelity,44,differential,0.7900788768784828,0.3773268902863159,0.6941534769461457,-0.12476163247975669,0.06640934855376214
2,1,components_scratch,44,HH,2.4990844302371236,0.6408551238450712,2.415518101711334,0.23768410166096077,0.5913622286894836
2,1,components_scratch,44,VV,3.3282857746159444,2.225630731750656,2.4746826146796885,0.17505007380470716,0.16442743729094692
2,1,components_scratch,44,common,2.736755256324243,1.4332429277978633,2.3314467703414934,0.2685815952175531,0.32783649922480207
2,1,components_scratch,44,differential,2.164832797667164,1.5847756079055848,1.4747838195623535,-4.076988913161954,4.081039280586841
2,1,components_spm,44,HH,2.991779486366909,1.1305396761097066,2.769950276771698,-0.0024398680889086144,0.05959447207403345
2,1,components_spm,44,VV,3.345881669342289,1.7650735337134273,2.842435498973571,-0.08835307890729505,0.06319883137459721
2,1,components_spm,44,common,3.1380637902371515,1.447806604911567,2.78411572790572,-0.043012330978118074,0.05900269421515842
2,1,components_spm,44,differential,0.9495050680133039,0.6345338576037212,0.7063474058404189,-0.1646252339007166,0.22557398543836607
2,1,direct_multifidelity,44,HH,2.7793388914439663,0.6534369110541873,2.7014338557079154,0.04653871990103864,0.07379183425443021
2,1,direct_multifidelity,44,VV,3.140657977224547,1.6098832944428976,2.6966661469632953,0.020413165100948483,0.04562915647352153
2,1,direct_multifidelity,44,common,2.9082947540914206,1.131660102748542,2.679090104592012,0.03419485193992844,0.05837689984785644
2,1,direct_multifidelity,44,differential,1.1593967828537417,0.9564463833887102,0.6552947548960412,-0.0023580217217293864,0.16739471031375716
2,1,direct_scratch,44,HH,2.604808053609941,1.0292336500559394,2.392844142384484,0.25192832997010683,0.20407409093448767
2,1,direct_scratch,44,VV,3.4177014560342807,2.0603707810949334,2.7268214989230763,-0.0016177040151104105,0.8720675910657644
2,1,direct_scratch,44,common,2.902314996112598,1.544802215575436,2.4570344831551085,0.18766086033292595,0.4603699423060746
2,1,direct_scratch,44,differential,1.7993574216424657,1.0311371310389938,1.4745993855323878,-4.075719152858765,5.570446205338199
2,1,direct_spm,44,HH,3.057771818258259,1.2504253940255774,2.7904130207749533,-0.01730543320176836,0.06715286481719374
2,1,direct_spm,44,VV,3.3098500508575386,1.8852872692046148,2.7204410068473566,0.003064184322931651,0.044488971444413335
2,1,direct_spm,44,common,3.153837861680892,1.5678563316150957,2.736515993226854,-0.007652662549785916,0.053286712666172506
2,1,direct_spm,44,differential,0.9074021557746733,0.6348618751790377,0.6483279044963906,0.018842076467794344,0.24385765163077738
2,1,fixed_common_multifidelity,44,HH,3.0638613666457695,1.286622573078211,2.7806202237037128,-0.0101776104829705,0.0009292533306267765
2,1,fixed_common_multifidelity,44,VV,3.184509269630871,1.663949463364527,2.7152111283901754,0.006893593950610288,0.0009580944300914548
2,1,fixed_common_multifidelity,44,common,3.099696230805903,1.4752860182213687,2.7261048930136313,-4.440892098500626e-16,1.6983816610047474e-30
2,1,fixed_common_multifidelity,44,differential,0.7900788768784827,0.37732689028631566,0.6941534769461456,-0.12476163247975625,0.06640934855376217
2,1,fixed_common_scratch,44,HH,2.541412949744616,0.6828982142685764,2.447943996515937,0.2170800851353768,0.05710520320544821
2,1,fixed_common_scratch,44,VV,3.8859624530279153,2.267673822174162,3.155686870170861,-0.3414558358642692,0.058877569030048614
2,1,fixed_common_scratch,44,common,3.099696230805903,1.4752860182213687,2.7261048930136313,-4.440892098500626e-16,1.6983816610047474e-30
2,1,fixed_common_scratch,44,differential,2.1648327976671644,1.5847756079055848,1.4747838195623537,-4.076988913161955,4.081039280586843
2,1,fixed_common_spm,44,HH,2.9757119751867362,1.1580190894195084,2.7411409208228896,0.018303798892642775,0.003156413695304685
2,1,fixed_common_spm,44,VV,3.2881836360468637,1.7925529470232293,2.756611245076952,-0.023622021223851375,0.003254378844675259
2,1,fixed_common_spm,44,common,3.099696230805903,1.4752860182213687,2.7261048930136313,-4.440892098500626e-16,1.6983816610047474e-30
2,1,fixed_common_spm,44,differential,0.9495050680133039,0.6345338576037212,0.7063474058404188,-0.16462523390071637,0.22557398543836568
2,1,ridge,44,HH,3.033402206158048,1.2477071572295453,2.764915151342384,0.0012012246803371207,1.439669867977889e-05
2,1,ridge,44,VV,3.2041849230057067,1.6887675586057023,2.7230250005863006,0.0011694184860100432,4.7675348185772816e-05
2,1,ridge,44,common,3.094738565979874,1.4682373579176238,2.7242771247760835,0.0013404880431817645,2.889246115671635e-05
2,1,ridge,44,differential,0.7918540037346029,0.44106040137615693,0.6576461704962814,-0.009564516357939201,0.00016187903590908533
2,1,training_mean,44,HH,3.0368158250293504,1.2523180296932863,2.7665772911042663,-4.440892098500626e-16,4.122634272441028e-31
2,1,training_mean,44,VV,3.2105471586061998,1.6982540067494478,2.724618576277015,0.0,0.0
2,1,training_mean,44,common,3.099696230805902,1.4752860182213672,2.7261048930136313,-4.440892098500626e-16,1.6983816610047474e-30
2,1,training_mean,44,differential,0.7919974321150335,0.44593597705616167,0.6545235189386045,-2.220446049250313e-16,2.589479372272371e-31
2,2,components_multifidelity,51,HH,2.706839129268572,-0.30355739246373775,2.689764112560813,-0.4403504769330371,0.1300486069253038
2,2,components_multifidelity,51,VV,3.8758883026776307,-0.7888474235692088,3.794763481056693,-0.6494617886292355,0.14749908468675843
2,2,components_multifidelity,51,common,3.1838891696503313,-0.5462024080164732,3.1366882494270425,-0.6143888464288374,0.1527893267676393
2,2,components_multifidelity,51,differential,2.037247023480153,-0.4852900311054711,1.9786027950016636,-0.25129729788160526,0.05024597075136055
2,2,components_scratch,51,HH,2.739779927162302,-0.37600657590221104,2.7138557633300566,-0.4662678595714276,0.24805706940360503
2,2,components_scratch,51,VV,3.7706981649290454,-0.9556558349691135,3.6475864041978165,-0.5239966442556763,0.13193761075276983
2,2,components_scratch,51,common,3.157108607574326,-0.6658312054356624,3.0860984374915836,-0.5627337218479485,0.18732888351531937
2,2,components_scratch,51,differential,1.8920302218732878,-0.5796492590669025,1.801051108920864,-0.03680084967780206,0.07319357853899848
2,2,components_spm,51,HH,2.734404824833229,-0.06364177472039166,2.733664110782757,-0.4877504604425964,0.15074431154458753
2,2,components_spm,51,VV,4.057633607917661,-0.7930749975235538,3.9793746423786125,-0.8138546826409485,0.20405392817257204
2,2,components_spm,51,common,3.2818883205857436,-0.4283583861219729,3.253813154106439,-0.7372033393560398,0.1974430793453759
2,2,components_spm,51,differential,2.190789056289953,-0.7294332228031621,2.065788920153948,-0.36400247319986256,0.0843898570140572
2,2,direct_multifidelity,51,HH,2.9064391622189505,-0.6714658087849508,2.827812276533357,-0.5919922244470563,0.2472477648420724
2,2,direct_multifidelity,51,VV,3.9065645671581555,-0.6047897109033059,3.8594657820689484,-0.7061893384931475,0.1646531262982623
2,2,direct_multifidelity,51,common,3.314428695125032,-0.6381277598441282,3.2524191822679525,-0.7357151814966492,0.212731280137951
2,2,direct_multifidelity,51,differential,1.864274749557658,0.06667609788164484,1.8630820271285817,-0.10944869289858028,0.05524495387388175
2,2,direct_scratch,51,HH,2.736012433584917,-0.46670773627802803,2.69591318955739,-0.4469435828118784,0.2288330514514867
2,2,direct_scratch,51,VV,3.8456518374823587,-0.8791838367612609,3.7438047273207493,-0.6054589695310524,0.17604049907819916
2,2,direct_scratch,51,common,3.188257510486253,-0.6729457865196447,3.116429033618038,-0.5936021899213195,0.1984754922431016
2,2,direct_scratch,51,differential,1.972222191092424,-0.41247610048323297,1.928606708887934,-0.18885973020184088,0.17074572648960679
2,2,direct_spm,51,HH,3.1279894339131054,-1.2727110356332643,2.8573632108028084,-0.6254390482107499,0.2923410572323921
2,2,direct_spm,51,VV,3.71727048536068,-0.06886910444220097,3.716632468752722,-0.5822389355206217,0.11287648553516716
2,2,direct_spm,51,common,3.2504124525737854,-0.6707900700377328,3.1804436473211575,-0.6597429948196438,0.18223390783006183
2,2,direct_spm,51,differential,2.223535714267794,1.203841931191063,1.869458658898495,-0.11705614382011031,0.14870896058075714
2,2,fixed_common_multifidelity,51,HH,2.1840539352478023,-0.20200848791869677,2.1746917397369705,0.05846774897184259,0.00782416086009522
2,2,fixed_common_multifidelity,51,VV,3.1447465598799162,-0.6872985190241682,3.0687215044092473,-0.07866798144143505,0.004501640545492412
2,2,fixed_common_multifidelity,51,common,2.508419303127829,-0.4446535034714325,2.4686941208166884,0.0,5.17756857148523e-31
2,2,fixed_common_multifidelity,51,differential,2.0372470234801536,-0.48529003110547136,1.9786027950016638,-0.2512972978816055,0.05024597075136058
2,2,fixed_common_scratch,51,HH,2.2137545378965884,-0.15482887393798134,2.208333573954088,0.029111981680121635,0.011397497627202867
2,2,fixed_common_scratch,51,VV,3.077907540325376,-0.7344781330048836,2.9889892436958467,-0.023343742984466953,0.006557564236370464
2,2,fixed_common_scratch,51,common,2.508419303127829,-0.4446535034714325,2.4686941208166884,0.0,5.17756857148523e-31
2,2,fixed_common_scratch,51,differential,1.8920302218732878,-0.5796492590669021,1.8010511089208643,-0.03680084967780206,0.0731935785389984
2,2,fixed_common_spm,51,HH,2.1404827855757707,-0.07993689206985144,2.1389896326612763,0.08912842330879422,0.013140950535233497
2,2,fixed_common_spm,51,VV,3.2252824046651023,-0.8093701148730135,3.1220772903617795,-0.11650361800782116,0.00756066200497281
2,2,fixed_common_spm,51,common,2.508419303127829,-0.4446535034714325,2.4686941208166884,0.0,5.17756857148523e-31
2,2,fixed_common_spm,51,differential,2.190789056289953,-0.729433222803162,2.065788920153948,-0.36400247319986256,0.08438985701405718
2,2,ridge,51,HH,2.495362981564762,-0.4033214022898731,2.462553198657586,-0.2072884166498996,0.04538955934932486
2,2,ridge,51,VV,3.447819787452985,-0.7005537397501213,3.3758977686645766,-0.305423442047968,0.057375687143766826
2,2,ridge,51,common,2.8553222841861583,-0.5519375710199972,2.8014693045376395,-0.287766642037532,0.05736016365299409
2,2,ridge,51,differential,1.90187644360826,-0.29723233746024824,1.878506572871099,-0.12789509565490786,0.01900979207896527
2,2,training_mean,51,HH,2.2734951824510596,-0.38185689277229923,2.2411973715115905,0.0,6.282033037224047e-31
2,2,training_mean,51,VV,2.99796020275472,-0.5074501141705798,2.954701297750652,0.0,0.0
2,2,training_mean,51,common,2.50841930312783,-0.4446535034714396,2.468694120816689,-2.220446049250313e-16,5.17756857148523e-31
2,2,training_mean,51,differential,1.7732517707988813,-0.1255932213982806,1.7687985146364666,0.0,1.5758820952353963e-32
2,3,components_multifidelity,51,HH,2.922358173711767,-2.037913042010875,2.094537593040993,0.09096850726273031,0.038717991466699034
2,3,components_multifidelity,51,VV,4.50396524475105,-2.882142036998799,3.461063449936997,0.05173587509087896,0.03853160401862654
2,3,components_multifidelity,51,common,3.556037164886547,-2.460027539504837,2.5678132375490486,0.06994738797729405,0.043771238369260126
2,3,components_multifidelity,51,differential,2.6589770910170154,-0.8442289949879246,2.521395759212541,0.03073203107069522,0.01615203483760288
2,3,components_scratch,51,HH,3.3966418163594447,-2.5932958290124253,2.1936253946078286,0.002925658344659743,0.1276859688240333
2,3,components_scratch,51,VV,4.830218406287871,-3.329068895530408,3.499758583281723,0.030413917448478878,0.03818012935889146
2,3,components_scratch,51,common,3.9871210019394994,-2.961182362271416,2.6699312540737283,-0.005497067708509995,0.06979470412978649
2,3,components_scratch,51,differential,2.479482894826925,-0.7357730665179838,2.367799277879363,0.14522543147214406,0.033209341289549714
2,3,components_spm,51,HH,3.5911298357470187,-2.721607379973644,2.3428757471247605,-0.13736831015604833,0.1259529915218557
2,3,components_spm,51,VV,5.188616353289309,-3.60409422434049,3.732592193596397,-0.10288767955009193,0.06006590039580252
2,3,components_spm,51,common,4.258618994805933,-3.162850802157067,2.851703095733545,-0.14706826372525605,0.09385164476541713
2,3,components_spm,51,differential,2.6631866900275205,-0.8824868443668447,2.5127236846615646,0.037387954902235454,0.010950632767877723
2,3,direct_multifidelity,51,HH,2.896988005085498,-2.0993875296765663,1.9962744054482537,0.1742604476354923,0.06000479237238138
2,3,direct_multifidelity,51,VV,4.40695759568698,-2.735383057167606,3.455279262338078,0.0549027366124748,0.025377955486295064
2,3,direct_multifidelity,51,common,3.483288746641679,-2.4173852934220865,2.507897293675954,0.1128436946514112,0.04218656008845996
2,3,direct_multifidelity,51,differential,2.663536658967286,-0.6359955274910393,2.5864912956888153,-0.019961707525062655,0.0036617856166935177
2,3,direct_scratch,51,HH,3.440067104278988,-2.703554383186363,2.127170745167446,0.062422204870148046,0.1423248060208438
2,3,direct_scratch,51,VV,4.747183633683988,-2.632618024355364,3.950325909308796,-0.23531027209719113,0.02747043308519557
2,3,direct_scratch,51,common,3.913078061778822,-2.668086203770864,2.8624283269319224,-0.15571271712743373,0.04280767558235244
2,3,direct_scratch,51,differential,2.7369524287828333,0.07093635883099916,2.736033009745323,-0.14131228083919778,0.1301784682295783
2,3,direct_spm,51,HH,3.525625883231396,-2.7520273777456863,2.203720304541699,-0.006272389578197979,0.13233224433216437
2,3,direct_spm,51,VV,4.532652083563657,-2.827031560737872,3.5429969609394174,0.006308081148295619,0.035753757514318106
2,3,direct_spm,51,common,3.8573684239737576,-2.789529469241779,2.6641727606334897,-0.0011644436535991343,0.07571289180657746
2,3,direct_spm,51,differential,2.5362927522687624,-0.07500418299218514,2.53518348403912,0.02010256990181214,0.005112886811931116
2,3,fixed_common_multifidelity,51,HH,2.9827302925033035,-1.959274590999124,2.2489826755406668,-0.048032692136892985,0.005487923346274092
2,3,fixed_common_multifidelity,51,VV,4.489938727553167,-2.8035035859870487,3.5071238102666853,0.0263286437105974,0.0020966002090444195
2,3,fixed_common_multifidelity,51,common,3.5721947168177954,-2.3813890884930866,2.662622974449638,-2.220446049250313e-16,4.4508306996238146e-31
2,3,fixed_common_multifidelity,51,differential,2.6589770910170154,-0.8442289949879247,2.521395759212541,0.03073203107069522,0.01615203483760287
2,3,fixed_common_scratch,51,HH,3.0442257338686245,-2.013502555234095,2.2832253018074535,-0.0801899869313969,0.011283427828734907
2,3,fixed_common_scratch,51,VV,4.396334562319345,-2.749275621752078,3.430632760801329,0.06833740496160623,0.004310708377609634
2,3,fixed_common_scratch,51,common,3.5721947168177954,-2.3813890884930866,2.662622974449638,-2.220446049250313e-16,4.4508306996238146e-31
2,3,fixed_common_scratch,51,differential,2.4794828948269254,-0.7357730665179836,2.367799277879363,0.14522543147214406,0.0332093412895497
2,3,fixed_common_spm,51,HH,2.930401612606205,-1.940145666309664,2.1961530922649453,0.0006264922736025635,0.0037206602033449465
2,3,fixed_common_spm,51,VV,4.525503093748447,-2.822632510676509,3.5373611578687845,0.009466874622952925,0.00142143693851198
2,3,fixed_common_spm,51,common,3.5721947168177954,-2.3813890884930866,2.662622974449638,-2.220446049250313e-16,4.4508306996238146e-31
2,3,fixed_common_spm,51,differential,2.663186690027521,-0.8824868443668453,2.5127236846615646,0.037387954902235454,0.010950632767877711
2,3,ridge,51,HH,2.9296456823096606,-1.9435944650142523,2.1920913255249195,0.0043197396525987974,1.0963222711699018e-05
2,3,ridge,51,VV,4.535781084013008,-2.8232310584976936,3.55002484955024,0.002361996809509548,7.1029137068012455e-06
2,3,ridge,51,common,3.5699784155895062,-2.3834127617559733,2.6578354905587607,0.003592833014542718,9.838827138524848e-06
2,3,ridge,51,differential,2.7080037261480747,-0.8796365934834416,2.561156700445466,-7.858280805739248e-05,9.548599469296402e-07
2,3,training_mean,51,HH,2.932212227036659,-1.9421010833334373,2.1968413521459333,2.220446049250313e-16,6.538272773075751e-31
2,3,training_mean,51,VV,4.537480981532521,-2.820677093652734,3.554224865017983,-2.220446049250313e-16,2.4978745506944636e-31
2,3,training_mean,51,common,3.572194716817794,-2.3813890884930844,2.662622974449638,-2.220446049250313e-16,4.4508306996238146e-31
2,3,training_mean,51,differential,2.707564223589417,-0.8785760103192966,2.5610560749333056,0.0,1.8792401583613614e-33
2,4,components_multifidelity,49,HH,2.4573662280939286,0.936797495981785,2.2717964764694125,0.0646385887729568,0.13538758927313266
2,4,components_multifidelity,49,VV,3.1794978145751283,0.8836890881952902,3.054226571211211,0.10016595179201926,0.10549901525485826
2,4,components_multifidelity,49,common,2.6961979494401787,0.9102432920885377,2.5379008120439313,0.10798495215796677,0.1217068699286537
2,4,components_multifidelity,49,differential,1.7938162485236595,-0.05310840778649499,1.79302990228548,-0.11392260738460247,0.05758323446358596
2,4,components_scratch,49,HH,2.3637881684312125,0.44220762682778175,2.3220566142949073,0.022793799664188596,0.056752750049746815
2,4,components_scratch,49,VV,3.2130151601175334,0.2058639990929358,3.206413328475068,0.008257487829156807,0.0457734856711361
2,4,components_scratch,49,common,2.693960260980376,0.3240358129603587,2.674401368467451,0.009450773949719382,0.0402389338343416
2,4,components_scratch,49,differential,1.670997994539536,-0.23634362773484593,1.6541995004787915,0.051896555933123256,0.14313943808625132
2,4,components_spm,49,HH,2.6561484898477357,1.0114673679848278,2.4560249517507455,-0.09321644234037252,0.07389566438366482
2,4,components_spm,49,VV,3.5560791500501123,0.975977715688442,3.419527221693184,-0.1279557190819911,0.10724722417011275
2,4,components_spm,49,common,3.0112192901108865,0.9937225418366348,2.8425265386591643,-0.11900479503942596,0.09541950550588327
2,4,components_spm,49,differential,1.7697121208093223,-0.035489652296385954,1.7693562318310325,-0.08470218139416485,0.09808867875221224
2,4,direct_multifidelity,49,HH,2.3557290174951273,0.9103034660641011,2.1727417710211774,0.144427467951606,0.143048225056898
2,4,direct_multifidelity,49,VV,3.4981955059843015,0.7220157415938464,3.422873802374177,-0.13016458698006184,0.080727901532059
2,4,direct_multifidelity,49,common,2.7483873400386414,0.8161596038289738,2.6244078326286124,0.04613801277266094,0.0834623903235106
2,4,direct_multifidelity,49,differential,2.3149795075498902,-0.18828772447025466,2.307309656979259,-0.844555474460434,0.2916493263475698
2,4,direct_scratch,49,HH,2.374758282302776,0.3866764403548504,2.3430659892201358,0.005030779903594129,0.05430617837850379
2,4,direct_scratch,49,VV,3.8497041271932786,0.5454776713048932,3.810862891398319,-0.40089816876243134,0.1220486064185851
2,4,direct_scratch,49,common,2.995633068459382,0.4660770558298718,2.9591535375637963,-0.212712600739567,0.0838774197088768
2,4,direct_scratch,49,differential,2.241456582046526,0.15880123095004275,2.2358241832148713,-0.7320293699359046,0.24502114783419318
2,4,direct_spm,49,HH,2.4208773346638677,0.8601793300608965,2.2629049007029036,0.07194607544667264,0.07857965231510697
2,4,direct_spm,49,VV,3.634881460833131,0.7972078437588394,3.5463816613779433,-0.21319570723250858,0.059262314255641414
2,4,direct_spm,49,common,2.881154045187768,0.8286935869098678,2.7594049306175226,-0.054517431879428147,0.05347685116821824
2,4,direct_spm,49,differential,2.22302183506773,-0.0629714863020572,2.222129760185217,-0.7108769884610142,0.19102044186817452
2,4,fixed_common_multifidelity,49,HH,2.258819350626956,0.08363045094242001,2.257270654228675,0.07656171354637797,0.007530030174068513
2,4,fixed_common_multifidelity,49,VV,3.3097531601286847,0.030522043155925112,3.3096124223031618,-0.05660873291503088,0.0040078921896239406
2,4,fixed_common_multifidelity,49,common,2.6877353360231404,0.05707624704917247,2.6871292374074986,0.0,0.0
2,4,fixed_common_multifidelity,49,differential,1.7938162485236593,-0.05310840778649488,1.79302990228548,-0.11392260738460247,0.05758323446358602
2,4,fixed_common_scratch,49,HH,2.2997929628624623,0.17524806091659537,2.293106144332764,0.047008731191296005,0.01871802266630717
2,4,fixed_common_scratch,49,VV,3.248832397933252,-0.06109556681825025,3.2482578840935457,-0.01779642795967229,0.009962751159729121
2,4,fixed_common_scratch,49,common,2.6877353360231404,0.05707624704917247,2.6871292374074986,0.0,0.0
2,4,fixed_common_scratch,49,differential,1.6709979945395357,-0.23634362773484555,1.6541995004787915,0.05189655593312337,0.14313943808625115
2,4,fixed_common_spm,49,HH,2.2443000931864363,0.07482107319736564,2.2430525440306206,0.0881581936201522,0.012826836102889412
2,4,fixed_common_spm,49,VV,3.313140513169931,0.039331420900979484,3.312907046588815,-0.05871342738038976,0.0068271408010282305
2,4,fixed_common_spm,49,common,2.6877353360231404,0.05707624704917247,2.6871292374074986,0.0,0.0
2,4,fixed_common_spm,49,differential,1.7697121208093223,-0.035489652296386134,1.7693562318310325,-0.08470218139416508,0.09808867875221222
2,4,ridge,49,HH,2.8513616215195055,0.9088779637421852,2.702629079932761,-0.3237729317838762,0.10781019426663178
2,4,ridge,49,VV,3.6909006458517584,0.8215330446704958,3.5983094689122215,-0.24898419642120095,0.116230652896448
2,4,ridge,49,common,3.1846954282272772,0.8652055042063406,3.064915073221895,-0.3009475314750505,0.12039878144958137
2,4,ridge,49,differential,1.7137331957337067,-0.08734491907168956,1.7115058665607967,-0.014931514025858128,0.04232269204317902
2,4,training_mean,49,HH,2.3536590884766304,0.14830528278756394,2.3489820450284298,0.0,5.718748935947011e-31
2,4,training_mean,49,VV,3.2199154734639897,-0.03415278868920816,3.2197343435876165,0.0,0.0
2,4,training_mean,49,common,2.6877353360231404,0.0570762470491778,2.6871292374074986,0.0,0.0
2,4,training_mean,49,differential,1.7086393932053787,-0.18245807147677207,1.6988695147556867,-2.220446049250313e-16,4.270713256888138e-33
2,5,components_multifidelity,45,HH,2.6692007597171497,0.6069085831118616,2.599287338371762,-0.26336584720811174,0.07218956169517532
2,5,components_multifidelity,45,VV,3.7252710939825504,1.2833661667600913,3.4972297616366954,-0.301690360711655,0.08532395661072745
2,5,components_multifidelity,45,common,3.1247827241342603,0.9451373749359764,2.9784194492292486,-0.2871371112174552,0.08123553672610306
2,5,components_multifidelity,45,differential,1.7168245532032054,0.6764575836482297,1.5779390621966947,-0.29715677034814436,0.07085578943172825
2,5,components_scratch,45,HH,2.669502225321033,0.86334925774096,2.526038437979929,-0.19316487372584046,0.1283863696323243
2,5,components_scratch,45,VV,3.866697508233184,1.6344047776925235,3.5042931730710785,-0.30695376072743663,0.11564163275447384
2,5,components_scratch,45,common,3.182239348194034,1.2488770177167419,2.926935848940548,-0.24302396474393761,0.10200973034970434
2,5,components_scratch,45,differential,1.9101294263907231,0.7710555199515633,1.7475891424233496,-0.5910751311874043,0.3824401788091945
2,5,components_spm,45,HH,2.963337751732254,0.6412352158033213,2.8931277242554008,-0.5651492735150863,0.25324465377125643
2,5,components_spm,45,VV,4.07500950975723,1.1987323827890248,3.8947070723052857,-0.6143918483855344,0.25180349901980487
2,5,components_spm,45,common,3.4574784850121123,0.919983799296173,3.3328347218777936,-0.6116867970403772,0.2623044762034108
2,5,components_spm,45,differential,1.7197431126828946,0.5574971669857034,1.6268722391211812,-0.3788559861935914,0.10901738577012181
2,5,direct_multifidelity,45,HH,2.768200012276048,0.615447452381936,2.6989175128783938,-0.3620710822023965,0.08852205206460825
2,5,direct_multifidelity,45,VV,4.244368453424651,1.248006354609204,4.056740527477868,-0.7515148311966084,0.3270220453239042
2,5,direct_multifidelity,45,common,3.401938563512922,0.93172690349557,3.271860474900927,-0.5532545860958384,0.20264327721799189
2,5,direct_multifidelity,45,differential,2.2499879539938643,0.6325589022272676,2.159239455996145,-1.4289223275625136,0.7844126788954665
2,5,direct_scratch,45,HH,2.742744495709941,0.7591066846393487,2.635603234571364,-0.2989146454659042,0.1596630087125835
2,5,direct_scratch,45,VV,4.361766112309552,1.8470734738067405,3.9513697879155134,-0.6617079875445155,0.2343868768395442
2,5,direct_scratch,45,common,3.4230489570782643,1.3030900792230449,3.165315214632671,-0.45374095094399935,0.13988934559846347
2,5,direct_scratch,45,differential,2.495244541975786,1.0879667891673923,2.2455675429451563,-1.6270253096433795,1.175201564287835
2,5,direct_spm,45,HH,2.9926750028090012,0.7115090002501757,2.9068640516888387,-0.5800469507950297,0.20644509558866567
2,5,direct_spm,45,VV,4.235622848501999,1.2692395418737772,4.040981551565935,-0.7379332536825371,0.3168837137597454
2,5,direct_spm,45,common,3.5420775408368788,0.9903742710619764,3.400804626631687,-0.6780946756851178,0.2757343246450571
2,5,direct_spm,45,differential,1.8994620167763185,0.5577305416236013,1.8157347262516637,-0.7175793548102722,0.29249801991279395
2,5,fixed_common_multifidelity,45,HH,2.5858240503237506,1.2552961456883287,2.260689630589028,0.04434214376481538,0.006358049247493246
2,5,fixed_common_multifidelity,45,VV,3.694584235750765,1.9317537293365585,3.1493301199227055,-0.055591127275964825,0.0036187842817560632
2,5,fixed_common_multifidelity,45,common,3.0710499361822574,1.593524937512443,2.625266840542311,3.3306690738754696e-16,4.120557968538591e-30
2,5,fixed_common_multifidelity,45,differential,1.7168245532032052,0.6764575836482296,1.5779390621966944,-0.29715677034814414,0.07085578943172825
2,5,fixed_common_scratch,45,HH,2.5495311965498533,1.2079971775366618,2.245184210982339,0.057406352214925405,0.03431721685116326
2,5,fixed_common_scratch,45,VV,3.7665479303536085,1.9790526974882254,3.204720538863822,-0.09304913548712723,0.019532186697604807
2,5,fixed_common_scratch,45,common,3.0710499361822574,1.593524937512443,2.625266840542311,3.3306690738754696e-16,4.120557968538591e-30
2,5,fixed_common_scratch,45,differential,1.9101294263907234,0.771055519951563,1.7475891424233492,-0.5910751311874034,0.3824401788091944
2,5,fixed_common_spm,45,HH,2.6076879557795594,1.3147763540195916,2.251976823510563,0.0516942518361474,0.009782375062340726
2,5,fixed_common_spm,45,VV,3.679866455884296,1.8722735210052952,3.1679660660564033,-0.06812086681768603,0.005567793474987344
2,5,fixed_common_spm,45,common,3.0710499361822574,1.593524937512443,2.625266840542311,3.3306690738754696e-16,4.120557968538591e-30
2,5,fixed_common_spm,45,differential,1.7197431126828948,0.5574971669857034,1.6268722391211812,-0.3788559861935914,0.10901738577012182
2,5,ridge,45,HH,2.5910001675015524,1.161924799395713,2.315861098715185,-0.0028721362449457555,4.089466621251439e-05
2,5,ridge,45,VV,3.6751237767979656,2.0205996732191585,3.069806465458755,-0.0029547753249132835,4.0082815600393314e-05
2,5,ridge,45,common,3.073263480467539,1.5912622363074358,2.6292266763589085,-0.003018986242137034,4.219616645262493e-05
2,5,ridge,45,differential,1.6309014697570805,0.8586748738234452,1.3865486162122467,-0.0015720937377865507,1.4254331427419005e-05
2,5,training_mean,45,HH,2.5888925242956913,1.1638348834187355,2.312542511283158,0.0,9.440629574998804e-30
2,5,training_mean,45,VV,3.6727847363971176,2.0232149916061366,3.065281197158236,0.0,0.0
2,5,training_mean,45,common,3.071049936182254,1.5935249375124367,2.625266840542311,3.3306690738754696e-16,4.120557968538591e-30
2,5,training_mean,45,differential,1.6303476937240788,0.8593801081874015,1.3854600073922139,0.0,1.0274305009364614e-31
3,1,components_multifidelity,44,HH,2.7365144813701425,0.7920906221812622,2.619370907871011,0.10358650947793402,0.061652177509784314
3,1,components_multifidelity,44,VV,3.4183014037787096,1.887746150549296,2.8497717379049523,-0.0939783407652044,0.038634601274336364
3,1,components_multifidelity,44,common,3.015405448420556,1.339918386365279,2.701349428756791,0.018079321504233414,0.04271429151430581
3,1,components_multifidelity,44,differential,1.4056713393217117,1.0956555283680336,0.8805968869732959,-0.8101050433027916,0.5780251389077524
3,1,components_scratch,44,HH,2.3435577480176697,0.3712440736105602,2.3139664552673804,0.30043430899014134,0.18010421713784439
3,1,components_scratch,44,VV,3.5872592830070653,2.0783479830835097,2.9238500003818717,-0.1515922956489093,0.05307979008792572
3,1,components_scratch,44,common,2.8269257701510746,1.2247960283470347,2.5478194596339776,0.12652158754424758,0.06421324940272537
3,1,components_scratch,44,differential,2.180675795218317,1.7071039094729488,1.356887307816391,-3.297709407236167,3.8194511734661205
3,1,components_spm,44,HH,2.7054619133584166,0.44743378482457796,2.6682067335254476,0.0698492596990562,0.04269022942195024
3,1,components_spm,44,VV,3.126633003754687,1.3659657598366373,2.8124671523632014,-0.06552462551225302,0.018152343897429996
3,1,components_spm,44,common,2.8598224191947907,0.9066997723306074,2.712283132747164,0.01011459324551267,0.025529886062967917
3,1,components_spm,44,differential,1.2150634272685106,0.9185319750120592,0.7954106757932944,-0.47683616227256254,0.3830308041279485
3,1,direct_multifidelity,44,HH,2.7247146842069063,0.44666305101141096,2.6878545773895426,0.056100142232511696,0.10927693563436738
3,1,direct_multifidelity,44,VV,3.1752128638345942,1.6021260099571841,2.7413808525776493,-0.012342159383009754,0.05620120232685493
3,1,direct_multifidelity,44,common,2.8821904457126517,1.0243945304842974,2.694000299048081,0.023414763329868027,0.07697833363522334
3,1,direct_multifidelity,44,differential,1.3356671069385808,1.1554629589457728,0.6700089335687673,-0.0478778818307648,0.5110196909295484
3,1,direct_scratch,44,HH,2.5785998433113684,0.7383365478208979,2.4706347957715913,0.2024985311213754,0.09140413469463106
3,1,direct_scratch,44,VV,3.517195257136937,1.8744193297065002,2.9761072986787958,-0.19312444382670346,0.4342583380381063
3,1,direct_scratch,44,common,2.9022580050498457,1.3063779387636987,2.5916169101523128,0.09623298755957832,0.20248895923575838
3,1,direct_scratch,44,differential,2.085011545771464,1.136082781885602,1.748310343933073,-6.134877826680042,4.26556526881821
3,1,direct_spm,44,HH,2.733983037661946,-0.7650009280227834,2.6247736722139527,0.09988477668788998,0.12407924461614865
3,1,direct_spm,44,VV,3.1211701791475903,1.445537886168445,2.7662471883134128,-0.030790825404307887,0.032888753587050755
3,1,direct_spm,44,common,2.6877075185727133,0.3402684790728308,2.666081219232031,0.04355142023160563,0.0655729536951554
3,1,direct_spm,44,differential,2.353220400489023,2.2105388141912283,0.8069475845628107,-0.5199879277351438,1.0234209827538205
3,1,fixed_common_multifidelity,44,HH,2.797677570923079,0.9274582540373525,2.6394736175730276,0.08977442210624542,0.008088195370282771
3,1,fixed_common_multifidelity,44,VV,3.5181230241129766,2.0231137824053858,2.878228662951435,-0.11593567349993927,0.008339227504874891
3,1,fixed_common_multifidelity,44,common,3.099696230805903,1.4752860182213687,2.7261048930136313,-4.440892098500626e-16,1.6983816610047474e-30
3,1,fixed_common_multifidelity,44,differential,1.4056713393217115,1.0956555283680336,0.8805968869732957,-0.810105043302791,0.5780251389077523
3,1,fixed_common_scratch,44,HH,2.4926318307044744,0.6217340634848947,2.413847592070324,0.23873813285384304,0.05344485078386868
3,1,fixed_common_scratch,44,VV,3.9218227222847575,2.3288379729578437,3.155504264097678,-0.3413005917571832,0.05510361078669028
3,1,fixed_common_scratch,44,common,3.099696230805903,1.4752860182213687,2.7261048930136313,-4.440892098500626e-16,1.6983816610047474e-30
3,1,fixed_common_scratch,44,differential,2.1806757952183173,1.7071039094729488,1.3568873078163914,-3.2977094072361695,3.8194511734661227
3,1,fixed_common_spm,44,HH,2.8527723763149972,1.0160200307153393,2.66571069852884,0.07158870727057853,0.005359676886160095
3,1,fixed_common_spm,44,VV,3.4374573134253574,1.9345520057273986,2.841411853068396,-0.08756932317049815,0.0055260243923541475
3,1,fixed_common_spm,44,common,3.099696230805903,1.4752860182213687,2.7261048930136313,-4.440892098500626e-16,1.6983816610047474e-30
3,1,fixed_common_spm,44,differential,1.2150634272685108,0.9185319750120594,0.7954106757932944,-0.47683616227256254,0.38303080412794827
3,1,ridge,44,HH,3.033402206158048,1.2477071572295453,2.764915151342384,0.0012012246803371207,1.439669867977889e-05
3,1,ridge,44,VV,3.2041849230057067,1.6887675586057023,2.7230250005863006,0.0011694184860100432,4.7675348185772816e-05
3,1,ridge,44,common,3.094738565979874,1.4682373579176238,2.7242771247760835,0.0013404880431817645,2.889246115671635e-05
3,1,ridge,44,differential,0.7918540037346029,0.44106040137615693,0.6576461704962814,-0.009564516357939201,0.00016187903590908533
3,1,training_mean,44,HH,3.0368158250293504,1.2523180296932863,2.7665772911042663,-4.440892098500626e-16,4.122634272441028e-31
3,1,training_mean,44,VV,3.2105471586061998,1.6982540067494478,2.724618576277015,0.0,0.0
3,1,training_mean,44,common,3.099696230805902,1.4752860182213672,2.7261048930136313,-4.440892098500626e-16,1.6983816610047474e-30
3,1,training_mean,44,differential,0.7919974321150335,0.44593597705616167,0.6545235189386045,-2.220446049250313e-16,2.589479372272371e-31
3,2,components_multifidelity,51,HH,2.7152965450051645,0.42388368730529125,2.6820063286564886,-0.43205397699586445,0.14588516779370825
3,2,components_multifidelity,51,VV,3.7533899997890963,-0.5007187849640153,3.7198410166162947,-0.5849719906384365,0.10447599722209365
3,2,components_multifidelity,51,common,3.0853390766274287,-0.038417548829362165,3.085099886503861,-0.5617225960675523,0.12071009878761434
3,2,components_multifidelity,51,differential,2.2009713229869146,-0.9246024722693065,1.9973444952947539,-0.2751146170816565,0.11094587113552526
3,2,components_scratch,51,HH,2.742297465568797,0.06676817203495625,2.741484525009791,-0.49627489266077895,0.24864383349022173
3,2,components_scratch,51,VV,4.045644283040436,-0.8884404617803645,3.9468862677773298,-0.7843582712228041,0.21983809072371086
3,2,components_scratch,51,common,3.2557463924634664,-0.41083614487270415,3.2297210768276896,-0.7115731691585754,0.24216613938327414
3,2,components_scratch,51,differential,2.318475322484611,-0.9552086338153206,2.1125587061321607,-0.4264640900531582,0.13835617415665585
3,2,components_spm,51,HH,2.8140734928097473,0.31417096570326253,2.7964810436052545,-0.5569101522082971,0.19606458544973343
3,2,components_spm,51,VV,3.976229474458019,-0.772724336442277,3.900422789059994,-0.7425939609480969,0.16720635917991183
3,2,components_spm,51,common,3.2416618625510805,-0.22927668536950738,3.233543541173385,-0.7156269551236532,0.17966836573624395
3,2,components_spm,51,differential,2.329234721640077,-1.0868953021455394,2.0600953838761167,-0.3564941595221214,0.16276719676827123
3,2,direct_multifidelity,51,HH,2.9998737342200164,-0.08632605322346415,2.998631393452354,-0.7901357178006547,0.3851197679475918
3,2,direct_multifidelity,51,VV,3.9512152823915514,-0.5633503129269339,3.91084883787774,-0.7519225149155584,0.19093608144572483
3,2,direct_multifidelity,51,common,3.353349951872317,-0.324838183075199,3.3375793705226666,-0.8277998579448314,0.25335858397765815
3,2,direct_multifidelity,51,differential,2.0598217542416357,-0.4770242597034698,2.0038247216015295,-0.28340205641035854,0.32806640238151935
3,2,direct_scratch,51,HH,2.7977758235703925,-0.08296648833303706,2.79654539043597,-0.5569818018172406,0.2964599125152571
3,2,direct_scratch,51,VV,3.7094650672252802,-0.8691779982626966,3.6061975392788317,-0.48960753189496065,0.19351019342227554
3,2,direct_scratch,51,common,3.11069754197682,-0.4760722432978669,3.074051791499611,-0.5505572102672005,0.2354355926257347
3,2,direct_scratch,51,differential,2.114143915914136,-0.7862115099296597,1.9625177601364228,-0.2310351725861688,0.19740219359489797
3,2,direct_spm,51,HH,3.0387120067704614,-0.39901628269100065,3.0124004823791974,-0.8066133204908967,0.41344085649218604
3,2,direct_spm,51,VV,3.6211847587001214,-0.1489053200798359,3.61812192474134,-0.49947500117675014,0.0893175246645488
3,2,direct_spm,51,common,3.210508831982566,-0.2739608013854184,3.1987985931506095,-0.6789556609396463,0.20059138628836787
3,2,direct_spm,51,differential,1.8611909070575756,0.2501109626111648,1.8443091115362187,-0.08720312970638266,0.2630374377642999
3,2,fixed_common_multifidelity,51,HH,2.1657029015247904,0.01764773266322095,2.165630997008665,0.06629709727970556,0.017276178160101303
3,2,fixed_common_multifidelity,51,VV,3.211884668732844,-0.9069547396060859,3.0811744880073166,-0.08744029246517804,0.009939870289900461
3,2,fixed_common_multifidelity,51,common,2.508419303127829,-0.4446535034714325,2.4686941208166884,0.0,5.17756857148523e-31
3,2,fixed_common_multifidelity,51,differential,2.2009713229869146,-0.9246024722693068,1.9973444952947539,-0.2751146170816563,0.11094587113552522
3,2,fixed_common_scratch,51,HH,2.120478034552608,0.03295081343622791,2.120222002270985,0.10504239030755436,0.021544433243131492
3,2,fixed_common_scratch,51,VV,3.2826165807284857,-0.9222578203790929,3.150398725371628,-0.13685186957602125,0.012395616086011169
3,2,fixed_common_scratch,51,common,2.508419303127829,-0.4446535034714325,2.4686941208166884,0.0,5.17756857148523e-31
3,2,fixed_common_scratch,51,differential,2.3184753224846113,-0.9552086338153207,2.112558706132161,-0.42646409005315866,0.13835617415665594
3,2,fixed_common_spm,51,HH,2.177522283231655,0.09879414760133734,2.1752799843629615,0.05795831935115581,0.025345648839459247
3,2,fixed_common_spm,51,VV,3.2489073087555247,-0.9881011545442021,3.0950048157108707,-0.09722448973822773,0.014582650140724978
3,2,fixed_common_spm,51,common,2.508419303127829,-0.4446535034714325,2.4686941208166884,0.0,5.17756857148523e-31
3,2,fixed_common_spm,51,differential,2.329234721640077,-1.0868953021455396,2.0600953838761167,-0.3564941595221214,0.16276719676827123
3,2,ridge,51,HH,2.495362981564762,-0.4033214022898731,2.462553198657586,-0.2072884166498996,0.04538955934932486
3,2,ridge,51,VV,3.447819787452985,-0.7005537397501213,3.3758977686645766,-0.305423442047968,0.057375687143766826
3,2,ridge,51,common,2.8553222841861583,-0.5519375710199972,2.8014693045376395,-0.287766642037532,0.05736016365299409
3,2,ridge,51,differential,1.90187644360826,-0.29723233746024824,1.878506572871099,-0.12789509565490786,0.01900979207896527
3,2,training_mean,51,HH,2.2734951824510596,-0.38185689277229923,2.2411973715115905,0.0,6.282033037224047e-31
3,2,training_mean,51,VV,2.99796020275472,-0.5074501141705798,2.954701297750652,0.0,0.0
3,2,training_mean,51,common,2.50841930312783,-0.4446535034714396,2.468694120816689,-2.220446049250313e-16,5.17756857148523e-31
3,2,training_mean,51,differential,1.7732517707988813,-0.1255932213982806,1.7687985146364666,0.0,1.5758820952353963e-32
3,3,components_multifidelity,51,HH,2.893181484273424,-1.8775695550774782,2.201188694044364,-0.0039617274902763455,0.027534530421873076
3,3,components_multifidelity,51,VV,4.441251345349912,-2.672918097438408,3.546860915930965,0.0041394794840087235,0.03274058510675666
3,3,components_multifidelity,51,common,3.5063183065987795,-2.2752438262579435,2.6678706112300214,-0.003945588984593851,0.03354286075293014
3,3,components_multifidelity,51,differential,2.6482735807070634,-0.7953485423609298,2.5260193297826037,0.027174011461429837,0.021610680762087154
3,3,components_scratch,51,HH,3.3486538676303215,-2.5824862090206215,2.1317241156898814,0.058403995882680304,0.02231802728573888
3,3,components_scratch,51,VV,4.485620020930962,-2.690703986342018,3.5889969392658796,-0.019662327804076174,0.04346157737768037
3,3,components_scratch,51,common,3.7130171281534095,-2.63659509768132,2.614356992616621,0.03592586557685529,0.015445468017682205
3,3,components_scratch,51,differential,2.742727587439557,-0.10821777732139659,2.7405918214089504,-0.14511878638456865,0.13347600922169484
3,3,components_spm,51,HH,3.287055831021881,-2.1891633759653946,2.4519991332761,-0.24578539436175517,0.10759243287550256
3,3,components_spm,51,VV,4.85722191245224,-3.112567741824414,3.728877412755783,-0.10069352219722161,0.05598876706495881
3,3,components_spm,51,common,3.9292903803588506,-2.6508655588949046,2.9003852643822006,-0.18656635557024792,0.08283940759919663
3,3,components_spm,51,differential,2.6528079299866167,-0.9234043658590199,2.4869085810524636,0.057065628818524394,0.01583835343935809
3,3,direct_multifidelity,51,HH,2.8878467824878657,-1.8820627918087387,2.190319311610665,0.005928838808451742,0.09101595119812214
3,3,direct_multifidelity,51,VV,4.647699476748693,-2.9561391604892697,3.5864120914908635,-0.018194105445981545,0.007272848063442195
3,3,direct_multifidelity,51,common,3.6276496949242025,-2.4191009761490045,2.703292950510284,-0.030782113167254987,0.031868602240970045
3,3,direct_multifidelity,51,differential,2.691127959472856,-1.0740763686805315,2.467494609618951,0.0717301388790339,0.02416789763992121
3,3,direct_scratch,51,HH,3.038957855210871,-2.2490647132287696,2.0437643605506595,0.13450561755046486,0.02642315970278764
3,3,direct_scratch,51,VV,4.473928790371523,-2.50777291853571,3.705011985186294,-0.08664937045566479,0.011955058380054938
3,3,direct_scratch,51,common,3.5902223074942707,-2.37841881588224,2.6893902940047223,-0.020207040649891317,0.014654321106301459
3,3,direct_scratch,51,differential,2.635113368568451,-0.25870820530693966,2.6223829868489896,-0.04846530148318573,0.02157587275529722
3,3,direct_spm,51,HH,3.3036933836648883,-2.348745285402744,2.323313486718815,-0.11845428365063815,0.24709437903560877
3,3,direct_spm,51,VV,4.800079886495921,-3.1011067180150804,3.6638646318094836,-0.06264704116776221,0.014511368308908493
3,3,direct_spm,51,common,3.905526501233273,-2.724926001708912,2.797841227990984,-0.10414670557751338,0.07776458437081775
3,3,direct_spm,51,differential,2.62635960460217,-0.7523614326123353,2.5162903344812144,0.0346532835394886,0.0833012078208721
3,3,fixed_common_multifidelity,51,HH,3.0088525801071446,-1.9837148173126213,2.2623150471125313,-0.06049537398632898,0.007342589381186324
3,3,fixed_common_multifidelity,51,VV,4.469298918179453,-2.7790633596735517,3.5002056600948435,0.030166181993050545,0.0028051547844549123
3,3,fixed_common_multifidelity,51,common,3.5721947168177954,-2.3813890884930866,2.662622974449638,-2.220446049250313e-16,4.4508306996238146e-31
3,3,fixed_common_multifidelity,51,differential,2.648273580707063,-0.7953485423609299,2.5260193297826037,0.027174011461429837,0.021610680762087147
3,3,fixed_common_scratch,51,HH,3.2599587276585478,-2.3272801998323884,2.2827829019653305,-0.07977143026730693,0.04535070129182228
3,3,fixed_common_scratch,51,VV,4.319154615562612,-2.435497977153785,3.5669940000532145,-0.007198234847649587,0.01732573212293494
3,3,fixed_common_scratch,51,common,3.5721947168177954,-2.3813890884930866,2.662622974449638,-2.220446049250313e-16,4.4508306996238146e-31
3,3,fixed_common_scratch,51,differential,2.742727587439557,-0.1082177773213965,2.7405918214089504,-0.14511878638456865,0.1334760092216949
3,3,fixed_common_spm,51,HH,2.972965190204051,-1.9196869055635768,2.2700934356921847,-0.0678003919630985,0.005381344857184173
3,3,fixed_common_spm,51,VV,4.494588204080199,-2.843091271422596,3.481114066878234,0.04071709151239655,0.002055883080103967
3,3,fixed_common_spm,51,common,3.5721947168177954,-2.3813890884930866,2.662622974449638,-2.220446049250313e-16,4.4508306996238146e-31
3,3,fixed_common_spm,51,differential,2.6528079299866163,-0.92340436585902,2.4869085810524636,0.057065628818524394,0.01583835343935809
3,3,ridge,51,HH,2.9296456823096606,-1.9435944650142523,2.1920913255249195,0.0043197396525987974,1.0963222711699018e-05
3,3,ridge,51,VV,4.535781084013008,-2.8232310584976936,3.55002484955024,0.002361996809509548,7.1029137068012455e-06
3,3,ridge,51,common,3.5699784155895062,-2.3834127617559733,2.6578354905587607,0.003592833014542718,9.838827138524848e-06
3,3,ridge,51,differential,2.7080037261480747,-0.8796365934834416,2.561156700445466,-7.858280805739248e-05,9.548599469296402e-07
3,3,training_mean,51,HH,2.932212227036659,-1.9421010833334373,2.1968413521459333,2.220446049250313e-16,6.538272773075751e-31
3,3,training_mean,51,VV,4.537480981532521,-2.820677093652734,3.554224865017983,-2.220446049250313e-16,2.4978745506944636e-31
3,3,training_mean,51,common,3.572194716817794,-2.3813890884930844,2.662622974449638,-2.220446049250313e-16,4.4508306996238146e-31
3,3,training_mean,51,differential,2.707564223589417,-0.8785760103192966,2.5610560749333056,0.0,1.8792401583613614e-33
3,4,components_multifidelity,49,HH,2.4011975344732934,0.7947121204571475,2.265873395659857,0.06950962276309558,0.06615456185489864
3,4,components_multifidelity,49,VV,3.330395725605015,0.8798662057836031,3.2120664920029474,0.004757362073087967,0.10246105937515868
3,4,components_multifidelity,49,common,2.7715584460909017,0.8372891631203752,2.642060384892631,0.0332629348853577,0.08903931120025002
3,4,components_multifidelity,49,differential,1.7287063651720305,0.08515408532645548,1.7266077952848784,-0.032921573529113735,0.09795603138222915
3,4,components_scratch,49,HH,2.8034113058664785,0.31454795778732597,2.7857089819490866,-0.4064104823347854,0.24298594294270803
3,4,components_scratch,49,VV,3.715781057287644,0.38933244583234367,3.6953280114652727,-0.31724302637652135,0.08886294191661218
3,4,components_scratch,49,common,3.1343690524981134,0.3519402018098347,3.1145477122060554,-0.3434232740309253,0.12133018670919637
3,4,components_scratch,49,differential,2.0087832640889034,0.0747844880450177,2.0073907149410433,-0.39618759665313585,0.3532538701989818
3,4,components_spm,49,HH,2.6038039685072545,0.878233884342317,2.4512242555113426,-0.08894688405773965,0.05830248029079946
3,4,components_spm,49,VV,3.600480420086015,0.9967549987523517,3.4597599234462737,-0.15465395431304518,0.11730084931247967
3,4,components_spm,49,common,3.0198918510318293,0.9374944415473346,2.87068823873236,-0.1412872127363738,0.09464818827866381
3,4,components_spm,49,differential,1.7342207344971938,0.118521114410035,1.7301659751015188,-0.03718323357860176,0.11840834544620193
3,4,direct_multifidelity,49,HH,2.5777798744760303,1.1785151456014502,2.292607932648243,0.04742278948403322,0.17017429892683855
3,4,direct_multifidelity,49,VV,3.305806242253905,0.7248243054102621,3.225365814541261,-0.003501155815717416,0.06755308099395566
3,4,direct_multifidelity,49,common,2.7649734250412448,0.9516697255058562,2.5960359733139136,0.06665049011385571,0.10314326896608891
3,4,direct_multifidelity,49,differential,2.1368892859527917,-0.4536908401911883,2.0881715547211264,-0.5108185358250692,0.10377096241723559
3,4,direct_scratch,49,HH,2.725140054815335,0.4329812205742291,2.6905232912927883,-0.31194043532277704,0.18051395572777218
3,4,direct_scratch,49,VV,3.7751306526019577,0.5549313821147227,3.734121396708887,-0.3450449104955171,0.144240680896389
3,4,direct_scratch,49,common,3.149949533941434,0.4939563013444759,3.1109788232548192,-0.3403462420172503,0.167362109909417
3,4,direct_scratch,49,differential,1.915012078195903,0.12195016154049369,1.9111251706093035,-0.2654885450788993,0.051551033490389114
3,4,direct_spm,49,HH,2.1725800043671604,0.8318266406129935,2.007029724578715,0.2699573804862806,0.16037482856730692
3,4,direct_spm,49,VV,2.869484813118898,0.31356818819021937,2.8523004897932998,0.21521539874934026,0.0354076550540226
3,4,direct_spm,49,common,2.30803483563343,0.5726974144016063,2.2358538579332845,0.3076754722942362,0.07673830739350332
3,4,direct_spm,49,differential,2.1447598294919317,-0.518258452422774,2.0812022733734006,-0.5007506382964446,0.0996203536841829
3,4,fixed_common_multifidelity,49,HH,2.2540453398508546,0.014499204385944939,2.2539987061166493,0.07923684897076211,0.012809490104391958
3,4,fixed_common_multifidelity,49,VV,3.2956539453353777,0.09965328971240019,3.294146953196553,-0.046756963057503986,0.006817908315859899
3,4,fixed_common_multifidelity,49,common,2.6877353360231404,0.05707624704917247,2.6871292374074986,0.0,0.0
3,4,fixed_common_multifidelity,49,differential,1.7287063651720305,0.08515408532645527,1.7266077952848784,-0.032921573529113735,0.09795603138222907
3,4,fixed_common_scratch,49,HH,2.281028183935237,0.019684003026663704,2.280943251361535,0.057091465915715234,0.04619421480026326
3,4,fixed_common_scratch,49,VV,3.355943682207703,0.09446849107168145,3.354613793321734,-0.0855378644287883,0.024587077133019362
3,4,fixed_common_scratch,49,common,2.6877353360231404,0.05707624704917247,2.6871292374074986,0.0,0.0
3,4,fixed_common_scratch,49,differential,2.008783264088903,0.07478448804501774,2.007390714941043,-0.39618759665313563,0.3532538701989818
3,4,fixed_common_spm,49,HH,2.2484951641261985,-0.0021843101558450023,2.2484941031472694,0.08372864093276344,0.015483993255628305
3,4,fixed_common_spm,49,VV,3.300889690355608,0.11633680425419016,3.2988389617972964,-0.04974097713295156,0.008241424562564813
3,4,fixed_common_spm,49,common,2.6877353360231404,0.05707624704917247,2.6871292374074986,0.0,0.0
3,4,fixed_common_spm,49,differential,1.734220734497194,0.11852111441003514,1.7301659751015193,-0.03718323357860198,0.11840834544620202
3,4,ridge,49,HH,2.8513616215195055,0.9088779637421852,2.702629079932761,-0.3237729317838762,0.10781019426663178
3,4,ridge,49,VV,3.6909006458517584,0.8215330446704958,3.5983094689122215,-0.24898419642120095,0.116230652896448
3,4,ridge,49,common,3.1846954282272772,0.8652055042063406,3.064915073221895,-0.3009475314750505,0.12039878144958137
3,4,ridge,49,differential,1.7137331957337067,-0.08734491907168956,1.7115058665607967,-0.014931514025858128,0.04232269204317902
3,4,training_mean,49,HH,2.3536590884766304,0.14830528278756394,2.3489820450284298,0.0,5.718748935947011e-31
3,4,training_mean,49,VV,3.2199154734639897,-0.03415278868920816,3.2197343435876165,0.0,0.0
3,4,training_mean,49,common,2.6877353360231404,0.0570762470491778,2.6871292374074986,0.0,0.0
3,4,training_mean,49,differential,1.7086393932053787,-0.18245807147677207,1.6988695147556867,-2.220446049250313e-16,4.270713256888138e-33
3,5,components_multifidelity,45,HH,3.058988939348142,0.4431812622172211,3.0267150014287476,-0.7130246341058055,0.3872921607322348
3,5,components_multifidelity,45,VV,4.100769809898752,1.1904581017796656,3.9241715739356007,-0.6389108583429528,0.2838658302378105
3,5,components_multifidelity,45,common,3.5149806984295364,0.8168196819984432,3.418756340752021,-0.6958576396083478,0.338422117869997
3,5,components_multifidelity,45,differential,1.7108756495823703,0.7472768395624445,1.5390493212978793,-0.23400547757221357,0.07662648170872155
3,5,components_scratch,45,HH,3.2023039262247246,1.0937212114495003,3.0097382523302127,-0.6938619243431252,0.210172696753314
3,5,components_scratch,45,VV,4.443797750862241,1.665592041394112,4.119847278991408,-0.8064318922561691,0.2551714219160383
3,5,components_scratch,45,common,3.77794023102427,1.3796566264218064,3.517012934631051,-0.7947378624204797,0.24183399831021807
3,5,components_scratch,45,differential,1.7067068337000115,0.5718708299446119,1.6080460099315503,-0.3471282808614311,0.1959863861746241
3,5,components_spm,45,HH,3.136228880299972,0.46214283381523413,3.1019921970857443,-0.7992932548821403,0.46579995290756526
3,5,components_spm,45,VV,4.207264234557502,1.1703666567013884,4.041202077138476,-0.7381229448150346,0.34205249562763684
3,5,components_spm,45,common,3.610032821252417,0.8162547452583112,3.5165416478925677,-0.7942568977510471,0.4077768099402961
3,5,components_spm,45,differential,1.7160011584931756,0.7082238228861543,1.5630351859911669,-0.27276880201780895,0.08764849233701125
3,5,direct_multifidelity,45,HH,2.9856475517405574,0.3617150704374077,2.963655430550732,-0.6423887736452725,0.36833232678071753
3,5,direct_multifidelity,45,VV,4.186348450705788,1.4387651347295998,3.931344329591758,-0.6449076658205761,0.2706812711198304
3,5,direct_multifidelity,45,common,3.4783839474078,0.9002401025835042,3.3598694384283316,-0.6379396522021523,0.31027117569160195
3,5,direct_multifidelity,45,differential,2.117212735070616,1.077050064292192,1.822787130894165,-0.7309475944712389,0.24621049118114463
3,5,direct_scratch,45,HH,3.208492325819669,1.0513096512096172,3.0313645478756306,-0.7182916679877382,0.22063385389936593
3,5,direct_scratch,45,VV,4.441054276708381,1.5674745649238524,4.155236043474135,-0.8375990452980757,0.2761715869172796
3,5,direct_scratch,45,common,3.7729632710717005,1.3093921080667346,3.5384663559497946,-0.8167000793617358,0.25957474925729773
3,5,direct_scratch,45,differential,1.7589101192507677,0.5161649137142351,1.681469175885519,-0.4729562000362848,0.20507393430385182
3,5,direct_spm,45,HH,3.087198829607335,0.4736716530240533,3.0506444857849897,-0.7402183663207944,0.41930569908718573
3,5,direct_spm,45,VV,4.236548781305517,1.3953670848861144,4.000162031067953,-0.7029995145074264,0.3027247031803199
3,5,direct_spm,45,common,3.5759140599421815,0.9345193689550838,3.4516423501197178,-0.7286404521268541,0.35727781407921
3,5,direct_spm,45,differential,1.951829634843065,0.9216954318620607,1.7204988969296733,-0.5421293723039069,0.1688305218484066
3,5,fixed_common_multifidelity,45,HH,2.567965382111635,1.2198865177312217,2.2597174795937103,0.04516387883889317,0.0068758664362298764
3,5,fixed_common_multifidelity,45,VV,3.7056439334471,1.9671633572936653,3.1403925371224544,-0.0496082384662313,0.003913508124004064
3,5,fixed_common_multifidelity,45,common,3.0710499361822574,1.593524937512443,2.625266840542311,3.3306690738754696e-16,4.120557968538591e-30
3,5,fixed_common_multifidelity,45,differential,1.7108756495823703,0.7472768395624441,1.5390493212978793,-0.23400547757221357,0.07662648170872152
3,5,fixed_common_scratch,45,HH,2.5423157748531136,1.3075895225401375,2.180270428091488,0.11112379897456248,0.01758629894790937
3,5,fixed_common_scratch,45,VV,3.7223312628086007,1.879460352484749,3.213001527158083,-0.09870530521899146,0.010009520173510608
3,5,fixed_common_scratch,45,common,3.0710499361822574,1.593524937512443,2.625266840542311,3.3306690738754696e-16,4.120557968538591e-30
3,5,fixed_common_scratch,45,differential,1.7067068337000115,0.5718708299446118,1.6080460099315503,-0.3471282808614311,0.19598638617462422
3,5,fixed_common_spm,45,HH,2.559264334248218,1.2394130260693663,2.23912690202332,0.062485560367795734,0.007864896223959262
3,5,fixed_common_spm,45,VV,3.712841428942271,1.947636848955521,3.160997023260334,-0.06342662938832411,0.004476430069195782
3,5,fixed_common_spm,45,common,3.0710499361822574,1.593524937512443,2.625266840542311,3.3306690738754696e-16,4.120557968538591e-30
3,5,fixed_common_spm,45,differential,1.7160011584931754,0.7082238228861545,1.5630351859911664,-0.2727688020178085,0.08764849233701126
3,5,ridge,45,HH,2.5910001675015524,1.161924799395713,2.315861098715185,-0.0028721362449457555,4.089466621251439e-05
3,5,ridge,45,VV,3.6751237767979656,2.0205996732191585,3.069806465458755,-0.0029547753249132835,4.0082815600393314e-05
3,5,ridge,45,common,3.073263480467539,1.5912622363074358,2.6292266763589085,-0.003018986242137034,4.219616645262493e-05
3,5,ridge,45,differential,1.6309014697570805,0.8586748738234452,1.3865486162122467,-0.0015720937377865507,1.4254331427419005e-05
3,5,training_mean,45,HH,2.5888925242956913,1.1638348834187355,2.312542511283158,0.0,9.440629574998804e-30
3,5,training_mean,45,VV,3.6727847363971176,2.0232149916061366,3.065281197158236,0.0,0.0
3,5,training_mean,45,common,3.071049936182254,1.5935249375124367,2.625266840542311,3.3306690738754696e-16,4.120557968538591e-30
3,5,training_mean,45,differential,1.6303476937240788,0.8593801081874015,1.3854600073922139,0.0,1.0274305009364614e-31
4,1,components_multifidelity,44,HH,2.674516477961452,0.4953650361825478,2.628241212639204,0.0975049542841061,0.09179278957288743
4,1,components_multifidelity,44,VV,2.866194566157294,1.0817775395292342,2.6542096085350297,0.05101574374997486,0.06805675518234032
4,1,components_multifidelity,44,common,2.7356164797139164,0.7885712878558909,2.61949476961716,0.0766848817747996,0.07949035900063048
4,1,components_multifidelity,44,differential,0.8954491987736748,0.5864125033466864,0.6767197673358513,-0.06897417167104258,0.12283432055780136
4,1,components_scratch,44,HH,2.5448184992330587,0.20009428786012648,2.536939784465636,0.159118684123005,0.12962426991408607
4,1,components_scratch,44,VV,3.628452415297326,1.8288290860548968,3.13385562910556,-0.3229594850167117,0.13937889829168149
4,1,components_scratch,44,common,2.911738568114674,1.0144616869575118,2.7293019207742137,-0.0023468667101125273,0.0823765379302347
4,1,components_scratch,44,differential,2.3174663518691325,1.6287347981947704,1.6485973581184301,-5.34422659015693,3.7461932546324372
4,1,components_spm,44,HH,2.6430796791560307,0.5285949228434657,2.5896829145498983,0.12379128700524733,0.10133859060162949
4,1,components_spm,44,VV,3.0592928847596252,1.3980714856043108,2.721152159634044,0.002542896525557281,0.061551039183456585
4,1,components_spm,44,common,2.7990434998388256,0.9633332042238881,2.628047497978246,0.07064573618338033,0.07576676223897812
4,1,components_spm,44,differential,1.162629878446658,0.8694765627608455,0.7718281810522837,-0.39056325693189087,0.4968414378906048
4,1,direct_multifidelity,44,HH,2.660752468973957,0.12996285252397452,2.657576594966707,0.07724593924344247,0.07711493675782757
4,1,direct_multifidelity,44,VV,3.000381220366757,1.3606115182418452,2.674139817578193,0.03671057040116188,0.05209321685061579
4,1,direct_multifidelity,44,common,2.7496819120351663,0.7452871853829098,2.6467522794317917,0.05736954515032677,0.06009058107602166
4,1,direct_multifidelity,44,differential,1.3859220280620295,1.2306486657178708,0.6374038981951657,0.05162757674988072,0.3912511302037534
4,1,direct_scratch,44,HH,2.767774021663989,0.4196874517892715,2.7357696317140228,0.022147313725639384,0.1363915718728005
4,1,direct_scratch,44,VV,3.551112904246727,2.162271480145497,2.816910524822722,-0.06889409617139353,0.195876757022581
4,1,direct_scratch,44,common,3.0064664169939905,1.290979465967384,2.715181823554962,0.007997627665847884,0.13355423940753827
4,1,direct_scratch,44,differential,2.0944188982533127,1.7425840283562253,1.1618913139697742,-2.1512328621434076,2.3948508251894403
4,1,direct_spm,44,HH,2.7222079343983885,0.6472181320247707,2.6441491500442837,0.08654684025453263,0.07718270048109777
4,1,direct_spm,44,VV,3.220042790267297,1.69434737243893,2.7382225170102035,-0.010010871166120205,0.069231331135147
4,1,direct_spm,44,common,2.9119600146423945,1.1707827522318501,2.666229336338596,0.043445144150885406,0.06912330133082291
4,1,direct_spm,44,differential,1.2806790038894729,1.0471292404141594,0.7373323978186489,-0.26904236478600363,0.36085089426972833
4,1,fixed_common_multifidelity,44,HH,2.982951318340946,1.1820797665480256,2.7387380292955643,0.020024159602978764,0.001718797187134092
4,1,fixed_common_multifidelity,44,VV,3.274011226728593,1.768492269894712,2.7552830352011957,-0.022635841299010417,0.0017721432435860048
4,1,fixed_common_multifidelity,44,common,3.099696230805903,1.4752860182213687,2.7261048930136313,-4.440892098500626e-16,1.6983816610047474e-30
4,1,fixed_common_multifidelity,44,differential,0.8954491987736748,0.5864125033466864,0.6767197673358512,-0.06897417167104214,0.12283432055780126
4,1,fixed_common_scratch,44,HH,2.65670836065863,0.660918619123984,2.5731859420742826,0.13491909767170773,0.05241976671734034
4,1,fixed_common_scratch,44,VV,3.8527210227284807,2.2896534173187537,3.0985394151978354,-0.2933099637378509,0.05404671133618859
4,1,fixed_common_scratch,44,common,3.099696230805903,1.4752860182213687,2.7261048930136313,-4.440892098500626e-16,1.6983816610047474e-30
4,1,fixed_common_scratch,44,differential,2.3174663518691325,1.6287347981947702,1.64859735811843,-5.344226590156929,3.746193254632437
4,1,fixed_common_spm,44,HH,2.8765707840195036,1.0405477368409461,2.6817755094022626,0.06036491359344143,0.006952207347426027
4,1,fixed_common_spm,44,VV,3.408434844352831,1.9100242996017918,2.8229833976007,-0.0735078422828026,0.007167981988202337
4,1,fixed_common_spm,44,common,3.099696230805903,1.4752860182213687,2.7261048930136313,-4.440892098500626e-16,1.6983816610047474e-30
4,1,fixed_common_spm,44,differential,1.162629878446658,0.8694765627608454,0.7718281810522836,-0.3905632569318904,0.4968414378906051
4,1,ridge,44,HH,3.033402206158048,1.2477071572295453,2.764915151342384,0.0012012246803371207,1.439669867977889e-05
4,1,ridge,44,VV,3.2041849230057067,1.6887675586057023,2.7230250005863006,0.0011694184860100432,4.7675348185772816e-05
4,1,ridge,44,common,3.094738565979874,1.4682373579176238,2.7242771247760835,0.0013404880431817645,2.889246115671635e-05
4,1,ridge,44,differential,0.7918540037346029,0.44106040137615693,0.6576461704962814,-0.009564516357939201,0.00016187903590908533
4,1,training_mean,44,HH,3.0368158250293504,1.2523180296932863,2.7665772911042663,-4.440892098500626e-16,4.122634272441028e-31
4,1,training_mean,44,VV,3.2105471586061998,1.6982540067494478,2.724618576277015,0.0,0.0
4,1,training_mean,44,common,3.099696230805902,1.4752860182213672,2.7261048930136313,-4.440892098500626e-16,1.6983816610047474e-30
4,1,training_mean,44,differential,0.7919974321150335,0.44593597705616167,0.6545235189386045,-2.220446049250313e-16,2.589479372272371e-31
4,2,components_multifidelity,51,HH,2.801183706929829,0.11767696548237076,2.7987108267493443,-0.5593939566715869,0.24560428379025084
4,2,components_multifidelity,51,VV,3.961310887251842,-0.558259096375614,3.9217764758810336,-0.7617265867768386,0.20212747218998836
4,2,components_multifidelity,51,common,3.2685165063359936,-0.22029106544662164,3.261084481989886,-0.7449763052007423,0.23896910446992123
4,2,components_multifidelity,51,differential,2.0843290532194803,-0.6759360618579847,1.9716840625147665,-0.2425615831593888,0.05466666788861826
4,2,components_scratch,51,HH,2.7661796839024015,-0.45623890587167343,2.728295457681116,-0.481912601262501,0.3729064146810393
4,2,components_scratch,51,VV,3.815801889692048,-1.047483139800527,3.6692128765187544,-0.5421217128666564,0.14620943099886005
4,2,components_scratch,51,common,3.1664715663578074,-0.7518610228361006,3.075914040231346,-0.5524364224727354,0.23918144883921202
4,2,components_scratch,51,differential,2.0779844772792977,-0.5912442339288536,1.9920968208547494,-0.2684231362937288,0.1497025769979942
4,2,components_spm,51,HH,2.7994032653299756,0.18604741211088674,2.793214098916689,-0.553274605780218,0.2365907132806002
4,2,components_spm,51,VV,4.073386194623329,-0.6511704338180914,4.02100138730007,-0.8520012695076853,0.23815816957482513
4,2,components_spm,51,common,3.3163246227993155,-0.23256151085360238,3.3081602360609,-0.7957195412892135,0.2576646196109771
4,2,components_spm,51,differential,2.20595363728162,-0.8372178459289779,2.040906104722618,-0.3313410398005212,0.08113477847416939
4,2,direct_multifidelity,51,HH,2.8632581042498626,-0.3333991317823228,2.843781283868243,-0.6100233489523623,0.2797637438775674
4,2,direct_multifidelity,51,VV,3.7132933942289683,-0.437078517353139,3.6874801967322988,-0.5575149625284879,0.1172065366049352
4,2,direct_multifidelity,51,common,3.1846435530063313,-0.3852388245677309,3.1612569664218158,-0.6397779162949087,0.18358136873004008
4,2,direct_multifidelity,51,differential,1.8454732096497266,-0.10367938557081623,1.8425585343599051,-0.0851402111643893,0.12199006608371243
4,2,direct_scratch,51,HH,2.6536803678741565,-0.47060036630800217,2.6116191893290055,-0.3578740637242501,0.26319096213701865
4,2,direct_scratch,51,VV,3.878174823173064,-0.7310099936518473,3.8086565017436986,-0.6615615971148876,0.19457828495926707
4,2,direct_scratch,51,common,3.165585349119611,-0.6008051799799248,3.108048220068347,-0.5850425696701658,0.2325476847723273
4,2,direct_scratch,51,differential,2.0200981405925225,-0.2604096273438451,2.0032432013143104,-0.2826572646819918,0.11904013589877967
4,2,direct_spm,51,HH,2.7913208362498656,-0.00915761654119378,2.7913058142994527,-0.5511529799976653,0.2365999742360363
4,2,direct_spm,51,VV,3.8727968246447406,-0.730612008055737,3.8032566753590467,-0.6568534886798141,0.1503605784699348
4,2,direct_spm,51,common,3.2212315545202594,-0.3698848122984654,3.199924679342927,-0.680137968308276,0.193989179486838
4,2,direct_spm,51,differential,2.018594461593028,-0.7214543915145434,1.8852658065478265,-0.13602647237453547,0.08732556554159114
4,2,fixed_common_multifidelity,51,HH,2.1646831764199823,-0.10668547254244,2.1620526044072332,0.06938016653297874,0.008512539350916393
4,2,fixed_common_multifidelity,51,VV,3.173435889911802,-0.7826215344004248,3.075418488803277,-0.08338115273134927,0.004897699954333318
4,2,fixed_common_multifidelity,51,common,2.508419303127829,-0.4446535034714325,2.4686941208166884,0.0,5.17756857148523e-31
4,2,fixed_common_multifidelity,51,differential,2.0843290532194807,-0.6759360618579848,1.9716840625147665,-0.2425615831593888,0.054666667888618244
4,2,fixed_common_scratch,51,HH,2.1603464251351907,-0.14903138650700565,2.1551998335259306,0.07527014146170774,0.023311263094093586
4,2,fixed_common_scratch,51,VV,3.1743106130183705,-0.7402756204358593,3.0867847145062397,-0.09140393720402162,0.013412163807395888
4,2,fixed_common_scratch,51,common,2.508419303127829,-0.4446535034714325,2.4686941208166884,0.0,5.17756857148523e-31
4,2,fixed_common_scratch,51,differential,2.0779844772792977,-0.5912442339288536,1.9920968208547496,-0.26842313629372927,0.14970257699799422
4,2,fixed_common_spm,51,HH,2.144005868567628,-0.02604458050694339,2.143847672825345,0.08498620991085981,0.012634078885079619
4,2,fixed_common_spm,51,VV,3.228109254823043,-0.8632624264359214,3.110541326550436,-0.10826797957322976,0.007269032779488614
4,2,fixed_common_spm,51,common,2.508419303127829,-0.4446535034714325,2.4686941208166884,0.0,5.17756857148523e-31
4,2,fixed_common_spm,51,differential,2.2059536372816204,-0.8372178459289782,2.0409061047226182,-0.33134103980052165,0.08113477847416946
4,2,ridge,51,HH,2.495362981564762,-0.4033214022898731,2.462553198657586,-0.2072884166498996,0.04538955934932486
4,2,ridge,51,VV,3.447819787452985,-0.7005537397501213,3.3758977686645766,-0.305423442047968,0.057375687143766826
4,2,ridge,51,common,2.8553222841861583,-0.5519375710199972,2.8014693045376395,-0.287766642037532,0.05736016365299409
4,2,ridge,51,differential,1.90187644360826,-0.29723233746024824,1.878506572871099,-0.12789509565490786,0.01900979207896527
4,2,training_mean,51,HH,2.2734951824510596,-0.38185689277229923,2.2411973715115905,0.0,6.282033037224047e-31
4,2,training_mean,51,VV,2.99796020275472,-0.5074501141705798,2.954701297750652,0.0,0.0
4,2,training_mean,51,common,2.50841930312783,-0.4446535034714396,2.468694120816689,-2.220446049250313e-16,5.17756857148523e-31
4,2,training_mean,51,differential,1.7732517707988813,-0.1255932213982806,1.7687985146364666,0.0,1.5758820952353963e-32
4,3,components_multifidelity,51,HH,2.9747318495492543,-1.9860597476750406,2.214632307040535,-0.01626243445751463,0.049236221337760316
4,3,components_multifidelity,51,VV,4.601419447207873,-2.824041497193768,3.6328846047280927,-0.04475246515895903,0.034083843840092456
4,3,components_multifidelity,51,common,3.6377389839151886,-2.4050506224344046,2.729262980847429,-0.050682307308280494,0.0441493607344967
4,3,components_multifidelity,51,differential,2.66675858512649,-0.837981749518728,2.5316769025330563,0.022811418302705944,0.012863219607178561
4,3,components_scratch,51,HH,3.0503924160473943,-2.3946578121583717,1.8895787505548272,0.26016886700368047,0.16474702020984122
4,3,components_scratch,51,VV,4.449187571993884,-3.0159833079201577,3.2709501275824757,0.153049471714085,0.059361849817006075
4,3,components_scratch,51,common,3.621387139147338,-2.7053205600392642,2.4074229954477424,0.18250433363416585,0.09529159029241756
4,3,components_scratch,51,differential,2.3963615417965642,-0.6213254957617855,2.3144120781135706,0.18333639957334968,0.05910219062157613
4,3,components_spm,51,HH,3.8293222461538106,-2.758976739703924,2.655514303230388,-0.461167151126898,0.24715279432506718
4,3,components_spm,51,VV,5.394689697406147,-3.62586331266137,3.9944701988118947,-0.2630733419486473,0.09369975394060366
4,3,components_spm,51,common,4.487174804043892,-3.1924200261826474,3.1532827495285494,-0.4025116579882868,0.16657054598177432
4,3,components_spm,51,differential,2.644583276093157,-0.866886572957446,2.498465203643571,0.048281666154954106,0.0044599458389109545
4,3,direct_multifidelity,51,HH,3.0346479883288113,-2.10764359683273,2.183329311349549,0.012263504369907974,0.08337085034081906
4,3,direct_multifidelity,51,VV,4.488751090370018,-2.75404731742154,3.5445887948676424,0.00541496841349165,0.015198337409804297
4,3,direct_multifidelity,51,common,3.611819613415088,-2.430845457127135,2.6713725467284197,-0.0065829433814279525,0.03949304504445153
4,3,direct_multifidelity,51,differential,2.5563618384987294,-0.6464037205888099,2.4732868979035865,0.06736691354257685,0.010481328273540138
4,3,direct_scratch,51,HH,2.86871274627475,-2.257847269483034,1.7696436161914708,0.3511052839175628,0.21827194894809826
4,3,direct_scratch,51,VV,4.399664455211585,-2.535865768845641,3.595334771735333,-0.023266763894910447,0.01159489554375517
4,3,direct_scratch,51,common,3.457207049161615,-2.396856519164338,2.4914572858694926,0.12443671530650469,0.05313393585823378
4,3,direct_scratch,51,differential,2.7136687261145003,-0.2780184993626075,2.6993894993320358,-0.11094595796488482,0.1361440498382608
4,3,direct_spm,51,HH,4.183465746517763,-3.2540561008469964,2.629164229337505,-0.4323133508101835,0.3464836586747312
4,3,direct_spm,51,VV,4.641447281884149,-2.9090165651566964,3.6167188851435066,-0.03547521017327271,0.027342894722702762
4,3,direct_spm,51,common,4.2444027612128865,-3.0815363330018464,2.91874778420149,-0.20163836699199922,0.12268871941493302
4,3,direct_spm,51,differential,2.4554058418168,0.3450395356903003,2.431042074263358,0.0989543892075998,0.08475674160587937
4,3,fixed_common_multifidelity,51,HH,2.9763993270474964,-1.9623982137337221,2.2378440975151697,-0.037677178037816894,0.004370493495107052
4,3,fixed_common_multifidelity,51,VV,4.4964428064133175,-2.8003799632524498,3.5179354702382306,0.0203161785853484,0.0016696985357293418
4,3,fixed_common_multifidelity,51,common,3.5721947168177954,-2.3813890884930866,2.662622974449638,-2.220446049250313e-16,4.4508306996238146e-31
4,3,fixed_common_multifidelity,51,differential,2.6667585851264906,-0.837981749518728,2.5316769025330563,0.022811418302705833,0.012863219607178561
4,3,fixed_common_scratch,51,HH,3.038810343086553,-2.070726340612194,2.224064010667105,-0.02493700910363983,0.020080955433119028
4,3,fixed_common_scratch,51,VV,4.376991684704568,-2.6920518363739787,3.4512190771158555,0.05712253717053983,0.007671706163219843
4,3,fixed_common_scratch,51,common,3.5721947168177954,-2.3813890884930866,2.662622974449638,-2.220446049250313e-16,4.4508306996238146e-31
4,3,fixed_common_scratch,51,differential,2.3963615417965642,-0.6213254957617855,2.3144120781135706,0.18333639957334968,0.059102190621576116
4,3,fixed_common_spm,51,HH,2.953003306676329,-1.9479458020143636,2.2193998471785004,-0.02064265327345205,0.0015153410166932172
4,3,fixed_common_spm,51,VV,4.505311533354426,-2.8148323749718096,3.5177479604694506,0.020420612218467915,0.0005789192180553291
4,3,fixed_common_spm,51,common,3.5721947168177954,-2.3813890884930866,2.662622974449638,-2.220446049250313e-16,4.4508306996238146e-31
4,3,fixed_common_spm,51,differential,2.6445832760931567,-0.8668865729574462,2.498465203643571,0.04828166615495433,0.004459945838910953
4,3,ridge,51,HH,2.9296456823096606,-1.9435944650142523,2.1920913255249195,0.0043197396525987974,1.0963222711699018e-05
4,3,ridge,51,VV,4.535781084013008,-2.8232310584976936,3.55002484955024,0.002361996809509548,7.1029137068012455e-06
4,3,ridge,51,common,3.5699784155895062,-2.3834127617559733,2.6578354905587607,0.003592833014542718,9.838827138524848e-06
4,3,ridge,51,differential,2.7080037261480747,-0.8796365934834416,2.561156700445466,-7.858280805739248e-05,9.548599469296402e-07
4,3,training_mean,51,HH,2.932212227036659,-1.9421010833334373,2.1968413521459333,2.220446049250313e-16,6.538272773075751e-31
4,3,training_mean,51,VV,4.537480981532521,-2.820677093652734,3.554224865017983,-2.220446049250313e-16,2.4978745506944636e-31
4,3,training_mean,51,common,3.572194716817794,-2.3813890884930844,2.662622974449638,-2.220446049250313e-16,4.4508306996238146e-31
4,3,training_mean,51,differential,2.707564223589417,-0.8785760103192966,2.5610560749333056,0.0,1.8792401583613614e-33
4,4,components_multifidelity,49,HH,2.337878032225027,0.7961459934958369,2.1981413172498465,0.12430710763850683,0.11035997932793876
4,4,components_multifidelity,49,VV,3.3017393268956203,0.8175589844544441,3.198918550027019,0.012888334012448155,0.08031420377269305
4,4,components_multifidelity,49,common,2.695898188637977,0.8068524889751403,2.5723250386636884,0.08362215338965462,0.0924301620363938
4,4,components_multifidelity,49,differential,1.9138558928646943,0.021412990958607398,1.9137361005298308,-0.2689486626543307,0.07394834206836919
4,4,components_scratch,49,HH,2.3543693658615648,-0.04373351907602036,2.3539631454669405,-0.004245568202515537,0.06858393358187813
4,4,components_scratch,49,VV,3.7366377688115593,0.4381524026921893,3.710860316331523,-0.32833964288586626,0.0973918978416097
4,4,components_scratch,49,common,2.9468274516370583,0.19720944180808445,2.9402211593319816,-0.19724460496648577,0.05650179552510937
4,4,components_scratch,49,differential,2.0678166585908415,0.48188592176820966,2.0108833113702533,-0.4010501895271088,0.3964422016562319
4,4,components_spm,49,HH,2.499743569800718,0.8356896704935793,2.3559161040644825,-0.0059125982007510736,0.08391060014775867
4,4,components_spm,49,VV,3.5867532796704475,0.9149334474432386,3.4680968665791827,-0.16022537125590697,0.09849106750667914
4,4,components_spm,49,common,2.9359507151073627,0.875311558968409,2.8024339914216942,-0.08766129793583599,0.0921090996990563
4,4,components_spm,49,differential,1.9359255155650397,0.07924377694965916,1.9343029818594906,-0.29636995190999715,0.10660787783669033
4,4,direct_multifidelity,49,HH,2.3189951901605332,0.7341231495851487,2.1997276861536452,0.12304270008095708,0.08272286687642602
4,4,direct_multifidelity,49,VV,3.4226351003923043,0.7712175275634535,3.3346146037610334,-0.07263315169083961,0.10209033358823007
4,4,direct_multifidelity,49,common,2.7580616440055494,0.752670338574301,2.653373587259254,0.02496614667103836,0.08814287983881014
4,4,direct_multifidelity,49,differential,1.9382268485169338,0.03709437797830481,1.9378718542345075,-0.30115808186828774,0.16761381509323253
4,4,direct_scratch,49,HH,2.5480589662139455,0.2873766520752479,2.5318015631453625,-0.16171589884458237,0.06432408541347556
4,4,direct_scratch,49,VV,3.742439186661551,0.5188673182168633,3.7062956940787135,-0.3250737481934376,0.12166607057957685
4,4,direct_scratch,49,common,3.0830773383476533,0.4031219851460555,3.0566089935293905,-0.2939058148147047,0.0922671559342558
4,4,direct_scratch,49,differential,1.7249485863048497,0.23149066614161534,1.709344815092733,-0.012370103548665856,0.19661867529902655
4,4,direct_spm,49,HH,2.537354298803283,0.75541592532509,2.422295113610383,-0.06339523971207983,0.11104473198328359
4,4,direct_spm,49,VV,3.6730394695079993,0.8936280408499048,3.5626742580778235,-0.22436851065069696,0.10366877717618182
4,4,direct_spm,49,common,3.0040879746167297,0.8245219830874974,2.888720834321362,-0.15567053001626285,0.10036886443769022
4,4,direct_spm,49,differential,1.9392249295764612,0.1382121155248148,1.9342933434753338,-0.29635703265112956,0.16489450300149344
4,4,fixed_common_multifidelity,49,HH,2.205768699140671,0.04636975156986889,2.2052812519604106,0.11860907135762133,0.009670058521101053
4,4,fixed_common_multifidelity,49,VV,3.378438856666283,0.06778274252847623,3.377758814369063,-0.10056878722841867,0.005146931834801265
4,4,fixed_common_multifidelity,49,common,2.6877353360231404,0.05707624704917247,2.6871292374074986,0.0,0.0
4,4,fixed_common_multifidelity,49,differential,1.913855892864694,0.021412990958607363,1.9137361005298308,-0.2689486626543307,0.07394834206836916
4,4,fixed_common_scratch,49,HH,2.1444068056694,-0.18386671383493244,2.136509672279717,0.17272417721735722,0.051841855855341866
4,4,fixed_common_scratch,49,VV,3.46226729060402,0.2980192079332776,3.4494172469113282,-0.14776078110039403,0.027593059307220818
4,4,fixed_common_scratch,49,common,2.6877353360231404,0.05707624704917247,2.6871292374074986,0.0,0.0
4,4,fixed_common_scratch,49,differential,2.0678166585908415,0.4818859217682099,2.0108833113702533,-0.4010501895271088,0.3964422016562319
4,4,fixed_common_spm,49,HH,2.1965391769611853,0.01745435857434319,2.1964698270843783,0.12563837377223475,0.013940872623460063
4,4,fixed_common_spm,49,VV,3.390717021220941,0.09669813552400193,3.389337898260306,-0.1081273026518943,0.007420091714442502
4,4,fixed_common_spm,49,common,2.6877353360231404,0.05707624704917247,2.6871292374074986,0.0,0.0
4,4,fixed_common_spm,49,differential,1.9359255155650392,0.07924377694965876,1.9343029818594906,-0.29636995190999715,0.10660787783669039
4,4,ridge,49,HH,2.8513616215195055,0.9088779637421852,2.702629079932761,-0.3237729317838762,0.10781019426663178
4,4,ridge,49,VV,3.6909006458517584,0.8215330446704958,3.5983094689122215,-0.24898419642120095,0.116230652896448
4,4,ridge,49,common,3.1846954282272772,0.8652055042063406,3.064915073221895,-0.3009475314750505,0.12039878144958137
4,4,ridge,49,differential,1.7137331957337067,-0.08734491907168956,1.7115058665607967,-0.014931514025858128,0.04232269204317902
4,4,training_mean,49,HH,2.3536590884766304,0.14830528278756394,2.3489820450284298,0.0,5.718748935947011e-31
4,4,training_mean,49,VV,3.2199154734639897,-0.03415278868920816,3.2197343435876165,0.0,0.0
4,4,training_mean,49,common,2.6877353360231404,0.0570762470491778,2.6871292374074986,0.0,0.0
4,4,training_mean,49,differential,1.7086393932053787,-0.18245807147677207,1.6988695147556867,-2.220446049250313e-16,4.270713256888138e-33
4,5,components_multifidelity,45,HH,2.961939798789314,0.5315966721267361,2.913844942654955,-0.5876450908055013,0.24416906025853988
4,5,components_multifidelity,45,VV,3.968781984102577,1.3521753213048777,3.7313338550431583,-0.4817931225460572,0.17885703753994156
4,5,components_multifidelity,45,common,3.394252046190655,0.9418859967158072,3.260950432352525,-0.5429131792114574,0.21306469665693184
4,5,components_multifidelity,45,differential,1.721873341944969,0.8205786491781422,1.5137696278541568,-0.1938000334424419,0.05148939051645733
4,5,components_scratch,45,HH,2.8144977930510695,0.9659103451184402,2.6435610513628234,-0.30677025093005383,0.14790189535238496
4,5,components_scratch,45,VV,3.9013556910791167,1.6375117939166637,3.5410635906601904,-0.33452529344800497,0.105106098276447
4,5,components_scratch,45,common,3.295582119388004,1.3017110695175518,3.027607933191713,-0.3300022110098808,0.11884971884367343
4,5,components_scratch,45,differential,1.6853789153450907,0.6716014487982244,1.5457857491456959,-0.2448316172037861,0.14618227186514718
4,5,components_spm,45,HH,3.109454888133931,0.6110211764645214,3.0488297465178187,-0.7381485720173999,0.3659959222203356
4,5,components_spm,45,VV,4.130621800941031,1.3621953237519404,3.899546173897377,-0.6184060447189588,0.2774111426738315
4,5,components_spm,45,common,3.555321405869755,0.9866082501082308,3.415686528335711,-0.6928134755807256,0.3267052604001532
4,5,components_spm,45,differential,1.7030123697013693,0.7511741472874189,1.5283941022533731,-0.21697797496488191,0.06304867942188032
4,5,direct_multifidelity,45,HH,2.7616408129440417,0.5479403287124286,2.7067362959639683,-0.36997437266722444,0.0958440654194757
4,5,direct_multifidelity,45,VV,4.14524036025204,1.4628891733748564,3.8785271573994544,-0.6010062637234044,0.2500309952519999
4,5,direct_multifidelity,45,common,3.348520301387126,1.0054147510436422,3.1940146191252134,-0.4802221307339276,0.1660994431198342
4,5,direct_multifidelity,45,differential,2.183804572931021,0.9149488446624275,1.9828946074880853,-1.048383530980297,0.5963169655605229
4,5,direct_scratch,45,HH,3.487224374237733,-2.1537635830415693,2.7426330896862035,-0.4065525833316608,0.27616516529783913
4,5,direct_scratch,45,VV,4.236115854303859,1.9573718206442026,3.756776954629128,-0.5020700262136619,0.15786277530415527
4,5,direct_scratch,45,common,3.054328523041632,-0.09819588119868329,3.0527496287087303,-0.3521829890292407,0.11005315834590472
4,5,direct_scratch,45,differential,4.784885769593857,4.111135403685771,2.448202916553942,-2.1225315415270876,1.5037074247774582
4,5,direct_spm,45,HH,3.004110278650936,0.629006827235584,2.9375208897278036,-0.613550184159771,0.2972260226155712
4,5,direct_spm,45,VV,4.213315524678372,1.3701223667635283,3.9843183119060783,-0.6895358540871044,0.29044448493043384
4,5,direct_spm,45,common,3.541290080513659,0.9995645969995558,3.397293930582038,-0.6746318248767829,0.3029872474985981
4,5,direct_spm,45,differential,1.8413231156443515,0.7411155395279442,1.6855914609644966,-0.48018724350069286,0.14809130364693696
4,5,fixed_common_multifidelity,45,HH,2.575055817222491,1.1832356129233725,2.287108643270197,0.02187549345337869,0.004620258743182591
4,5,fixed_common_multifidelity,45,VV,3.703269752811571,2.0038142621015145,3.114311362899933,-0.03224649828515469,0.002629693333071802
4,5,fixed_common_multifidelity,45,common,3.0710499361822574,1.593524937512443,2.625266840542311,3.3306690738754696e-16,4.120557968538591e-30
4,5,fixed_common_multifidelity,45,differential,1.7218733419449685,0.8205786491781419,1.5137696278541564,-0.19380003344244146,0.051489390516457276
4,5,fixed_common_scratch,45,HH,2.571635381821783,1.2577242131133313,2.243086788509557,0.05916664755088208,0.013117263826756048
4,5,fixed_common_scratch,45,VV,3.69724734473599,1.9293256619115557,3.1539404589254483,-0.0586839723689383,0.007465898156518262
4,5,fixed_common_scratch,45,common,3.0710499361822574,1.593524937512443,2.625266840542311,3.3306690738754696e-16,4.120557968538591e-30
4,5,fixed_common_scratch,45,differential,1.6853789153450907,0.6716014487982246,1.5457857491456959,-0.2448316172037861,0.14618227186514723
4,5,fixed_common_spm,45,HH,2.5893685556579364,1.2179378638687344,2.2850507383392897,0.023634904112423194,0.005657499718353668
4,5,fixed_common_spm,45,VV,3.688901119533833,1.9691120111561529,3.1193892602909528,-0.03561540681639652,0.00322005543805586
4,5,fixed_common_spm,45,common,3.0710499361822574,1.593524937512443,2.625266840542311,3.3306690738754696e-16,4.120557968538591e-30
4,5,fixed_common_spm,45,differential,1.7030123697013695,0.7511741472874186,1.528394102253373,-0.2169779749648817,0.06304867942188036
4,5,ridge,45,HH,2.5910001675015524,1.161924799395713,2.315861098715185,-0.0028721362449457555,4.089466621251439e-05
4,5,ridge,45,VV,3.6751237767979656,2.0205996732191585,3.069806465458755,-0.0029547753249132835,4.0082815600393314e-05
4,5,ridge,45,common,3.073263480467539,1.5912622363074358,2.6292266763589085,-0.003018986242137034,4.219616645262493e-05
4,5,ridge,45,differential,1.6309014697570805,0.8586748738234452,1.3865486162122467,-0.0015720937377865507,1.4254331427419005e-05
4,5,training_mean,45,HH,2.5888925242956913,1.1638348834187355,2.312542511283158,0.0,9.440629574998804e-30
4,5,training_mean,45,VV,3.6727847363971176,2.0232149916061366,3.065281197158236,0.0,0.0
4,5,training_mean,45,common,3.071049936182254,1.5935249375124367,2.625266840542311,3.3306690738754696e-16,4.120557968538591e-30
4,5,training_mean,45,differential,1.6303476937240788,0.8593801081874015,1.3854600073922139,0.0,1.0274305009364614e-31
5,1,components_multifidelity,44,HH,2.899575876508356,0.9530874249361273,2.7384602651960877,0.020222928744439095,0.06671682487508619
5,1,components_multifidelity,44,VV,3.6737830149112933,2.064254732092861,3.039002145718713,-0.24408652700804323,0.04782935241267684
5,1,components_multifidelity,44,common,3.223372355232807,1.508671078514494,2.8485155638214454,-0.09182257285741224,0.04383744438771228
5,1,components_multifidelity,44,differential,1.4993086562290818,1.1111673071567338,1.0065950835114919,-1.3651522172179207,0.9997256377018807
5,1,components_scratch,44,HH,2.8343875082415217,0.17595532979646944,2.828920689731651,-0.045576776089055304,0.22517834086783714
5,1,components_scratch,44,VV,2.905416443626635,1.040317895061809,2.712781485507119,0.008670114623824388,0.025404040220062325
5,1,components_scratch,44,common,2.7861160098092244,0.6081366124291392,2.718935872862485,0.005252617934027093,0.0924997727641913
5,1,components_scratch,44,differential,1.378631508084074,0.8643625652653395,1.0740121930639752,-1.6925756280808,2.5081187219603347
5,1,components_spm,44,HH,2.7608041154826117,0.803521589550326,2.641286129746689,0.08852389898502322,0.0957976394837304
5,1,components_spm,44,VV,3.724201740062348,2.15794648996914,3.0352834376896816,-0.24104370981602563,0.06001795027641588
5,1,components_spm,44,common,3.154072028146363,1.480734039759733,2.784887262032726,-0.04359049021346606,0.055149996461412
5,1,components_spm,44,differential,1.7862683153874312,1.354424900418814,1.16459764883952,-2.165929974574594,1.676306224592502
5,1,direct_multifidelity,44,HH,2.827032623024253,0.4848472188095092,2.785145710022381,-0.013468433899622045,0.13210043526236495
5,1,direct_multifidelity,44,VV,3.3232334324394,1.740250660101953,2.831149605107026,-0.07972762201696715,0.05366803885446502
5,1,direct_multifidelity,44,common,2.996417977387317,1.112548939455731,2.7822213342086615,-0.04159342173948111,0.08662490866667233
5,1,direct_multifidelity,44,differential,1.468980944537091,1.2554034412924437,0.7628022122438906,-0.3582301744436831,0.5693994208611907
5,1,direct_scratch,44,HH,2.753791330592097,-0.007900702934314996,2.753779996901956,0.009229958017603068,0.1512796574455801
5,1,direct_scratch,44,VV,2.95565506789639,1.5509165263764615,2.516059380975334,0.14723307712234934,0.2877816604588495
5,1,direct_scratch,44,common,2.6590272621404885,0.7715079117210735,2.544641727819091,0.12869909597521068,0.15517403462088725
5,1,direct_scratch,44,differential,2.0873004629008847,1.558817229310777,1.3881325830158011,-3.497916443495475,4.6117995403987955
5,1,direct_spm,44,HH,2.891661906963079,0.90144293505412,2.747564233830096,0.013697592732690445,0.1051886075096366
5,1,direct_spm,44,VV,3.4593575591653383,1.9593214079846561,2.8510023399442153,-0.09492335866374235,0.06497163106182535
5,1,direct_spm,44,common,3.1158971549188963,1.4303821715193878,2.7681802548662096,-0.031106699242372082,0.07962983614737298
5,1,direct_spm,44,differential,1.3499875156995838,1.0578784729305362,0.8386652663935065,-0.6418247589615136,0.4849028530224229
5,1,fixed_common_multifidelity,44,HH,2.7512742843201536,0.9197023646430023,2.593001686854724,0.12154406167358078,0.013988969908285928
5,1,fixed_common_multifidelity,44,VV,3.5736097271953184,2.0308696717997354,2.9404514718779207,-0.16470678684640783,0.014423143517608518
5,1,fixed_common_multifidelity,44,common,3.099696230805903,1.4752860182213687,2.7261048930136313,-4.440892098500626e-16,1.6983816610047474e-30
5,1,fixed_common_multifidelity,44,differential,1.4993086562290812,1.1111673071567336,1.0065950835114919,-1.3651522172179207,0.9997256377018802
5,1,fixed_common_scratch,44,HH,2.9275818889651286,1.043104735588699,2.7354466229829937,0.022378207661572835,0.0350956262445821
5,1,fixed_common_scratch,44,VV,3.4052621261055798,1.9074673008540388,2.820882600120342,-0.07191067849467836,0.03618488405398102
5,1,fixed_common_scratch,44,common,3.099696230805903,1.4752860182213687,2.7261048930136313,-4.440892098500626e-16,1.6983816610047474e-30
5,1,fixed_common_scratch,44,differential,1.3786315080840743,0.8643625652653398,1.0740121930639757,-1.6925756280808022,2.508118721960336
5,1,fixed_common_spm,44,HH,2.6745020908804684,0.7980735680119622,2.5526535241126354,0.14866962904359637,0.02345623283884381
5,1,fixed_common_spm,44,VV,3.6957609851963062,2.1524984684307755,3.0042302846323774,-0.21578005087806162,0.024184240500560183
5,1,fixed_common_spm,44,common,3.099696230805903,1.4752860182213687,2.7261048930136313,-4.440892098500626e-16,1.6983816610047474e-30
5,1,fixed_common_spm,44,differential,1.7862683153874312,1.3544249004188138,1.16459764883952,-2.165929974574594,1.6763062245925033
5,1,ridge,44,HH,3.033402206158048,1.2477071572295453,2.764915151342384,0.0012012246803371207,1.439669867977889e-05
5,1,ridge,44,VV,3.2041849230057067,1.6887675586057023,2.7230250005863006,0.0011694184860100432,4.7675348185772816e-05
5,1,ridge,44,common,3.094738565979874,1.4682373579176238,2.7242771247760835,0.0013404880431817645,2.889246115671635e-05
5,1,ridge,44,differential,0.7918540037346029,0.44106040137615693,0.6576461704962814,-0.009564516357939201,0.00016187903590908533
5,1,training_mean,44,HH,3.0368158250293504,1.2523180296932863,2.7665772911042663,-4.440892098500626e-16,4.122634272441028e-31
5,1,training_mean,44,VV,3.2105471586061998,1.6982540067494478,2.724618576277015,0.0,0.0
5,1,training_mean,44,common,3.099696230805902,1.4752860182213672,2.7261048930136313,-4.440892098500626e-16,1.6983816610047474e-30
5,1,training_mean,44,differential,0.7919974321150335,0.44593597705616167,0.6545235189386045,-2.220446049250313e-16,2.589479372272371e-31
5,2,components_multifidelity,51,HH,2.4345990632051384,0.1760238731413992,2.428227377047635,-0.17386591826882136,0.0745269995725052
5,2,components_multifidelity,51,VV,3.557788610236621,-0.5176225832585304,3.5199327630553103,-0.4191933571916533,0.07150480111649829
5,2,components_multifidelity,51,common,2.864859833059542,-0.1707993550585657,2.8597638789574087,-0.3419174092547088,0.07620076944345726
5,2,components_multifidelity,51,differential,2.083405225841997,-0.6936464563999296,1.9645436947519301,-0.2335781142233464,0.04461887913938079
5,2,components_scratch,51,HH,2.890203216028557,-0.7488389449111517,2.791507632897708,-0.551377292816214,0.3998180683150974
5,2,components_scratch,51,VV,4.245868576336716,-1.277506202547539,4.049120629220145,-0.8779942776853571,0.26659564950667514
5,2,components_scratch,51,common,3.473351206434911,-1.0131725737293455,3.3222958837354484,-0.8110984157484011,0.3372493729374654
5,2,components_scratch,51,differential,2.122421914219548,-0.5286672576363872,2.055525653613351,-0.3504828482813831,0.1438463871060796
5,2,components_spm,51,HH,2.5668882735067253,0.19785911309032428,2.5592512928654436,-0.303964157013467,0.12153606598827683
5,2,components_spm,51,VV,3.798491611736964,-0.6292568099551389,3.7460077938468257,-0.6073490112603483,0.1340746363240201
5,2,components_spm,51,common,3.0527647202721773,-0.21569884843240714,3.0451348811051697,-0.5215229326091047,0.13842923086613954
5,2,components_spm,51,differential,2.1811506405681786,-0.827115923045463,2.0182411567242475,-0.3019352529727377,0.05988378807119326
5,2,direct_multifidelity,51,HH,2.908436193819585,-0.6207016992283308,2.8414310644629084,-0.6073632677783993,0.30715031972522117
5,2,direct_multifidelity,51,VV,3.9520424374090024,-0.47530086919321674,3.9233567911707774,-0.7631466801525622,0.17715095509668558
5,2,direct_multifidelity,51,common,3.3369491230091737,-0.548001284210774,3.2916445801536702,-0.7778344009473046,0.24482956199110073
5,2,direct_multifidelity,51,differential,1.9011478750997053,0.145400830035114,1.8955795529655899,-0.14849021964564657,0.06723414316100994
5,2,direct_scratch,51,HH,3.019410568762646,-0.8148373221028826,2.907383758856709,-0.6828465286602978,0.4358857723528766
5,2,direct_scratch,51,VV,4.611046796592494,-1.1383333124619845,4.46832740856187,-1.286982332877768,0.3870979848125777
5,2,direct_scratch,51,common,3.689054251111412,-0.9765853172824335,3.557443237173511,-1.0765452191283864,0.37999405041609824
5,2,direct_scratch,51,differential,2.514100319332983,-0.323495990359102,2.49320090644372,-0.986816794850476,0.5991055465901998
5,2,direct_spm,51,HH,2.810924152813684,-0.2862408588364461,2.7963119932518086,-0.5567219240371346,0.25607223297004705
5,2,direct_spm,51,VV,4.105425486234524,-0.5187048307739147,4.0725254721801045,-0.8997674959891109,0.2337310079378814
5,2,direct_spm,51,common,3.3680430270683885,-0.4024728448051804,3.343909305196303,-0.8347395132451152,0.2618610492449137
5,2,direct_spm,51,differential,2.0339052836979965,-0.23246397193746854,2.0205769484990377,-0.3049505610390577,0.08628388190932391
5,2,fixed_common_multifidelity,51,HH,2.132708599807637,-0.09783027527146754,2.130463613614126,0.09637542481679306,0.006947926023982904
5,2,fixed_common_multifidelity,51,VV,3.1947108627304637,-0.7914767316713974,3.0951158426900256,-0.09730321252727214,0.0039974977580231755
5,2,fixed_common_multifidelity,51,common,2.508419303127829,-0.4446535034714325,2.4686941208166884,0.0,5.17756857148523e-31
5,2,fixed_common_multifidelity,51,differential,2.083405225841997,-0.69364645639993,1.96454369475193,-0.23357811422334596,0.04461887913938075
5,2,fixed_common_scratch,51,HH,2.0650446116647605,-0.18031987465323873,2.057156773551958,0.15749095672767244,0.022399353719940198
5,2,fixed_common_scratch,51,VV,3.2515016443825813,-0.7089871322896261,3.1732633344351306,-0.1534135830690586,0.012887495630717631
5,2,fixed_common_scratch,51,common,2.508419303127829,-0.4446535034714325,2.4686941208166884,0.0,5.17756857148523e-31
5,2,fixed_common_scratch,51,differential,2.122421914219548,-0.5286672576363873,2.055525653613351,-0.3504828482813829,0.14384638710607967
5,2,fixed_common_spm,51,HH,2.1200961964489364,-0.031095541948700903,2.119868144359022,0.10534109620123489,0.009324934592256438
5,2,fixed_common_spm,51,VV,3.2354653416219508,-0.858211464994164,3.1195687295184595,-0.11471013771792249,0.005365112552664908
5,2,fixed_common_spm,51,common,2.508419303127829,-0.4446535034714325,2.4686941208166884,0.0,5.17756857148523e-31
5,2,fixed_common_spm,51,differential,2.1811506405681786,-0.827115923045463,2.018241156724247,-0.30193525297273704,0.05988378807119326
5,2,ridge,51,HH,2.495362981564762,-0.4033214022898731,2.462553198657586,-0.2072884166498996,0.04538955934932486
5,2,ridge,51,VV,3.447819787452985,-0.7005537397501213,3.3758977686645766,-0.305423442047968,0.057375687143766826
5,2,ridge,51,common,2.8553222841861583,-0.5519375710199972,2.8014693045376395,-0.287766642037532,0.05736016365299409
5,2,ridge,51,differential,1.90187644360826,-0.29723233746024824,1.878506572871099,-0.12789509565490786,0.01900979207896527
5,2,training_mean,51,HH,2.2734951824510596,-0.38185689277229923,2.2411973715115905,0.0,6.282033037224047e-31
5,2,training_mean,51,VV,2.99796020275472,-0.5074501141705798,2.954701297750652,0.0,0.0
5,2,training_mean,51,common,2.50841930312783,-0.4446535034714396,2.468694120816689,-2.220446049250313e-16,5.17756857148523e-31
5,2,training_mean,51,differential,1.7732517707988813,-0.1255932213982806,1.7687985146364666,0.0,1.5758820952353963e-32
5,3,components_multifidelity,51,HH,3.135775194475715,-2.1521277501840483,2.280664862968024,-0.07776866686780282,0.05201741513033723
5,3,components_multifidelity,51,VV,4.6259594830768815,-2.926826393921052,3.5823439810989703,-0.01588551586730147,0.0337721044300147
5,3,components_multifidelity,51,common,3.730577458189338,-2.5394770720525495,2.732812538772067,-0.05341702574303864,0.039237790243806615
5,3,components_multifidelity,51,differential,2.6069794269450184,-0.7746986437370036,2.4892134789741562,0.05531697216017428,0.036990665564905274
5,3,components_scratch,51,HH,3.278562932977873,-2.5984395347034304,1.999271589851337,0.17177907374253276,0.03724633247517395
5,3,components_scratch,51,VV,4.9256324208487605,-3.3829174458396705,3.5801849533159618,-0.014661365354804445,0.04261651298228687
5,3,components_scratch,51,common,3.9466217689894227,-2.9906784902715517,2.575202041644165,0.06458729137916341,0.04102738392630508
5,3,components_scratch,51,differential,2.7781946929221837,-0.7844779111362404,2.665137924896253,-0.08293204118813646,0.041584455393524025
5,3,components_spm,51,HH,3.8540009580295007,-2.741510649742707,2.7087714451093188,-0.5203631522825809,0.2187197344910748
5,3,components_spm,51,VV,5.330109624193343,-3.6459093814342505,3.88811180244193,-0.19670660331283285,0.07431341246239628
5,3,components_spm,51,common,4.466889883326224,-3.1937100155884783,3.1230308301539402,-0.37572995322614045,0.13425101550398091
5,3,components_spm,51,differential,2.591208803198414,-0.9043987316915428,2.4282557517460313,0.1010186602831995,0.02767784797478095
5,3,direct_multifidelity,51,HH,3.027513349858551,-2.1722638779379873,2.108816428278564,0.07853220233866443,0.04060457820532654
5,3,direct_multifidelity,51,VV,4.524417463344867,-2.8249210345985794,3.534144101604022,0.011267737823417168,0.020821859713253656
5,3,direct_multifidelity,51,common,3.61794733041949,-2.498592456268283,2.616596763578359,0.03427327550063752,0.029221033292699556
5,3,direct_multifidelity,51,differential,2.6294884273610033,-0.6526571566605914,2.5472039622859324,0.010788245891073522,0.013619766290381724
5,3,direct_scratch,51,HH,3.568827949324882,-2.9289607715180357,2.0390492222579915,0.13849454921208382,0.08140082920151184
5,3,direct_scratch,51,VV,5.368581297262878,-3.8766841880071166,3.713890796964333,-0.09186377507558974,0.10376338926543152
5,3,direct_scratch,51,common,4.316697049827875,-3.402822479762576,2.6560633635542557,0.004921110395941897,0.10863765939918853
5,3,direct_scratch,51,differential,2.9293177489708624,-0.947723416489081,2.7717725015365136,-0.17132385626139768,0.04978050532210786
5,3,direct_spm,51,HH,3.892766704194193,-3.022256791292257,2.4534866008948866,-0.24729732597360488,0.1867089705405621
5,3,direct_spm,51,VV,4.814389668861768,-3.0727902750369416,3.706252529075875,-0.08737717480423579,0.03904333307464568
5,3,direct_spm,51,common,4.202634428407545,-3.0475235331646013,2.893913691464271,-0.18127713841694204,0.09438391005769094
5,3,direct_spm,51,differential,2.452634591313194,-0.05053348374468441,2.452113946277102,0.08326646273258098,0.017079674058372473
5,3,fixed_common_multifidelity,51,HH,3.024809459237542,-1.9940397666245846,2.2744840456272013,-0.0719348727509097,0.012568195845842303
5,3,fixed_common_multifidelity,51,VV,4.446329811348493,-2.7687384103615886,3.479071198793538,0.04184265843459356,0.0048015397400902595
5,3,fixed_common_multifidelity,51,common,3.5721947168177954,-2.3813890884930866,2.662622974449638,-2.220446049250313e-16,4.4508306996238146e-31
5,3,fixed_common_multifidelity,51,differential,2.6069794269450184,-0.7746986437370037,2.4892134789741562,0.05531697216017428,0.03699066556490524
5,3,fixed_common_scratch,51,HH,2.9701642650484015,-1.9891501329249666,2.205710205365859,-0.008090484462728975,0.014129012591337557
5,3,fixed_common_scratch,51,VV,4.534143502828503,-2.773628044061207,3.586843288664718,-0.01843895673619156,0.0053978324556412365
5,3,fixed_common_scratch,51,common,3.5721947168177954,-2.3813890884930866,2.662622974449638,-2.220446049250313e-16,4.4508306996238146e-31
5,3,fixed_common_scratch,51,differential,2.7781946929221837,-0.7844779111362404,2.665137924896253,-0.08293204118813624,0.04158445539352399
5,3,fixed_common_spm,51,HH,2.988960942669334,-1.9291897226473151,2.283005591503168,-0.07998210779508907,0.009404010677453936
5,3,fixed_common_spm,51,VV,4.465920308716409,-2.8335884543388574,3.451843083809458,0.05678154749410602,0.0035926979128802767
5,3,fixed_common_spm,51,common,3.5721947168177954,-2.3813890884930866,2.662622974449638,-2.220446049250313e-16,4.4508306996238146e-31
5,3,fixed_common_spm,51,differential,2.591208803198414,-0.9043987316915428,2.4282557517460317,0.10101866028319928,0.027677847974780935
5,3,ridge,51,HH,2.9296456823096606,-1.9435944650142523,2.1920913255249195,0.0043197396525987974,1.0963222711699018e-05
5,3,ridge,51,VV,4.535781084013008,-2.8232310584976936,3.55002484955024,0.002361996809509548,7.1029137068012455e-06
5,3,ridge,51,common,3.5699784155895062,-2.3834127617559733,2.6578354905587607,0.003592833014542718,9.838827138524848e-06
5,3,ridge,51,differential,2.7080037261480747,-0.8796365934834416,2.561156700445466,-7.858280805739248e-05,9.548599469296402e-07
5,3,training_mean,51,HH,2.932212227036659,-1.9421010833334373,2.1968413521459333,2.220446049250313e-16,6.538272773075751e-31
5,3,training_mean,51,VV,4.537480981532521,-2.820677093652734,3.554224865017983,-2.220446049250313e-16,2.4978745506944636e-31
5,3,training_mean,51,common,3.572194716817794,-2.3813890884930844,2.662622974449638,-2.220446049250313e-16,4.4508306996238146e-31
5,3,training_mean,51,differential,2.707564223589417,-0.8785760103192966,2.5610560749333056,0.0,1.8792401583613614e-33
5,4,components_multifidelity,49,HH,2.128644989051407,0.4017601423431809,2.090387111861832,0.20805678212415946,0.026475414823670947
5,4,components_multifidelity,49,VV,3.0807071933538,0.45954512007844484,3.046239500399457,0.10486608829222899,0.04450003255197231
5,4,components_multifidelity,49,common,2.5077933709870797,0.43065263121081276,2.4705395974964546,0.1547084460827336,0.026192855155393636
5,4,components_multifidelity,49,differential,1.6993122829321443,0.057784977735263886,1.698329511982934,0.0006356190930557615,0.1587870705996346
5,4,components_scratch,49,HH,2.5020987540181348,0.12050422185975594,2.499195251950731,-0.1319858024584859,0.1297122912276701
5,4,components_scratch,49,VV,3.5814970178947396,0.16475245260275007,3.577705622120173,-0.2347218304870684,0.09556430055650544
5,4,components_scratch,49,common,2.9493802427844558,0.14262833723125268,2.945929560248504,-0.2018979873022153,0.09708200009701182
5,4,components_scratch,49,differential,1.8384403340839879,0.04424823074299413,1.8379077659292262,-0.17038131358375574,0.21094354354961217
5,4,components_spm,49,HH,2.41830605130647,0.6736817964412652,2.322575508983327,0.02235701120761502,0.041135821578301666
5,4,components_spm,49,VV,3.3738239060007587,0.7913245871543557,3.2797093082264475,-0.03760158079807363,0.07130511637692652
5,4,components_spm,49,common,2.808801004869667,0.7325031917978103,2.711605089050187,-0.01830006615424784,0.048469020371387006
5,4,components_spm,49,differential,1.704209926372919,0.11764279071309036,1.7001445958921333,-0.0015016569894545917,0.18447836084602248
5,4,direct_multifidelity,49,HH,2.241904008803134,0.7799340630837223,2.10186499136583,0.19933611602945533,0.06920717373079725
5,4,direct_multifidelity,49,VV,3.3252840445166116,0.7245398881937792,3.245389949934045,-0.015999966813212252,0.10402692043681391
5,4,direct_multifidelity,49,common,2.6676801048537655,0.7522369756387508,2.559425067141928,0.09279020697204843,0.08038618032728585
5,4,direct_multifidelity,49,differential,1.9238572076633564,-0.05539417488994321,1.9230595520852984,-0.28134305790366954,0.20747114173255726
5,4,direct_scratch,49,HH,2.4905940986398702,0.2367999234767318,2.479311348020083,-0.11404502128586058,0.10089697243956845
5,4,direct_scratch,49,VV,3.4822999626329207,0.47133225610247576,3.4502549085698857,-0.14831829668571084,0.057947319196893395
5,4,direct_scratch,49,common,2.8965792458348227,0.35406608978960374,2.874858001964989,-0.1446051304509981,0.07841239888060482
5,4,direct_scratch,49,differential,1.7601871145596566,0.23453233262574405,1.7444922651634132,-0.054430719069411326,0.017368182366719772
5,4,direct_spm,49,HH,2.37884589557472,0.8005221741504737,2.240105364393847,0.09055278408924794,0.058386000561556996
5,4,direct_spm,49,VV,3.639959735049311,0.8219296304145391,3.5459467784255976,-0.21289818382281367,0.1088785806394381
5,4,direct_spm,49,common,2.901709011412056,0.8112259022825064,2.786005693170038,-0.07494660026158972,0.07754703650912305
5,4,direct_spm,49,differential,2.0339047636765484,0.021407456264065487,2.0337921006146273,-0.4331546787867393,0.22936079216457386
5,4,fixed_common_multifidelity,49,HH,2.2780854699846684,0.02818375818154057,2.277911123009419,0.05959667458877094,0.02076422840789369
5,4,fixed_common_multifidelity,49,VV,3.271391169200285,0.08596873591680455,3.2702613899146464,-0.03163211584658443,0.011051853304141549
5,4,fixed_common_multifidelity,49,common,2.6877353360231404,0.05707624704917247,2.6871292374074986,0.0,0.0
5,4,fixed_common_multifidelity,49,differential,1.6993122829321443,0.057784977735264,1.698329511982934,0.0006356190930557615,0.15878707059963454
5,4,fixed_common_scratch,49,HH,2.2339703254998877,0.03495213167767565,2.2336968826824424,0.09574882471810453,0.027584613173439944
5,4,fixed_common_scratch,49,VV,3.338734863506564,0.07920036242066951,3.3377953489371746,-0.07468040470211723,0.01468203355576908
5,4,fixed_common_scratch,49,common,2.6877353360231404,0.05707624704917247,2.6871292374074986,0.0,0.0
5,4,fixed_common_scratch,49,differential,1.8384403340839883,0.04424823074299384,1.8379077659292267,-0.1703813135837562,0.21094354354961223
5,4,fixed_common_spm,49,HH,2.275767781160845,-0.0017451483073725222,2.2757671120365415,0.061366090585634026,0.024123820701869282
5,4,fixed_common_spm,49,VV,3.2742768996862632,0.11589764240571765,3.272225076657149,-0.03287141159819007,0.012840011306710402
5,4,fixed_common_spm,49,common,2.6877353360231404,0.05707624704917247,2.6871292374074986,0.0,0.0
5,4,fixed_common_spm,49,differential,1.7042099263729187,0.11764279071309018,1.7001445958921333,-0.0015016569894545917,0.18447836084602254
5,4,ridge,49,HH,2.8513616215195055,0.9088779637421852,2.702629079932761,-0.3237729317838762,0.10781019426663178
5,4,ridge,49,VV,3.6909006458517584,0.8215330446704958,3.5983094689122215,-0.24898419642120095,0.116230652896448
5,4,ridge,49,common,3.1846954282272772,0.8652055042063406,3.064915073221895,-0.3009475314750505,0.12039878144958137
5,4,ridge,49,differential,1.7137331957337067,-0.08734491907168956,1.7115058665607967,-0.014931514025858128,0.04232269204317902
5,4,training_mean,49,HH,2.3536590884766304,0.14830528278756394,2.3489820450284298,0.0,5.718748935947011e-31
5,4,training_mean,49,VV,3.2199154734639897,-0.03415278868920816,3.2197343435876165,0.0,0.0
5,4,training_mean,49,common,2.6877353360231404,0.0570762470491778,2.6871292374074986,0.0,0.0
5,4,training_mean,49,differential,1.7086393932053787,-0.18245807147677207,1.6988695147556867,-2.220446049250313e-16,4.270713256888138e-33
5,5,components_multifidelity,45,HH,2.7878084375261962,0.7987594763363522,2.6709285245594137,-0.3339669885093399,0.08199223899203563
5,5,components_multifidelity,45,VV,3.86190884163373,1.477775495937479,3.567985353766957,-0.3548945116409268,0.06673919477687225
5,5,components_multifidelity,45,common,3.2558741725756533,1.138267486136916,3.050420259185403,-0.35012023738473874,0.06923279267751008
5,5,components_multifidelity,45,differential,1.7232426005299695,0.679016019601127,1.5838252130226786,-0.3068523300805852,0.11591780081336467
5,5,components_scratch,45,HH,2.732203009928037,1.0048656924984622,2.5407042778527797,-0.20705980299977922,0.1947221766082502
5,5,components_scratch,45,VV,3.7605450892831005,1.5666371324586887,3.4186762736083764,-0.24387091613103085,0.06653615799537398
5,5,components_scratch,45,common,3.173505778585533,1.2857514124785754,2.901375920494467,-0.22140895166462693,0.0994971007244064
5,5,components_scratch,45,differential,1.7113473069833198,0.5617714399602267,1.616515528649222,-0.36135620083411624,0.30741627051254306
5,5,components_spm,45,HH,2.902504552083606,0.7268397844612468,2.8100243064056194,-0.47652465385987774,0.19128631887024133
5,5,components_spm,45,VV,4.0297962801133025,1.4177084295062128,3.772182507265792,-0.514414472053089,0.1702780480430529
5,5,components_spm,45,common,3.403220910929682,1.0722741069837294,3.2298824758930937,-0.5136537256566567,0.1811525634224841
5,5,components_spm,45,differential,1.732030944817643,0.6908686450449657,1.5882794807903395,-0.31421331360427507,0.1311576991362141
5,5,direct_multifidelity,45,HH,2.6574126028958305,0.5154323720314727,2.606946722104539,-0.27082239948569886,0.10208018403415246
5,5,direct_multifidelity,45,VV,4.241267612301136,1.1738335333153547,4.075593919322554,-0.7678327242495715,0.3305456155060966
5,5,direct_multifidelity,45,common,3.3453148450682773,0.8446329526734139,3.2369316625304876,-0.5202680042325902,0.19781142596932963
5,5,direct_multifidelity,45,differential,2.309947997646605,0.6584011612838822,2.2141290980093267,-1.5539823459760305,0.9638518241643741
5,5,direct_scratch,45,HH,2.7431195699398985,0.7628814389062061,2.6349035817577184,-0.2982251117379877,0.20742659185855897
5,5,direct_scratch,45,VV,4.398751401966889,1.519959069127295,4.127800664334866,-0.8134132757804404,0.267222542600903
5,5,direct_scratch,45,common,3.3826773166887,1.1414202540167502,3.184284163287033,-0.47121697684034003,0.12727604191330796
5,5,direct_scratch,45,differential,2.824431699868984,0.7570776302210886,2.7210747672645117,-2.8573847771383734,1.943961659843849
5,5,direct_spm,45,HH,2.9423779863924526,0.6456281173080228,2.870671097312996,-0.5409460122926166,0.22381064645171042
5,5,direct_spm,45,VV,4.280606642164821,1.21919839160911,4.10330945784538,-0.7919583039034868,0.3371652579733743
5,5,direct_spm,45,common,3.551743367905132,0.9324132544585663,3.4271688715860016,-0.7042138990114886,0.2948716915279805
5,5,direct_spm,45,differential,1.8715873139323795,0.5735702743010873,1.7815319851495213,-0.6534811946603221,0.3129640876387708
5,5,fixed_common_multifidelity,45,HH,2.585248123662578,1.2540169277118804,2.260740897562775,0.04429879925516389,0.010401564814158467
5,5,fixed_common_multifidelity,45,VV,3.696480770988787,1.933032947313007,3.1507703367418345,-0.05655681055244721,0.005920215114719987
5,5,fixed_common_multifidelity,45,common,3.0710499361822574,1.593524937512443,2.625266840542311,3.3306690738754696e-16,4.120557968538591e-30
5,5,fixed_common_multifidelity,45,differential,1.7232426005299697,0.6790160196011269,1.583825213022679,-0.30685233008058566,0.11591780081336475
5,5,fixed_common_scratch,45,HH,2.546472455460009,1.3126392175323303,2.182086215302374,0.10964262295866467,0.02758515292928523
5,5,fixed_common_scratch,45,VV,3.720554831902508,1.8744106574925565,3.2138937356843993,-0.09931558214392289,0.01570052604888078
5,5,fixed_common_scratch,45,common,3.0710499361822574,1.593524937512443,2.625266840542311,3.3306690738754696e-16,4.120557968538591e-30
5,5,fixed_common_scratch,45,differential,1.7113473069833198,0.5617714399602267,1.6165155286492223,-0.36135620083411646,0.30741627051254317
5,5,fixed_common_spm,45,HH,2.577645222604973,1.2480906149899604,2.255332505506056,0.04886599587228779,0.011769075145220798
5,5,fixed_common_spm,45,VV,3.703836676250021,1.9389592600349264,3.155763475335186,-0.05990819080988352,0.006698555246819232
5,5,fixed_common_spm,45,common,3.0710499361822574,1.593524937512443,2.625266840542311,3.3306690738754696e-16,4.120557968538591e-30
5,5,fixed_common_spm,45,differential,1.7320309448176427,0.6908686450449657,1.588279480790339,-0.3142133136042746,0.131157699136214
5,5,ridge,45,HH,2.5910001675015524,1.161924799395713,2.315861098715185,-0.0028721362449457555,4.089466621251439e-05
5,5,ridge,45,VV,3.6751237767979656,2.0205996732191585,3.069806465458755,-0.0029547753249132835,4.0082815600393314e-05
5,5,ridge,45,common,3.073263480467539,1.5912622363074358,2.6292266763589085,-0.003018986242137034,4.219616645262493e-05
5,5,ridge,45,differential,1.6309014697570805,0.8586748738234452,1.3865486162122467,-0.0015720937377865507,1.4254331427419005e-05
5,5,training_mean,45,HH,2.5888925242956913,1.1638348834187355,2.312542511283158,0.0,9.440629574998804e-30
5,5,training_mean,45,VV,3.6727847363971176,2.0232149916061366,3.065281197158236,0.0,0.0
5,5,training_mean,45,common,3.071049936182254,1.5935249375124367,2.625266840542311,3.3306690738754696e-16,4.120557968538591e-30
5,5,training_mean,45,differential,1.6303476937240788,0.8593801081874015,1.3854600073922139,0.0,1.0274305009364614e-31
