campaign_id,acquisition_date,field_id,soil_moisture_m3_m3,soil_moisture_median_m3_m3,soil_moisture_std_m3_m3,soil_site_count,soil_observation_count,soil_real_dielectric,soil_real_dielectric_median,soil_real_dielectric_std,field_site_count,field_utm_x,field_utm_y,field_utm_x_min,field_utm_x_max,field_utm_y_min,field_utm_y_max,pals_sample_count,match_distance_m_mean,match_distance_m_median,match_distance_m_max,pals_utc_seconds_min,pals_utc_seconds_max,sigma0_vv_db_median,sigma0_vv_db_std,sigma0_vv_db_linear_mean,sigma0_hh_db_median,sigma0_hh_db_std,sigma0_hh_db_linear_mean,sigma0_hv_db_median,sigma0_hv_db_std,sigma0_hv_db_linear_mean,sigma0_vh_db_median,sigma0_vh_db_std,sigma0_vh_db_linear_mean,sigma0_vv_db,sigma0_hh_db,sigma0_hv_db,sigma0_vh_db,pals_rms_height_cm,pals_rms_height_cm_median,pals_rms_height_cm_std,pals_correlation_length_cm,pals_correlation_length_cm_median,pals_correlation_length_cm_std,roughness_site_count,roughness_available,roughness_expected_range,enough_pals_samples,model_ready,frequency_ghz,nominal_incidence_angle_deg,wavelength_m,k_rms_height,correlation_length_wavelengths,vegetation_water_content_in_situ_kg_m2,vegetation_sample_date,vegetation_gap_days,crop_type
SMAPVEX12,2012-06-22,102,0.5255705714285714,0.5282395,0.0347624145300069,14,42,37.111617026754,53.55,6.169987355054993,16,579637.8940625,5499754.7868125,579374.0702,579902.098,5499651.725,5499856.927,313,258.09611512879445,240.1764028199685,496.53143916388615,50151.844,50164.891,-13.69,5.276712141437417,0.1318809667518508,-11.94,3.466589433362463,0.1001600049149208,-26.64,2.7453414278706525,0.003033051355197,-27.21,3.163122347551869,0.0027602441253643,-8.79817877926706,-9.99305662822514,-25.18120236214275,-25.59052505757238,0.6699999999999999,0.6699999999999999,0.1272792206135785,10.25,10.25,3.8890872965260113,2,True,True,True,True,1.26,40.0,0.2379305222222222,0.1769312367531609,0.4307980289484133,0.05608,2012-06-24,2,Beans
SMAPVEX12,2012-06-25,102,0.432187375,0.433288,0.0652137437496882,16,48,28.12836389795347,37.7405,10.09547993163277,16,579637.8940625,5499754.7868125,579374.0702,579902.098,5499651.725,5499856.927,288,245.4136868505053,236.5678095884069,499.4046293680687,50706.672,50718.078,-16.645,5.079147931382358,0.0681747551916853,-15.26,3.676746294842441,0.0558264336722348,-28.725,2.3524656669624995,0.0017792407682675,-29.79,2.937267670032495,0.0014978929043552,-11.66376412888952,-12.531601150465749,-27.49765278866695,-28.245192365098536,0.6699999999999999,0.6699999999999999,0.1272792206135785,10.25,10.25,3.8890872965260113,2,True,True,True,True,1.26,40.0,0.2379305222222222,0.1769312367531609,0.4307980289484133,0.05608,2012-06-24,1,Beans
SMAPVEX12,2012-06-27,102,0.3716301875,0.377528,0.0483860181171086,16,48,22.713410481997034,29.743,6.43005933487398,16,579637.8940625,5499754.7868125,579374.0702,579902.098,5499651.725,5499856.927,292,234.45347218440307,229.0520475089376,498.83231576672017,50609.797,50621.297,-17.3,5.068768942107764,0.0490673955404108,-16.485,3.814758415432342,0.0414557695178732,-29.75,2.278814102641992,0.001377581948389,-30.57,2.7898366405421218,0.0012173487862848,-13.092069934241463,-13.824150189036494,-28.608825567777515,-29.145849729146395,0.6699999999999999,0.6699999999999999,0.1272792206135785,10.25,10.25,3.8890872965260113,2,True,True,True,True,1.26,40.0,0.2379305222222222,0.1769312367531609,0.4307980289484133,0.05608,2012-06-24,3,Beans
SMAPVEX12,2012-06-29,102,0.26892575,0.2528505,0.0496589483275673,16,47,14.59814617165497,15.303,5.297718478171366,16,579637.8940625,5499754.7868125,579374.0702,579902.098,5499651.725,5499856.927,288,352.3610308366612,339.6401226776285,499.2649331420168,50614.062,50625.828,-18.165,4.0889718258181365,0.0301429778111537,-18.275,3.295786517307146,0.0236706536438372,-29.32,2.287617164418197,0.001569565400073,-30.56,2.9525514657262546,0.001290001108649,-15.208138461464548,-16.257897492533367,-28.042205835643884,-28.894099164604576,0.6699999999999999,0.6699999999999999,0.1272792206135785,10.25,10.25,3.8890872965260113,2,True,True,True,True,1.26,40.0,0.2379305222222222,0.1769312367531609,0.4307980289484133,0.1433766666666666,2012-06-30,1,Beans
SMAPVEX12,2012-07-03,102,0.2144414375,0.2308245,0.049515801739066,16,48,10.981786660806998,13.244,4.172355144280028,16,579637.8940625,5499754.7868125,579374.0702,579902.098,5499651.725,5499856.927,267,194.10149925033696,199.59715914943743,383.8002838841045,50065.5,50075.984,-18.54,3.648366744835034,0.0250790615465991,-18.49,2.9791419482408537,0.0200777253699292,-29.66,1.8040108131436812,0.0012879062750989,-31.03,2.364258938038758,0.0009903160367401,-16.006887187487745,-16.972854904933463,-28.90115740771533,-30.042261881202094,0.6699999999999999,0.6699999999999999,0.1272792206135785,10.25,10.25,3.8890872965260113,2,True,True,True,True,1.26,40.0,0.2379305222222222,0.1769312367531609,0.4307980289484133,0.1433766666666666,2012-06-30,3,Beans
SMAPVEX12,2012-07-05,102,0.291470125,0.2827625,0.0474783558938526,16,48,16.244848138009512,18.334000000000003,5.241939268613605,16,579637.8940625,5499754.7868125,579374.0702,579902.098,5499651.725,5499856.927,351,283.11903552463315,269.9736210667067,499.9871520690071,52986.266,53000.609,-14.25,5.954099182042316,0.1362429760891617,-13.28,4.715193103064389,0.1164329578125816,-25.04,3.973251058100408,0.0068381216574758,-25.15,4.327243041316761,0.0069203897378606,-8.656858782208532,-9.33924069770707,-21.650631769087624,-21.59869446549596,0.6699999999999999,0.6699999999999999,0.1272792206135785,10.25,10.25,3.8890872965260113,2,True,True,True,True,1.26,40.0,0.2379305222222222,0.1769312367531609,0.4307980289484133,0.41407,2012-07-09,4,Beans
SMAPVEX12,2012-07-08,102,0.2103404375,0.215103,0.0258601731805718,16,48,10.731879755102455,11.869,2.2156632077100524,16,579637.8940625,5499754.7868125,579374.0702,579902.098,5499651.725,5499856.927,222,287.5992637141455,271.34439747525937,499.29637891374927,51115.594,51128.64,-13.19,5.834183939334149,0.1238243725182126,-14.46,5.023222358537977,0.0970631143763998,-26.725,2.159744715032761,0.0024186891689636,-27.39,2.455085292108824,0.0021690183783726,-9.071938641334588,-10.129457779827602,-26.16419940186111,-26.63736768137032,0.6699999999999999,0.6699999999999999,0.1272792206135785,10.25,10.25,3.8890872965260113,2,True,True,True,True,1.26,40.0,0.2379305222222222,0.1769312367531609,0.4307980289484133,0.41407,2012-07-09,1,Beans
SMAPVEX12,2012-07-10,102,0.232726,0.222169,0.0559734387056337,16,48,12.13512950600027,12.4885,5.822978178088943,16,579637.8940625,5499754.7868125,579374.0702,579902.098,5499651.725,5499856.927,283,328.0994510824958,307.50948886237137,490.4107941085144,50535.047,50546.312,-17.55,4.069535639576127,0.0387955305628322,-16.98,3.320375866908986,0.0319569726691189,-27.97,1.436755510172253,0.0017288110726214,-28.65,1.8238348777036348,0.0015210441306707,-14.112183043981709,-14.95434368762578,-27.62252464563614,-28.178581854021164,0.6699999999999999,0.6699999999999999,0.1272792206135785,10.25,10.25,3.8890872965260113,2,True,True,True,True,1.26,40.0,0.2379305222222222,0.1769312367531609,0.4307980289484133,0.41407,2012-07-09,1,Beans
SMAPVEX12,2012-07-13,102,0.196122,0.1880454999999999,0.0444289961969282,16,48,9.891060572827078,9.6735,3.920164399188721,16,579637.8940625,5499754.7868125,579374.0702,579902.098,5499651.725,5499856.927,343,230.65661068804133,211.5300531909239,499.2083298608347,56672.578,56686.5,-16.58,4.485346619071489,0.0546624930224457,-15.77,3.595198052856729,0.0496486136824426,-27.54,1.8702681349735732,0.0020161439595838,-28.05,2.1298639404322,0.0018099412973163,-12.623105650838758,-13.040928736232008,-26.954784610059093,-27.42335510581086,0.6699999999999999,0.6699999999999999,0.1272792206135785,10.25,10.25,3.8890872965260113,2,True,True,True,True,1.26,40.0,0.2379305222222222,0.1769312367531609,0.4307980289484133,0.41407,2012-07-09,4,Beans
SMAPVEX12,2012-07-14,102,0.1608380625,0.158986,0.0401922357617633,16,48,7.983525043909795,7.5665,2.974490359008301,16,579637.8940625,5499754.7868125,579374.0702,579902.098,5499651.725,5499856.927,325,284.11893279086394,265.9092549802156,499.4228864736925,50942.828,50955.532,-17.0,4.470425277257655,0.0434089653992851,-16.48,3.433344111951661,0.0393271915791783,-27.49,1.806057517601556,0.0019659052891968,-27.99,2.098311852556552,0.0017848683475101,-13.624205649269282,-14.05307066181518,-27.06437408869081,-27.483938120775463,0.6699999999999999,0.6699999999999999,0.1272792206135785,10.25,10.25,3.8890872965260113,2,True,True,True,True,1.26,40.0,0.2379305222222222,0.1769312367531609,0.4307980289484133,0.6757799999999999,2012-07-18,4,Beans
SMAPVEX12,2012-07-17,102,0.227286625,0.225122,0.0271038455349666,16,48,11.785441237578713,12.7385,2.466455465338874,16,579637.8940625,5499754.7868125,579374.0702,579902.098,5499651.725,5499856.927,49,441.94501663616006,454.536801394424,498.8359475974732,53417.0,53418.593,-4.15,2.4955965641273736,0.3587226227547118,-5.64,2.6962187398646416,0.3151885622602573,-23.98,1.782065223998559,0.0044535330031147,-23.9,1.9173669010737968,0.0047268663567065,-4.452412337847899,-5.014295508188514,-23.51295324976762,-23.254266763866127,0.6699999999999999,0.6699999999999999,0.1272792206135785,10.25,10.25,3.8890872965260113,2,True,True,True,True,1.26,40.0,0.2379305222222222,0.1769312367531609,0.4307980289484133,0.6757799999999999,2012-07-18,1,Beans
SMAPVEX12,2012-07-19,102,0.206651,0.2070465,0.0250624467095027,16,48,10.509857025299615,11.19,2.2048543073560816,16,579637.8940625,5499754.7868125,579374.0702,579902.098,5499651.725,5499856.927,314,249.56700999424663,243.869418488201,499.6250415527376,51610.422,51622.844,-14.125,4.083766657379295,0.0782296364898274,-11.815,3.068813766274032,0.0927866131449424,-24.445,2.7207770262602256,0.0046309964393153,-24.435,2.815668191915461,0.0046334472219254,-11.06628687788346,-10.3251467740893,-23.34325552926706,-23.34095779520413,0.6699999999999999,0.6699999999999999,0.1272792206135785,10.25,10.25,3.8890872965260113,2,True,True,True,True,1.26,40.0,0.2379305222222222,0.1769312367531609,0.4307980289484133,0.6757799999999999,2012-07-18,1,Beans
SMAPVEX12,2012-06-22,103,0.5822781333333332,0.579347,0.0132354679601369,15,45,42.8040447174359,59.961,2.3934080562682016,16,579657.7310125,5498990.9615625,579393.5844,579922.2423,5498887.106,5499093.745,323,265.1820966817117,251.50712236649525,492.1835596966288,50139.172,50151.828,-15.95,2.7983636199886504,0.0354332713686917,-13.83,2.1369530982505096,0.046945632724933,-27.79,1.719027699419431,0.001866603845207,-28.6,2.16957854550852,0.0015935078284399,-14.50588749676858,-13.28404803220713,-27.289478438593704,-27.97645798622673,0.6950000000000001,0.6950000000000001,0.0919238815542512,5.0,5.0,0.0,2,True,True,True,True,1.26,40.0,0.2379305222222222,0.1835331485723088,0.2101453799748358,0.0538933333333333,2012-06-21,1,Beans
SMAPVEX12,2012-06-25,103,0.4788556875,0.4836089999999999,0.0469565303555231,16,48,32.53967709524434,44.032,7.169356213542934,16,579657.7310125,5498990.9615625,579393.5844,579922.2423,5498887.106,5499093.745,278,232.06671323803965,231.9895937084748,499.42800449907753,50695.516,50706.656,-18.045,3.458974279088768,0.0284273947282586,-16.729999999999997,2.1774224136349702,0.0243716813070052,-29.455,1.4960898298926173,0.0012353222298635,-30.815,2.151469530625468,0.0009534231882298,-15.46262940062864,-16.131145095034995,-29.082197432964048,-30.207142897932584,0.6950000000000001,0.6950000000000001,0.0919238815542512,5.0,5.0,0.0,2,True,True,True,True,1.26,40.0,0.2379305222222222,0.1835331485723088,0.2101453799748358,0.0844666666666666,2012-06-28,3,Beans
SMAPVEX12,2012-06-27,103,0.358232,0.332521,0.0881051163417879,16,48,21.571711560706376,23.888,12.144719770164867,16,579657.7310125,5498990.9615625,579393.5844,579922.2423,5498887.106,5499093.745,296,220.72451991107056,197.66310703524883,497.4745957898757,50597.813,50609.391,-19.665,3.543773184307088,0.0218727390959376,-18.285,2.3887956586549968,0.0186115597066808,-30.475,1.5804417523640837,0.0009888964651005,-31.520000000000003,1.992164173547337,0.0008044713934274,-16.600968273984137,-17.302172301136643,-30.04849175530485,-30.94489394569916,0.6950000000000001,0.6950000000000001,0.0919238815542512,5.0,5.0,0.0,2,True,True,True,True,1.26,40.0,0.2379305222222222,0.1835331485723088,0.2101453799748358,0.0844666666666666,2012-06-28,1,Beans
SMAPVEX12,2012-06-29,103,0.256368875,0.2491135,0.052419886859696,16,48,13.717697487658546,15.373,5.178442973439669,16,579657.7310125,5498990.9615625,579393.5844,579922.2423,5498887.106,5499093.745,296,356.7836396342336,346.47979347853834,499.9454588854269,50602.437,50614.031,-20.47,2.4313908180553145,0.0103601782384822,-19.245,2.138188278601848,0.0128161591164265,-30.15,1.375119567532748,0.0010622372825189,-31.82,2.020568815247508,0.0007604581670946,-19.84632772841422,-18.92242109331228,-29.73778459734728,-31.18924671551361,0.6950000000000001,0.6950000000000001,0.0919238815542512,5.0,5.0,0.0,2,True,True,True,True,1.26,40.0,0.2379305222222222,0.1835331485723088,0.2101453799748358,0.0844666666666666,2012-06-28,1,Beans
SMAPVEX12,2012-07-03,103,0.1997963666666666,0.20038,0.0499934296756179,15,44,10.104492411005095,11.267,4.052975426711074,16,579657.7310125,5498990.9615625,579393.5844,579922.2423,5498887.106,5499093.745,295,241.22014184000213,228.79073629909325,498.5196828844072,50053.531,50065.484,-20.11,2.538686984216056,0.0121557393194996,-20.38,2.1089335748772524,0.0106634987188723,-30.18,1.2954215796662143,0.0010381719416392,-31.59,1.8217431971218296,0.000775386728673,-19.15218621961358,-19.721002788928228,-29.83730712844888,-31.10481636541861,0.6950000000000001,0.6950000000000001,0.0919238815542512,5.0,5.0,0.0,2,True,True,True,True,1.26,40.0,0.2379305222222222,0.1835331485723088,0.2101453799748358,0.2440433333333333,2012-07-07,4,Beans
SMAPVEX12,2012-07-05,103,0.27571075,0.275739,0.0371920361125873,16,48,15.084986665660008,17.886499999999998,3.637583121043422,16,579657.7310125,5498990.9615625,579393.5844,579922.2423,5498887.106,5499093.745,189,353.7964123147301,352.37854145914605,498.0134315172794,52971.422,52985.875,-16.8,2.7539863291853237,0.0244110754676341,-16.0,2.0281401909742804,0.0277025978183165,-26.6,1.7817892136785756,0.0024507320708003,-27.06,2.08062596660802,0.0022147206789441,-16.124130866471255,-15.574795029478718,-26.107041659137032,-26.546810393021172,0.6950000000000001,0.6950000000000001,0.0919238815542512,5.0,5.0,0.0,2,True,True,True,True,1.26,40.0,0.2379305222222222,0.1835331485723088,0.2101453799748358,0.2440433333333333,2012-07-07,2,Beans
SMAPVEX12,2012-07-08,103,0.22568175,0.220115,0.0314629684687676,16,48,11.683322505620534,12.8535,2.6975297310687787,16,579657.7310125,5498990.9615625,579393.5844,579922.2423,5498887.106,5499093.745,184,249.8504378595259,240.6314528687436,498.2081615059283,51102.265,51115.562,-18.48,4.270932034335154,0.0402631860337211,-17.445,2.859064929124117,0.0258926054487419,-28.08,1.5181065791080044,0.0016605496322633,-28.835,1.9580115804085567,0.0014576522489586,-13.95091862281008,-15.86824246394819,-27.79748139218894,-28.36346072981029,0.6950000000000001,0.6950000000000001,0.0919238815542512,5.0,5.0,0.0,2,True,True,True,True,1.26,40.0,0.2379305222222222,0.1835331485723088,0.2101453799748358,0.2440433333333333,2012-07-07,1,Beans
SMAPVEX12,2012-07-10,103,0.189119125,0.2006359999999999,0.0276574477079261,16,48,9.491848119006173,11.287,2.009714805637855,16,579657.7310125,5498990.9615625,579393.5844,579922.2423,5498887.106,5499093.745,280,340.5198075778026,331.4685058253699,499.8148911570436,50523.843,50535.015,-19.05,2.1235601549508374,0.0139604981214296,-18.775,1.8636123214168252,0.0150891860340693,-28.28,1.3871897202691772,0.0015647188409898,-28.985,1.7799658800960756,0.0013484745008839,-18.550990854715437,-18.213341870266973,-28.055636880066,-28.7015726146924,0.6950000000000001,0.6950000000000001,0.0919238815542512,5.0,5.0,0.0,2,True,True,True,True,1.26,40.0,0.2379305222222222,0.1835331485723088,0.2101453799748358,0.2440433333333333,2012-07-07,3,Beans
SMAPVEX12,2012-07-13,103,0.174206125,0.1681915,0.0286695780875245,16,48,8.675396850736854,8.904499999999999,2.0999992529760574,16,579657.7310125,5498990.9615625,579393.5844,579922.2423,5498887.106,5499093.745,361,232.1958731242952,226.17702253311293,479.9455681175128,56658.187,56672.546,-18.85,2.066544484518615,0.0139059281842979,-17.84,2.0646531590013986,0.0182802472651271,-27.92,1.6595890553278148,0.001698499595067,-28.5,2.082281169950268,0.0015025900269864,-18.568000178127388,-17.380179341408088,-27.699345523324663,-28.231594979926875,0.6950000000000001,0.6950000000000001,0.0919238815542512,5.0,5.0,0.0,2,True,True,True,True,1.26,40.0,0.2379305222222222,0.1835331485723088,0.2101453799748358,0.5443533333333334,2012-07-16,3,Beans
SMAPVEX12,2012-07-14,103,0.1851104375,0.1712995,0.0465728222263711,16,48,9.26783881202995,9.1205,3.9882659536027263,16,579657.7310125,5498990.9615625,579393.5844,579922.2423,5498887.106,5499093.745,311,293.5394601509766,276.0247857963095,499.855521975706,50930.094,50942.438,-19.2,2.1859588333634368,0.0133994640803807,-18.25,2.073268902361642,0.0164332783658719,-28.0,1.6092308469205516,0.0016775306538994,-28.65,1.9926581288372889,0.0014951226238848,-18.72912571156667,-17.84275788106028,-27.753295351245587,-28.25323186809377,0.6950000000000001,0.6950000000000001,0.0919238815542512,5.0,5.0,0.0,2,True,True,True,True,1.26,40.0,0.2379305222222222,0.1835331485723088,0.2101453799748358,0.5443533333333334,2012-07-16,2,Beans
SMAPVEX12,2012-07-17,103,0.2415624375,0.2367334999999999,0.0318229909132139,16,48,12.714838627922248,14.2705,2.87294945352333,16,579657.7310125,5498990.9615625,579393.5844,579922.2423,5498887.106,5499093.745,148,227.7871161153115,222.06155814388973,278.71078162632307,53398.0,53403.984,-16.47,2.0214933286124306,0.0238914251247646,-12.9,2.1948856076077283,0.0550130924366978,-24.605,1.9103297740337524,0.00389706460284,-24.795,2.0172394744909155,0.0037393959661337,-16.21757943788777,-12.595339414809716,-24.092623947142595,-24.27198544794477,0.6950000000000001,0.6950000000000001,0.0919238815542512,5.0,5.0,0.0,2,True,True,True,True,1.26,40.0,0.2379305222222222,0.1835331485723088,0.2101453799748358,0.5443533333333334,2012-07-16,1,Beans
SMAPVEX12,2012-07-19,103,0.2130215624999999,0.2077955,0.0218419569726669,16,48,10.894892687982006,11.851,1.8042569846523155,16,579657.7310125,5498990.9615625,579393.5844,579922.2423,5498887.106,5499093.745,311,239.80722618111568,236.793886940182,479.34934486685694,51598.047,51610.391,-16.04,2.33785978507051,0.0293689048984166,-13.85,2.506535308586237,0.0470513752446184,-26.02,2.0644749476463984,0.0027282578228888,-26.07,2.17153796396207,0.0026850820932921,-15.321122470570982,-13.27427678242666,-25.64114590845812,-25.710424317079084,0.6950000000000001,0.6950000000000001,0.0919238815542512,5.0,5.0,0.0,2,True,True,True,True,1.26,40.0,0.2379305222222222,0.1835331485723088,0.2101453799748358,0.5443533333333334,2012-07-16,3,Beans
SMAPVEX12,2012-06-22,11,0.1775281875,0.162994,0.0714848739060404,16,48,8.85324737359664,9.0475,5.611593010199144,16,561494.752775,5517724.375875,561393.2874,561595.8131,5517461.316,5517987.822,277,289.85171667591607,262.8815970871239,482.7855114625022,48934.188,48945.313,-19.29,3.157420390727161,0.0181103532207145,-16.85,2.623584000940928,0.0255874842774283,-26.49,3.24062017125329,0.0036652281709351,-26.89,3.724721389190276,0.0034821148792604,-17.420730792104454,-15.919724111874036,-24.358989841078294,-24.58156905072249,0.395,0.395,0.2333452377915607,14.0,14.0,12.020815280171307,2,True,True,True,True,1.26,40.0,0.2379305222222222,0.1043102067425352,0.5884070639295402,0.0118166666666666,2012-06-21,1,Beans
SMAPVEX12,2012-06-25,11,0.144036375,0.136577,0.0655551478282471,16,48,7.1693254020461685,7.298906499999999,4.593121844959101,16,561494.752775,5517724.375875,561393.2874,561595.8131,5517461.316,5517987.822,276,235.70096293837076,224.79234925045492,498.3714510334387,49435.906,49446.984,-19.46,3.2928829636233976,0.0172427784260416,-17.995,2.7251647683200244,0.0209691918263693,-27.25,3.734834225464312,0.0037777813617603,-27.825,4.369069480016546,0.0036470106229342,-17.633927525556523,-16.784183073559152,-24.22763180381541,-24.380629716807288,0.395,0.395,0.2333452377915607,14.0,14.0,12.020815280171307,2,True,True,True,True,1.26,40.0,0.2379305222222222,0.1043102067425352,0.5884070639295402,0.02505,2012-06-28,3,Beans
SMAPVEX12,2012-06-27,11,0.153090125,0.1563315,0.0409332408047949,16,48,7.60028708069317,8.5825575,2.677132326757368,16,561494.752775,5517724.375875,561393.2874,561595.8131,5517461.316,5517987.822,274,224.76416654452763,207.3370498883232,499.3802681701244,49196.093,49207.14,-18.54,2.873520343398689,0.0187253467397651,-17.095,2.3916717426868384,0.0248458240618908,-27.025,3.515754612289808,0.0037938514741006,-27.435,3.9470354078729017,0.0037065922771839,-17.275701316646803,-16.04746594426725,-24.20919675355936,-24.310251834626605,0.395,0.395,0.2333452377915607,14.0,14.0,12.020815280171307,2,True,True,True,True,1.26,40.0,0.2379305222222222,0.1043102067425352,0.5884070639295402,0.02505,2012-06-28,1,Beans
SMAPVEX12,2012-06-29,11,0.13346484375,0.1279345,0.055391040868152,16,45,6.689555362918019,6.8133955,3.457355692087112,16,561494.752775,5517724.375875,561393.2874,561595.8131,5517461.316,5517987.822,271,301.1791668197547,276.24042424970423,498.5189767196295,49252.11,49263.079,-19.92,3.2135695389019427,0.0156866863463811,-18.44,2.7333309913089066,0.0198345269012492,-27.4,3.493558166399976,0.0034501806732468,-28.07,4.069066541623337,0.0033145259100057,-18.04468787035671,-17.025781539812208,-24.62158161929729,-24.79578581706481,0.395,0.395,0.2333452377915607,14.0,14.0,12.020815280171307,2,True,True,True,True,1.26,40.0,0.2379305222222222,0.1043102067425352,0.5884070639295402,0.02505,2012-06-28,1,Beans
SMAPVEX12,2012-07-03,11,0.1425513214285714,0.13945,0.0635678411249948,14,41,7.100393538426125,7.4735,4.05148165883398,16,561494.752775,5517724.375875,561393.2874,561595.8131,5517461.316,5517987.822,303,234.1200322427952,214.9341970983692,498.1390406949407,48855.11,48867.25,-19.53,3.049319195027953,0.015958638380565,-18.48,2.744299778731317,0.0187020807088129,-27.98,3.707118148758488,0.0034625654675213,-28.68,4.250266240996934,0.0033115298327521,-17.970041661828837,-17.28110073138016,-24.60602006544258,-24.7997132814804,0.395,0.395,0.2333452377915607,14.0,14.0,12.020815280171307,2,True,True,True,True,1.26,40.0,0.2379305222222222,0.1043102067425352,0.5884070639295402,0.02505,2012-06-28,5,Beans
SMAPVEX12,2012-07-05,11,0.1340489285714285,0.1308155,0.0482740665582611,14,41,6.715395454772868,6.935814000000001,3.0690623504050416,16,561494.752775,5517724.375875,561393.2874,561595.8131,5517461.316,5517987.822,300,209.01703627706573,179.79715950813028,478.7167998971913,51585.125,51596.813,-18.3,3.0843463765912382,0.0203661800840578,-17.59,2.987602216757468,0.0237235963940978,-26.020000000000003,3.60575748245725,0.0044767028800749,-26.29,4.009654574401645,0.0044426532218002,-16.9109042038544,-16.24819473161178,-23.49041728896868,-23.523575849667072,0.395,0.395,0.2333452377915607,14.0,14.0,12.020815280171307,2,True,True,True,True,1.26,40.0,0.2379305222222222,0.1043102067425352,0.5884070639295402,0.1083966666666666,2012-07-09,4,Beans
SMAPVEX12,2012-07-10,11,0.1215556875,0.1246425,0.0615845421175571,16,43,6.179973136111099,6.566995,3.6599885938335,16,561494.752775,5517724.375875,561393.2874,561595.8131,5517461.316,5517987.822,271,336.87587237514066,317.12914993305486,498.185428425467,49269.5,49280.078,-18.91,2.647514020341506,0.0164336502890329,-18.56,2.559000642563982,0.017359453116964,-26.73,2.978173596660613,0.0032273050661739,-27.04,3.4488672127599416,0.003165780543978,-17.842659591269815,-17.604639607278372,-24.91159980275085,-24.995191942881757,0.395,0.395,0.2333452377915607,14.0,14.0,12.020815280171307,2,True,True,True,True,1.26,40.0,0.2379305222222222,0.1043102067425352,0.5884070639295402,0.1083966666666666,2012-07-09,1,Beans
SMAPVEX12,2012-07-13,11,0.1202695625,0.107769,0.0492808388280458,16,48,6.126930223116336,5.6269555,2.94568200977399,16,561494.752775,5517724.375875,561393.2874,561595.8131,5517461.316,5517987.822,338,220.0785639373153,197.94606630419588,498.34348599082807,55367.141,55380.531,-16.535,2.641361270353861,0.0270199677998597,-15.93,2.625832698422338,0.0300997309873484,-24.465,3.3678190580556566,0.005592427795746,-24.55,3.654698546281181,0.005654699726981,-15.683151728695597,-15.21437385842442,-22.523996144037085,-22.475904518132467,0.395,0.395,0.2333452377915607,14.0,14.0,12.020815280171307,2,True,True,True,True,1.26,40.0,0.2379305222222222,0.1043102067425352,0.5884070639295402,0.1083966666666666,2012-07-09,4,Beans
SMAPVEX12,2012-07-14,11,0.11882925,0.1217615,0.0627183075435979,16,44,6.067992947130839,6.405644000000001,3.794305966700656,16,561494.752775,5517724.375875,561393.2874,561595.8131,5517461.316,5517987.822,234,373.29360509871634,359.950539005942,483.2800440693165,49721.265,49730.546,-17.945,2.327132977778036,0.01888965769734,-17.63,2.0583030164099188,0.0193583390971857,-25.94,2.3783632925057985,0.0031602456796591,-26.145,2.6598721382823185,0.0030663364631003,-17.23775911930115,-17.131319069382755,-25.002791537193065,-25.1338019258321,0.395,0.395,0.2333452377915607,14.0,14.0,12.020815280171307,2,True,True,True,True,1.26,40.0,0.2379305222222222,0.1043102067425352,0.5884070639295402,0.41314,2012-07-18,4,Beans
SMAPVEX12,2012-07-17,11,0.1754680625,0.1723815,0.0515683670538037,16,48,8.742681720099913,9.7082665,3.809163317229056,16,561494.752775,5517724.375875,561393.2874,561595.8131,5517461.316,5517987.822,246,338.8033181503872,323.36869872061607,490.5247511525281,52157.078,52166.656,-15.535,2.1109329900783864,0.0310962926137786,-14.55,2.085309733171229,0.038154562774184,-23.475,2.396710172625791,0.0052080650979976,-23.625,2.593594558912632,0.0052278162151139,-15.072913856790963,-14.18453518805826,-22.833235959597395,-22.816796885292984,0.395,0.395,0.2333452377915607,14.0,14.0,12.020815280171307,2,True,True,True,True,1.26,40.0,0.2379305222222222,0.1043102067425352,0.5884070639295402,0.41314,2012-07-18,1,Beans
SMAPVEX12,2012-06-25,111,0.273581125,0.2628319999999999,0.0727733497757478,16,48,14.93135553132138,19.65,8.22436107244812,16,579929.245125,5491774.4979375005,579827.3647,580030.5942,5491510.74,5492037.872,290,313.2416318583473,303.01975479178896,499.6729976617487,50603.281,50615.094,-9.8,6.947516027587512,0.1245792586982011,-15.48,4.177046169091662,0.037684400986818,-28.24,2.616998301446162,0.0019283036210506,-29.095,3.42009459165521,0.0016624226628978,-9.045542576988222,-14.238383836743218,-27.148245832105435,-27.79258549247671,0.645,0.645,0.0636396103067892,18.25,18.25,0.3535533905932738,2,True,True,True,True,1.26,40.0,0.2379305222222222,0.1703293249340131,0.7670306369081507,0.1317666666666666,2012-06-28,3,Beans
SMAPVEX12,2012-06-27,111,0.2201703125,0.2088225,0.0480345364291412,16,48,11.33632920437602,14.3165,4.60206001699239,16,579929.245125,5491774.4979375005,579827.3647,580030.5942,5491510.74,5492037.872,300,350.2211603423898,339.7287379337786,499.77271665974894,50503.953,50515.656,-11.885,6.566006167287064,0.1027591724569413,-16.355,4.001072573032274,0.0305687132577412,-29.18,2.329536921748218,0.0014474186273122,-29.73,2.886868257010244,0.0012835980287269,-9.881794018641486,-15.147228418373352,-28.39405842593696,-28.915709585394985,0.645,0.645,0.0636396103067892,18.25,18.25,0.3535533905932738,2,True,True,True,True,1.26,40.0,0.2379305222222222,0.1703293249340131,0.7670306369081507,0.1317666666666666,2012-06-28,1,Beans
SMAPVEX12,2012-07-03,111,0.1236221875,0.1171359999999999,0.0230118042961107,16,48,6.2660179269545715,7.197,1.592764258555965,16,579929.245125,5491774.4979375005,579827.3647,580030.5942,5491510.74,5492037.872,231,245.81217085839916,237.2264685766495,499.60745225367054,49952.0,49963.172,-13.71,4.703318052602197,0.0597007952585421,-17.08,3.0330971741618984,0.023952150142734,-28.18,1.874890928755564,0.0017446843464511,-29.08,2.399941840847483,0.0014976757077638,-12.240198837098903,-16.20655494641449,-27.582831354639893,-28.24582214390544,0.645,0.645,0.0636396103067892,18.25,18.25,0.3535533905932738,2,True,True,True,True,1.26,40.0,0.2379305222222222,0.1703293249340131,0.7670306369081507,0.1317666666666666,2012-06-28,5,Beans
SMAPVEX12,2012-07-05,111,0.26227225,0.2628015,0.040511198745532,16,48,14.128261668461567,19.643,4.389085066009392,16,579929.245125,5491774.4979375005,579827.3647,580030.5942,5491510.74,5492037.872,325,285.87402920094235,270.1619767812251,428.10966106331887,52853.219,52865.922,-8.85,4.492992922085536,0.1558658353691856,-12.96,3.230355572735887,0.0626685293456039,-22.75,2.835869095544701,0.0064460321866989,-22.86,3.1094492545572554,0.0066077159358719,-8.07249068497214,-12.029504968523373,-21.90707530274065,-21.79948635502301,0.645,0.645,0.0636396103067892,18.25,18.25,0.3535533905932738,2,True,True,True,True,1.26,40.0,0.2379305222222222,0.1703293249340131,0.7670306369081507,0.7219466666666667,2012-07-09,4,Beans
SMAPVEX12,2012-07-08,111,0.3278345625,0.3319539999999999,0.0435268608056661,16,48,19.067822599778978,27.7,5.381781984931508,16,579929.245125,5491774.4979375005,579827.3647,580030.5942,5491510.74,5492037.872,336,341.0340089649055,332.291077948208,499.7320835020381,50993.687,51007.437,-8.39,4.859852276265357,0.199000550128656,-11.42,3.35079518283654,0.0905162964241853,-24.295,1.813870233228436,0.0038867281113373,-24.475,2.0247100714206,0.0037537326514933,-7.011457229997938,-10.432732239997303,-24.104158385495413,-24.25536661953295,0.645,0.645,0.0636396103067892,18.25,18.25,0.3535533905932738,2,True,True,True,True,1.26,40.0,0.2379305222222222,0.1703293249340131,0.7670306369081507,0.7219466666666667,2012-07-09,1,Beans
SMAPVEX12,2012-07-10,111,0.2081559375,0.1965315,0.0350664981912342,16,48,10.600098709413405,13.2215,3.398953554649823,16,579929.245125,5491774.4979375005,579827.3647,580030.5942,5491510.74,5492037.872,75,489.413155801963,488.68176412227126,495.884735692613,50429.781,50432.406,-7.98,3.453044735584226,0.1845013995395799,-13.0,2.41337868654811,0.0584399808909468,-25.86,1.4826537323630522,0.0027008060518372,-26.19,1.7976170713294684,0.0024562471353621,-7.340003351417149,-12.332899347459149,-25.6850660190701,-26.09727938783156,0.645,0.645,0.0636396103067892,18.25,18.25,0.3535533905932738,2,True,True,True,True,1.26,40.0,0.2379305222222222,0.1703293249340131,0.7670306369081507,0.7219466666666667,2012-07-09,1,Beans
SMAPVEX12,2012-07-13,111,0.1535503125,0.141627,0.0358077936408984,16,48,7.622680043062116,8.8605,2.888156641065946,16,579929.245125,5491774.4979375005,579827.3647,580030.5942,5491510.74,5492037.872,389,311.97587345857136,296.1761962503263,498.75491967773377,56539.25,56554.687,-13.22,4.342922634987814,0.0703043237781909,-15.12,3.3737563907356822,0.0393172390817666,-26.91,1.725373690163957,0.0021670142623248,-27.3,2.039980238375523,0.0019953751237257,-11.5301796466346,-14.054169866092916,-26.641382303374883,-26.99975446418584,0.645,0.645,0.0636396103067892,18.25,18.25,0.3535533905932738,2,True,True,True,True,1.26,40.0,0.2379305222222222,0.1703293249340131,0.7670306369081507,0.7219466666666667,2012-07-09,4,Beans
SMAPVEX12,2012-07-19,111,0.20661875,0.2050135,0.0286020122170917,16,48,10.507928069587434,13.9755,2.649173934141232,16,579929.245125,5491774.4979375005,579827.3647,580030.5942,5491510.74,5492037.872,338,272.8227307951296,255.84521935447572,498.6189825141949,51494.625,51508.422,-12.875,3.069431795502338,0.0644941970041755,-14.11,2.6124420865630467,0.045396475248294,-24.405,1.940289219470352,0.0038879889439742,-24.450000000000003,2.05173096560593,0.0039189895681803,-11.904793601312772,-13.429778660777457,-24.102749787194774,-24.068258925534725,0.645,0.645,0.0636396103067892,18.25,18.25,0.3535533905932738,2,True,True,True,True,1.26,40.0,0.2379305222222222,0.1703293249340131,0.7670306369081507,1.1273166666666663,2012-07-18,1,Beans
SMAPVEX12,2012-06-22,112,0.3852763125,0.3894809999999999,0.0293606170977808,16,48,23.89855292935554,38.1295,5.872427771302655,16,579890.19510625,5494165.70125,579786.4892,579992.7951,5493901.256,5494429.768,189,427.955351141139,420.08534941587175,499.1011180115506,50070.188,50077.938,-19.54,2.16984683739654,0.0126351450314462,-17.39,2.02341746624635,0.0209434758210185,-29.39,1.3746942758785627,0.0012178576887356,-30.87,1.9857240493079589,0.0009007187415387,-18.984197687028864,-16.789512402971386,-29.14403457686514,-30.45410800660062,0.55,0.55,0.0989949493661167,6.75,6.75,2.4748737341529163,2,True,True,True,True,1.26,40.0,0.2379305222222222,0.1452420600212515,0.2836962629660283,0.0949366666666666,2012-06-24,2,Beans
SMAPVEX12,2012-06-25,112,0.3597355625,0.3624205,0.0225696676152419,16,48,21.698718059659406,32.788,4.288127359349299,16,579890.19510625,5494165.70125,579786.4892,579992.7951,5493901.256,5494429.768,237,295.010720522903,265.6685960555116,499.2265538807943,50634.297,50643.656,-20.14,2.203891581591818,0.0111444673301042,-18.5,2.3774743687120097,0.0169314955218598,-29.7,1.3845728625567295,0.0011596753188313,-31.2,2.050269643335736,0.0008707253867398,-19.529406845749364,-17.713046799178723,-29.35663585753581,-30.60118793130596,0.55,0.55,0.0989949493661167,6.75,6.75,2.4748737341529163,2,True,True,True,True,1.26,40.0,0.2379305222222222,0.1452420600212515,0.2836962629660283,0.0949366666666666,2012-06-24,1,Beans
SMAPVEX12,2012-06-27,112,0.298948375,0.295003,0.0301372868650005,16,48,16.809060851116087,21.236,4.783481826382674,16,579890.19510625,5494165.70125,579786.4892,579992.7951,5493901.256,5494429.768,254,293.8165559728581,274.4967006112448,497.96730309297686,50535.734,50545.891,-18.835,2.4269143908512705,0.0150468693169562,-17.905,2.4755536368094617,0.0188247372100563,-30.745,1.2938945526989791,0.0009079995407698,-31.905,1.7721046435166763,0.0007124118439101,-18.22553850887763,-17.25271077757754,-30.419143711277584,-31.4726886896448,0.55,0.55,0.0989949493661167,6.75,6.75,2.4748737341529163,2,True,True,True,True,1.26,40.0,0.2379305222222222,0.1452420600212515,0.2836962629660283,0.0949366666666666,2012-06-24,3,Beans
SMAPVEX12,2012-06-29,112,0.261306375,0.264971,0.0331811328114336,16,48,14.060676622800099,16.896,4.485117685189543,16,579890.19510625,5494165.70125,579786.4892,579992.7951,5493901.256,5494429.768,212,411.02679123137295,402.3054227806191,499.79223762415967,50531.281,50540.0,-18.73,2.4220150898769224,0.0153315822703231,-17.939999999999998,2.4232974380045547,0.0180898410880494,-29.74,1.1148276519100573,0.0010989386312318,-31.205,1.6701328524910957,0.0008083702681773,-18.144130221965177,-17.425652482251156,-29.590265594978213,-30.9238966819482,0.55,0.55,0.0989949493661167,6.75,6.75,2.4748737341529163,2,True,True,True,True,1.26,40.0,0.2379305222222222,0.1452420600212515,0.2836962629660283,0.0949366666666666,2012-06-24,5,Beans
SMAPVEX12,2012-07-03,112,0.2045715,0.205469,0.0198072106499964,16,48,10.3858965794877,9.7565,1.9813926709934775,16,579890.19510625,5494165.70125,579786.4892,579992.7951,5493901.256,5494429.768,264,328.72938917997016,310.6743439369534,499.795202773077,49985.062,49995.469,-18.585,2.128241923929861,0.0152589747543952,-18.235,2.10926146168685,0.0164657815324891,-29.285,1.4826778427488905,0.0013093261249933,-30.21,1.970031474505594,0.0010556006323921,-18.16474645507402,-17.83417651092838,-28.82952166555027,-29.76500358273575,0.55,0.55,0.0989949493661167,6.75,6.75,2.4748737341529163,2,True,True,True,True,1.26,40.0,0.2379305222222222,0.1452420600212515,0.2836962629660283,0.42324,2012-07-07,4,Beans
SMAPVEX12,2012-07-05,112,0.3147235625,0.3118095,0.0234785135388898,16,48,18.027343947701027,23.881500000000003,3.888187434932461,16,579890.19510625,5494165.70125,579786.4892,579992.7951,5493901.256,5494429.768,217,254.9743296478933,243.10217388943997,494.1031026769687,52890.5,52898.984,-16.5,2.2631991149318456,0.0261051232997577,-15.89,2.363298242759339,0.029721858402268,-25.77,1.93156885113108,0.0028434484934911,-26.07,2.247585033659373,0.0026802809364207,-15.832742511880692,-15.269240391706376,-25.46154634194008,-25.718196825597097,0.55,0.55,0.0989949493661167,6.75,6.75,2.4748737341529163,2,True,True,True,True,1.26,40.0,0.2379305222222222,0.1452420600212515,0.2836962629660283,0.42324,2012-07-07,2,Beans
SMAPVEX12,2012-07-08,112,0.3150216875,0.318057,0.0294635314125078,16,48,18.050725770181128,24.917,4.705227957194706,16,579890.19510625,5494165.70125,579786.4892,579992.7951,5493901.256,5494429.768,277,312.05039323287184,289.9144789965316,481.2529381092925,51030.406,51041.531,-16.28,2.069658369449511,0.0254450800648005,-16.18,1.9168419766094444,0.025892788243854,-26.78,1.885049503548164,0.0023732288344489,-27.12,2.243348207090384,0.0022015556546821,-15.9439617824927,-15.868211803986831,-26.24660383676076,-26.57270331228373,0.55,0.55,0.0989949493661167,6.75,6.75,2.4748737341529163,2,True,True,True,True,1.26,40.0,0.2379305222222222,0.1452420600212515,0.2836962629660283,0.42324,2012-07-07,1,Beans
SMAPVEX12,2012-07-10,112,0.250552625,0.254668,0.0219973348200033,16,48,13.31912310604291,15.5185,2.763509271892051,16,579890.19510625,5494165.70125,579786.4892,579992.7951,5493901.256,5494429.768,175,457.4925508077187,455.53235646488434,495.5489865462785,50460.015,50466.672,-17.5,1.948357041016226,0.0192355178011812,-17.62,1.7881460764726678,0.0189720705690466,-27.59,1.6158019924538194,0.0018348628239161,-28.06,1.9672867414672184,0.0016223296395823,-17.15896118420385,-17.21885268603207,-27.363963984653807,-27.898608972849782,0.55,0.55,0.0989949493661167,6.75,6.75,2.4748737341529163,2,True,True,True,True,1.26,40.0,0.2379305222222222,0.1452420600212515,0.2836962629660283,0.42324,2012-07-07,3,Beans
SMAPVEX12,2012-07-13,112,0.225835625,0.2248109999999999,0.0179337527059081,16,48,11.693092649956366,11.863,2.0873236522318868,16,579890.19510625,5494165.70125,579786.4892,579992.7951,5493901.256,5494429.768,325,270.9433210832461,256.4792963434681,497.8145972900506,56578.562,56591.265,-17.75,2.1777950971751543,0.018787565604226,-18.15,2.1533251554447665,0.0171096004124086,-27.21,1.7889761846301333,0.0020524774051385,-27.71,2.137089341768578,0.0018672652300553,-17.26129489891203,-17.66760133107199,-26.877216151476915,-27.287939896201102,0.55,0.55,0.0989949493661167,6.75,6.75,2.4748737341529163,2,True,True,True,True,1.26,40.0,0.2379305222222222,0.1452420600212515,0.2836962629660283,0.6745966666666666,2012-07-16,3,Beans
SMAPVEX12,2012-07-19,112,0.232020625,0.2273605,0.0239615835700258,16,48,12.089471847685648,12.156,3.0041023395794406,16,579890.19510625,5494165.70125,579786.4892,579992.7951,5493901.256,5494429.768,278,243.42376942104949,237.4586046176325,498.1844352424717,51528.938,51540.063,-16.91,1.80751712244629,0.0220445786609551,-16.255,2.0239221894654773,0.0248942362771927,-26.76,1.7939554253377057,0.0022227512485933,-27.07,1.9080659569783005,0.0021190840169091,-16.566981974487216,-16.03901192774286,-26.531091371246735,-26.738518241496653,0.55,0.55,0.0989949493661167,6.75,6.75,2.4748737341529163,2,True,True,True,True,1.26,40.0,0.2379305222222222,0.1452420600212515,0.2836962629660283,0.6745966666666666,2012-07-16,3,Beans
SMAPVEX12,2012-06-22,113,0.3983980625,0.405449,0.0398246931429379,16,48,25.058311399910437,39.349,6.835496528843632,16,579708.07930625,5494827.598625,579444.9004,579971.6433,5494726.229,5494929.02,321,298.633173093564,280.56034704731127,499.60934853216537,50077.969,50091.0,-16.12,4.2037929999060575,0.0529093318152006,-16.74,3.57740653131075,0.040698033925441,-29.03,3.0556585341138582,0.0021345903310148,-30.15,3.818802489429244,0.0018376243796923,-12.764677230796163,-13.904265705279988,-26.706854621150303,-27.35743256006539,0.905,0.905,0.120208152801713,18.25,18.25,2.4748737341529163,2,True,True,True,True,1.26,40.0,0.2379305222222222,0.2389892078531502,0.7670306369081507,0.0707766666666666,2012-06-24,2,SoyBeans
SMAPVEX12,2012-06-25,113,0.342965625,0.3484045,0.0432675598909467,16,48,20.298700439187176,30.124,6.31482792586887,16,579708.07930625,5494827.598625,579444.9004,579971.6433,5494726.229,5494929.02,275,228.9944315880703,229.26749716624715,489.353927004635,50644.047,50654.734,-18.21,3.7177435904206986,0.0273647903358983,-19.14,3.3715716060748995,0.0215324193637297,-29.92,2.341730006644921,0.0013959629146225,-31.38,3.114122791698871,0.0010654055994984,-15.628078749949356,-16.669071704883304,-28.551261190973317,-29.72485025004845,0.905,0.905,0.120208152801713,18.25,18.25,2.4748737341529163,2,True,True,True,True,1.26,40.0,0.2379305222222222,0.2389892078531502,0.7670306369081507,0.0707766666666666,2012-06-24,1,SoyBeans
SMAPVEX12,2012-06-27,113,0.2975294375,0.294944,0.0464908959474415,16,48,16.701336329339473,22.6125,6.183688214097366,16,579708.07930625,5494827.598625,579444.9004,579971.6433,5494726.229,5494929.02,275,214.59076009332787,209.8491135765204,474.8701538691756,50546.297,50556.984,-16.89,3.811963063411672,0.046175678218887,-17.25,3.298694766304924,0.0330257300258111,-30.14,2.134956352653899,0.0012152253417903,-31.05,2.628743471991801,0.0010134519263958,-13.35586717012636,-14.811475736323674,-29.15343182459176,-29.941968474605524,0.905,0.905,0.120208152801713,18.25,18.25,2.4748737341529163,2,True,True,True,True,1.26,40.0,0.2379305222222222,0.2389892078531502,0.7670306369081507,0.0707766666666666,2012-06-24,3,SoyBeans
SMAPVEX12,2012-06-29,113,0.2729863125,0.2766735,0.044170178471783,16,48,14.888580153803975,20.275,5.348719749856033,16,579708.07930625,5494827.598625,579444.9004,579971.6433,5494726.229,5494929.02,319,326.35257977461464,315.31318662457466,493.1442173403889,50540.031,50552.578,-17.52,3.16203090235628,0.0284374733277293,-17.63,3.008051120958939,0.0255506164731162,-29.58,1.9822538745821807,0.0013691292311491,-31.02,2.58869140486191,0.0010669078558568,-15.461089933350909,-15.92598616952252,-28.635555571793105,-29.718730870618927,0.905,0.905,0.120208152801713,18.25,18.25,2.4748737341529163,2,True,True,True,True,1.26,40.0,0.2379305222222222,0.2389892078531502,0.7670306369081507,0.0707766666666666,2012-06-24,5,SoyBeans
SMAPVEX12,2012-07-03,113,0.1844056875,0.1821364999999999,0.0461079152434355,16,48,9.228799357322709,10.2575,4.517804746684685,16,579708.07930625,5494827.598625,579444.9004,579971.6433,5494726.229,5494929.02,317,230.1560329636713,215.99347705254743,498.7367444352925,49995.859,50008.359,-17.58,2.604529549538648,0.0228780390499419,-17.62,2.626826381213706,0.0212897077753362,-29.56,1.4265833684071638,0.0011831416348237,-30.73,1.942847188807604,0.0009175057980783,-16.40581203055868,-16.71830299690373,-29.269632625229946,-30.37391182590359,0.905,0.905,0.120208152801713,18.25,18.25,2.4748737341529163,2,True,True,True,True,1.26,40.0,0.2379305222222222,0.2389892078531502,0.7670306369081507,0.23725,2012-07-07,4,Beans
SMAPVEX12,2012-07-05,113,0.282303125,0.2871975,0.0440264950696358,16,48,15.56528790825619,21.5955,5.406228258530463,16,579708.07930625,5494827.598625,579444.9004,579971.6433,5494726.229,5494929.02,316,230.98298629877567,210.0999875852179,499.2274868134978,52905.016,52917.844,-15.55,3.033369228404084,0.0426951202860424,-15.239999999999998,2.7171525702865824,0.0417968202230359,-26.335,2.3218381392306444,0.0030845932295803,-26.79,2.639197429738148,0.0029159930259509,-13.696217585568537,-13.78856756792369,-25.108020989877016,-25.352135190353525,0.905,0.905,0.120208152801713,18.25,18.25,2.4748737341529163,2,True,True,True,True,1.26,40.0,0.2379305222222222,0.2389892078531502,0.7670306369081507,0.23725,2012-07-07,2,Beans
SMAPVEX12,2012-07-08,113,0.249815375,0.2420535,0.0428529817754844,16,48,13.26902601705735,16.2285,5.0183270681074585,16,579708.07930625,5494827.598625,579444.9004,579971.6433,5494726.229,5494929.02,322,239.31925673995528,224.010440366554,491.4147572066001,51041.547,51054.203,-15.775,2.9584455222447503,0.0399975136891596,-16.47,3.042461331478501,0.0361519103911989,-27.49,1.7796019610684342,0.001920025570206,-28.165,2.1870767956174286,0.0017184860515418,-13.97967004287996,-14.418687481499695,-27.16692987481117,-27.64853988556132,0.905,0.905,0.120208152801713,18.25,18.25,2.4748737341529163,2,True,True,True,True,1.26,40.0,0.2379305222222222,0.2389892078531502,0.7670306369081507,0.23725,2012-07-07,1,Beans
SMAPVEX12,2012-07-10,113,0.2145451875,0.205537,0.0320076675464255,16,48,10.988151282229522,12.422,3.2123715408817004,16,579708.07930625,5494827.598625,579444.9004,579971.6433,5494726.229,5494929.02,286,365.6146051713068,345.5940586944404,499.2449918156233,50467.109,50478.453,-16.685000000000002,2.1444614492625726,0.0241312207030261,-17.395,2.020040568021945,0.0195864561957349,-27.985,1.4304816560767175,0.0016650179982007,-28.705,1.8091510418790997,0.0014508228015387,-16.174207082951458,-17.080441343912007,-27.78581067576869,-28.383856275438895,0.905,0.905,0.120208152801713,18.25,18.25,2.4748737341529163,2,True,True,True,True,1.26,40.0,0.2379305222222222,0.2389892078531502,0.7670306369081507,0.23725,2012-07-07,3,Beans
SMAPVEX12,2012-07-13,113,0.196650875,0.191024,0.0318332287123062,16,48,9.92161390480014,11.056,3.0700128114553533,16,579708.07930625,5494827.598625,579444.9004,579971.6433,5494726.229,5494929.02,350,214.89485853538363,208.47588128566747,473.757939494466,56591.656,56605.375,-16.145,2.5634020651001683,0.0286473976354403,-16.805,2.58219259768577,0.0268197407835588,-27.805,1.5983593911721925,0.0018001637043035,-28.31,1.9069101787445124,0.0016247821427156,-15.429148237454791,-15.7154542397935,-27.446879989839665,-27.89204862721575,0.905,0.905,0.120208152801713,18.25,18.25,2.4748737341529163,2,True,True,True,True,1.26,40.0,0.2379305222222222,0.2389892078531502,0.7670306369081507,0.5231233333333333,2012-07-16,3,Beans
SMAPVEX12,2012-07-14,113,0.1960781875,0.190235,0.0341441336829989,16,48,9.888532036251156,10.9855,3.3364501388701537,16,579708.07930625,5494827.598625,579444.9004,579971.6433,5494726.229,5494929.02,280,401.170412643865,391.3412994165187,498.831635096704,50868.75,50879.938,-16.6,2.295398794815432,0.0253170700749757,-16.83,2.349272829285882,0.0229183557487516,-27.9,1.6462658392609817,0.0017643804579936,-28.355,1.9743235296925343,0.0016021563762141,-15.965865563125584,-16.398165435484163,-27.53407761045826,-27.95295097482417,0.905,0.905,0.120208152801713,18.25,18.25,2.4748737341529163,2,True,True,True,True,1.26,40.0,0.2379305222222222,0.2389892078531502,0.7670306369081507,0.5231233333333333,2012-07-16,2,Beans
SMAPVEX12,2012-07-17,113,0.2498196875,0.2545475,0.0249605527869309,16,48,13.269318777392352,17.625,2.8148913233906563,16,579708.07930625,5494827.598625,579444.9004,579971.6433,5494726.229,5494929.02,286,378.0483162910277,363.9462048801012,498.3575412735208,53334.672,53346.015,-13.835,2.3419000901807614,0.0464480745177167,-14.25,2.0828071313875194,0.041956441538385,-24.525,1.7624244518482428,0.0037354791640922,-24.54,1.9271654229184256,0.0036480820587529,-13.330322847631932,-13.772013528373366,-24.27653681673526,-24.379354013571177,0.905,0.905,0.120208152801713,18.25,18.25,2.4748737341529163,2,True,True,True,True,1.26,40.0,0.2379305222222222,0.2389892078531502,0.7670306369081507,0.5231233333333333,2012-07-16,1,Beans
SMAPVEX12,2012-07-19,113,0.23049425,0.21833,0.0441915496786433,16,48,11.990988028541588,13.694,4.886941752858666,16,579708.07930625,5494827.598625,579444.9004,579971.6433,5494726.229,5494929.02,305,225.43029509262868,211.4241488739125,481.8172289425991,51540.094,51552.297,-15.5,2.4020507164756397,0.0334470830309605,-15.93,2.17487309736597,0.0292438579346783,-26.22,2.1065404245817105,0.0026782205082656,-26.19,2.220036171284583,0.0026627136837591,-14.756417517017454,-15.339653345452165,-25.721536687054567,-25.74675529861677,0.905,0.905,0.120208152801713,18.25,18.25,2.4748737341529163,2,True,True,True,True,1.26,40.0,0.2379305222222222,0.2389892078531502,0.7670306369081507,0.5231233333333333,2012-07-16,3,Beans
SMAPVEX12,2012-06-22,12,0.1390214666666666,0.136938,0.0389353709293943,15,45,6.93855456861347,7.315,2.6254154900202167,16,561362.66025625,5517091.16675,561098.8364,561626.8642,5516988.105,5517193.307,319,234.18869201622852,217.49317450723623,499.7875710506009,48921.625,48934.172,-15.57,4.13381918253463,0.0434392655119733,-14.28,3.434839308626074,0.0507505456768621,-23.53,4.215101755578559,0.00820844231651,-23.69,4.593848224037311,0.0082355302009146,-13.621175265774452,-12.945592837955164,-20.857392494004003,-20.843084358482997,1.04,1.04,0.2121320343559642,15.25,15.25,9.545941546018392,2,True,True,True,True,1.26,40.0,0.2379305222222222,0.2746395316765484,0.6409434089232492,0.0831666666666666,2012-06-21,1,Beans
SMAPVEX12,2012-06-25,12,0.115691,0.103653,0.0537598119478357,16,48,5.94128325645867,5.4032925,3.2681964964789785,16,561362.66025625,5517091.16675,561098.8364,561626.8642,5516988.105,5517193.307,249,295.7793743273319,279.2337079325711,474.76752148460776,49426.219,49435.875,-15.87,3.747156031740343,0.0341268605100848,-15.71,3.297056679391108,0.0353588335522817,-23.63,4.126132871952224,0.0072712642030164,-23.76,4.580661291092464,0.007364397392927,-14.66903662669498,-14.515020703038497,-21.38390074881987,-21.328627844131617,1.04,1.04,0.2121320343559642,15.25,15.25,9.545941546018392,2,True,True,True,True,1.26,40.0,0.2379305222222222,0.2746395316765484,0.6409434089232492,0.06559,2012-06-28,3,Beans
SMAPVEX12,2012-06-27,12,0.11749153125,0.0978914999999999,0.0578539351613091,16,47,6.013694713460554,5.0764885,3.583883619229564,16,561362.66025625,5517091.16675,561098.8364,561626.8642,5516988.105,5517193.307,225,255.87912539539653,225.99927354855984,463.1854742394114,49186.015,49196.062,-15.7,3.415352063006934,0.0375586069542538,-14.53,3.603101804155847,0.0517142609722083,-24.1,3.640735782189409,0.0063729856493249,-24.11,3.9344470588292513,0.0063770062253671,-14.252905240550222,-12.863896772641066,-21.956570594623926,-21.95383159045164,1.04,1.04,0.2121320343559642,15.25,15.25,9.545941546018392,2,True,True,True,True,1.26,40.0,0.2379305222222222,0.2746395316765484,0.6409434089232492,0.06559,2012-06-28,1,Beans
SMAPVEX12,2012-06-29,12,0.12716290625,0.0876035,0.1091905831291048,16,45,6.41577777497658,4.5729945,9.57279118670773,16,561362.66025625,5517091.16675,561098.8364,561626.8642,5516988.105,5517193.307,311,241.6831710294711,229.01550674036636,498.1227254622274,49239.75,49252.094,-16.8,3.8504784613458463,0.0322007476149381,-15.88,3.4202486014614752,0.0355391942641352,-24.01,4.433560340027293,0.0070098518108973,-24.16,4.937702996815728,0.0071039791996273,-14.921340450348202,-14.492924226367006,-21.54291162973399,-21.484983188370396,1.04,1.04,0.2121320343559642,15.25,15.25,9.545941546018392,2,True,True,True,True,1.26,40.0,0.2379305222222222,0.2746395316765484,0.6409434089232492,0.06559,2012-06-28,1,Beans
SMAPVEX12,2012-07-03,12,0.1348065454545454,0.138685,0.116640253267355,11,27,6.749029699722143,7.425,8.371648025003529,16,561362.66025625,5517091.16675,561098.8364,561626.8642,5516988.105,5517193.307,296,232.8412823674022,215.44359026590985,486.5569749838984,48843.485,48855.078,-16.384999999999998,3.667770111297408,0.0316080488287731,-15.785,3.457383513478977,0.0359075592247454,-24.03,4.270586586490942,0.0073245755030628,-24.205,4.679876682303353,0.0073759387070927,-15.00202312418917,-14.448141145411636,-21.352175398502357,-21.32182700859252,1.04,1.04,0.2121320343559642,15.25,15.25,9.545941546018392,2,True,True,True,True,1.26,40.0,0.2379305222222222,0.2746395316765484,0.6409434089232492,0.06559,2012-06-28,5,Beans
SMAPVEX12,2012-07-08,12,0.1027479999999999,0.085134,0.0544003224500247,10,26,5.443702019834376,4.425303,3.13757178066099,16,561362.66025625,5517091.16675,561098.8364,561626.8642,5516988.105,5517193.307,282,232.96711355471507,197.16202997444805,499.97840700360257,49652.75,49663.968,-15.995,3.22492810061448,0.0333156116782714,-15.89,3.0242393523715365,0.0322531423008739,-23.48,3.660081448594143,0.0068733343772037,-23.485,3.9941915608770833,0.0070870576232023,-14.773522086284936,-14.914279673093365,-21.62832527814773,-21.495340360776144,1.04,1.04,0.2121320343559642,15.25,15.25,9.545941546018392,2,True,True,True,True,1.26,40.0,0.2379305222222222,0.2746395316765484,0.6409434089232492,0.0616433333333333,2012-07-09,1,Soybeans
SMAPVEX12,2012-07-10,12,0.12406605,0.096246,0.084606546806855,10,29,6.284630568979864,4.987023,6.853573826035014,16,561362.66025625,5517091.16675,561098.8364,561626.8642,5516988.105,5517193.307,311,262.5506701259309,244.8270175844206,499.97092280231175,49256.75,49269.094,-16.87,3.2951571169319207,0.0279736249189117,-16.78,3.297149787669907,0.0309174887328208,-25.08,3.840537948415912,0.0056305978754097,-24.88,4.222975915933856,0.0057059470571989,-15.53251252603237,-15.09795788808382,-22.49445487883043,-22.436722622746323,1.04,1.04,0.2121320343559642,15.25,15.25,9.545941546018392,2,True,True,True,True,1.26,40.0,0.2379305222222222,0.2746395316765484,0.6409434089232492,0.0616433333333333,2012-07-09,1,Soybeans
SMAPVEX12,2012-07-13,12,0.11638553125,0.087603,0.0601880006550222,16,47,5.969123469129849,4.5470095,3.9367395787253217,16,561362.66025625,5517091.16675,561098.8364,561626.8642,5516988.105,5517193.307,311,246.4800044628711,223.93768444168543,499.4578689333114,55354.391,55367.125,-14.95,3.211518963755105,0.0428534693929025,-14.5,3.1728970355129733,0.0456412289611473,-24.08,3.4892173622544584,0.0065789201572483,-24.13,3.7296450445705673,0.0066501361768179,-13.68014012079193,-13.406426700413132,-21.81845384233136,-21.77169461428466,1.04,1.04,0.2121320343559642,15.25,15.25,9.545941546018392,2,True,True,True,True,1.26,40.0,0.2379305222222222,0.2746395316765484,0.6409434089232492,0.0616433333333333,2012-07-09,4,Soybeans
SMAPVEX12,2012-07-14,12,0.11064965625,0.0880145,0.0694864974813377,16,43,5.742663198600715,4.567598,4.924458131205739,16,561362.66025625,5517091.16675,561098.8364,561626.8642,5516988.105,5517193.307,316,274.5097074020963,273.0835850524025,490.9140086612388,49708.765,49721.234,-16.415,3.433230085001023,0.033098531541184,-16.490000000000002,3.220546695154737,0.0325988138367404,-24.305,3.6723666817747,0.0063072316407212,-24.53,3.954398021453511,0.0063469077655653,-14.80191273828741,-14.867982021875928,-22.001612187229224,-21.974378128877262,1.04,1.04,0.2121320343559642,15.25,15.25,9.545941546018392,2,True,True,True,True,1.26,40.0,0.2379305222222222,0.2746395316765484,0.6409434089232492,0.17048,2012-07-18,4,Soybeans
SMAPVEX12,2012-07-17,12,0.1541705625,0.1571545,0.0546587597553752,16,48,7.652935884703297,8.6387785,4.023818802546469,16,561362.66025625,5517091.16675,561098.8364,561626.8642,5516988.105,5517193.307,304,257.8247924463838,248.37281363045705,488.2331505742159,52144.875,52157.047,-14.595,2.78660532794556,0.0431302967978422,-14.14,2.718920367511498,0.0490961852958517,-22.73,3.037566433694727,0.0073632269409951,-22.895,3.253047410147346,0.0075900850278259,-13.652175532794685,-13.089522506330766,-21.329318139870956,-21.197533588991448,1.04,1.04,0.2121320343559642,15.25,15.25,9.545941546018392,2,True,True,True,True,1.26,40.0,0.2379305222222222,0.2746395316765484,0.6409434089232492,0.17048,2012-07-18,1,Soybeans
SMAPVEX12,2012-06-22,13,0.3083550625,0.32042,0.1054648311482513,16,48,17.5310088823734,23.39,11.716892680904497,16,561392.7416125,5515330.186,561128.9177,561656.9456,5515227.124,5515432.326,355,279.0695027267085,271.28123407923323,498.8649557068764,48895.797,48910.0,-11.66,2.5482083236772035,0.0824794453982108,-11.68,2.374788038017553,0.0803301239848241,-17.62,2.3965949449812203,0.0200694391845585,-17.53,2.445648692119244,0.0205013055681868,-10.836542679634643,-10.95121562728075,-16.97464763160474,-16.882184812366848,0.55,0.55,0.1272792206135785,9.25,9.25,3.181980515339464,2,True,True,True,True,1.26,40.0,0.2379305222222222,0.1452420600212515,0.3887689529534462,0.2524166666666667,2012-06-21,1,Pasture
SMAPVEX12,2012-06-25,13,0.316937,0.3040764999999999,0.1283606850101177,16,48,18.201254079578273,21.5861235,16.43945459643004,16,561392.7416125,5515330.186,561128.9177,561656.9456,5515227.124,5515432.326,317,292.3388976796007,274.62840363411607,498.342588834698,49403.031,49415.531,-11.64,2.332210017957918,0.0813123322971915,-11.91,2.060379206007287,0.0714776523473291,-17.88,2.4346489031717584,0.019328237907854,-17.78,2.487625787946272,0.0201515619155488,-10.898435818050771,-11.458297201471416,-17.13807737372274,-16.956912867429608,0.55,0.55,0.1272792206135785,9.25,9.25,3.181980515339464,2,True,True,True,True,1.26,40.0,0.2379305222222222,0.1452420600212515,0.3887689529534462,0.1198866666666666,2012-06-28,3,Pasture
SMAPVEX12,2012-06-27,13,0.3025329375,0.2649795,0.1404074701723374,16,48,17.082579616629943,17.556428500000003,18.96633443668053,16,561392.7416125,5515330.186,561128.9177,561656.9456,5515227.124,5515432.326,93,389.9446188675734,383.529549013232,497.76530174520224,49162.484,49165.937,-13.44,1.9492471485172949,0.0508773854552055,-12.4,1.9474881029606947,0.0599292728151642,-18.74,2.0046169418829045,0.0146958776415674,-18.52,2.043453389034279,0.0152316069189449,-12.934752148036708,-12.223609920228132,-18.328044726394623,-18.1725427662346,0.55,0.55,0.1272792206135785,9.25,9.25,3.181980515339464,2,True,True,True,True,1.26,40.0,0.2379305222222222,0.1452420600212515,0.3887689529534462,0.1198866666666666,2012-06-28,1,Pasture
SMAPVEX12,2012-06-29,13,0.2664710625,0.2546905,0.1163023211923526,16,48,14.423916644530518,16.574714999999998,12.64452565686484,16,561392.7416125,5515330.186,561128.9177,561656.9456,5515227.124,5515432.326,350,274.4464994771654,263.31334617077766,479.80578265407263,49214.235,49227.954,-11.915,2.400391479362409,0.075105055801199,-12.09,2.2656713493177074,0.0716428689770304,-17.689999999999998,2.518667597001113,0.0197066515324709,-17.525,2.571676722005528,0.0205420167989289,-11.2433082687523,-11.448270309198136,-17.053871628596283,-16.873569199574504,0.55,0.55,0.1272792206135785,9.25,9.25,3.181980515339464,2,True,True,True,True,1.26,40.0,0.2379305222222222,0.1452420600212515,0.3887689529534462,0.1198866666666666,2012-06-28,1,Pasture
SMAPVEX12,2012-07-03,13,0.2289175625,0.1929585,0.1234774333860071,16,48,11.889712824798673,11.2541965,12.189970009549116,16,561392.7416125,5515330.186,561128.9177,561656.9456,5515227.124,5515432.326,173,291.5122118079374,287.4107429587508,498.794565397642,48817.344,48823.938,-12.7,2.295969816037528,0.0572918246805672,-13.15,2.188811623559819,0.0555686418931963,-19.11,2.1060871424244096,0.013875724160237,-19.06,2.189225448783248,0.0141653606150483,-12.419073457363856,-12.551702173139232,-18.577443422169537,-18.487723649393743,0.55,0.55,0.1272792206135785,9.25,9.25,3.181980515339464,2,True,True,True,True,1.26,40.0,0.2379305222222222,0.1452420600212515,0.3887689529534462,0.1198866666666666,2012-06-28,5,Pasture
SMAPVEX12,2012-07-05,13,0.23915475,0.228352,0.1280633511657413,16,48,12.555470896650052,14.1763495,12.123264818776802,16,561392.7416125,5515330.186,561128.9177,561656.9456,5515227.124,5515432.326,373,287.5782141188998,275.57271346489165,499.9011183872451,51541.25,51556.297,-12.07,2.5389191604558,0.0743569084855156,-12.36,2.456660863788767,0.068084777407234,-17.98,2.554969610554958,0.0186941153467743,-17.84,2.586306802453288,0.0196109623958133,-11.286786750538766,-11.669499780585308,-17.282950819462332,-17.07501093076972,0.55,0.55,0.1272792206135785,9.25,9.25,3.181980515339464,2,True,True,True,True,1.26,40.0,0.2379305222222222,0.1452420600212515,0.3887689529534462,0.0477733333333333,2012-07-09,4,Pasture
SMAPVEX12,2012-07-08,13,0.2382288125,0.1880204999999999,0.1269967024323696,16,48,12.494462430324008,10.8895195,12.972204101595146,16,561392.7416125,5515330.186,561128.9177,561656.9456,5515227.124,5515432.326,220,260.291890064371,241.0672349334115,499.5141854459256,49632.0,49640.921,-11.76,2.3384883068402824,0.0764600360946998,-12.02,2.395167819021986,0.0737623920709863,-17.125,2.377851168805138,0.0216911698812997,-16.825,2.4201890134735637,0.0230534968837636,-11.1656550129835,-11.321650078114684,-16.637170243209095,-16.3726318905369,0.55,0.55,0.1272792206135785,9.25,9.25,3.181980515339464,2,True,True,True,True,1.26,40.0,0.2379305222222222,0.1452420600212515,0.3887689529534462,0.0477733333333333,2012-07-09,1,Pasture
SMAPVEX12,2012-07-10,13,0.2228471875,0.190901,0.1303165354369729,16,48,11.504143306356845,11.2213695,12.352587700797208,16,561392.7416125,5515330.186,561128.9177,561656.9456,5515227.124,5515432.326,357,291.35507303328217,278.1413930665481,499.10066367417824,49230.64,49244.906,-12.58,2.4620701141843107,0.0640463864867102,-12.47,2.478703066172454,0.0671758432929269,-18.31,2.433579086691679,0.0163523014570346,-18.11,2.487060399034479,0.0171423232284919,-11.935053682323652,-11.727868729384712,-17.864211151902023,-17.65930320280925,0.55,0.55,0.1272792206135785,9.25,9.25,3.181980515339464,2,True,True,True,True,1.26,40.0,0.2379305222222222,0.1452420600212515,0.3887689529534462,0.0477733333333333,2012-07-09,1,Pasture
SMAPVEX12,2012-07-13,13,0.2504723125,0.213536,0.116259843041765,16,48,13.313661103451194,12.9157385,13.208898979573943,16,561392.7416125,5515330.186,561128.9177,561656.9456,5515227.124,5515432.326,326,284.0722090119798,261.576715313034,486.30231447431504,55326.61,55341.328,-12.47,2.6635448518682985,0.0649690074149364,-12.7,2.2299856387502968,0.0627186577113859,-18.12,2.557548183089598,0.018161852223399,-17.965,2.6215625565391463,0.018856147468109,-11.872937682586244,-12.026032448831875,-17.408398623467928,-17.245470339873624,0.55,0.55,0.1272792206135785,9.25,9.25,3.181980515339464,2,True,True,True,True,1.26,40.0,0.2379305222222222,0.1452420600212515,0.3887689529534462,0.0477733333333333,2012-07-09,4,Pasture
SMAPVEX12,2012-07-14,13,0.2272198125,0.1678545,0.1176112623497249,16,48,11.781180293806493,9.3937185,12.40965739632813,16,561392.7416125,5515330.186,561128.9177,561656.9456,5515227.124,5515432.326,350,312.51721030100265,298.447766965451,494.4946165318487,49682.546,49696.265,-12.525,2.4359423232184,0.0639164838056764,-12.56,2.3397762397782547,0.0635000952061056,-18.675,2.607550304924894,0.0163967595507112,-18.43,2.6770739222330606,0.0171188663129848,-11.943871245857252,-11.972256235669958,-17.852419719704294,-17.66524999607314,0.55,0.55,0.1272792206135785,9.25,9.25,3.181980515339464,2,True,True,True,True,1.26,40.0,0.2379305222222222,0.1452420600212515,0.3887689529534462,0.13265,2012-07-18,4,Pasture
SMAPVEX12,2012-07-17,13,0.2820069375,0.245225,0.1234360533839114,16,48,15.54355643290152,15.752343,14.47349091815816,16,561392.7416125,5515330.186,561128.9177,561656.9456,5515227.124,5515432.326,325,331.71812598940323,313.07218699517364,493.4706048380647,52119.672,52132.375,-12.08,2.32809572028536,0.0710562821364387,-12.42,2.310895873853055,0.0656654275262597,-18.29,2.447450039164648,0.0173133787533633,-18.06,2.493820142689437,0.0181122510056211,-11.483975197550755,-11.82663223841094,-17.616181700939254,-17.420275718522,0.55,0.55,0.1272792206135785,9.25,9.25,3.181980515339464,2,True,True,True,True,1.26,40.0,0.2379305222222222,0.1452420600212515,0.3887689529534462,0.13265,2012-07-18,1,Pasture
SMAPVEX12,2012-06-22,21,0.344734,0.38583,0.1606800268944463,16,48,20.444589152954894,25.938,14.500568999037014,16,561412.11993125,5513469.003,561148.2961,561676.3239,5513365.941,5513571.143,363,266.8211747796908,256.513893761082,498.2484426902273,48867.688,48882.485,-12.55,2.0286882576571137,0.0629798319939394,-12.37,1.961575550868928,0.0622202167495007,-21.0,2.0495457164061497,0.0089326983941379,-21.03,2.163279557502145,0.0089605575362888,-12.00798502229204,-12.060684803223303,-20.49017329391122,-20.47664967190486,0.89,0.89,0.6363961030678928,5.75,5.75,8.131727983645296,2,True,True,True,True,1.26,40.0,0.2379305222222222,0.2350280607616616,0.2416671869710611,0.3410133333333333,2012-06-24,2,Pasture
SMAPVEX12,2012-06-25,21,0.3134773125,0.3471455,0.1515028307122647,16,48,17.929742828926326,22.336,12.251244584394954,16,561412.11993125,5513469.003,561148.2961,561676.3239,5513365.941,5513571.143,318,294.3409658253204,279.5117802707671,498.4468603214687,49378.015,49390.547,-12.58,1.980240036747744,0.0601099414791397,-12.28,1.8622472873995604,0.0648060874956398,-21.17,2.0497412306804024,0.0089773813586183,-21.07,2.131808525135871,0.0091908746855919,-12.210536948445432,-11.883841971912686,-20.468503256213104,-20.366431553114477,0.89,0.89,0.6363961030678928,5.75,5.75,8.131727983645296,2,True,True,True,True,1.26,40.0,0.2379305222222222,0.2350280607616616,0.2416671869710611,0.3410133333333333,2012-06-24,1,Pasture
SMAPVEX12,2012-06-27,21,0.2749793749999999,0.2558195,0.1713994352732334,16,48,15.032140624760356,15.7645,13.64868082743408,16,561412.11993125,5513469.003,561148.2961,561676.3239,5513365.941,5513571.143,338,279.10068412074213,274.94857594632776,499.9187902770536,49137.125,49150.531,-12.81,2.1021950321233565,0.0587570210910516,-12.675,1.8425627488742573,0.0580016263072259,-20.95,2.1396040772196816,0.0092602835899582,-20.87,2.2346754212652704,0.009489144104689,-12.30940230521551,-12.365598290861646,-20.333757131379272,-20.2277295800198,0.89,0.89,0.6363961030678928,5.75,5.75,8.131727983645296,2,True,True,True,True,1.26,40.0,0.2379305222222222,0.2350280607616616,0.2416671869710611,0.3410133333333333,2012-06-24,3,Pasture
SMAPVEX12,2012-06-29,21,0.2551765625,0.25428,0.1502279881344657,16,48,13.635508361652388,14.7565,10.968272022634194,16,561412.11993125,5513469.003,561148.2961,561676.3239,5513365.941,5513571.143,359,291.4901343567934,286.8270297010671,498.8627385531883,49186.297,49200.61,-13.04,2.0747341820597613,0.0541784846062212,-12.56,1.882785401644344,0.0584848266654251,-21.57,2.0903184080002424,0.0079310276805997,-21.48,2.180979828339656,0.0080759159611642,-12.661731465224886,-12.329567928959571,-21.006705343600537,-20.928082090192035,0.89,0.89,0.6363961030678928,5.75,5.75,8.131727983645296,2,True,True,True,True,1.26,40.0,0.2379305222222222,0.2350280607616616,0.2416671869710611,0.41683,2012-06-30,1,Pasture
SMAPVEX12,2012-07-03,21,0.239200375,0.2236725,0.1764096674935456,16,48,12.558481086742368,12.612,12.703925204275777,16,561412.11993125,5513469.003,561148.2961,561676.3239,5513365.941,5513571.143,357,261.89395467125246,259.3036078670798,498.0002309890901,48790.375,48804.641,-13.16,2.06994798103594,0.054863209865697,-12.64,1.916203599612584,0.0579098124490702,-21.36,2.3309043620308376,0.0084285339644566,-21.36,2.435137388390386,0.0085265351992202,-12.607187868485305,-12.372478416020387,-20.7424795876976,-20.692274107490395,0.89,0.89,0.6363961030678928,5.75,5.75,8.131727983645296,2,True,True,True,True,1.26,40.0,0.2379305222222222,0.2350280607616616,0.2416671869710611,0.41683,2012-06-30,3,Pasture
SMAPVEX12,2012-07-05,21,0.2226156249999999,0.1832335,0.1668304123089772,16,48,11.489572820873272,10.553,11.793730387901022,16,561412.11993125,5513469.003,561148.2961,561676.3239,5513365.941,5513571.143,332,341.10607450365893,344.1925591554608,492.262791456286,51510.985,51525.25,-14.08,2.158966446116941,0.0436800790671962,-13.81,2.1004663472637057,0.0449834969252502,-22.145000000000003,2.231413792381584,0.0069851723093005,-22.04,2.382818313938852,0.0070935369397825,-13.597165841674228,-13.469467864213264,-21.55822876299203,-21.491371653229223,0.89,0.89,0.6363961030678928,5.75,5.75,8.131727983645296,2,True,True,True,True,1.26,40.0,0.2379305222222222,0.2350280607616616,0.2416671869710611,0.4086466666666666,2012-07-09,4,Pasture
SMAPVEX12,2012-07-08,21,0.2133714375,0.1816765,0.1662244039985179,16,48,10.916268195594215,10.1085,11.616595116290888,16,561412.11993125,5513469.003,561148.2961,561676.3239,5513365.941,5513571.143,387,258.53811836823627,254.12630026875468,499.8927971379878,49596.515,49611.921,-12.58,2.038292937969423,0.0595340126962482,-12.83,2.093822902901941,0.0583928623227481,-21.35,2.2670884748422844,0.0087758783115907,-21.23,2.3759488309580714,0.0091694035171618,-12.252348442564678,-12.336402358206886,-20.56709407421845,-20.376589148894915,0.89,0.89,0.6363961030678928,5.75,5.75,8.131727983645296,2,True,True,True,True,1.26,40.0,0.2379305222222222,0.2350280607616616,0.2416671869710611,0.4086466666666666,2012-07-09,1,Pasture
SMAPVEX12,2012-07-10,21,0.2249910714285714,0.2005495,0.1561020398957358,14,42,11.639523434409133,11.0997405,11.040439507258483,16,561412.11993125,5513469.003,561148.2961,561676.3239,5513365.941,5513571.143,354,280.91314108338844,267.4205566072515,499.9979485320652,49202.531,49217.078,-13.18,2.166299324848833,0.0523286357805288,-12.89,2.000602446235873,0.055705402089431,-22.095,2.1808946970705936,0.0071482571253945,-22.06,2.308029374483007,0.0073230446417908,-12.812605872689588,-12.541026866239491,-21.457998341558177,-21.35308318365631,0.89,0.89,0.6363961030678928,5.75,5.75,8.131727983645296,2,True,True,True,True,1.26,40.0,0.2379305222222222,0.2350280607616616,0.2416671869710611,0.4086466666666666,2012-07-09,1,Pasture
SMAPVEX12,2012-07-13,21,0.289492125,0.258419,0.125704003866159,16,48,16.097082161826595,15.0698215,10.383242261402454,16,561412.11993125,5513469.003,561148.2961,561676.3239,5513365.941,5513571.143,389,278.071314671321,262.1153758582437,499.7729255729101,55296.656,55312.094,-12.96,2.3110299524969,0.0555344319777572,-12.78,2.069475207301681,0.0574251513461457,-21.63,2.2254657901656776,0.0077817989042576,-21.52,2.298111069116047,0.0079413743593105,-12.554376658633377,-12.4089785153199,-21.089199963412803,-21.001043306946823,0.89,0.89,0.6363961030678928,5.75,5.75,8.131727983645296,2,True,True,True,True,1.26,40.0,0.2379305222222222,0.2350280607616616,0.2416671869710611,0.4086466666666666,2012-07-09,4,Pasture
SMAPVEX12,2012-07-14,21,0.2051568125,0.152674,0.1305923026956891,16,48,10.420701125511071,8.281,9.325712344328808,16,561412.11993125,5513469.003,561148.2961,561676.3239,5513365.941,5513571.143,347,306.5241694156993,297.383625993489,499.1049287026645,49654.328,49667.968,-12.99,2.130142580791836,0.0569489832826447,-12.91,2.061792620297999,0.0578167326020035,-21.75,2.1329548272871284,0.007432310451394,-21.67,2.2487135241143275,0.0076101668574063,-12.44514025029632,-12.379464552633484,-21.28876157933764,-21.18605820961832,0.89,0.89,0.6363961030678928,5.75,5.75,8.131727983645296,2,True,True,True,True,1.26,40.0,0.2379305222222222,0.2350280607616616,0.2416671869710611,0.5402300000000001,2012-07-18,4,Pasture
SMAPVEX12,2012-07-17,21,0.2774778125,0.2604315,0.1259040077446405,16,48,15.213031210380354,15.369083,9.961257345610674,16,561412.11993125,5513469.003,561148.2961,561676.3239,5513365.941,5513571.143,325,325.10952485393955,305.4580609931579,494.47536233110617,52092.468,52105.172,-11.93,1.9368517164976533,0.0680934798995472,-12.33,2.050178014182808,0.0624858651123701,-20.58,2.110386565724421,0.0098052545776279,-20.34,2.1925724063038605,0.0102061104674179,-11.668944707481812,-12.042182130233446,-20.08541126093722,-19.91139735324736,0.89,0.89,0.6363961030678928,5.75,5.75,8.131727983645296,2,True,True,True,True,1.26,40.0,0.2379305222222222,0.2350280607616616,0.2416671869710611,0.5402300000000001,2012-07-18,1,Pasture
SMAPVEX12,2012-06-22,22,0.357185,0.3293994999999999,0.1482915420460654,16,48,21.483440739071277,19.452,13.318247264561505,16,561501.10103125,5507304.1633125,561237.2772,561765.305,5507201.102,5507406.303,363,266.8170944609088,264.4017199325754,499.11246301185184,48775.641,48790.047,-14.39,1.9682301741453427,0.0391647677416855,-14.47,1.9901150740612272,0.0391855445728575,-22.58,1.7800476593545715,0.0059613257096957,-22.71,1.8827825063888264,0.0058555929974515,-14.071044446046743,-14.06874113337972,-22.24657148920536,-22.32429117247433,1.195,1.195,0.2333452377915607,9.75,9.75,13.788582233137676,2,True,True,True,True,1.26,40.0,0.2379305222222222,0.3155713849552647,0.4097834909509298,0.20913,2012-06-24,2,Pasture
SMAPVEX12,2012-06-25,22,0.3144335,0.3494745,0.1584688072082326,16,48,18.00460701763793,20.982,12.277102301812372,16,561501.10103125,5507304.1633125,561237.2772,561765.305,5507201.102,5507406.303,325,253.32029760680064,242.5516639074764,481.00730810832135,49296.187,49308.89,-15.24,1.9268381798480227,0.0333299572675,-14.37,1.8554137404223745,0.0396457723248241,-23.64,1.6608131322364126,0.0046930794824515,-23.74,1.8131644869647432,0.0046268426578951,-14.77165243150176,-14.018031173978704,-23.28542090471547,-23.34715269026097,1.195,1.195,0.2333452377915607,9.75,9.75,13.788582233137676,2,True,True,True,True,1.26,40.0,0.2379305222222222,0.3155713849552647,0.4097834909509298,0.20913,2012-06-24,1,Pasture
SMAPVEX12,2012-06-27,22,0.3173075,0.3417305,0.1713000294271233,16,48,18.230434414227,20.2375,13.334568568823917,16,561501.10103125,5507304.1633125,561237.2772,561765.305,5507201.102,5507406.303,210,335.0229484436838,361.2269187437694,499.2816857403142,49054.843,49068.156,-14.285,1.7497810617203926,0.039931804166735,-14.89,1.73813357261321,0.0352530128606122,-23.05,1.7317741993172284,0.0054870820298177,-23.065,1.8603003778994307,0.005483647078251,-13.986810674175691,-14.52803760578295,-22.60658547215819,-22.60930503718448,1.195,1.195,0.2333452377915607,9.75,9.75,13.788582233137676,2,True,True,True,True,1.26,40.0,0.2379305222222222,0.3155713849552647,0.4097834909509298,0.20913,2012-06-24,3,Pasture
SMAPVEX12,2012-06-29,22,0.2685706875,0.22396,0.1845836278397838,16,48,14.572881569611026,11.761,14.29497074731763,16,561501.10103125,5507304.1633125,561237.2772,561765.305,5507201.102,5507406.303,283,380.80922564488907,366.17840065678257,499.0940498411561,49095.375,49106.625,-15.71,1.9472012530413043,0.0283481545256935,-15.07,1.8441577659800763,0.0336145685725758,-23.94,1.7455105943662963,0.004302333506503,-24.07,1.9232353588537845,0.0042092879418527,-15.474752085663306,-14.73472458342086,-23.66295927184264,-23.757913647531645,1.195,1.195,0.2333452377915607,9.75,9.75,13.788582233137676,2,True,True,True,True,1.26,40.0,0.2379305222222222,0.3155713849552647,0.4097834909509298,0.1765733333333333,2012-06-30,1,Pasture
SMAPVEX12,2012-07-03,22,0.2736424375,0.3532285,0.191907768512887,16,48,14.935768104278045,21.1885,13.313422760507532,16,561501.10103125,5507304.1633125,561237.2772,561765.305,5507201.102,5507406.303,363,254.22050307215216,250.92564793496533,498.6861456355201,48699.375,48713.781,-15.15,2.0731030107857813,0.0328886087615174,-14.65,1.9684726869110485,0.0360606550154381,-23.73,1.8430275541681944,0.0046166827875637,-23.84,1.9894062742483476,0.0045462196820044,-14.829544974500068,-14.42966388900174,-23.35669964812821,-23.423495821664496,1.195,1.195,0.2333452377915607,9.75,9.75,13.788582233137676,2,True,True,True,True,1.26,40.0,0.2379305222222222,0.3155713849552647,0.4097834909509298,0.1765733333333333,2012-06-30,3,Pasture
SMAPVEX12,2012-07-05,22,0.2869848125,0.272428,0.1815597266882053,16,48,15.910667291655203,14.9525,13.634668644671931,16,561501.10103125,5507304.1633125,561237.2772,561765.305,5507201.102,5507406.303,403,281.7184090326814,274.961477708361,499.2900763330396,51406.0,51422.188,-15.34,2.129212350352263,0.0312242993647158,-15.4,1.9777411635801536,0.0312225027271881,-23.58,1.962336098089624,0.004735099157177,-23.64,2.176593448722835,0.0047214373881687,-15.055072978842215,-15.05532287787254,-23.24670922053756,-23.2592576519695,1.195,1.195,0.2333452377915607,9.75,9.75,13.788582233137676,2,True,True,True,True,1.26,40.0,0.2379305222222222,0.3155713849552647,0.4097834909509298,0.1765733333333333,2012-06-30,5,Pasture
SMAPVEX12,2012-07-08,22,0.2430685625,0.217336,0.1756374970230707,16,48,12.815064237872535,11.346,12.194555563857175,16,561501.10103125,5507304.1633125,561237.2772,561765.305,5507201.102,5507406.303,241,218.97435783698828,207.96420410488005,498.5568693696724,49500.531,49509.984,-15.63,2.082192287800248,0.0293614789527608,-15.25,1.9698700134745344,0.0329827205196908,-24.34,1.9312179605635704,0.0040861582542384,-24.35,2.122496335690772,0.0040745965872647,-15.322220725691055,-14.817135252239112,-23.886848174364246,-23.899153828988663,1.195,1.195,0.2333452377915607,9.75,9.75,13.788582233137676,2,True,True,True,True,1.26,40.0,0.2379305222222222,0.3155713849552647,0.4097834909509298,0.1765733333333333,2012-06-30,8,Pasture
SMAPVEX12,2012-07-10,22,0.22420775,0.201949,0.1910538259120537,16,43,11.58995826518179,10.4324415,12.91639010364323,16,561501.10103125,5507304.1633125,561237.2772,561765.305,5507201.102,5507406.303,325,324.9716560502045,308.9079084664851,490.7233345201861,49110.234,49122.937,-15.71,1.9035035314406503,0.0286243188104576,-15.18,1.9031626015501724,0.0319711783787418,-24.43,1.7225971177293593,0.0038189538196533,-24.51,1.89532415246706,0.0037732193792593,-15.432648396871452,-14.95241356410393,-24.180555932608712,-24.232879436905996,1.195,1.195,0.2333452377915607,9.75,9.75,13.788582233137676,2,True,True,True,True,1.26,40.0,0.2379305222222222,0.3155713849552647,0.4097834909509298,0.2944066666666666,2012-07-16,6,Pasture
SMAPVEX12,2012-07-13,22,0.2981209375,0.275796,0.1368569781664877,16,48,16.746204629463186,15.201957,10.79753042141358,16,561501.10103125,5507304.1633125,561237.2772,561765.305,5507201.102,5507406.303,390,252.45706426066712,252.8564878567706,498.3358523884101,55197.875,55213.719,-14.57,2.016435224294667,0.0387824241937429,-15.13,2.025741586111078,0.0337504039442785,-23.55,1.9603649776744236,0.0048366044740773,-23.575,2.1029294212631218,0.0048329895992555,-14.113650477312552,-14.717210249152869,-23.154594267213472,-23.157841394753923,1.195,1.195,0.2333452377915607,9.75,9.75,13.788582233137676,2,True,True,True,True,1.26,40.0,0.2379305222222222,0.3155713849552647,0.4097834909509298,0.2944066666666666,2012-07-16,3,Pasture
SMAPVEX12,2012-07-14,22,0.2761891875,0.2103285,0.142098946314751,16,48,15.119604318626504,10.9059135,10.759025725079418,16,561501.10103125,5507304.1633125,561237.2772,561765.305,5507201.102,5507406.303,350,308.53415513967013,289.9627805923941,477.51119305798943,49558.578,49572.281,-15.13,2.063718414768935,0.0328497244602316,-14.63,2.09397248225639,0.0360639866825307,-23.915,1.8825296166793728,0.0044577194149452,-23.955,2.0538514644209824,0.0044556392689918,-14.834682689018504,-14.429262660073372,-23.50887271067971,-23.5108997713143,1.195,1.195,0.2333452377915607,9.75,9.75,13.788582233137676,2,True,True,True,True,1.26,40.0,0.2379305222222222,0.3155713849552647,0.4097834909509298,0.2944066666666666,2012-07-16,2,Pasture
SMAPVEX12,2012-07-17,22,0.3019834375,0.317172,0.1385195662058703,16,48,17.040522289932365,18.5162905,10.62571037484969,16,561501.10103125,5507304.1633125,561237.2772,561765.305,5507201.102,5507406.303,316,320.4125461014017,311.4646172135078,499.95795241655054,52003.281,52016.14,-13.165,2.13626504850036,0.0510424195981806,-14.29,1.897404219652384,0.0402248774239478,-21.87,1.927049742551352,0.0071771848714947,-21.81,2.0169513954195404,0.0073397232857371,-12.9206874664521,-13.95505270639354,-21.440458669715348,-21.34320313073404,1.195,1.195,0.2333452377915607,9.75,9.75,13.788582233137676,2,True,True,True,True,1.26,40.0,0.2379305222222222,0.3155713849552647,0.4097834909509298,0.2944066666666666,2012-07-16,1,Pasture
SMAPVEX12,2012-06-22,31,0.4737179375,0.472337,0.0264706092977821,16,48,32.045542383846225,42.6944985,4.28222557018225,16,573510.7135375,5510496.8905625,573409.618,573612.1739,5510233.431,5510759.964,317,241.77596632252644,250.62841692799051,481.56259323803056,49402.328,49415.031,-10.67,4.57341065199858,0.1707841222546862,-12.8,2.3947247429834584,0.0594099771591181,-24.01,2.10487923820708,0.0045135961361654,-24.15,2.3828576038405007,0.0044670063243124,-7.675525079895581,-12.261406145930293,-23.454773029635064,-23.49983432660903,0.595,0.595,0.1484924240491749,7.25,7.25,1.7677669529663689,2,True,True,True,True,1.26,40.0,0.2379305222222222,0.1571255012957176,0.3047108009635119,2.1129,2012-06-21,1,Wheat
SMAPVEX12,2012-06-25,31,0.3803818124999999,0.3798405,0.0315959731362901,16,48,23.470956634072643,28.9815,4.279069672545657,16,573510.7135375,5510496.8905625,573409.618,573612.1739,5510233.431,5510759.964,300,390.8110803209547,379.8666126574936,496.0455678215556,49942.562,49954.265,-10.66,4.041876199329012,0.13325620585683,-14.35,2.467241404087237,0.0424557062704337,-24.555,2.115106176060419,0.0039901097931967,-24.695,2.3868613356612225,0.0039637153592091,-8.753125563605451,-13.7206393003222,-23.99015153956491,-24.01897540453993,0.595,0.595,0.1484924240491749,7.25,7.25,1.7677669529663689,2,True,True,True,True,1.26,40.0,0.2379305222222222,0.1571255012957176,0.3047108009635119,4.259843333333333,2012-06-28,3,Wheat
SMAPVEX12,2012-06-27,31,0.3676150625,0.367969,0.0302545393827521,16,48,22.36894073536286,27.411,3.9847614226993993,16,573510.7135375,5510496.8905625,573409.618,573612.1739,5510233.431,5510759.964,150,364.9663257571326,362.0286952070014,499.7093843316584,49779.172,49784.828,-13.115,3.7372834796956806,0.0818525633911296,-15.945,2.287471141613298,0.0277510537957513,-25.265,2.024343375741449,0.0033889713857536,-25.365,2.406377470896551,0.0033611127750627,-10.869677151623607,-15.56720520685795,-24.699320980442277,-24.735169154490706,0.595,0.595,0.1484924240491749,7.25,7.25,1.7677669529663689,2,True,True,True,True,1.26,40.0,0.2379305222222222,0.1571255012957176,0.3047108009635119,4.259843333333333,2012-06-28,1,Wheat
SMAPVEX12,2012-07-05,31,0.2680955625,0.259038,0.0306577819875449,16,48,14.53910709293189,15.0615,3.1396882541636733,16,573510.7135375,5510496.8905625,573409.618,573612.1739,5510233.431,5510759.964,222,365.2015819236589,367.6540378233696,499.9755865617885,52134.156,52145.75,-13.41,3.6093832980980234,0.0690685113381908,-15.36,2.481538484441782,0.0344278291692794,-24.355,2.05043564881334,0.0040905797380684,-24.515,2.263791536287478,0.0040473720555765,-11.607199044191669,-14.630903606681327,-23.882151371756297,-23.928268711565156,0.595,0.595,0.1484924240491749,7.25,7.25,1.7677669529663689,2,True,True,True,True,1.26,40.0,0.2379305222222222,0.1571255012957176,0.3047108009635119,2.714636666666667,2012-07-07,2,Wheat
SMAPVEX12,2012-07-08,31,0.224907,0.214324,0.0473045076104451,16,48,11.63419821709784,11.06,4.324346955996169,16,573510.7135375,5510496.8905625,573409.618,573612.1739,5510233.431,5510759.964,322,266.19173799214514,250.9507207436,489.8806112420106,50220.203,50232.828,-14.695,2.7799694993593165,0.0408792076700638,-16.375,2.244534125757586,0.0259700396273268,-26.15,1.9888278221385824,0.0027619504610399,-26.315,2.318442150652231,0.0026511072570686,-13.88497530384446,-15.85527387686205,-25.58784115290308,-25.76572701459375,0.595,0.595,0.1484924240491749,7.25,7.25,1.7677669529663689,2,True,True,True,True,1.26,40.0,0.2379305222222222,0.1571255012957176,0.3047108009635119,2.714636666666667,2012-07-07,1,Wheat
SMAPVEX12,2012-07-10,31,0.2074108124999999,0.1964445,0.0467342805889049,16,48,10.555362586667723,9.6255,4.244310136327615,16,573510.7135375,5510496.8905625,573409.618,573612.1739,5510233.431,5510759.964,338,279.5134137623917,265.71599519455174,498.974574891426,49768.625,49782.031,-14.67,3.4137772322838837,0.0506725047167762,-16.285,2.528063449007031,0.0276863034262924,-25.755000000000003,2.091399740227091,0.0029969867851862,-25.98,2.4311333675418143,0.0029554946358825,-12.952276282179165,-15.57735025790433,-25.233151720137684,-25.29369824543388,0.595,0.595,0.1484924240491749,7.25,7.25,1.7677669529663689,2,True,True,True,True,1.26,40.0,0.2379305222222222,0.1571255012957176,0.3047108009635119,2.714636666666667,2012-07-07,3,Wheat
SMAPVEX12,2012-07-14,31,0.3862963125,0.3911354999999999,0.0330461011855029,16,48,23.988010552438993,30.5115,4.427191965098568,16,573510.7135375,5510496.8905625,573409.618,573612.1739,5510233.431,5510759.964,223,344.2690390108869,350.09645831535806,488.8991753377027,50193.703,50204.312,-11.41,4.635906734693594,0.1270963790559247,-13.3,2.879631077483187,0.0622073637772284,-22.68,2.1118220446813702,0.0059764909265458,-22.62,2.227410862958599,0.006085595778708,-8.958668222109942,-12.061582027927042,-22.23553735501071,-22.15696898002617,0.595,0.595,0.1484924240491749,7.25,7.25,1.7677669529663689,2,True,True,True,True,1.26,40.0,0.2379305222222222,0.1571255012957176,0.3047108009635119,3.4253866666666664,2012-07-16,2,Wheat
SMAPVEX12,2012-07-19,31,0.353455375,0.342502,0.034124514890569,16,48,21.17014275619442,24.1955,4.448872139842488,16,573510.7135375,5510496.8905625,573409.618,573612.1739,5510233.431,5510759.964,227,426.7109856471207,421.7794484325552,499.8749314986114,50786.266,50795.344,-11.59,3.3644985477131986,0.0947870260218586,-13.36,2.510682487406771,0.0543162015659481,-23.35,2.6254344060432886,0.0056081793990954,-23.27,2.67611855748253,0.0056617255931839,-10.232511026694295,-12.650706086949413,-22.511781022469897,-22.4705118340856,0.595,0.595,0.1484924240491749,7.25,7.25,1.7677669529663689,2,True,True,True,True,1.26,40.0,0.2379305222222222,0.1571255012957176,0.3047108009635119,3.4253866666666664,2012-07-16,3,Wheat
SMAPVEX12,2012-06-22,32,0.4634875625,0.471958,0.0427468463085777,16,48,31.067491180902312,40.5355,5.437080734793872,16,573509.005225,5511378.3435625,573406.939,573611.9635,5511114.559,5511642.509,100,282.5541085621546,283.79729334622937,412.2724609628544,49398.297,49401.938,-15.425,1.8827059266015511,0.0307008877711786,-15.57,2.001618221602337,0.0311787684057232,-25.465,1.6698360017460614,0.0030424755263826,-25.785,1.884749266608107,0.0028727324287023,-15.128490659381375,-15.06141043899014,-25.167729065407,-25.417048230681495,1.315,1.315,0.4454772721475248,16.25,16.25,10.253048327204938,2,True,True,True,True,1.26,40.0,0.2379305222222222,0.3472605616871741,0.6829724849182164,3.680826666666667,2012-06-24,2,Wheat
SMAPVEX12,2012-06-25,32,0.386946875,0.3917355,0.0376327793833602,16,48,24.045129296259763,30.731,4.166915789885848,16,573509.005225,5511378.3435625,573406.939,573611.9635,5511114.559,5511642.509,261,434.326051478121,430.8328864441121,499.12041028554665,49928.453,49938.781,-16.5,2.128553892678026,0.0239306376442541,-17.24,2.199759704745201,0.0210564254609582,-26.45,1.5419477245178874,0.0023890113986135,-27.0,1.898206964927062,0.002167953766096,-16.21045729230626,-16.76615352729908,-26.21781778109835,-26.639499838234496,1.315,1.315,0.4454772721475248,16.25,16.25,10.253048327204938,2,True,True,True,True,1.26,40.0,0.2379305222222222,0.3472605616871741,0.6829724849182164,3.680826666666667,2012-06-24,1,Wheat
SMAPVEX12,2012-06-27,32,0.3526133333333334,0.343231,0.02987661935918,3,9,21.099657211686143,25.464,3.1904490801975403,16,573509.005225,5511378.3435625,573406.939,573611.9635,5511114.559,5511642.509,300,237.6109827943457,226.44692143989045,441.701815325679,49759.016,49770.719,-16.2,2.126108360959478,0.0256444110722415,-17.43,2.13627217038307,0.0199073093861379,-26.84,1.551296828301512,0.0022101457332923,-27.29,1.8298258931742952,0.0020274702886415,-15.91007270121822,-17.009874339814527,-26.55579088723033,-26.930455013947675,1.315,1.315,0.4454772721475248,16.25,16.25,10.253048327204938,2,True,True,True,True,1.26,40.0,0.2379305222222222,0.3472605616871741,0.6829724849182164,3.680826666666667,2012-06-24,3,Wheat
SMAPVEX12,2012-07-05,32,0.1852736875,0.1887685,0.0266015425084555,16,48,9.276896664674767,11.989,1.8090807564432645,16,573509.005225,5511378.3435625,573406.939,573611.9635,5511114.559,5511642.509,254,319.8275293254936,314.42062134629657,499.2503628728514,52123.594,52134.141,-17.88,1.846378040543274,0.0173240238712281,-18.83,1.9261172676328,0.0140215907035503,-26.93,1.5338245512060822,0.002069012487582,-27.520000000000003,1.8530728895157549,0.0018664710254895,-17.61351226515993,-18.532027142875947,-26.842368881300157,-27.28978747536581,1.315,1.315,0.4454772721475248,16.25,16.25,10.253048327204938,2,True,True,True,True,1.26,40.0,0.2379305222222222,0.3472605616871741,0.6829724849182164,3.2641899999999997,2012-07-09,4,Wheat
SMAPVEX12,2012-07-08,32,0.1638465,0.165757,0.0384174458495095,16,48,8.13587076454502,10.4135,2.4979615823039927,16,573509.005225,5511378.3435625,573406.939,573611.9635,5511114.559,5511642.509,228,192.62496563558983,173.06774707840003,446.8433342257614,50211.047,50220.172,-19.115,2.057126630641806,0.0135986878035171,-19.715,1.9333392778290464,0.0111765767216357,-28.235,1.2451733935039946,0.0015631560305914,-28.91,1.6488450149418397,0.0013425582936675,-18.66502996569921,-19.51691196321064,-28.059976695542183,-28.720668482217057,1.315,1.315,0.4454772721475248,16.25,16.25,10.253048327204938,2,True,True,True,True,1.26,40.0,0.2379305222222222,0.3472605616871741,0.6829724849182164,3.2641899999999997,2012-07-09,1,Wheat
SMAPVEX12,2012-07-10,32,0.1634116874999999,0.1593149999999999,0.0334530303155907,16,48,8.11373059737065,9.9895,2.252088808195627,16,573509.005225,5511378.3435625,573406.939,573611.9635,5511114.559,5511642.509,286,254.5889855788143,234.5744144224853,459.3307233426821,49757.266,49768.594,-19.56,2.0068571872069496,0.0117787879345214,-20.69,1.9628518170130584,0.0095352556205741,-28.73,1.3708734516233083,0.0014416669542553,-29.475,1.7574134569426494,0.0012354771126556,-19.288993971916742,-20.20667659920886,-28.41135056284249,-29.08165295538668,1.315,1.315,0.4454772721475248,16.25,16.25,10.253048327204938,2,True,True,True,True,1.26,40.0,0.2379305222222222,0.3472605616871741,0.6829724849182164,3.2641899999999997,2012-07-09,1,Wheat
SMAPVEX12,2012-07-13,32,0.39665925,0.4012715,0.057471880156589,16,48,24.90352956329086,31.824,6.474635226533358,16,573509.005225,5511378.3435625,573406.939,573611.9635,5511114.559,5511642.509,87,273.7865545266964,278.5397006221468,384.51793326160526,55837.687,55840.984,-16.64,1.872382649715426,0.0239015965272285,-16.54,1.8916428990495875,0.0227982839481302,-23.48,1.4438770703860246,0.0047392778133755,-23.54,1.6119426567267356,0.0047134440451136,-16.21573089018048,-16.420978415919013,-23.24287832495021,-23.26661644208449,1.315,1.315,0.4454772721475248,16.25,16.25,10.253048327204938,2,True,True,True,True,1.26,40.0,0.2379305222222222,0.3472605616871741,0.6829724849182164,3.2702333333333335,2012-07-16,3,Wheat
SMAPVEX12,2012-07-14,32,0.321295,0.321336,0.0545885951898379,16,48,18.545750795572175,23.2495,5.378644884711513,16,573509.005225,5511378.3435625,573406.939,573611.9635,5511114.559,5511642.509,209,279.1336628747155,265.32261576535706,414.0917654686255,50183.047,50191.687,-17.36,2.020003250069356,0.0191970356251175,-18.03,1.77890861054795,0.0168286170361685,-24.42,1.7288551119627509,0.003755517954026,-24.48,1.893922266932743,0.0037226997760803,-17.16765829163566,-17.739515725707594,-24.25330157444712,-24.2914198684072,1.315,1.315,0.4454772721475248,16.25,16.25,10.253048327204938,2,True,True,True,True,1.26,40.0,0.2379305222222222,0.3472605616871741,0.6829724849182164,3.2702333333333335,2012-07-16,2,Wheat
SMAPVEX12,2012-07-17,32,0.3855686875,0.3910825,0.0409441105455046,16,48,23.92418307663829,30.6565,4.546241949401726,16,573509.005225,5511378.3435625,573406.939,573611.9635,5511114.559,5511642.509,17,386.2905061825917,396.0821168711399,407.7478207250612,52638.187,52638.984,-15.65,1.9668113938106853,0.0317108041933702,-16.88,1.937604646130341,0.0216773138428312,-22.16,1.4248423545410616,0.0058359609306983,-22.19,1.427152914433654,0.0057982587849353,-14.987927440241748,-16.639945346572592,-22.33887624187588,-22.36702405338157,1.315,1.315,0.4454772721475248,16.25,16.25,10.253048327204938,2,True,True,True,True,1.26,40.0,0.2379305222222222,0.3472605616871741,0.6829724849182164,3.2702333333333335,2012-07-16,1,Wheat
SMAPVEX12,2012-07-19,32,0.3240685625,0.312082,0.0572467794447498,16,48,18.76642682163563,22.3435,5.83352769771431,16,573509.005225,5511378.3435625,573406.939,573611.9635,5511114.559,5511642.509,241,416.5344212053617,403.59432032447774,499.7623803070297,50773.328,50783.157,-18.61,1.89170855450482,0.014858578217265,-18.02,2.1456059347208343,0.0170579603429227,-24.83,1.6204266701585095,0.0034846460432136,-24.78,1.6646941162542637,0.0035463350555577,-18.28022745214581,-17.68072899591165,-24.578413292693043,-24.502202349207533,1.315,1.315,0.4454772721475248,16.25,16.25,10.253048327204938,2,True,True,True,True,1.26,40.0,0.2379305222222222,0.3472605616871741,0.6829724849182164,3.2702333333333335,2012-07-16,3,Wheat
SMAPVEX12,2012-06-22,41,0.428583875,0.4285055,0.0249809952267051,16,48,27.795578800926545,36.596500000000006,3.5214968970358806,16,573590.41789375,5505797.641125,573489.3223,573691.8783,5505534.182,5506060.714,265,206.2103495656948,209.42481193022903,498.4977407120676,49467.844,49478.938,-10.12,3.71822263719642,0.1573153837966016,-10.63,2.6736748816534237,0.1024885947573481,-20.84,2.3096861382394653,0.0090273040183303,-20.9,2.442178904503295,0.0091092021945444,-8.032288058491003,-9.893244615306044,-20.444419312790444,-20.40519657898505,1.135,1.135,0.388908729652601,8.5,8.5,4.242640687119285,2,True,True,True,True,1.26,40.0,0.2379305222222222,0.29972679658931,0.3572471459572209,4.9001633333333325,2012-06-21,1,Winter Wheat
SMAPVEX12,2012-06-25,41,0.3687533125,0.374876,0.0384577978997216,16,48,22.466394848914877,29.4105,4.785452278860776,16,573590.41789375,5505797.641125,573489.3223,573691.8783,5505534.182,5506060.714,313,308.0825332721381,289.65710337576115,499.1735704964817,50018.156,50030.578,-11.1,3.535179252111042,0.1213780291136127,-12.19,2.7447743259125,0.0712487483890624,-21.76,2.7733181555298683,0.0082018660749595,-21.8,2.9452399364673174,0.0083404198970201,-9.15859918683018,-11.472227604071437,-20.86087326414164,-20.788120843300867,1.135,1.135,0.388908729652601,8.5,8.5,4.242640687119285,2,True,True,True,True,1.26,40.0,0.2379305222222222,0.29972679658931,0.3572471459572209,4.75828,2012-06-28,3,Winter Wheat
SMAPVEX12,2012-06-27,41,0.3237301875,0.305483,0.053767875228267,16,48,18.739445259648726,21.2745,6.3294186828254615,16,573590.41789375,5505797.641125,573489.3223,573691.8783,5505534.182,5506060.714,295,311.11720580201336,293.0107876480692,499.82375827961846,49843.063,49855.094,-11.12,3.69095332862867,0.1317682478400857,-13.13,2.334261292639048,0.0565928677152404,-22.01,2.530371767574871,0.0072183987395922,-21.94,2.70768958427936,0.0073079718049971,-8.801892289617859,-12.472382986190222,-21.41559131472737,-21.362031368747516,1.135,1.135,0.388908729652601,8.5,8.5,4.242640687119285,2,True,True,True,True,1.26,40.0,0.2379305222222222,0.29972679658931,0.3572471459572209,4.75828,2012-06-28,1,Winter Wheat
SMAPVEX12,2012-07-05,41,0.271905125,0.2779865,0.0474361647984249,16,48,14.810978385069474,18.4145,4.6586265890102565,16,573590.41789375,5505797.641125,573489.3223,573691.8783,5505534.182,5506060.714,108,275.89687215715765,236.56586708549165,481.754314957308,52201.063,52211.313,-11.915,3.648910049355369,0.1177282648215112,-12.67,2.596005363506021,0.062680575577644,-21.575,2.1933606252661635,0.0078609958052544,-21.565,2.323834833488243,0.0079485247529143,-9.29119256932756,-12.028670241841908,-21.045224354702903,-20.99713468968849,1.135,1.135,0.388908729652601,8.5,8.5,4.242640687119285,2,True,True,True,True,1.26,40.0,0.2379305222222222,0.29972679658931,0.3572471459572209,2.14875,2012-07-07,2,Winter Wheat
SMAPVEX12,2012-07-08,41,0.2368109375,0.2022145,0.0723518895311599,16,48,12.401344178151819,11.6015,6.743483995371631,16,573590.41789375,5505797.641125,573489.3223,573691.8783,5505534.182,5506060.714,288,251.5984233288397,241.53922428316383,499.85023762477147,50287.735,50299.141,-12.18,3.923744189788495,0.1024558035355854,-14.43,2.619200996459204,0.0421818027943377,-23.48,2.4515312415963697,0.0052749646624002,-23.36,2.7642352967491104,0.0053144391215719,-9.894634362662554,-13.748748630293996,-22.777804454096007,-22.74542563550797,1.135,1.135,0.388908729652601,8.5,8.5,4.242640687119285,2,True,True,True,True,1.26,40.0,0.2379305222222222,0.29972679658931,0.3572471459572209,2.14875,2012-07-07,1,Winter Wheat
SMAPVEX12,2012-07-10,41,0.1827173125,0.1845399999999999,0.0460143170425883,16,48,9.135691006729623,10.2375,3.6546362512795536,16,573590.41789375,5505797.641125,573489.3223,573691.8783,5505534.182,5506060.714,293,246.36650444952025,227.81736860885468,498.5819945612335,49838.11,49850.0,-13.79,3.2692101720305966,0.0573067448725292,-14.58,2.599177598331164,0.0422237975366278,-23.62,2.82911425872059,0.0053975756768005,-23.7,3.086377588125784,0.0054824602939811,-12.417942595591338,-13.74442709563778,-22.67801259917956,-22.610245049613944,1.135,1.135,0.388908729652601,8.5,8.5,4.242640687119285,2,True,True,True,True,1.26,40.0,0.2379305222222222,0.29972679658931,0.3572471459572209,2.14875,2012-07-07,3,Winter Wheat
SMAPVEX12,2012-07-14,41,0.267918125,0.247856,0.071843230068323,16,48,14.52650362723002,15.521,7.391529135605162,16,573590.41789375,5505797.641125,573489.3223,573691.8783,5505534.182,5506060.714,271,237.46154139328084,229.6503383015724,499.74547255582695,50258.219,50268.828,-10.71,3.3635245832275715,0.1134995030824068,-12.19,2.4409638105012066,0.0683680395585633,-22.07,2.638249275067156,0.0072637082734364,-21.96,2.798181517199703,0.0074630251775174,-9.450060398721016,-11.651468732388375,-21.38841606362096,-21.27085093226388,1.135,1.135,0.388908729652601,8.5,8.5,4.242640687119285,2,True,True,True,True,1.26,40.0,0.2379305222222222,0.29972679658931,0.3572471459572209,2.26942,2012-07-16,2,Winter Wheat
SMAPVEX12,2012-07-17,41,0.41100525,0.4060915,0.0350566578279599,16,48,26.19022590092647,33.5,4.935971243500784,16,573590.41789375,5505797.641125,573489.3223,573691.8783,5505534.182,5506060.714,97,363.3923606856565,342.81262218848923,477.8203898146836,52716.406,52726.984,-10.51,3.932251913558421,0.1392593123198551,-11.8,2.25283709065806,0.0707894538460446,-21.77,2.2738508624897453,0.0072191826987763,-21.46,2.5639103863185557,0.0074645884395864,-8.561757537563716,-11.500314383218642,-21.415119671814765,-21.26994132124334,1.135,1.135,0.388908729652601,8.5,8.5,4.242640687119285,2,True,True,True,True,1.26,40.0,0.2379305222222222,0.29972679658931,0.3572471459572209,2.26942,2012-07-16,1,Winter Wheat
SMAPVEX12,2012-07-19,41,0.2541735555555555,0.251191,0.0345350590274257,9,27,13.56656070812659,15.826,3.2589070424163857,16,573590.41789375,5505797.641125,573489.3223,573691.8783,5505534.182,5506060.714,167,467.8903659446146,467.06021604353145,499.7539848870501,50854.578,50861.032,-10.78,2.7575440252686825,0.0989746329991275,-13.29,2.228413620391241,0.0582315181621957,-23.24,2.6406917431210006,0.0060634398932201,-22.89,2.706268830307077,0.0061449768454361,-10.04476099949582,-12.348418871911427,-22.17280923226683,-22.114797492166257,1.135,1.135,0.388908729652601,8.5,8.5,4.242640687119285,2,True,True,True,True,1.26,40.0,0.2379305222222222,0.29972679658931,0.3572471459572209,2.26942,2012-07-16,3,Winter Wheat
SMAPVEX12,2012-06-22,42,0.4664424375,0.470325,0.0383411384580909,16,48,31.34916088625847,38.131,4.512215669712608,16,573586.26371875,5506454.9670625,573484.1975,573689.222,5506191.182,5506719.132,275,213.77419580380757,204.14214755270748,493.1259438329029,49456.766,49467.453,-14.51,1.9931758208164836,0.0380017258061889,-15.08,2.070951944445931,0.0349814597102872,-23.3,1.864719820231135,0.0052408184528725,-23.32,1.9807684526229807,0.005114260060648,-14.201966799335745,-14.561620721902148,-22.806008844266323,-22.912171918292845,1.005,1.005,0.0212132034355963,11.5,11.5,9.899494936611664,2,True,True,True,True,1.26,40.0,0.2379305222222222,0.2653968551297414,0.4833343739421223,2.1016266666666668,2012-06-24,2,Winter Wheat
SMAPVEX12,2012-06-25,42,0.41100925,0.4130625,0.0476232652954414,16,48,26.190587677020897,31.5722605,5.231652262676324,16,573586.26371875,5506454.9670625,573484.1975,573689.222,5506191.182,5506719.132,314,304.5031392025589,286.1090767885472,498.8394313195557,50005.344,50017.765,-15.86,2.154142887918858,0.0277650740728665,-16.56,2.238704052899928,0.0242459472129688,-24.45,1.8745475575215875,0.0038619139700049,-24.685,2.098243672073644,0.0037577398536439,-15.565011635602495,-16.153608446963226,-24.131974050176005,-24.25073289173648,1.005,1.005,0.0212132034355963,11.5,11.5,9.899494936611664,2,True,True,True,True,1.26,40.0,0.2379305222222222,0.2653968551297414,0.4833343739421223,2.1016266666666668,2012-06-24,1,Winter Wheat
SMAPVEX12,2012-06-27,42,0.344892125,0.352862,0.0521467193282226,8,24,20.457654615815336,25.2955,4.957386622505854,16,573586.26371875,5506454.9670625,573484.1975,573689.222,5506191.182,5506719.132,284,321.5541192057173,305.8572360943806,498.9633312812401,49831.75,49843.047,-16.47,2.197319418356777,0.02531395522086,-17.115000000000002,2.0675263987662618,0.0213756182337435,-25.425,1.6920279243381775,0.0030586634020882,-25.585,1.929351197204384,0.0029348802407184,-15.966399924793436,-16.70081315588303,-25.14468313358213,-25.324096156621195,1.005,1.005,0.0212132034355963,11.5,11.5,9.899494936611664,2,True,True,True,True,1.26,40.0,0.2379305222222222,0.2653968551297414,0.4833343739421223,2.1016266666666668,2012-06-24,3,Winter Wheat
SMAPVEX12,2012-07-05,42,0.2397815,0.228054,0.055388994810642,16,48,12.596854951210595,14.533,4.2961856570683725,16,573586.26371875,5506454.9670625,573484.1975,573689.222,5506191.182,5506719.132,270,295.41252597029103,275.21743802284504,499.5449495248316,52190.11,52201.031,-15.79,1.971326227407424,0.0290196214295264,-16.025,2.1874588018779364,0.028691304655093,-24.68,1.7936037609596631,0.0036193357444661,-24.82,2.038886529536386,0.003532021659149,-15.37308257375198,-15.422497030044315,-24.41371128081155,-24.519766418951264,1.005,1.005,0.0212132034355963,11.5,11.5,9.899494936611664,2,True,True,True,True,1.26,40.0,0.2379305222222222,0.2653968551297414,0.4833343739421223,3.12719,2012-07-09,4,Winter Wheat
SMAPVEX12,2012-07-08,42,0.234635625,0.23205,0.0628998856468224,16,47,12.259197308630167,14.8315,4.751271603476274,16,573586.26371875,5506454.9670625,573484.1975,573689.222,5506191.182,5506719.132,278,239.62971219931964,226.97197705080495,470.788080425053,50276.563,50287.719,-18.225,1.9488460484880477,0.016685836758289,-18.32,1.914579143745462,0.0163346453177335,-26.795,1.6498231475528464,0.0023019878996911,-27.135,1.9535471152379933,0.0021386398173517,-17.776520095428644,-17.86890291137946,-26.37896963552082,-26.69862351710941,1.005,1.005,0.0212132034355963,11.5,11.5,9.899494936611664,2,True,True,True,True,1.26,40.0,0.2379305222222222,0.2653968551297414,0.4833343739421223,3.12719,2012-07-09,1,Winter Wheat
SMAPVEX12,2012-07-10,42,0.1444893125,0.155739,0.0538092101158884,16,47,7.190448576546559,9.6675,3.123689538397129,16,573586.26371875,5506454.9670625,573484.1975,573689.222,5506191.182,5506719.132,291,249.66257791977512,233.05767131616105,498.856211421094,49826.235,49838.094,-18.65,2.050662591367271,0.0147700594435403,-18.65,1.9077226580445568,0.0150957986119987,-27.53,1.595229270705887,0.0018968644296312,-28.09,1.91786944830996,0.0017136825495832,-18.30617756824163,-18.21143906581935,-27.21963707364916,-27.66069625664307,1.005,1.005,0.0212132034355963,11.5,11.5,9.899494936611664,2,True,True,True,True,1.26,40.0,0.2379305222222222,0.2653968551297414,0.4833343739421223,3.12719,2012-07-09,1,Winter Wheat
SMAPVEX12,2012-07-13,42,0.4471276875,0.4591155,0.0788479932407656,16,48,29.52076632918621,36.813500000000005,8.77821871998148,16,573586.26371875,5506454.9670625,573484.1975,573689.222,5506191.182,5506719.132,196,250.88386873630563,209.8368219955485,499.9213904217242,55899.281,55906.828,-15.92,1.985246847240748,0.0286870386158544,-15.0,1.845399124251038,0.0331845611813895,-24.435,1.7844189316413923,0.0038583915855502,-24.635,1.928389523370772,0.0037796493432791,-15.423142819796594,-14.79063920910627,-24.135936982023573,-24.22548489936044,1.005,1.005,0.0212132034355963,11.5,11.5,9.899494936611664,2,True,True,True,True,1.26,40.0,0.2379305222222222,0.2653968551297414,0.4833343739421223,2.880786666666667,2012-07-16,3,Winter Wheat
SMAPVEX12,2012-07-14,42,0.3444735625,0.3707255,0.0848095564897956,16,48,20.42307714008573,27.0775,7.845676898511264,16,573586.26371875,5506454.9670625,573484.1975,573689.222,5506191.182,5506719.132,203,242.8663328281201,244.0958196498411,429.6419010655988,50248.062,50258.187,-16.56,1.693814090951584,0.0232536078393225,-16.45,1.8108394547282127,0.0245731910500872,-25.41,1.6130431620685766,0.0030749522162686,-25.44,1.8279725173979744,0.0029906946024922,-16.335096559717847,-16.095384428093947,-25.12161628627456,-25.24227933081724,1.005,1.005,0.0212132034355963,11.5,11.5,9.899494936611664,2,True,True,True,True,1.26,40.0,0.2379305222222222,0.2653968551297414,0.4833343739421223,2.880786666666667,2012-07-16,2,Winter Wheat
SMAPVEX12,2012-07-17,42,0.4780943125,0.483753,0.056636932632007,16,48,32.46632928835147,39.7655,6.808471996649957,16,573586.26371875,5506454.9670625,573484.1975,573689.222,5506191.182,5506719.132,126,273.9614622309689,259.7575530791538,471.3171043522764,52705.328,52716.015,-15.885,1.837573493185277,0.0276483533833215,-15.2,1.9947526019176272,0.0330990289396178,-23.93,1.8790594337475213,0.0043305798206371,-24.205,2.005601463837227,0.0042580583762112,-15.583307282953209,-14.801847473829469,-23.634539521351243,-23.70788388859967,1.005,1.005,0.0212132034355963,11.5,11.5,9.899494936611664,2,True,True,True,True,1.26,40.0,0.2379305222222222,0.2653968551297414,0.4833343739421223,2.880786666666667,2012-07-16,1,Winter Wheat
SMAPVEX12,2012-07-19,42,0.29838578125,0.31232,0.0609336004264666,16,63,16.766311942728485,21.4735,5.205122965946626,16,573586.26371875,5506454.9670625,573484.1975,573689.222,5506191.182,5506719.132,200,443.8427701293524,436.6366187868359,499.8497059481215,50844.422,50852.078,-17.195,1.8002154840309317,0.0201731307770535,-16.03,1.764313805996584,0.0273212244298407,-25.685,1.7424540187728588,0.0027990987185545,-25.675,1.8244236200033503,0.0028055514717769,-16.952266960517374,-15.634998411835,-25.529817845751083,-25.51981759146005,1.005,1.005,0.0212132034355963,11.5,11.5,9.899494936611664,2,True,True,True,True,1.26,40.0,0.2379305222222222,0.2653968551297414,0.4833343739421223,2.880786666666667,2012-07-16,3,Winter Wheat
SMAPVEX12,2012-06-22,52,0.1905199375,0.188103,0.0403151600674299,16,48,9.570904972566913,12.3465,2.8599093160156905,16,573672.64776875,5499033.4084375,573570.5815,573775.6061,5498769.624,5499297.573,335,252.97949053187975,253.2335279042139,497.74363345446704,49557.672,49571.0,-16.1,2.1642746349951185,0.0266803676159452,-14.49,2.714903207852843,0.0451340498001253,-23.64,1.9226445208890095,0.004919993253354,-23.82,2.092069123272932,0.0047707036045382,-15.738081907796053,-13.45495696239713,-23.08035492767829,-23.214175645586806,1.085,1.085,0.7990306627407986,3.75,3.75,5.303300858899107,2,True,True,True,True,1.26,40.0,0.2379305222222222,0.2865229729510144,0.1576090349811268,0.1635766666666666,2012-06-21,1,Beans
SMAPVEX12,2012-06-25,52,0.151501875,0.1539865,0.0385067872577895,16,48,7.523362689066866,9.9935,2.6263763090362104,16,573672.64776875,5499033.4084375,573570.5815,573775.6061,5498769.624,5499297.573,307,350.8759306158022,337.54967299899704,498.7425764835454,50125.328,50137.562,-17.04,2.5960131525433017,0.0238566409438835,-16.46,3.0552393956597004,0.032241838252396,-24.74,2.066488039984554,0.0036670270292345,-25.03,2.3713803247408283,0.003527973683808,-16.223907057718417,-14.91580205076843,-24.35685888892909,-24.524746630582403,1.085,1.085,0.7990306627407986,3.75,3.75,5.303300858899107,2,True,True,True,True,1.26,40.0,0.2379305222222222,0.2865229729510144,0.1576090349811268,0.1635766666666666,2012-06-21,4,Beans
SMAPVEX12,2012-06-27,52,0.134377375,0.1298734999999999,0.0327054720719637,16,48,6.729960545591628,8.479,2.0705910871053224,16,573672.64776875,5499033.4084375,573570.5815,573775.6061,5498769.624,5499297.573,300,343.2194320163175,326.9821760719556,493.90901333087527,49940.453,49952.157,-16.895,1.93815374226377,0.0229635879518154,-16.275,2.167163690269758,0.0267160555859243,-24.565,2.0787584462401907,0.0040798587609306,-24.69,2.232680942417759,0.0040184628105129,-16.38960254517287,-15.732276616051504,-23.893548713243817,-23.959400465631266,1.085,1.085,0.7990306627407986,3.75,3.75,5.303300858899107,2,True,True,True,True,1.26,40.0,0.2379305222222222,0.2865229729510144,0.1576090349811268,0.2261666666666667,2012-06-30,3,Beans
SMAPVEX12,2012-06-29,52,0.11622575,0.1137995,0.0385657251446583,16,48,5.962708462309819,7.539,2.349199259854302,16,573672.64776875,5499033.4084375,573570.5815,573775.6061,5498769.624,5499297.573,330,257.3193609516032,244.03048992163693,498.64458450522886,49868.891,49882.094,-16.675,2.048817165726616,0.0234440712963991,-16.57,2.1666766463802576,0.0248807983158217,-24.35,1.871180607428545,0.0041176548376414,-24.56,2.0892055196694126,0.0040245516706757,-16.29966966543719,-16.041356891502684,-23.85350060921065,-23.952824923883437,1.085,1.085,0.7990306627407986,3.75,3.75,5.303300858899107,2,True,True,True,True,1.26,40.0,0.2379305222222222,0.2865229729510144,0.1576090349811268,0.2261666666666667,2012-06-30,1,Beans
SMAPVEX12,2012-07-03,52,0.07454375,0.0698535,0.0376752537023088,16,48,4.502774524424512,5.252,2.098355796808539,16,573672.64776875,5499033.4084375,573570.5815,573775.6061,5498769.624,5499297.573,284,315.97541802035647,295.76440404659115,495.8266132001849,49450.531,49461.828,-16.125,2.2917282343038488,0.0268687662815639,-16.59,1.89350340962079,0.0229403073356179,-24.26,1.8193954503236347,0.004075219166261,-24.405,2.0001609908205435,0.0039620920137765,-15.70752274371065,-16.394007680708068,-23.89849029834854,-24.02075442827913,1.085,1.085,0.7990306627407986,3.75,3.75,5.303300858899107,2,True,True,True,True,1.26,40.0,0.2379305222222222,0.2865229729510144,0.1576090349811268,0.2261666666666667,2012-06-30,3,Beans
SMAPVEX12,2012-07-05,52,0.1671354375,0.159611,0.0338338968116665,16,48,8.304663466458258,10.3635,2.3965401302363656,16,573672.64776875,5499033.4084375,573570.5815,573775.6061,5498769.624,5499297.573,260,339.67130164804564,334.3445722370227,451.9318372377268,52294.61,52304.906,-12.105,3.2139519622455803,0.0835038984326994,-12.575,2.665463061801518,0.0665199332807226,-20.995,2.0110644712179946,0.0089137749012807,-20.82,2.1045758662435023,0.0091743670685591,-10.782932487285192,-11.770481950482568,-20.49938337309076,-20.37423887633233,1.085,1.085,0.7990306627407986,3.75,3.75,5.303300858899107,2,True,True,True,True,1.26,40.0,0.2379305222222222,0.2865229729510144,0.1576090349811268,1.1404466666666666,2012-07-09,4,Beans
SMAPVEX12,2012-07-08,52,0.122096125,0.125504,0.0283466073169847,16,48,6.202378657779139,8.218,1.6285207807496145,16,573672.64776875,5499033.4084375,573570.5815,573775.6061,5498769.624,5499297.573,280,303.9509008865706,310.84818592594223,499.6860140374215,50383.938,50397.125,-12.93,3.370367675688993,0.0740490644842345,-14.155,2.594838134635082,0.0463746760316446,-22.305,2.048330244261051,0.006653205475513,-22.39,2.114639485191212,0.0065975051193053,-11.304804238666236,-13.337191112994962,-21.76969063732141,-21.806202641188715,1.085,1.085,0.7990306627407986,3.75,3.75,5.303300858899107,2,True,True,True,True,1.26,40.0,0.2379305222222222,0.2865229729510144,0.1576090349811268,1.1404466666666666,2012-07-09,1,Beans
SMAPVEX12,2012-07-10,52,0.08274075,0.088733,0.0194407486292752,16,48,4.755563212015911,6.1835,0.923115955157675,16,573672.64776875,5499033.4084375,573570.5815,573775.6061,5498769.624,5499297.573,324,283.7176347419297,273.285492398441,499.6521430292276,49933.766,49946.828,-14.375,3.11132283544146,0.0521511513837016,-15.33,2.3058790773961784,0.0337956230356302,-23.02,2.029314192152432,0.0057677495451138,-22.88,2.1760486936409924,0.0058852376090073,-12.827360988564674,-14.71139542756748,-22.389936063913623,-22.30235998377453,1.085,1.085,0.7990306627407986,3.75,3.75,5.303300858899107,2,True,True,True,True,1.26,40.0,0.2379305222222222,0.2865229729510144,0.1576090349811268,1.1404466666666666,2012-07-09,1,Beans
SMAPVEX12,2012-07-13,52,0.088202,0.089776,0.0225351100404088,16,48,4.933469477450972,6.238,1.11346165740002,16,573672.64776875,5499033.4084375,573570.5815,573775.6061,5498769.624,5499297.573,276,300.8681793438574,283.25803940366643,498.9732366970368,55996.937,56008.031,-13.45,2.573439671289281,0.0565899665614206,-14.26,2.19404046091612,0.0433550154467749,-21.87,1.9043404091546747,0.0069947276465227,-21.815,2.023733807686716,0.0070765586976451,-12.472605626858911,-13.629606547076252,-21.552291909527167,-21.50177886654651,1.085,1.085,0.7990306627407986,3.75,3.75,5.303300858899107,2,True,True,True,True,1.26,40.0,0.2379305222222222,0.2865229729510144,0.1576090349811268,1.1404466666666666,2012-07-09,4,Beans
SMAPVEX12,2012-07-14,52,0.0759003125,0.0763435,0.0259546428543301,16,48,4.543420949660008,5.563000000000001,1.2585392326026232,16,573672.64776875,5499033.4084375,573570.5815,573775.6061,5498769.624,5499297.573,325,256.25965601427447,246.80789697285007,480.802719523446,50345.828,50358.531,-13.99,2.734163449445018,0.0495258091881074,-14.7,1.9732024928711045,0.0374234513959596,-22.28,2.033012364560024,0.006401124787914,-22.22,2.136188568722247,0.0065580162476687,-13.051684199174533,-14.26856161969665,-21.937437062873805,-21.83227511688587,1.085,1.085,0.7990306627407986,3.75,3.75,5.303300858899107,2,True,True,True,True,1.26,40.0,0.2379305222222222,0.2865229729510144,0.1576090349811268,2.7450766666666673,2012-07-18,4,Beans
SMAPVEX12,2012-07-17,52,0.1494895625,0.1468855,0.0284333677896674,16,47,7.426704988517433,9.535,1.8230597994283315,16,573672.64776875,5499033.4084375,573570.5815,573775.6061,5498769.624,5499297.573,250,311.33895981688704,293.2077772480767,485.9601750632878,52812.172,52821.859,-8.17,2.8938555363148724,0.1674137052394216,-9.335,2.415526477240311,0.1374374212805467,-18.07,2.28730753135032,0.0171237597937459,-17.975,2.340778509496806,0.0176883108976063,-7.762089915864024,-8.618950020440854,-17.66400872929666,-17.523136370096065,1.085,1.085,0.7990306627407986,3.75,3.75,5.303300858899107,2,True,True,True,True,1.26,40.0,0.2379305222222222,0.2865229729510144,0.1576090349811268,2.7450766666666673,2012-07-18,1,Beans
SMAPVEX12,2012-07-19,52,0.1015398125,0.09743,0.0264470143878126,16,48,5.399331004722757,6.6395,1.459835995354729,16,573672.64776875,5499033.4084375,573570.5815,573775.6061,5498769.624,5499297.573,50,437.0697313238548,437.5152322667486,486.9609667280319,50947.235,50948.844,-13.77,2.037909342879589,0.0501573011904289,-13.864999999999998,1.768867088141504,0.0465156388558391,-21.045,1.9324332657379435,0.0094906553766904,-21.015,1.9131077825765856,0.0098174688549924,-12.996658395943411,-13.32401009971738,-20.227037963553656,-20.08000467814239,1.085,1.085,0.7990306627407986,3.75,3.75,5.303300858899107,2,True,True,True,True,1.26,40.0,0.2379305222222222,0.2865229729510144,0.1576090349811268,2.7450766666666673,2012-07-18,1,Beans
SMAPVEX12,2012-06-22,53,0.2644184375,0.269285,0.066158333030157,16,48,14.279008032436467,19.145000000000003,6.258489674034783,16,574100.87908125,5498268.3479375,573998.8129,574203.8374,5498004.563,5498532.513,212,415.897870910676,405.5554452922764,498.9572730714148,49571.031,49579.735,-15.44,2.1743991673103547,0.0324300681820696,-12.02,1.9786837123851384,0.0692332304116071,-23.925,1.7361271615977878,0.0044060306304259,-24.135,1.915331962927697,0.0042429562218794,-14.890521382506938,-11.59685403803788,-23.559524879889917,-23.723314491889024,0.55,0.55,0.1414213562373095,15.5,15.5,0.7071067811865476,2,True,True,True,True,1.26,40.0,0.2379305222222222,0.1452420600212515,0.651450677921991,0.2803033333333333,2012-06-21,1,Corn
SMAPVEX12,2012-06-25,53,0.2134956875,0.2223955,0.0634048936215691,16,48,10.923864921465695,14.912,5.12730650496275,16,574100.87908125,5498268.3479375,573998.8129,574203.8374,5498004.563,5498532.513,331,278.5368810024723,260.23438957886333,444.76197824610347,50137.594,50150.812,-16.05,2.385031290009782,0.0273789626459223,-13.53,2.2488645129367986,0.0480920759668116,-25.17,1.911002328677431,0.0033811637492953,-25.37,2.1855249933311987,0.0032174979834011,-15.625830107559509,-13.17926475546871,-24.709337959028797,-24.92481716621878,0.55,0.55,0.1414213562373095,15.5,15.5,0.7071067811865476,2,True,True,True,True,1.26,40.0,0.2379305222222222,0.1452420600212515,0.651450677921991,0.2803033333333333,2012-06-21,4,Corn
SMAPVEX12,2012-06-27,53,0.191811375,0.1948905,0.054405988622424,16,48,9.644144323043964,12.673,4.422319014103348,16,574100.87908125,5498268.3479375,573998.8129,574203.8374,5498004.563,5498532.513,306,288.4707582371544,276.22689468643256,482.52385883814304,49952.547,49964.782,-15.72,2.0529868908771345,0.0299924488561377,-14.78,2.256388316363709,0.0374878111083203,-24.7,1.890548351320596,0.0037163690603905,-24.82,2.067032273682147,0.0036474399012947,-15.22988073043791,-14.261099170425886,-24.298811641799087,-24.38011855226444,0.55,0.55,0.1414213562373095,15.5,15.5,0.7071067811865476,2,True,True,True,True,1.26,40.0,0.2379305222222222,0.1452420600212515,0.651450677921991,1.3558933333333332,2012-06-30,3,Corn
SMAPVEX12,2012-06-29,53,0.1708235,0.1699465,0.0381388294296857,16,48,8.49670624569818,10.7985,2.742758574865824,16,574100.87908125,5498268.3479375,573998.8129,574203.8374,5498004.563,5498532.513,237,377.2173862795247,360.60457310648894,499.1861169318634,49882.485,49891.844,-16.06,2.006558761324347,0.0260316307174132,-14.81,2.1446876587047723,0.0373829957456409,-24.76,1.692544029601729,0.0035162642180322,-24.92,1.9158482076024208,0.0033903464913748,-15.844986252295593,-14.273258986856678,-24.53918498751249,-24.69755914893554,0.55,0.55,0.1414213562373095,15.5,15.5,0.7071067811865476,2,True,True,True,True,1.26,40.0,0.2379305222222222,0.1452420600212515,0.651450677921991,1.3558933333333332,2012-06-30,1,Corn
SMAPVEX12,2012-07-03,53,0.1299481875,0.1162175,0.0571295429705959,16,48,6.535643235650926,7.274,3.922560252352197,16,574100.87908125,5498268.3479375,573998.8129,574203.8374,5498004.563,5498532.513,266,315.88629144512845,303.66341588563694,473.3628931844136,49461.859,49472.312,-14.795,2.357069498809044,0.0371105770008816,-15.31,2.0010969147569937,0.0311920988415114,-24.15,1.818602890088976,0.0042356912284314,-24.3,1.964994982950052,0.0041002949669378,-14.305022931222268,-15.059554016256945,-23.73075706420071,-23.871848998886456,0.55,0.55,0.1414213562373095,15.5,15.5,0.7071067811865476,2,True,True,True,True,1.26,40.0,0.2379305222222222,0.1452420600212515,0.651450677921991,1.3558933333333332,2012-06-30,3,Corn
SMAPVEX12,2012-07-05,53,0.17700375,0.1767774999999999,0.0375729275152557,16,48,8.825016287369513,11.2965,2.773531719667183,16,574100.87908125,5498268.3479375,573998.8129,574203.8374,5498004.563,5498532.513,302,242.01292856231325,240.7265037679942,450.5578958940328,52304.938,52317.063,-9.315,1.9409880850253056,0.1245947319417836,-10.52,2.061263420244301,0.0973124181741993,-19.89,2.062046643516116,0.0113204646088307,-19.79,2.128240538498314,0.0117519690554915,-9.045003199319114,-10.11831735267084,-19.461357486856667,-19.298893607718306,0.55,0.55,0.1414213562373095,15.5,15.5,0.7071067811865476,2,True,True,True,True,1.26,40.0,0.2379305222222222,0.1452420600212515,0.651450677921991,10.769606666666666,2012-07-09,4,Corn
SMAPVEX12,2012-07-08,53,0.1421650625,0.135634,0.0325214185001592,16,48,7.082546283948229,8.467,2.257809830159897,16,574100.87908125,5498268.3479375,573998.8129,574203.8374,5498004.563,5498532.513,300,354.39294650422505,338.0564593938134,490.5808533780794,50397.531,50409.219,-9.695,2.29969103057789,0.118488281143106,-12.165,2.2320745310976013,0.0654989855108164,-21.265,1.9968302470852315,0.0086521982964375,-21.195,2.0484534504014342,0.0088038579780891,-9.263246005952729,-11.837654265802229,-20.628735356890555,-20.55326972005751,0.55,0.55,0.1414213562373095,15.5,15.5,0.7071067811865476,2,True,True,True,True,1.26,40.0,0.2379305222222222,0.1452420600212515,0.651450677921991,10.769606666666666,2012-07-09,1,Corn
SMAPVEX12,2012-07-10,53,0.118244375,0.1193145,0.0239451480454113,16,48,6.044200458400269,7.4575,1.4682814543426836,16,574100.87908125,5498268.3479375,573998.8129,574203.8374,5498004.563,5498532.513,250,370.9182603885874,359.8710675826612,499.6407344323333,49946.844,49956.891,-10.845,2.442780723736176,0.0878304337436611,-13.725,2.1244810246496404,0.048739133257501,-21.775,1.834688903736538,0.0069715808575274,-21.78,1.953823490319763,0.0069940326406655,-10.563549725135724,-13.121221982705292,-21.566687312486287,-21.55272345199799,0.55,0.55,0.1414213562373095,15.5,15.5,0.7071067811865476,2,True,True,True,True,1.26,40.0,0.2379305222222222,0.1452420600212515,0.651450677921991,10.769606666666666,2012-07-09,1,Corn
SMAPVEX12,2012-07-13,53,0.097956,0.0987375,0.0159104925966063,16,48,5.2698237433437205,6.276,0.8613576009223269,16,574100.87908125,5498268.3479375,573998.8129,574203.8374,5498004.563,5498532.513,266,331.7822190777971,315.0869921146975,494.9832467302457,56008.062,56018.515,-10.72,1.98828202779326,0.0947428638815308,-13.255,2.0679873897664907,0.0520830192773955,-21.63,1.9367383741389528,0.0077448078285065,-21.505000000000003,2.0301958307915307,0.0078356597631619,-10.234534915824424,-12.833038474524525,-21.109893538963323,-21.05924430026629,0.55,0.55,0.1414213562373095,15.5,15.5,0.7071067811865476,2,True,True,True,True,1.26,40.0,0.2379305222222222,0.1452420600212515,0.651450677921991,10.769606666666666,2012-07-09,4,Corn
SMAPVEX12,2012-07-14,53,0.1033551875,0.0967,0.0195460599685929,16,48,5.466136068586684,6.1655,1.1125845417315483,16,574100.87908125,5498268.3479375,573998.8129,574203.8374,5498004.563,5498532.513,200,422.9977605885062,415.0929368157816,498.4624122003072,50358.937,50366.594,-11.685,2.205381121132408,0.0771191035894344,-13.59,1.9438762077496792,0.0470767994665942,-22.075,1.8458860076576604,0.0068935039502833,-22.055,1.976219008065452,0.0069175404029489,-11.128380271916456,-13.271930704939624,-21.61559971204488,-21.600482956164928,0.55,0.55,0.1414213562373095,15.5,15.5,0.7071067811865476,2,True,True,True,True,1.26,40.0,0.2379305222222222,0.1452420600212515,0.651450677921991,4.424626666666667,2012-07-18,4,Corn
SMAPVEX12,2012-07-19,53,0.116060125,0.111213,0.0338852355358003,16,48,5.956065264020859,6.981999999999999,2.129593723968651,16,574100.87908125,5498268.3479375,573998.8129,574203.8374,5498004.563,5498532.513,75,398.6906168606444,400.94871909548687,474.5842414796777,50967.391,50970.016,-7.33,2.2780116824163184,0.1938969261994644,-9.97,2.521273452011863,0.1140102906879091,-18.57,2.04240091889754,0.0152535672998189,-18.45,2.015045149607064,0.0153633290583171,-7.124290756308986,-9.430559470207992,-18.166285774678425,-18.135146674423662,0.55,0.55,0.1414213562373095,15.5,15.5,0.7071067811865476,2,True,True,True,True,1.26,40.0,0.2379305222222222,0.1452420600212515,0.651450677921991,4.424626666666667,2012-07-18,1,Corn
SMAPVEX12,2012-06-22,54,0.1806163125,0.1727055,0.0460792488404035,16,48,9.020655640233642,11.5745,4.100056474712677,16,574107.2817,5497398.88325,574006.07,574209.2666,5497135.743,5497662.0,225,412.02577982159846,399.2984516841723,486.5560081483961,49582.766,49591.438,-13.38,2.157319040949772,0.0508431330395614,-10.77,2.1913894057829566,0.0908313918202349,-22.2,1.9026958704419432,0.0063364659678685,-22.37,2.0569931081132475,0.0062556722328446,-12.93767695335395,-10.417640310145606,-21.981528933135976,-22.037260142953983,0.54,0.54,0.0707106781186547,15.25,15.25,10.253048327204938,2,True,True,True,True,1.26,40.0,0.2379305222222222,0.1426012952935924,0.6409434089232492,0.2888633333333333,2012-06-21,1,Corn
SMAPVEX12,2012-06-25,54,0.140364875,0.138062,0.0380350711683747,16,48,6.999814200877785,8.993,2.821135160858716,16,574107.2817,5497398.88325,574006.07,574209.2666,5497135.743,5497662.0,375,290.0608289124545,271.1271463160612,499.2213431265316,50151.219,50165.937,-14.21,2.225090612827738,0.0429951045890918,-12.75,2.346632521222981,0.0610152037607296,-22.69,2.032776715842292,0.0058172990278077,-22.71,2.1994924784875622,0.0058237305556843,-13.665809902570462,-12.145619340603044,-22.352786115000622,-22.34798726567001,0.54,0.54,0.0707106781186547,15.25,15.25,10.253048327204938,2,True,True,True,True,1.26,40.0,0.2379305222222222,0.1426012952935924,0.6409434089232492,0.2888633333333333,2012-06-21,4,Corn
SMAPVEX12,2012-06-27,54,0.1430706875,0.136327,0.0504141776655717,16,48,7.124444302233761,8.871500000000001,3.887722587411127,16,574107.2817,5497398.88325,574006.07,574209.2666,5497135.743,5497662.0,295,333.6719391435569,320.454614738664,499.19519737188375,49964.813,49977.36,-13.91,2.200485346293598,0.0453716024631371,-13.47,2.1497086929500795,0.0485644965575618,-22.96,1.978957846084116,0.0053863235082075,-23.1,2.1326570726029037,0.0054769843104696,-13.432158817741431,-13.136811090059414,-22.687075659616276,-22.614585031621765,0.54,0.54,0.0707106781186547,15.25,15.25,10.253048327204938,2,True,True,True,True,1.26,40.0,0.2379305222222222,0.1426012952935924,0.6409434089232492,1.4363866666666667,2012-06-30,3,Corn
SMAPVEX12,2012-06-29,54,0.114336,0.0977495,0.0452258151148213,16,48,5.887299894140799,6.398,3.1473852613452538,16,574107.2817,5497398.88325,574006.07,574209.2666,5497135.743,5497662.0,260,384.0415310668833,377.1434292367462,499.90956598141634,49892.797,49903.11,-14.34,2.1546005247941946,0.0403464661619094,-13.975,2.077743256610893,0.044169231376545,-23.33,1.8688410852135064,0.0050871946058946,-23.35,2.031305678773573,0.0050556212357982,-13.941944979578206,-13.54880158174925,-22.93521648519694,-22.96225470596822,0.54,0.54,0.0707106781186547,15.25,15.25,10.253048327204938,2,True,True,True,True,1.26,40.0,0.2379305222222222,0.1426012952935924,0.6409434089232492,1.4363866666666667,2012-06-30,1,Corn
SMAPVEX12,2012-07-03,54,0.0991968125,0.0818265,0.0362222602262177,16,48,5.3143047975277735,5.495,2.3328850584272973,16,574107.2817,5497398.88325,574006.07,574209.2666,5497135.743,5497662.0,295,343.54274160678426,319.9317740103323,498.75531881653967,49472.719,49484.281,-13.26,2.148020365553739,0.0511973639628513,-14.48,2.030920473186407,0.0382121880281284,-23.08,1.814021251371277,0.0053407367075216,-23.08,1.9169743697982176,0.0053082917809602,-12.90752399294858,-14.177980939175496,-22.72398831746083,-22.75045213279681,0.54,0.54,0.0707106781186547,15.25,15.25,10.253048327204938,2,True,True,True,True,1.26,40.0,0.2379305222222222,0.1426012952935924,0.6409434089232492,1.4363866666666667,2012-06-30,3,Corn
SMAPVEX12,2012-07-05,54,0.174387125,0.1629185,0.0371768274581089,16,48,8.68502683516164,10.8125,3.236940077063521,16,574107.2817,5497398.88325,574006.07,574209.2666,5497135.743,5497662.0,312,240.99868849076708,238.4272125431096,499.1576387467496,52317.078,52329.844,-9.355,1.9918674376552252,0.1260451605489242,-10.55,2.220909938642504,0.0976948730767079,-18.87,1.9341414225168032,0.014554301861543,-18.705,2.004818776429764,0.0151427083950745,-8.994738242219263,-10.10128226996872,-18.370086218947822,-18.197964408307055,0.54,0.54,0.0707106781186547,15.25,15.25,10.253048327204938,2,True,True,True,True,1.26,40.0,0.2379305222222222,0.1426012952935924,0.6409434089232492,4.1775899999999995,2012-07-09,4,Corn
SMAPVEX12,2012-07-10,54,0.1079785,0.104246,0.0454805954783649,16,48,5.639903875159581,6.7865,3.243056741589124,16,574107.2817,5497398.88325,574006.07,574209.2666,5497135.743,5497662.0,281,385.0458235889778,376.9584211996702,499.8409435408827,49958.328,49969.547,-10.41,2.2863838764083235,0.1017998828123894,-12.17,2.332932249886885,0.0683026180551807,-20.83,1.839848333059804,0.009010756933291,-20.62,1.928781900902909,0.0092986181660616,-9.922527219399468,-11.65562649391276,-20.45238725320181,-20.3158158557974,0.54,0.54,0.0707106781186547,15.25,15.25,10.253048327204938,2,True,True,True,True,1.26,40.0,0.2379305222222222,0.1426012952935924,0.6409434089232492,4.1775899999999995,2012-07-09,1,Corn
SMAPVEX12,2012-07-13,54,0.09934575,0.0895805,0.0389620584834357,16,48,5.3196694707458745,5.9275,2.6703254288257328,16,574107.2817,5497398.88325,574006.07,574209.2666,5497135.743,5497662.0,285,342.2911808617624,333.208490500477,499.6402473211206,56018.546,56030.234,-10.72,1.9448509585063496,0.0903602337120565,-13.18,2.1594229752102923,0.0546718334039582,-20.56,1.8078679544279217,0.0092160897352376,-20.52,1.8662377715117529,0.0094412337030345,-10.440226544700762,-12.622363619256877,-20.35453305261054,-20.24971251950623,0.54,0.54,0.0707106781186547,15.25,15.25,10.253048327204938,2,True,True,True,True,1.26,40.0,0.2379305222222222,0.1426012952935924,0.6409434089232492,4.1775899999999995,2012-07-09,4,Corn
SMAPVEX12,2012-07-14,54,0.1053106249999999,0.096579,0.041042856859426,16,48,5.538996481429716,6.3295,2.793502532663968,16,574107.2817,5497398.88325,574006.07,574209.2666,5497135.743,5497662.0,222,428.1798388506231,415.3061875157605,499.9164962585437,50370.031,50378.625,-10.75,2.276901256145117,0.0917897599291181,-12.6,2.081132567973605,0.0616042161386128,-20.785,1.9157226149040736,0.0088488189656312,-20.75,2.011514473563435,0.0090654296338939,-10.37205766013729,-12.103895640843486,-20.53114689859997,-20.426116087545875,0.54,0.54,0.0707106781186547,15.25,15.25,10.253048327204938,2,True,True,True,True,1.26,40.0,0.2379305222222222,0.1426012952935924,0.6409434089232492,5.780763333333333,2012-07-18,4,Corn
SMAPVEX12,2012-06-22,61,0.186408125,0.186734,0.0268272138567661,16,48,9.339992481707709,12.537,2.441365106519984,16,573894.2970375,5495142.970375,573630.5362,574157.6743,5495041.622,5495244.858,264,249.5205748400995,225.06854560020355,497.8440829329061,49613.485,49624.266,-11.114999999999998,2.290296256392176,0.085131368594629,-11.765,2.2348486514594863,0.0740092734710185,-19.35,2.6210258346409887,0.0142605593777954,-19.265,2.700319583692469,0.0145217521446163,-10.699103847173708,-11.307138591209124,-18.458634387250235,-18.379809799975,0.79,0.79,0.1272792206135785,9.0,9.0,2.8284271247461903,2,True,True,True,True,1.26,40.0,0.2379305222222222,0.2086204134850704,0.3782616839547044,3.37159,2012-06-24,2,Canola
SMAPVEX12,2012-06-25,61,0.0895143125,0.0866485,0.015647791037795,16,48,4.977339731945022,4.9575,0.9714866614284176,16,573894.2970375,5495142.970375,573630.5362,574157.6743,5495041.622,5495244.858,335,222.59702873000552,216.3425916118063,489.9742442217585,50188.89,50202.234,-12.8,2.274154374222263,0.0591311661519331,-13.84,2.273725138206282,0.0461439264200417,-20.98,2.465649078175822,0.0096594299888173,-20.87,2.5887836714005035,0.0099088833789592,-12.281835560024907,-13.358854538113189,-20.15048500915277,-20.039752829192828,0.79,0.79,0.1272792206135785,9.0,9.0,2.8284271247461903,2,True,True,True,True,1.26,40.0,0.2379305222222222,0.2086204134850704,0.3782616839547044,3.37159,2012-06-24,1,Canola
SMAPVEX12,2012-06-27,61,0.110395375,0.104833,0.0178206091997439,16,48,5.732806787003076,6.077500000000001,1.2095414954298456,16,573894.2970375,5495142.970375,573630.5362,574157.6743,5495041.622,5495244.858,357,248.55142215293927,248.27945157042365,498.99115704479937,49997.36,50011.625,-12.51,2.101394407736419,0.0620250708504375,-13.47,2.10990679009521,0.0495712724331803,-21.22,2.5313554074667284,0.0092133172162746,-21.1,2.6618849444569954,0.009395602125507,-12.074327309664907,-13.04769933150198,-20.35583975737738,-20.27075382523998,0.79,0.79,0.1272792206135785,9.0,9.0,2.8284271247461903,2,True,True,True,True,1.26,40.0,0.2379305222222222,0.2086204134850704,0.3782616839547044,3.37159,2012-06-24,3,Canola
SMAPVEX12,2012-06-29,61,0.06989825,0.068113,0.007618358086447,16,48,4.367181921978644,3.933,0.403737703631124,16,573894.2970375,5495142.970375,573630.5362,574157.6743,5495041.622,5495244.858,272,245.6488799863876,225.78888159407813,498.7892956159921,49924.828,49935.438,-13.395,2.242722131990436,0.0509349827731173,-14.545,1.9181734546169085,0.0375082174121353,-22.085,2.1960860705960545,0.0073565726527212,-22.015,2.318327149811073,0.007501301981149,-12.929838363897248,-14.258735753179286,-21.333244716257862,-21.24863350721037,0.79,0.79,0.1272792206135785,9.0,9.0,2.8284271247461903,2,True,True,True,True,1.26,40.0,0.2379305222222222,0.2086204134850704,0.3782616839547044,2.0648999999999997,2012-06-30,1,Canola
SMAPVEX12,2012-07-03,61,0.06932578125,0.0636085,0.0126685554358929,16,47,4.350859878361354,3.7015,0.6841860180474802,16,573894.2970375,5495142.970375,573630.5362,574157.6743,5495041.622,5495244.858,266,226.6193902745621,210.4815714181653,498.4597053323893,49503.969,49514.422,-13.83,1.9963903274717203,0.0468637150551007,-14.585,1.9012774852817127,0.0365148159619954,-21.955,1.920630993514921,0.0068789786656094,-21.995,2.040769041118699,0.006912892309698,-13.291632862901146,-14.375308839008351,-21.62476037464552,-21.60340208583816,0.79,0.79,0.1272792206135785,9.0,9.0,2.8284271247461903,2,True,True,True,True,1.26,40.0,0.2379305222222222,0.2086204134850704,0.3782616839547044,2.0648999999999997,2012-06-30,3,Canola
SMAPVEX12,2012-07-05,61,0.169497375,0.164564,0.0171257641381827,16,48,8.427317595254914,10.56,1.5034282102359706,16,573894.2970375,5495142.970375,573630.5362,574157.6743,5495041.622,5495244.858,312,248.07812969951485,230.71781773926256,499.5223612886933,52349.813,52362.188,-10.61,2.076943704360852,0.0982645753843514,-12.05,1.9765148009328275,0.0635990896543883,-19.725,1.9849600088947723,0.0118385091141745,-19.585,2.035494568640375,0.0121923067016918,-10.076030181585043,-11.965491007180216,-19.26702987161741,-19.139141210391696,0.79,0.79,0.1272792206135785,9.0,9.0,2.8284271247461903,2,True,True,True,True,1.26,40.0,0.2379305222222222,0.2086204134850704,0.3782616839547044,4.5782533333333335,2012-07-09,4,Canola
SMAPVEX12,2012-07-08,61,0.1458004545454545,0.149855,0.0251889942648119,11,33,7.25185558352603,9.342,2.021338408984592,16,573894.2970375,5495142.970375,573630.5362,574157.6743,5495041.622,5495244.858,298,230.61581375628683,209.85110366072,499.59254290195054,50445.266,50457.281,-10.745,2.217542759604441,0.0909190157742255,-13.19,2.1813928014613757,0.0542844715734144,-20.465,2.1011077736692485,0.0101510874555354,-20.195,2.204695143013348,0.0106461431417207,-10.41345274290406,-12.653243854103511,-19.934874305940504,-19.72807698858218,0.79,0.79,0.1272792206135785,9.0,9.0,2.8284271247461903,2,True,True,True,True,1.26,40.0,0.2379305222222222,0.2086204134850704,0.3782616839547044,4.5782533333333335,2012-07-09,1,Canola
SMAPVEX12,2012-07-10,61,0.1001600625,0.094468,0.0146801986747171,16,48,5.3490972531272485,5.425,0.9650059045587926,16,573894.2970375,5495142.970375,573630.5362,574157.6743,5495041.622,5495244.858,275,238.9188992765077,215.9691793857927,478.3039564736286,49993.125,50003.828,-12.27,2.418767026743498,0.0700523412711789,-14.48,2.004593187501868,0.0380493255985498,-21.5,2.087831959388413,0.0079026228402123,-21.39,2.1686835254542416,0.0081459727328909,-11.545773452581232,-14.196530364341184,-21.02228744661207,-20.890570479665445,0.79,0.79,0.1272792206135785,9.0,9.0,2.8284271247461903,2,True,True,True,True,1.26,40.0,0.2379305222222222,0.2086204134850704,0.3782616839547044,4.5782533333333335,2012-07-09,1,Canola
SMAPVEX12,2012-07-13,61,0.0988364375,0.099594,0.0146827385999967,16,48,5.30134683530691,5.7435,0.914250929723345,16,573894.2970375,5495142.970375,573630.5362,574157.6743,5495041.622,5495244.858,269,216.6183874743172,203.0550461225794,498.6334854427032,56050.375,56060.906,-12.18,2.227335687815239,0.0681809731267932,-14.41,1.927062527676253,0.0382611368089439,-21.9,1.9818029076577053,0.0073574835735449,-21.69,2.0861578745044,0.0075910958980483,-11.663368045066507,-14.172421304269474,-21.33270698841229,-21.196955221126267,0.79,0.79,0.1272792206135785,9.0,9.0,2.8284271247461903,2,True,True,True,True,1.26,40.0,0.2379305222222222,0.2086204134850704,0.3782616839547044,4.5782533333333335,2012-07-09,4,Canola
SMAPVEX12,2012-07-14,61,0.0859011875,0.0828545,0.0139192172108384,16,48,4.8575995624899955,4.7317575000000005,0.8360106633181954,16,573894.2970375,5495142.970375,573630.5362,574157.6743,5495041.622,5495244.858,272,245.77802425725028,216.3890744858727,498.9237271201022,50400.266,50410.875,-12.82,2.095929903544219,0.0559083612910636,-15.145,1.9330311451804043,0.0338361406461961,-22.03,1.916006616497082,0.0067480310737405,-21.945,2.004054361005349,0.0068888272718724,-12.525232369968863,-14.706191784830416,-21.708229262128803,-21.61854704464445,0.79,0.79,0.1272792206135785,9.0,9.0,2.8284271247461903,2,True,True,True,True,1.26,40.0,0.2379305222222222,0.2086204134850704,0.3782616839547044,3.882983333333333,2012-07-18,4,Canola
SMAPVEX12,2012-07-17,61,0.1480205937499999,0.152341,0.0162749952229575,16,47,7.356716307677019,9.532766,1.2261565367479237,16,573894.2970375,5495142.970375,573630.5362,574157.6743,5495041.622,5495244.858,224,302.5697431446968,293.7246765808512,499.4579338248524,52865.593,52876.234,-11.51,2.1167239242198104,0.0741700606640114,-13.215,2.169118102457472,0.05152428438016,-20.235,2.0009085200251624,0.0098340110820584,-20.21,2.0772208926282496,0.0101742860773598,-11.29771365776737,-12.879880314149483,-20.072693066342104,-19.924960551780217,0.79,0.79,0.1272792206135785,9.0,9.0,2.8284271247461903,2,True,True,True,True,1.26,40.0,0.2379305222222222,0.2086204134850704,0.3782616839547044,3.882983333333333,2012-07-18,1,Canola
SMAPVEX12,2012-07-19,61,0.10243775,0.099593,0.015031292911789,16,48,5.43227388458159,5.743,0.9996018853356908,16,573894.2970375,5495142.970375,573630.5362,574157.6743,5495041.622,5495244.858,16,341.6680462052802,336.65552357507016,376.649822594384,51002.219,51002.985,-12.23,2.20654443266691,0.0534641860617887,-16.5,1.6693540417379011,0.0257652055877805,-23.09,1.8027782956684748,0.0049477654526592,-22.770000000000003,1.8769948277321735,0.0052328520469408,-12.719370404847758,-15.889663878319602,-23.055908961549147,-22.812615442791664,0.79,0.79,0.1272792206135785,9.0,9.0,2.8284271247461903,2,True,True,True,True,1.26,40.0,0.2379305222222222,0.2086204134850704,0.3782616839547044,3.882983333333333,2012-07-18,1,Canola
SMAPVEX12,2012-06-22,62,0.1709613125,0.184593,0.0350210758500625,16,48,8.503938741133496,11.922,2.753597990962612,16,573723.4822875,5495752.77575,573622.2706,573825.4672,5495489.636,5496015.892,269,222.64080002204705,219.90657749700344,477.99376107480464,49602.922,49613.453,-10.64,2.020611765120449,0.0980842951607667,-11.32,2.030051541313544,0.0804068436235127,-17.86,2.052106257102686,0.0183834966263062,-17.72,2.0904254058991403,0.0188842477116021,-10.084005244347887,-10.947069858107426,-17.35571880268632,-17.23900311403443,0.5700000000000001,0.5700000000000001,0.0282842712474618,1.75,1.75,2.4748737341529163,2,True,True,True,True,1.26,40.0,0.2379305222222222,0.1505235894765698,0.0735508829911925,0.4293466666666667,2012-06-24,2,Corn
SMAPVEX12,2012-06-25,62,0.081199125,0.0765165,0.0281539211428295,16,46,4.706710475446601,4.6115,1.4701973053528112,16,573723.4822875,5495752.77575,573622.2706,573825.4672,5495489.636,5496015.892,290,292.479252470452,269.0640201079162,496.4482005905919,50177.422,50188.875,-12.13,2.331245449160384,0.0677338991520712,-13.285,2.193426335578071,0.050922146666039,-19.655,2.2395788612413035,0.0121860393610986,-19.495,2.30234191322824,0.0125637365506682,-11.69193923190518,-12.930932965823189,-19.141374234312806,-19.00881178910799,0.5700000000000001,0.5700000000000001,0.0282842712474618,1.75,1.75,2.4748737341529163,2,True,True,True,True,1.26,40.0,0.2379305222222222,0.1505235894765698,0.0735508829911925,0.4293466666666667,2012-06-24,1,Corn
SMAPVEX12,2012-06-29,62,0.06375728125,0.0676075,0.0280010267323472,16,43,4.196552837461074,4.1605,1.3336105628455908,16,573723.4822875,5495752.77575,573622.2706,573825.4672,5495489.636,5496015.892,275,229.14231107443968,216.56295481660905,498.5233650054806,49913.735,49924.422,-12.78,2.002729760857222,0.0568624863997502,-14.03,1.997987391465857,0.0431763551115455,-20.96,1.9616544099021416,0.0086671112233159,-20.87,2.0570233788546526,0.0088619294676679,-12.451741540356156,-13.647540229966118,-20.621256301856,-20.52471710851968,0.5700000000000001,0.5700000000000001,0.0282842712474618,1.75,1.75,2.4748737341529163,2,True,True,True,True,1.26,40.0,0.2379305222222222,0.1505235894765698,0.0735508829911925,1.0687666666666669,2012-06-30,1,Corn
SMAPVEX12,2012-07-03,62,0.0579935666666666,0.051371,0.0284677631245706,15,38,4.045415109919788,3.4035,1.3468066658723126,16,573723.4822875,5495752.77575,573622.2706,573825.4672,5495489.636,5496015.892,250,286.1048507651349,265.3056609592218,491.7513972770452,49493.875,49503.562,-13.37,2.0931016258328823,0.0519818089865271,-14.8,2.1829599683212644,0.0385652288271266,-21.835,1.8785372507378293,0.0071575980761812,-21.775,1.9757032182050285,0.007242895481702,-12.841486109605109,-14.138040874036603,-21.45232692394383,-21.400877818222813,0.5700000000000001,0.5700000000000001,0.0282842712474618,1.75,1.75,2.4748737341529163,2,True,True,True,True,1.26,40.0,0.2379305222222222,0.1505235894765698,0.0735508829911925,1.0687666666666669,2012-06-30,3,Corn
SMAPVEX12,2012-07-05,62,0.145002375,0.1423895,0.0216754120572135,16,48,7.214431618235645,8.6615,1.585614569338968,16,573723.4822875,5495752.77575,573622.2706,573825.4672,5495489.636,5496015.892,154,347.58118882715604,335.61891418051465,499.9203941364229,52340.266,52349.422,-9.795,1.9297300835607487,0.112128989983581,-12.485,1.8685784266545693,0.0611922311966606,-19.26,2.042275352949521,0.0134410139978756,-19.19,2.034065639147681,0.0137711491905208,-9.502820897938143,-12.133037112300268,-18.715679666192003,-18.610298167309413,0.5700000000000001,0.5700000000000001,0.0282842712474618,1.75,1.75,2.4748737341529163,2,True,True,True,True,1.26,40.0,0.2379305222222222,0.1505235894765698,0.0735508829911925,3.4855400000000003,2012-07-09,4,Corn
SMAPVEX12,2012-07-08,62,0.0990708125,0.0997625,0.0265770415740572,16,47,5.309770591483679,5.896701,1.63560518419424,16,573723.4822875,5495752.77575,573622.2706,573825.4672,5495489.636,5496015.892,209,185.4737492725889,182.90357675091036,316.2105451737626,50436.969,50445.235,-10.24,2.027227800067788,0.1047308048445609,-13.33,2.038330100327741,0.0500563933176834,-20.09,1.8278750338324727,0.0105533266959647,-19.84,1.940093404243228,0.0108478140629521,-9.79925558948652,-13.005404455519416,-19.766106173367373,-19.6465776744142,0.5700000000000001,0.5700000000000001,0.0282842712474618,1.75,1.75,2.4748737341529163,2,True,True,True,True,1.26,40.0,0.2379305222222222,0.1505235894765698,0.0735508829911925,3.4855400000000003,2012-07-09,1,Corn
SMAPVEX12,2012-07-10,62,0.0809778125,0.0743409999999999,0.0207346461274159,16,48,4.699746911659554,4.4985,1.1733566380261375,16,573723.4822875,5495752.77575,573622.2706,573825.4672,5495489.636,5496015.892,299,246.0953694141754,227.5075192491147,499.5844872560942,49981.063,49992.735,-11.99,2.213472379815715,0.0720514398874955,-14.59,1.9959957372669423,0.0378665804130334,-21.04,1.9370547350142573,0.0082799878897803,-20.96,2.0269010750273067,0.0085406298818229,-11.423573357529008,-14.217439125925395,-20.81970298409008,-20.68510098384504,0.5700000000000001,0.5700000000000001,0.0282842712474618,1.75,1.75,2.4748737341529163,2,True,True,True,True,1.26,40.0,0.2379305222222222,0.1505235894765698,0.0735508829911925,3.4855400000000003,2012-07-09,1,Corn
SMAPVEX12,2012-07-13,62,0.083092375,0.08115,0.0158753141359995,16,48,4.766790478856205,4.8575,0.8658975305042356,16,573723.4822875,5495752.77575,573622.2706,573825.4672,5495489.636,5496015.892,250,272.360117332275,252.73358964013252,480.3645397282658,56040.281,56049.968,-11.825,1.825489408548538,0.0676886783349279,-14.47,1.9980030190810592,0.0386061316287721,-21.95,1.803523929382536,0.0068891150259892,-21.995,1.90556165243872,0.0070156206685859,-11.69483965699631,-14.133437129173858,-21.61836563870968,-21.539339011120248,0.5700000000000001,0.5700000000000001,0.0282842712474618,1.75,1.75,2.4748737341529163,2,True,True,True,True,1.26,40.0,0.2379305222222222,0.1505235894765698,0.0735508829911925,3.4855400000000003,2012-07-09,4,Corn
SMAPVEX12,2012-07-14,62,0.0821711875,0.08395,0.0203391362852301,16,48,4.737443896884006,5.0059705,1.1234666513757543,16,573723.4822875,5495752.77575,573622.2706,573825.4672,5495489.636,5496015.892,256,219.74732598118757,201.95916178146007,498.7441878157704,50389.656,50399.859,-12.315,1.8398660099970985,0.0614014865244108,-14.985,1.9091337152189691,0.0337383795711381,-22.425,1.90117615170292,0.0062766786676626,-22.385,2.004702032465321,0.0063894820926601,-12.118211145016016,-14.718757800815972,-22.022701043320964,-21.945343426890712,0.5700000000000001,0.5700000000000001,0.0282842712474618,1.75,1.75,2.4748737341529163,2,True,True,True,True,1.26,40.0,0.2379305222222222,0.1505235894765698,0.0735508829911925,13.55541,2012-07-18,4,Corn
SMAPVEX12,2012-07-17,62,0.1441366875,0.1408755,0.0199554138709899,16,48,7.173999581080274,8.5549485,1.4832254725023608,16,573723.4822875,5495752.77575,573622.2706,573825.4672,5495489.636,5496015.892,252,230.7443843584818,221.282231785594,498.7729703368445,52854.109,52865.203,-10.86,2.024519037579803,0.0914464262458686,-13.12,1.92425219562386,0.0536034494133073,-19.8,2.011560907482729,0.0115377859978682,-19.67,2.10363568373014,0.0118261432015649,-10.388332622162803,-12.70807262304178,-19.378775205700126,-19.27156866477375,0.5700000000000001,0.5700000000000001,0.0282842712474618,1.75,1.75,2.4748737341529163,2,True,True,True,True,1.26,40.0,0.2379305222222222,0.1505235894765698,0.0735508829911925,13.55541,2012-07-18,1,Corn
SMAPVEX12,2012-07-19,62,0.0950559374999999,0.092501,0.0160940744808713,16,48,5.167345488173462,5.477,0.9818255254881084,16,573723.4822875,5495752.77575,573622.2706,573825.4672,5495489.636,5496015.892,107,364.7902494044365,363.3446858561927,388.1080603698052,50998.0,51002.188,-14.37,2.0423594556311566,0.0386912383338002,-16.27,1.785670134023538,0.0266047677538272,-23.17,1.732555831436905,0.0052188702491143,-23.19,1.7981500466300722,0.0052830346386236,-14.123873702288767,-15.750405278939866,-22.82423500384271,-22.771165418184932,0.5700000000000001,0.5700000000000001,0.0282842712474618,1.75,1.75,2.4748737341529163,2,True,True,True,True,1.26,40.0,0.2379305222222222,0.1505235894765698,0.0735508829911925,13.55541,2012-07-18,1,Corn
SMAPVEX12,2012-06-22,71,0.131404375,0.1319555,0.0106399735518155,16,48,6.599028425844898,9.389,1.116767237386557,16,574160.76845,5493337.00175,574058.3078,574262.4566,5493073.704,5493599.958,225,404.2566329545093,389.8430771289497,479.17236607270576,49638.203,49646.875,-16.51,2.330461802794828,0.026142650722494,-10.62,2.934627885336885,0.1137273000495088,-23.38,2.390450899719184,0.0053292362906684,-23.49,2.615244628000547,0.0052246225670853,-15.826503794261775,-9.441352711283985,-22.73335023339802,-22.819450780308333,0.55,0.55,0.1272792206135785,11.5,11.5,3.5355339059327378,2,True,True,True,True,1.26,40.0,0.2379305222222222,0.1452420600212515,0.4833343739421223,0.2505666666666666,2012-06-21,1,Corn
SMAPVEX12,2012-06-25,71,0.10846525,0.108517,0.0173378239215114,16,48,5.658500576388712,7.068,1.6476500323693335,16,574160.76845,5493337.00175,574058.3078,574262.4566,5493073.704,5493599.958,350,292.51136542422205,279.5009471181717,476.73355637237125,50215.734,50229.437,-16.494999999999997,2.465458424458693,0.0256914822441002,-12.455,2.815429560386217,0.0660181286768991,-24.96,1.9798941803052768,0.0036009301896142,-25.105,2.2182376621608677,0.0034558220783373,-15.902108388296634,-11.803367901664885,-24.435852981119623,-24.614486251009584,0.55,0.55,0.1272792206135785,11.5,11.5,3.5355339059327378,2,True,True,True,True,1.26,40.0,0.2379305222222222,0.1452420600212515,0.4833343739421223,0.6500400000000001,2012-06-28,3,Corn
SMAPVEX12,2012-06-27,71,0.105858,0.1046195,0.0157111863036075,16,48,5.559558868462756,6.712,1.4275294217633487,16,574160.76845,5493337.00175,574058.3078,574262.4566,5493073.704,5493599.958,301,341.9903489730591,329.02310197683846,497.8473873195949,50025.282,50037.375,-15.64,2.5189623947089643,0.0324365326176296,-12.54,2.602445834431854,0.0656010570145019,-24.24,2.0519939971503525,0.0040798285141542,-24.29,2.2799505803740465,0.0040494647866058,-14.88965576948976,-11.830891628824627,-23.89358091057597,-23.92602373225757,0.55,0.55,0.1272792206135785,11.5,11.5,3.5355339059327378,2,True,True,True,True,1.26,40.0,0.2379305222222222,0.1452420600212515,0.4833343739421223,0.6500400000000001,2012-06-28,1,Corn
SMAPVEX12,2012-06-29,71,0.0847250625,0.0858885,0.0176775155474169,16,48,4.819332380419507,5.138999999999999,1.3931234077305097,16,574160.76845,5493337.00175,574058.3078,574262.4566,5493073.704,5493599.958,250,376.334235921645,364.0028918416601,486.894318760588,49948.016,49957.688,-15.595,2.2463472307558554,0.0317630089820805,-12.655,2.6683758349953544,0.066508855778253,-24.185,1.8305880464987023,0.0041749056934381,-24.255000000000003,2.027542598703719,0.004103733436999,-14.980783625920942,-11.77120523725996,-23.793533303077997,-23.86820857106811,0.55,0.55,0.1272792206135785,11.5,11.5,3.5355339059327378,2,True,True,True,True,1.26,40.0,0.2379305222222222,0.1452420600212515,0.4833343739421223,0.6500400000000001,2012-06-28,1,Corn
SMAPVEX12,2012-07-03,71,0.0723064375,0.0662375,0.0125882848605029,16,48,4.436774910775771,3.709,0.933285522584952,16,574160.76845,5493337.00175,574058.3078,574262.4566,5493073.704,5493599.958,274,342.59613379438883,325.40462965346813,498.5355170885486,49526.172,49536.828,-13.51,2.479789082619911,0.050768290094575,-14.135000000000002,1.9976291089431173,0.042483354276005,-23.575,1.999573345911588,0.0048434487594757,-23.675,2.1948848902145057,0.0048090481058068,-12.944074636388482,-13.717812008237246,-23.148452904548023,-23.17940878575605,0.55,0.55,0.1272792206135785,11.5,11.5,3.5355339059327378,2,True,True,True,True,1.26,40.0,0.2379305222222222,0.1452420600212515,0.4833343739421223,2.3601666666666667,2012-07-07,4,Corn
SMAPVEX12,2012-07-05,71,0.134084,0.130982,0.0118736853981117,16,48,6.716949527019669,9.286,1.3069369517437843,16,574160.76845,5493337.00175,574058.3078,574262.4566,5493073.704,5493599.958,298,320.8197667666125,303.5939781373958,499.8308366032086,52374.063,52385.703,-7.43,2.2512184866168248,0.1946744036816208,-9.485,2.2506459094433886,0.1222803833157048,-18.56,2.127311347511112,0.0147707052538177,-18.3,2.2436459301962803,0.0160120346814655,-7.106911469422197,-9.126432085488725,-18.305987680239248,-17.955534779003813,0.55,0.55,0.1272792206135785,11.5,11.5,3.5355339059327378,2,True,True,True,True,1.26,40.0,0.2379305222222222,0.1452420600212515,0.4833343739421223,2.3601666666666667,2012-07-07,2,Corn
SMAPVEX12,2012-07-08,71,0.1387610625,0.1359699999999999,0.0112308820043589,16,48,6.9267276783359115,9.82,1.2553303682032595,16,574160.76845,5493337.00175,574058.3078,574262.4566,5493073.704,5493599.958,299,350.84903616284635,334.0369167523069,489.38912144111697,50471.11,50482.781,-6.3,2.243528989610005,0.251519215664816,-8.97,2.61915992306894,0.1499527093267425,-18.55,2.120324716905403,0.0155014163934536,-18.28,2.255258223972995,0.01648771609458,-5.994288299384496,-8.240456830553434,-18.09628617716328,-17.82839499371664,0.55,0.55,0.1272792206135785,11.5,11.5,3.5355339059327378,2,True,True,True,True,1.26,40.0,0.2379305222222222,0.1452420600212515,0.4833343739421223,2.3601666666666667,2012-07-07,1,Corn
SMAPVEX12,2012-07-10,71,0.0963563125,0.094975,0.0092136072321955,16,48,5.213038738213346,5.8740000000000006,0.7894790581980833,16,574160.76845,5493337.00175,574058.3078,574262.4566,5493073.704,5493599.958,250,390.9282127829805,379.4558353950976,498.1740081835405,50018.328,50028.016,-7.88,2.271288790771518,0.1801971557852746,-11.86,2.1985843930432445,0.0753332840102042,-20.695,2.1163552271274204,0.0093361703277896,-20.62,2.223088511896661,0.0096809507451128,-7.442520681655511,-11.230130999187637,-20.29831233682437,-20.14081989480824,0.55,0.55,0.1272792206135785,11.5,11.5,3.5355339059327378,2,True,True,True,True,1.26,40.0,0.2379305222222222,0.1452420600212515,0.4833343739421223,2.3601666666666667,2012-07-07,3,Corn
SMAPVEX12,2012-07-13,71,0.1286978125,0.125696,0.0111723221651767,16,48,6.481609539451664,8.7365,1.1796948192929673,16,574160.76845,5493337.00175,574058.3078,574262.4566,5493073.704,5493599.958,275,314.6278331709396,302.465212402282,477.95556672399096,56072.546,56083.234,-7.33,2.5686045579101995,0.2118769084477496,-11.92,2.2327527859836724,0.0714087539655642,-19.84,2.030506559749022,0.0109302392839134,-19.72,2.128682818740327,0.0114520275864386,-6.739163725963523,-11.462485450039456,-19.613703304065908,-19.41117614490496,0.55,0.55,0.1272792206135785,11.5,11.5,3.5355339059327378,2,True,True,True,True,1.26,40.0,0.2379305222222222,0.1452420600212515,0.4833343739421223,3.89514,2012-07-16,3,Corn
SMAPVEX12,2012-07-14,71,0.0842318125,0.0827705,0.0078462671313072,16,48,4.803387795013877,4.894,0.6183937762461716,16,574160.76845,5493337.00175,574058.3078,574262.4566,5493073.704,5493599.958,207,412.4679801615586,404.71826601397294,498.6108542285453,50424.062,50432.641,-7.84,2.419666832503987,0.1846832609010243,-12.69,2.1361552147153247,0.0598234752403579,-20.77,1.8065149375771867,0.0089121591106757,-20.6,1.9165786314137057,0.0090721088530278,-7.335724658361975,-12.231283617180784,-20.500170685492,-20.42291747473905,0.55,0.55,0.1272792206135785,11.5,11.5,3.5355339059327378,2,True,True,True,True,1.26,40.0,0.2379305222222222,0.1452420600212515,0.4833343739421223,3.89514,2012-07-16,2,Corn
SMAPVEX12,2012-07-17,71,0.175978,0.176149,0.007632597329874,8,24,8.76996641457118,14.666,1.0097249979219944,16,574160.76845,5493337.00175,574058.3078,574262.4566,5493073.704,5493599.958,213,423.874713669596,416.6887862656713,498.92709094161455,52890.093,52898.468,-5.35,1.9453460991954772,0.3147630221381371,-8.32,2.3361480409881343,0.163564375231266,-16.93,2.258906757608532,0.0230941625809335,-16.73,2.278183219002089,0.0235700023637249,-5.020162935449686,-7.863112808923288,-16.364977811149174,-16.276403739223174,0.55,0.55,0.1272792206135785,11.5,11.5,3.5355339059327378,2,True,True,True,True,1.26,40.0,0.2379305222222222,0.1452420600212515,0.4833343739421223,3.89514,2012-07-16,1,Corn
SMAPVEX12,2012-07-19,71,0.0885669375,0.08763,0.0102049409828033,16,48,4.945625824332431,5.2735,0.8089004033254031,16,574160.76845,5493337.00175,574058.3078,574262.4566,5493073.704,5493599.958,199,247.72049497029383,210.80213805516252,499.83692323759567,51026.969,51034.985,-6.5,2.591354143814589,0.2640992024829923,-10.15,2.293847651628321,0.1045552727444964,-19.37,2.1612502714636577,0.013013007780534,-19.14,2.1920041917225217,0.0134944186538087,-5.7823291025751615,-9.806540607315542,-18.856223105472047,-18.69845820324305,0.55,0.55,0.1272792206135785,11.5,11.5,3.5355339059327378,2,True,True,True,True,1.26,40.0,0.2379305222222222,0.1452420600212515,0.4833343739421223,3.89514,2012-07-16,3,Corn
SMAPVEX12,2012-06-22,72,0.1432130625,0.143151,0.024771531042627,16,48,7.131048049252696,8.1955,1.5708368350977768,16,573771.08000625,5492528.219875,573669.0138,573874.0383,5492264.435,5492792.385,334,250.69194349171013,239.3689204630452,498.8358098653892,49647.266,49660.578,-8.690000000000001,5.271755138866028,0.1940070499876867,-9.915,2.662923733326981,0.1214438057437162,-22.52,2.416671731275837,0.0065670962505566,-22.505,2.6035384591583584,0.006503521367765,-7.121824880330802,-9.156246315375464,-21.826266184346068,-21.868514285129127,0.46,0.46,0.2545584412271571,5.5,5.5,1.4142135623730951,2,True,True,True,True,1.26,40.0,0.2379305222222222,0.1214751774723194,0.2311599179723193,0.2397,2012-06-21,1,Corn
SMAPVEX12,2012-06-25,72,0.118585,0.122205,0.0244271996430208,16,48,6.05804707431578,6.9275,1.3824211957648795,16,573771.08000625,5492528.219875,573669.0138,573874.0383,5492264.435,5492792.385,342,298.2557192129399,277.86502759621146,498.069638070322,50229.844,50243.359,-10.99,4.048741777722934,0.1116730541591038,-11.965,2.418007882608048,0.073716435036286,-24.64,2.2238469649129144,0.0041485156212652,-24.8,2.426189613935946,0.0040327911592562,-9.520516061301445,-11.324356756437597,-23.82107270230593,-23.94394267635579,0.46,0.46,0.2545584412271571,5.5,5.5,1.4142135623730951,2,True,True,True,True,1.26,40.0,0.2379305222222222,0.1214751774723194,0.2311599179723193,0.7219433333333334,2012-06-28,3,Corn
SMAPVEX12,2012-06-27,72,0.1020515625,0.0862469999999999,0.033224067545418,16,48,5.418081502325287,4.9975000000000005,1.818124198177891,16,573771.08000625,5492528.219875,573669.0138,573874.0383,5492264.435,5492792.385,351,271.5166335537682,259.938701780094,498.96747600576543,50037.407,50051.516,-10.95,3.7572929629511735,0.1061747565430454,-12.28,2.399705734232348,0.0692026273872216,-24.41,2.180573972375817,0.0041906831957546,-24.49,2.3696250017162286,0.0041577443810894,-9.739787261661805,-11.598774165532014,-23.77715169406207,-23.81142214690655,0.46,0.46,0.2545584412271571,5.5,5.5,1.4142135623730951,2,True,True,True,True,1.26,40.0,0.2379305222222222,0.1214751774723194,0.2311599179723193,0.7219433333333334,2012-06-28,1,Corn
SMAPVEX12,2012-06-29,72,0.0765873125,0.0730605,0.0253632851439996,16,48,4.5641859269197065,4.374499999999999,1.2482867726074274,16,573771.08000625,5492528.219875,573669.0138,573874.0383,5492264.435,5492792.385,339,258.9930475373491,252.84625653245627,499.3462603725596,49958.094,49971.516,-11.85,3.620035567009616,0.0866859642609823,-12.37,2.5332147377132586,0.0676940184144186,-23.42,2.2196890576527646,0.0052052159301269,-23.5,2.403732187722764,0.0051928618817171,-10.620512155280064,-11.694497047916627,-22.83561249761997,-22.845932284940623,0.46,0.46,0.2545584412271571,5.5,5.5,1.4142135623730951,2,True,True,True,True,1.26,40.0,0.2379305222222222,0.1214751774723194,0.2311599179723193,0.7219433333333334,2012-06-28,1,Corn
SMAPVEX12,2012-07-03,72,0.0552021875,0.0527645,0.0092431102573304,16,48,3.975381229845713,3.4835000000000003,0.3945653304587213,16,573771.08000625,5492528.219875,573669.0138,573874.0383,5492264.435,5492792.385,300,277.5428315130317,267.20796063895904,484.019063611115,49537.219,49548.922,-11.045,2.7665506454430875,0.0968548448105522,-14.25,1.9640605547885368,0.0406878238054009,-23.075,1.870614638554792,0.005319339316157,-23.28,2.005709949453757,0.0052325745079546,-10.138786504031716,-13.905355378336193,-22.741423055180256,-22.81284578916043,0.46,0.46,0.2545584412271571,5.5,5.5,1.4142135623730951,2,True,True,True,True,1.26,40.0,0.2379305222222222,0.1214751774723194,0.2311599179723193,2.970853333333333,2012-07-07,4,Corn
SMAPVEX12,2012-07-05,72,0.1744420625,0.1745065,0.0109968061149211,16,48,8.687951120690386,10.294,0.7871099219084121,16,573771.08000625,5492528.219875,573669.0138,573874.0383,5492264.435,5492792.385,312,301.5204740353256,290.996481972116,498.83153387013454,52386.11,52398.485,-6.565,2.494817551811644,0.240765786582061,-9.785,2.357345406863466,0.118032222352631,-19.04,2.3033086442088613,0.0144435563292264,-18.795,2.4087053226398165,0.0152783924888694,-6.1840522735730685,-9.279994157479894,-18.403258605060877,-18.15922337510279,0.46,0.46,0.2545584412271571,5.5,5.5,1.4142135623730951,2,True,True,True,True,1.26,40.0,0.2379305222222222,0.1214751774723194,0.2311599179723193,2.970853333333333,2012-07-07,2,Corn
SMAPVEX12,2012-07-08,72,0.191422375,0.191404,0.0111616969550631,16,48,9.622047747253953,11.5245,0.8400130951360223,16,573771.08000625,5492528.219875,573669.0138,573874.0383,5492264.435,5492792.385,351,271.4593135680144,264.09234108193306,494.0183353653968,50482.813,50496.922,-5.0,2.1045195952764915,0.3197810053540623,-7.96,2.7312200177779125,0.1805100771934352,-18.6,2.296697777354408,0.0153749628074367,-18.37,2.406837449252133,0.0161328707593251,-4.951473364462895,-7.434985480666953,-18.13185926124548,-17.92288345320248,0.46,0.46,0.2545584412271571,5.5,5.5,1.4142135623730951,2,True,True,True,True,1.26,40.0,0.2379305222222222,0.1214751774723194,0.2311599179723193,2.970853333333333,2012-07-07,1,Corn
SMAPVEX12,2012-07-10,72,0.118708875,0.117586,0.0083556062846051,16,48,6.063089501044,6.6615,0.4792705394659679,16,573771.08000625,5492528.219875,573669.0138,573874.0383,5492264.435,5492792.385,337,259.4861952289384,247.24065839999105,499.54596771650256,50028.406,50041.797,-5.93,2.396486282245136,0.2648913922770133,-10.66,2.6037169755579845,0.1010787013112015,-20.85,2.1695229117847723,0.0093771744179897,-20.69,2.254071490487956,0.0097433575213256,-5.7693215399923,-9.953403466591483,-20.27928005921591,-20.11291361220055,0.46,0.46,0.2545584412271571,5.5,5.5,1.4142135623730951,2,True,True,True,True,1.26,40.0,0.2379305222222222,0.1214751774723194,0.2311599179723193,2.970853333333333,2012-07-07,3,Corn
SMAPVEX12,2012-07-13,72,0.1373234375,0.1361,0.0117366891922651,16,48,6.861713115678035,7.7565,0.7302332047595027,16,573771.08000625,5492528.219875,573669.0138,573874.0383,5492264.435,5492792.385,291,296.69250523763475,287.71740237147054,497.6541485122622,56083.625,56095.093,-6.41,2.6829829851826266,0.2681881293047778,-10.93,2.205684351342154,0.0921384295043265,-20.8,2.0364463383123272,0.0090331160095999,-20.6,2.2716407032744157,0.0092700920643272,-5.715604490478977,-10.35559194551514,-20.441624122179757,-20.329159527130265,0.46,0.46,0.2545584412271571,5.5,5.5,1.4142135623730951,2,True,True,True,True,1.26,40.0,0.2379305222222222,0.1214751774723194,0.2311599179723193,4.45269,2012-07-16,3,Corn
SMAPVEX12,2012-07-14,72,0.074,0.075235,0.015440957673236,16,48,4.4866153192,4.4695,0.7304347107487887,16,573771.08000625,5492528.219875,573669.0138,573874.0383,5492264.435,5492792.385,329,251.05586843113383,250.4853291005959,499.3995487148062,50432.672,50445.859,-7.3,2.7404005421138757,0.2310243014694319,-11.98,2.215218522773771,0.0726709613820473,-21.13,2.104816399538318,0.008570219165034,-21.09,2.206700206757989,0.008784277893482,-6.363423342248725,-11.38639094380066,-20.67008071781836,-20.562939336297777,0.46,0.46,0.2545584412271571,5.5,5.5,1.4142135623730951,2,True,True,True,True,1.26,40.0,0.2379305222222222,0.1214751774723194,0.2311599179723193,4.45269,2012-07-16,2,Corn
SMAPVEX12,2012-07-17,72,0.123286625,0.123233,0.0102618598046358,16,48,6.251977410569178,6.9861995,0.6064073622553262,16,573771.08000625,5492528.219875,573669.0138,573874.0383,5492264.435,5492792.385,343,263.7929749068268,260.0949728296312,499.4591140225815,52898.937,52912.468,-5.14,2.4727064817164104,0.2940105313147668,-8.6,2.855647747314168,0.1623089210588002,-18.47,2.76989249758819,0.0166659630212458,-18.35,2.818281077743664,0.0172325620970607,-5.316371130913266,-7.896576091932785,-17.781695861301102,-17.63650147862806,0.46,0.46,0.2545584412271571,5.5,5.5,1.4142135623730951,2,True,True,True,True,1.26,40.0,0.2379305222222222,0.1214751774723194,0.2311599179723193,4.45269,2012-07-16,1,Corn
SMAPVEX12,2012-06-22,81,0.2020005625,0.199917,0.0314505974378203,16,48,10.233824434868765,12.4245,2.6461033040743773,16,574000.3592749999,5490171.9410625,573737.3358,574264.0373,5490068.475,5490274.636,321,294.11579675943483,280.97573682092445,497.8060653457444,49679.531,49692.235,-7.82,3.68160385261235,0.2539175733384366,-10.27,2.267231389531296,0.1099678228086193,-23.21,1.898949176026269,0.0051920090611424,-23.36,2.104175843723238,0.0051247484672226,-5.953072410726956,-9.587343732140498,-22.84664558272263,-22.90327445780117,0.74,0.74,0.0848528137423856,7.5,7.5,2.1213203435596424,2,True,True,True,True,1.26,40.0,0.2379305222222222,0.1954165898467748,0.3152180699622536,1.9886300000000003,2012-06-21,1,Wheat
SMAPVEX12,2012-06-27,81,0.1150036875,0.1093915,0.0224284743684414,16,48,5.913845787795595,6.1305,1.3422180259431278,16,574000.3592749999,5490171.9410625,573737.3358,574264.0373,5490068.475,5490274.636,382,255.48285403581852,259.79642865159525,499.8284315842896,50072.953,50088.235,-10.465,3.6109381071525934,0.1369479146382711,-14.53,2.445970440517573,0.0433072229839518,-26.14,1.8312424731528496,0.0026469814627589,-26.41,2.0849798788846656,0.0025250395016323,-8.63444576538804,-13.63439663913034,-25.77249100122789,-25.977318234040297,0.74,0.74,0.0848528137423856,7.5,7.5,2.1213203435596424,2,True,True,True,True,1.26,40.0,0.2379305222222222,0.1954165898467748,0.3152180699622536,2.755193333333333,2012-06-28,1,Wheat
SMAPVEX12,2012-07-05,81,0.1766800624999999,0.1773285,0.0183252560890473,16,48,8.807620704962686,10.646,1.3509638889203026,16,574000.3592749999,5490171.9410625,573737.3358,574264.0373,5490068.475,5490274.636,353,264.0705361545239,276.6558241905995,499.22706161281263,52418.766,52432.922,-8.89,2.620747342841653,0.16323744632452,-9.94,2.8199275551170957,0.1356635039570305,-19.98,2.303616647178826,0.0115901949189661,-19.96,2.4145903160868327,0.0119370757945053,-7.871802079188868,-8.675369700400449,-19.35909260195198,-19.23102048570831,0.74,0.74,0.0848528137423856,7.5,7.5,2.1213203435596424,2,True,True,True,True,1.26,40.0,0.2379305222222222,0.1954165898467748,0.3152180699622536,2.755193333333333,2012-06-28,7,Wheat
SMAPVEX12,2012-07-08,81,0.2379815625,0.230034,0.0240294785821325,16,48,12.47819797776532,15.003,2.2512705070322703,16,574000.3592749999,5490171.9410625,573737.3358,574264.0373,5490068.475,5490274.636,368,257.55810128920393,246.54409479317772,499.232228992044,50518.016,50532.969,-6.44,2.1533041890698588,0.2424124524827045,-7.85,3.074342699216152,0.2297669156259758,-20.675,1.9996182019179405,0.009546116970512,-20.61,2.0498687895226304,0.0098840386570267,-6.154450746640876,-6.3871250565419055,-20.201732484385904,-20.05065564716684,0.74,0.74,0.0848528137423856,7.5,7.5,2.1213203435596424,2,True,True,True,True,1.26,40.0,0.2379305222222222,0.1954165898467748,0.3152180699622536,1.5535333333333334,2012-07-16,8,Wheat
SMAPVEX12,2012-07-13,81,0.1377129375,0.1402614999999999,0.0175523716553965,16,48,6.879281056987967,8.028500000000001,1.1465988382312848,16,574000.3592749999,5490171.9410625,573737.3358,574264.0373,5490068.475,5490274.636,320,249.0576996109231,251.4632230957292,499.7357037429177,56113.468,56126.421,-9.075,2.847164849331904,0.1575105542548948,-11.19,2.270699438380002,0.0877071466527249,-23.57,1.9105647173505933,0.0049269046776833,-23.635,2.0641085992178807,0.0049492290201771,-8.026903402801564,-10.56965017518938,-23.07425840070655,-23.054624492201825,0.74,0.74,0.0848528137423856,7.5,7.5,2.1213203435596424,2,True,True,True,True,1.26,40.0,0.2379305222222222,0.1954165898467748,0.3152180699622536,1.5535333333333334,2012-07-16,3,Wheat
SMAPVEX12,2012-07-17,81,0.18305275,0.184047,0.0090499581766989,16,48,9.154142178226914,11.16,0.6927713397410913,16,574000.3592749999,5490171.9410625,573737.3358,574264.0373,5490068.475,5490274.636,325,307.71815651128827,286.8847593648187,478.424261595285,52932.125,52944.828,-7.04,2.100034338343595,0.2119267567226521,-9.54,2.218968815889024,0.1264310565787185,-19.84,2.135908090560088,0.011327053090917,-19.7,2.1849397004898865,0.0115372062822358,-6.7381420816219775,-8.981462326670332,-19.458830639073305,-19.378993422284744,0.74,0.74,0.0848528137423856,7.5,7.5,2.1213203435596424,2,True,True,True,True,1.26,40.0,0.2379305222222222,0.1954165898467748,0.3152180699622536,1.5535333333333334,2012-07-16,1,Wheat
SMAPVEX12,2012-06-29,83,0.12053875,0.1215725,0.0585422477708762,16,48,6.13799980950817,6.6225000000000005,2.8745547126178232,16,573373.073725,5490041.2759375,573266.0928,573469.4248,5489774.95,5490301.204,101,485.9163174691208,483.51263146778416,499.6127724515689,49996.0,50000.032,-13.32,1.944964608092567,0.048019190967954,-13.71,2.5500307860692564,0.0484105929193175,-25.9,1.648080497649515,0.0027646833587595,-26.07,1.9595549909038632,0.002581956856435,-13.185851612534412,-13.150595982099484,-25.583546015809983,-25.880510189126387,1.07,1.07,0.3676955262170047,17.75,17.75,7.424621202458749,2,True,True,True,True,1.26,40.0,0.2379305222222222,0.2825618258595258,0.746016098910667,1.0859933333333334,2012-06-30,1,Corn
SMAPVEX12,2012-07-14,83,0.1295701875,0.123047,0.0351728731121371,16,48,6.51927002068219,6.7010000000000005,1.8608364740979613,16,573373.073725,5490041.2759375,573266.0928,573469.4248,5489774.95,5490301.204,116,477.4923567395827,475.3476237030577,499.8602058457134,50469.375,50474.156,-10.91,2.19813377810514,0.0937651956825414,-11.14,2.2209855906788327,0.0835340550174328,-23.945,1.8109862194275588,0.0044420831173653,-23.935,1.9571082682399537,0.0043851999533747,-10.279583356930988,-10.781364360016564,-23.52413319476109,-23.58010599181079,1.07,1.07,0.3676955262170047,17.75,17.75,7.424621202458749,2,True,True,True,True,1.26,40.0,0.2379305222222222,0.2825618258595258,0.746016098910667,4.57585,2012-07-16,2,Corn
SMAPVEX12,2012-06-22,91,0.199289375,0.1960015,0.0331007051543719,16,48,10.074881796213639,12.195,2.697593195795096,16,574254.3926,5487493.1529375,574150.6867,574356.9926,5487228.708,5487757.22,222,419.1498691370502,413.8728184363365,499.89344738193626,49718.141,49727.11,-14.08,2.874628339910659,0.0534332388382181,-14.14,2.2203612770914423,0.0417416850584128,-24.925,2.13441038373434,0.003602435708007,-25.19,2.417106053402055,0.0034124991072078,-12.721885004018873,-13.79430023004177,-24.434037612167963,-24.669274535730903,1.055,1.055,0.2616295090390226,3.0,3.0,4.242640687119285,2,True,True,True,True,1.26,40.0,0.2379305222222222,0.278600678768037,0.1260872279849014,4.29638,2012-06-24,2,Wheat
SMAPVEX12,2012-06-25,91,0.1333266875,0.1331129999999999,0.0265853080321161,16,48,6.683454788435966,7.758,1.674362445828262,16,574254.3926,5487493.1529375,574150.6867,574356.9926,5487228.708,5487757.22,383,284.6161010499428,267.427822930264,499.1451094642659,50308.625,50323.906,-15.46,2.4169718123127484,0.0309380973232321,-16.74,2.263864437965508,0.0237024692670022,-26.46,2.2872889877679845,0.0025879257484236,-26.92,2.8096499632415504,0.0023770195622491,-15.095063986983767,-16.252064078644956,-25.87048188402283,-26.239672441271395,1.055,1.055,0.2616295090390226,3.0,3.0,4.242640687119285,2,True,True,True,True,1.26,40.0,0.2379305222222222,0.278600678768037,0.1260872279849014,4.29638,2012-06-24,1,Wheat
SMAPVEX12,2012-06-27,91,0.1175750625,0.1171225,0.0225124034477848,16,48,6.0170728094035795,6.7885,1.391711822121711,16,574254.3926,5487493.1529375,574150.6867,574356.9926,5487228.708,5487757.22,329,345.05073993166843,334.2955880527646,499.96444340740106,50115.125,50128.297,-16.1,2.371618891731566,0.029021626413905,-16.68,2.0894431390692025,0.0232374306846119,-26.45,2.1613841955089863,0.002463764477513,-26.81,2.4907439441132424,0.0023236036428656,-15.37278252725586,-16.338118926836465,-26.08400810714309,-26.338379513233715,1.055,1.055,0.2616295090390226,3.0,3.0,4.242640687119285,2,True,True,True,True,1.26,40.0,0.2379305222222222,0.278600678768037,0.1260872279849014,4.29638,2012-06-24,3,Wheat
SMAPVEX12,2012-07-05,91,0.183711125,0.187512,0.0274751030519753,16,48,9.190424894956713,11.538,2.0479668200030323,16,574254.3926,5487493.1529375,574150.6867,574356.9926,5487228.708,5487757.22,175,321.728468634989,297.76002205000856,499.3020782855799,52463.719,52470.375,-16.32,2.0116836758851173,0.0259177455563605,-12.71,2.5015571505244294,0.063875259109607,-24.89,1.8812141678938112,0.0036026399171828,-24.95,2.119097907338568,0.0035586082676797,-15.864027780720509,-11.946673251406857,-24.43379143316072,-24.487198165897304,1.055,1.055,0.2616295090390226,3.0,3.0,4.242640687119285,2,True,True,True,True,1.26,40.0,0.2379305222222222,0.278600678768037,0.1260872279849014,3.5067799999999996,2012-07-07,2,Wheat
SMAPVEX12,2012-07-08,91,0.157849125,0.1566914999999999,0.0293662314342511,16,48,7.834120517872819,9.304,2.0956129055720183,16,574254.3926,5487493.1529375,574150.6867,574356.9926,5487228.708,5487757.22,307,362.1467455113647,349.132653836676,499.20561789367054,50559.922,50572.156,-14.81,2.2501273392724666,0.0364963739863809,-14.93,2.3125629176958933,0.0361370338808841,-24.91,2.0323432694839467,0.0034596036865284,-25.06,2.268132305047682,0.0033916250659608,-14.377502817334353,-14.420474970996455,-24.60973648782886,-24.695921637219904,1.055,1.055,0.2616295090390226,3.0,3.0,4.242640687119285,2,True,True,True,True,1.26,40.0,0.2379305222222222,0.278600678768037,0.1260872279849014,3.5067799999999996,2012-07-07,1,Wheat
SMAPVEX12,2012-07-10,91,0.0847923666666666,0.098638,0.0320681316131689,15,40,4.821512799655499,5.749,1.4772988478010418,16,574254.3926,5487493.1529375,574150.6867,574356.9926,5487228.708,5487757.22,278,384.7906232492884,368.7326552646275,499.4296772113008,50101.422,50112.563,-16.435000000000002,2.158465827675266,0.0254115425278408,-16.75,1.956877812002768,0.0230010794851534,-26.59,1.859868012862944,0.0024762359112542,-26.94,2.153922204984984,0.0023444685560756,-15.949689716675907,-16.382517812239687,-26.062079824001646,-26.299555876273804,1.055,1.055,0.2616295090390226,3.0,3.0,4.242640687119285,2,True,True,True,True,1.26,40.0,0.2379305222222222,0.278600678768037,0.1260872279849014,3.5067799999999996,2012-07-07,3,Wheat
SMAPVEX12,2012-07-13,91,0.1211243125,0.1183625,0.0154660194608212,16,48,6.162138616969493,6.862,0.933816077537042,16,574254.3926,5487493.1529375,574150.6867,574356.9926,5487228.708,5487757.22,294,323.9640367766266,310.6064506015369,498.7727400177408,56149.156,56160.687,-15.675,2.149073055102854,0.0312052359440883,-14.225,2.923791566093829,0.0497166404722152,-25.22,1.8034562124778104,0.0031881709745663,-25.6,2.0337528702265986,0.003117881707206,-15.05772529352022,-13.034982258403954,-24.964583963977347,-25.0614036601768,1.055,1.055,0.2616295090390226,3.0,3.0,4.242640687119285,2,True,True,True,True,1.26,40.0,0.2379305222222222,0.278600678768037,0.1260872279849014,2.4393100000000003,2012-07-18,5,Wheat
SMAPVEX12,2012-07-14,91,0.117114,0.1153839999999999,0.0168473508778086,16,48,5.998447644693352,6.6875,1.0024145433236025,16,574254.3926,5487493.1529375,574150.6867,574356.9926,5487228.708,5487757.22,232,412.1906556748808,401.0745117464655,499.8550067195845,50501.516,50510.75,-16.285,2.030879541068328,0.0262537169482604,-15.735,2.19820122447923,0.0316822333689866,-26.25,1.8164499030830743,0.0025772709600725,-26.55,2.049944220530078,0.0024582625285318,-15.808092013687856,-14.991842113742342,-25.88839919719114,-26.093717387789265,1.055,1.055,0.2616295090390226,3.0,3.0,4.242640687119285,2,True,True,True,True,1.26,40.0,0.2379305222222222,0.278600678768037,0.1260872279849014,2.4393100000000003,2012-07-18,4,Wheat
SMAPVEX12,2012-07-17,91,0.1944006875,0.1911399999999999,0.0166170822778599,16,48,9.79201068378811,11.816,1.3217192843666414,16,574254.3926,5487493.1529375,574150.6867,574356.9926,5487228.708,5487757.22,178,442.2331126988006,440.509028240502,499.528121820499,52972.437,52979.562,-14.53,2.457425277754512,0.0423962127485828,-13.265,2.277582695882525,0.0521960313520631,-24.055,1.7259664680524631,0.0041839436574816,-24.065,1.858394407891095,0.0041430233819631,-13.726729371774091,-12.823625166801548,-23.78414172470025,-23.826826156689,1.055,1.055,0.2616295090390226,3.0,3.0,4.242640687119285,2,True,True,True,True,1.26,40.0,0.2379305222222222,0.278600678768037,0.1260872279849014,2.4393100000000003,2012-07-18,1,Wheat
SMAPVEX12,2012-07-19,91,0.1330818125,0.1315405,0.0201570410104219,16,48,6.672652644521012,7.6605,1.2548470806569756,16,574254.3926,5487493.1529375,574150.6867,574356.9926,5487228.708,5487757.22,229,235.47325977418933,195.87155683879132,499.4827524260951,51111.016,51120.157,-16.26,2.0627296554200005,0.0258105007800372,-14.51,2.112019098514282,0.0397556286313554,-23.89,1.9051708267523555,0.0044457387273098,-23.98,1.930824039546932,0.0044622718461871,-15.882035691137462,-14.006013749198562,-23.52056064044088,-23.50443975580028,1.055,1.055,0.2616295090390226,3.0,3.0,4.242640687119285,2,True,True,True,True,1.26,40.0,0.2379305222222222,0.278600678768037,0.1260872279849014,2.4393100000000003,2012-07-18,1,Wheat
