field_id,acquisition_date,row_id,repeat,fold,inner_fold,method,candidate_epochs,candidate_alpha,observed_hh,observed_vv,predicted_hh,predicted_vv
103,2012-06-22,7,1,1,1,ridge,,0.0001,-13.28404803220713,-14.50588749676858,-15.84954719949756,-13.278677037135857
103,2012-06-27,8,1,1,1,ridge,,0.0001,-17.302172301136643,-16.600968273984137,-12.493071952807075,-11.760817759522428
103,2012-06-29,9,1,1,1,ridge,,0.0001,-18.92242109331228,-19.84632772841422,-11.83626410119336,-11.353598491570143
103,2012-07-05,10,1,1,1,ridge,,0.0001,-15.574795029478718,-16.124130866471255,-11.901058152246758,-11.41142094379175
103,2012-07-08,11,1,1,1,ridge,,0.0001,-15.86824246394819,-13.95091862281008,-11.798640413808272,-11.283070386713018
103,2012-07-14,12,1,1,1,ridge,,0.0001,-17.84275788106028,-18.72912571156667,-11.881337943248607,-11.23292658897893
103,2012-07-17,13,1,1,1,ridge,,0.0001,-12.595339414809716,-16.21757943788777,-11.807830970446794,-11.316223449935421
21,2012-06-22,45,1,1,1,ridge,,0.0001,-12.060684803223303,-12.00798502229204,-13.109032778885984,-12.743658694958485
21,2012-06-25,46,1,1,1,ridge,,0.0001,-11.883841971912686,-12.210536948445432,-12.856843366429851,-12.60222064829391
21,2012-06-29,47,1,1,1,ridge,,0.0001,-12.329567928959571,-12.661731465224886,-12.578005562439134,-12.400745538523788
21,2012-07-08,48,1,1,1,ridge,,0.0001,-12.336402358206886,-12.252348442564678,-12.551964102832113,-12.312870399473155
21,2012-07-10,49,1,1,1,ridge,,0.0001,-12.541026866239491,-12.812605872689588,-12.543477385842234,-12.332177585585086
21,2012-07-17,50,1,1,1,ridge,,0.0001,-12.042182130233446,-11.668944707481812,-12.653212652279679,-12.467577528323826
31,2012-06-22,56,1,1,1,ridge,,0.0001,-12.261406145930293,-7.675525079895581,-13.86391153486289,-12.362078348676151
31,2012-06-27,57,1,1,1,ridge,,0.0001,-15.56720520685795,-10.869677151623607,-12.457223312342009,-11.70276581127007
31,2012-07-05,58,1,1,1,ridge,,0.0001,-14.630903606681327,-11.607199044191669,-11.73991399630136,-11.280308205941825
31,2012-07-08,59,1,1,1,ridge,,0.0001,-15.85527387686205,-13.88497530384446,-11.666788239046886,-11.174482419392948
31,2012-07-14,60,1,1,1,ridge,,0.0001,-12.061582027927042,-8.958668222109942,-12.6639955212507,-11.805538851750812
41,2012-06-22,67,1,1,1,ridge,,0.0001,-9.893244615306044,-8.032288058491003,-15.184797805764056,-14.833911840930167
41,2012-06-27,68,1,1,1,ridge,,0.0001,-12.472382986190222,-8.801892289617859,-14.039373344050212,-14.261997441152246
41,2012-07-05,69,1,1,1,ridge,,0.0001,-12.028670241841908,-9.29119256932756,-13.737783609937258,-14.06541718685495
41,2012-07-08,70,1,1,1,ridge,,0.0001,-13.748748630293996,-9.894634362662554,-13.654613836165565,-13.971696276851226
41,2012-07-14,71,1,1,1,ridge,,0.0001,-11.651468732388375,-9.450060398721016,-13.72315630017579,-14.053084396914326
41,2012-07-17,72,1,1,1,ridge,,0.0001,-11.500314383218642,-8.561757537563716,-14.950691643466625,-14.724337459584863
54,2012-06-22,90,1,1,1,ridge,,0.0001,-10.417640310145606,-12.93767695335395,-12.337278971491342,-12.172044846345335
54,2012-06-29,91,1,1,1,ridge,,0.0001,-13.54880158174925,-13.941944979578206,-12.865010169760893,-12.217903663898749
54,2012-07-10,92,1,1,1,ridge,,0.0001,-11.65562649391276,-9.922527219399468,-12.941305385918294,-12.230658384689352
113,2012-06-22,27,1,1,2,ridge,,0.0001,-13.904265705279988,-12.764677230796163,-13.057444854834499,-13.141106072904186
113,2012-06-25,28,1,1,2,ridge,,0.0001,-16.669071704883304,-15.628078749949356,-13.032847413039386,-13.32521760775517
113,2012-07-05,29,1,1,2,ridge,,0.0001,-13.78856756792369,-13.696217585568537,-13.010590134329334,-13.456228150274455
113,2012-07-08,30,1,1,2,ridge,,0.0001,-14.418687481499695,-13.97967004287996,-13.001011315659865,-13.490994799420175
113,2012-07-14,31,1,1,2,ridge,,0.0001,-16.398165435484163,-15.965865563125584,-12.989263554195809,-13.486566239910966
113,2012-07-17,32,1,1,2,ridge,,0.0001,-13.772013528373366,-13.330322847631932,-13.001012468992647,-13.49099197129032
22,2012-06-22,51,1,1,2,ridge,,0.0001,-14.06874113337972,-14.071044446046743,-13.482505717569465,-12.750129001923419
22,2012-06-25,52,1,1,2,ridge,,0.0001,-14.018031173978704,-14.77165243150176,-13.465417728542814,-12.863660439778725
22,2012-06-29,53,1,1,2,ridge,,0.0001,-14.73472458342086,-15.474752085663306,-13.450031024751453,-12.940928438166978
22,2012-07-14,54,1,1,2,ridge,,0.0001,-14.429262660073372,-14.834682689018504,-13.452358109708737,-12.931553616950234
22,2012-07-17,55,1,1,2,ridge,,0.0001,-13.95505270639354,-12.9206874664521,-13.460922101446924,-12.889454565705218
72,2012-06-22,114,1,1,2,ridge,,0.0001,-9.156246315375464,-7.121824880330802,-13.229536985439939,-12.57824536948129
72,2012-06-27,115,1,1,2,ridge,,0.0001,-11.598774165532014,-9.739787261661805,-13.229133439804162,-12.444899691222831
72,2012-06-29,116,1,1,2,ridge,,0.0001,-11.694497047916627,-10.620512155280064,-13.230902238164237,-12.331888063805618
72,2012-07-05,117,1,1,2,ridge,,0.0001,-9.279994157479894,-6.1840522735730685,-13.232366333730768,-12.641264266312056
72,2012-07-08,118,1,1,2,ridge,,0.0001,-7.434985480666953,-4.951473364462895,-13.234763381656116,-12.66254762834621
72,2012-07-14,119,1,1,2,ridge,,0.0001,-11.38639094380066,-6.363423342248725,-13.231172084344761,-12.319042759204455
72,2012-07-17,120,1,1,2,ridge,,0.0001,-7.896576091932785,-5.316371130913266,-13.22885307396349,-12.521079004382926
81,2012-06-22,121,1,1,2,ridge,,0.0001,-9.587343732140498,-5.953072410726956,-13.298073540285149,-12.804710534721064
81,2012-06-27,122,1,1,2,ridge,,0.0001,-13.63439663913034,-8.63444576538804,-13.290360284747324,-12.626604108192357
81,2012-07-17,123,1,1,2,ridge,,0.0001,-8.981462326670332,-6.7381420816219775,-13.295032435133773,-12.78649961494617
91,2012-06-22,126,1,1,2,ridge,,0.0001,-13.79430023004177,-12.721885004018873,-13.609432974512782,-12.52411719456909
91,2012-06-25,127,1,1,2,ridge,,0.0001,-16.252064078644956,-15.095063986983767,-13.602447649629786,-12.406264418311615
91,2012-07-05,128,1,1,2,ridge,,0.0001,-11.946673251406857,-15.864027780720509,-13.606964271934617,-12.508667144553156
91,2012-07-08,129,1,1,2,ridge,,0.0001,-14.420474970996455,-14.377502817334353,-13.603964403785028,-12.466408809710488
91,2012-07-17,130,1,1,2,ridge,,0.0001,-12.823625166801548,-13.726729371774091,-13.60860613161733,-12.520056884970382
91,2012-07-19,131,1,1,2,ridge,,0.0001,-14.006013749198562,-15.882035691137462,-13.602439252052996,-12.405561798196944
12,2012-06-22,33,1,1,3,ridge,,0.0001,-12.945592837955164,-13.621175265774452,-15.212017749975566,-14.934498007838576
12,2012-06-27,34,1,1,3,ridge,,0.0001,-12.863896772641066,-14.252905240550222,-15.351177547286325,-14.95343087305722
12,2012-06-29,35,1,1,3,ridge,,0.0001,-14.492924226367006,-14.921340450348202,-15.286494426478267,-14.945743108593764
12,2012-07-08,36,1,1,3,ridge,,0.0001,-14.914279673093365,-14.773522086284936,-15.456762576190396,-14.962525078675831
12,2012-07-10,37,1,1,3,ridge,,0.0001,-15.09795788808382,-15.53251252603237,-15.306817178328723,-14.948351261252228
12,2012-07-17,38,1,1,3,ridge,,0.0001,-13.089522506330766,-13.652175532794685,-15.124435571247073,-14.917288388449236
52,2012-06-22,79,1,1,3,ridge,,0.0001,-13.45495696239713,-15.738081907796053,-13.445692462328708,-12.660288410052694
52,2012-06-29,80,1,1,3,ridge,,0.0001,-16.041356891502684,-16.29966966543719,-13.858201119087346,-12.751087606004743
52,2012-07-08,81,1,1,3,ridge,,0.0001,-13.337191112994962,-11.304804238666236,-13.818226687100521,-12.746689396814537
52,2012-07-10,82,1,1,3,ridge,,0.0001,-14.71139542756748,-12.827360988564674,-14.112199687225528,-12.766401002870854
52,2012-07-17,83,1,1,3,ridge,,0.0001,-8.618950020440854,-7.762089915864024,-13.648898028153624,-12.71969225454248
52,2012-07-19,84,1,1,3,ridge,,0.0001,-13.32401009971738,-12.996658395943411,-13.964086573897847,-12.759878102912813
53,2012-06-22,85,1,1,3,ridge,,0.0001,-11.59685403803788,-14.890521382506938,-13.745266006582746,-13.491061309447502
53,2012-06-29,86,1,1,3,ridge,,0.0001,-14.273258986856678,-15.844986252295593,-14.064046175174527,-13.681024486701494
53,2012-07-08,87,1,1,3,ridge,,0.0001,-11.837654265802229,-9.263246005952729,-14.219541991127487,-13.71741383886371
53,2012-07-10,88,1,1,3,ridge,,0.0001,-13.121221982705292,-10.563549725135724,-14.37240237694823,-13.739108224392
53,2012-07-19,89,1,1,3,ridge,,0.0001,-9.430559470207992,-7.124290756308986,-14.387445220689449,-13.740681076601751
71,2012-06-22,107,1,1,3,ridge,,0.0001,-9.441352711283985,-15.826503794261775,-13.731098214748267,-12.921446407441016
71,2012-06-27,108,1,1,3,ridge,,0.0001,-11.830891628824627,-14.88965576948976,-13.905627558541703,-12.940371555523418
71,2012-06-29,109,1,1,3,ridge,,0.0001,-11.77120523725996,-14.980783625920942,-14.06944263019049,-12.94871475035538
71,2012-07-05,110,1,1,3,ridge,,0.0001,-9.126432085488725,-7.106911469422197,-13.714235207411035,-12.918918137861068
71,2012-07-08,111,1,1,3,ridge,,0.0001,-8.240456830553434,-5.994288299384496,-13.685444946278903,-12.914263466279166
71,2012-07-14,112,1,1,3,ridge,,0.0001,-12.231283617180784,-7.335724658361975,-14.073482587557974,-12.948828052779392
71,2012-07-17,113,1,1,3,ridge,,0.0001,-7.863112808923288,-5.020162935449686,-13.484609722938055,-12.866593970131234
83,2012-06-29,124,1,1,3,ridge,,0.0001,-13.150595982099484,-13.185851612534412,-15.738729302768789,-15.532760017430226
83,2012-07-14,125,1,1,3,ridge,,0.0001,-10.781364360016564,-10.279583356930988,-15.679267031501325,-15.525226981134345
11,2012-06-22,14,1,1,4,ridge,,0.0001,-15.919724111874036,-17.420730792104454,-11.56231865271662,-10.574111272410091
11,2012-06-27,15,1,1,4,ridge,,0.0001,-16.04746594426725,-17.275701316646803,-11.449104945794444,-10.448711224184969
11,2012-06-29,16,1,1,4,ridge,,0.0001,-17.025781539812208,-18.04468787035671,-11.347896798590746,-10.321681861720142
11,2012-07-10,17,1,1,4,ridge,,0.0001,-17.604639607278372,-17.842659591269815,-11.281838162301662,-10.232719774558028
11,2012-07-17,18,1,1,4,ridge,,0.0001,-14.18453518805826,-15.072913856790963,-11.553307347728104,-10.564902555655609
13,2012-06-22,39,1,1,4,ridge,,0.0001,-10.95121562728075,-10.836542679634643,-12.345449678364918,-11.123062564745933
13,2012-06-27,40,1,1,4,ridge,,0.0001,-12.223609920228132,-12.934752148036708,-12.334637093107098,-11.134526600274002
13,2012-06-29,41,1,1,4,ridge,,0.0001,-11.448270309198136,-11.2433082687523,-12.254851262664431,-11.172754790241717
13,2012-07-08,42,1,1,4,ridge,,0.0001,-11.321650078114684,-11.1656550129835,-12.175906738619032,-11.160586981358005
13,2012-07-10,43,1,1,4,ridge,,0.0001,-11.727868729384712,-11.935053682323652,-12.126387634615128,-11.137271717386893
13,2012-07-17,44,1,1,4,ridge,,0.0001,-11.82663223841094,-11.483975197550755,-12.291998631907093,-11.163383934711355
42,2012-06-22,73,1,1,4,ridge,,0.0001,-14.561620721902148,-14.201966799335745,-13.815029357875577,-12.48078083122124
42,2012-06-25,74,1,1,4,ridge,,0.0001,-16.153608446963226,-15.565011635602495,-13.807903957023074,-12.835066106997362
42,2012-07-08,75,1,1,4,ridge,,0.0001,-17.86890291137946,-17.776520095428644,-13.51773213257468,-13.277983217786103
42,2012-07-10,76,1,1,4,ridge,,0.0001,-18.21143906581935,-18.30617756824163,-13.148278806821684,-12.938629712733574
42,2012-07-14,77,1,1,4,ridge,,0.0001,-16.095384428093947,-16.335096559717847,-13.753623561754349,-13.143328100810516
42,2012-07-17,78,1,1,4,ridge,,0.0001,-14.801847473829469,-15.583307282953209,-13.812986038233852,-12.397252442954615
62,2012-06-22,100,1,1,4,ridge,,0.0001,-10.947069858107426,-10.084005244347887,-11.883644154286966,-10.642139634118651
62,2012-06-25,101,1,1,4,ridge,,0.0001,-12.930932965823189,-11.69193923190518,-11.381043125661115,-9.959584395129474
62,2012-06-29,102,1,1,4,ridge,,0.0001,-13.647540229966118,-12.451741540356156,-11.2588406359389,-9.764174198470673
62,2012-07-08,103,1,1,4,ridge,,0.0001,-13.005404455519416,-9.79925558948652,-11.49759891250958,-10.137660544255318
62,2012-07-10,104,1,1,4,ridge,,0.0001,-14.217439125925395,-11.423573357529008,-11.379545402967166,-9.957240129302514
62,2012-07-17,105,1,1,4,ridge,,0.0001,-12.70807262304178,-10.388332622162803,-11.754482775801826,-10.491979830039096
62,2012-07-19,106,1,1,4,ridge,,0.0001,-15.750405278939866,-14.123873702288767,-11.472163498502539,-10.09957144245266
103,2012-06-22,7,1,1,1,ridge,,0.01,-13.28404803220713,-14.50588749676858,-15.815747980780422,-13.26900761367907
103,2012-06-27,8,1,1,1,ridge,,0.01,-17.302172301136643,-16.600968273984137,-12.493593510122109,-11.761224811915069
103,2012-06-29,9,1,1,1,ridge,,0.01,-18.92242109331228,-19.84632772841422,-11.842847938226086,-11.35574455202393
103,2012-07-05,10,1,1,1,ridge,,0.01,-15.574795029478718,-16.124130866471255,-11.907148653949797,-11.413432737494576
103,2012-07-08,11,1,1,1,ridge,,0.01,-15.86824246394819,-13.95091862281008,-11.805291497234725,-11.285216348884763
103,2012-07-14,12,1,1,1,ridge,,0.01,-17.84275788106028,-18.72912571156667,-11.886624097648491,-11.234639354110623
103,2012-07-17,13,1,1,1,ridge,,0.01,-12.595339414809716,-16.21757943788777,-11.814560098791524,-11.318403077178045
21,2012-06-22,45,1,1,1,ridge,,0.01,-12.060684803223303,-12.00798502229204,-13.110444690991777,-12.744203132689297
21,2012-06-25,46,1,1,1,ridge,,0.01,-11.883841971912686,-12.210536948445432,-12.860671468765666,-12.603464315382856
21,2012-06-29,47,1,1,1,ridge,,0.01,-12.329567928959571,-12.661731465224886,-12.584237669379451,-12.402667065260474
21,2012-07-08,48,1,1,1,ridge,,0.01,-12.336402358206886,-12.252348442564678,-12.55801104402284,-12.314709346646941
21,2012-07-10,49,1,1,1,ridge,,0.01,-12.541026866239491,-12.812605872689588,-12.549748410766984,-12.334090904651571
21,2012-07-17,50,1,1,1,ridge,,0.01,-12.042182130233446,-11.668944707481812,-12.65887046063265,-12.469342612284526
31,2012-06-22,56,1,1,1,ridge,,0.01,-12.261406145930293,-7.675525079895581,-13.849000463865577,-12.357973372018368
31,2012-06-27,57,1,1,1,ridge,,0.01,-15.56720520685795,-10.869677151623607,-12.456558443499553,-11.702834880924506
31,2012-07-05,58,1,1,1,ridge,,0.01,-14.630903606681327,-11.607199044191669,-11.746001958798969,-11.282323521874035
31,2012-07-08,59,1,1,1,ridge,,0.01,-15.85527387686205,-13.88497530384446,-11.673192308584571,-11.176563566962532
31,2012-07-14,60,1,1,1,ridge,,0.01,-12.061582027927042,-8.958668222109942,-12.661271330853152,-11.805006746758588
41,2012-06-22,67,1,1,1,ridge,,0.01,-9.893244615306044,-8.032288058491003,-15.17576255235872,-14.831214301952024
41,2012-06-27,68,1,1,1,ridge,,0.01,-12.472382986190222,-8.801892289617859,-14.041730386221612,-14.262624648812288
41,2012-07-05,69,1,1,1,ridge,,0.01,-12.028670241841908,-9.29119256932756,-13.74286737607203,-14.066822633314064
41,2012-07-08,70,1,1,1,ridge,,0.01,-13.748748630293996,-9.894634362662554,-13.660215167860603,-13.973232874827719
41,2012-07-14,71,1,1,1,ridge,,0.01,-11.651468732388375,-9.450060398721016,-13.728355712480267,-14.054521676630154
41,2012-07-17,72,1,1,1,ridge,,0.01,-11.500314383218642,-8.561757537563716,-14.944028189392014,-14.722334899128379
54,2012-06-22,90,1,1,1,ridge,,0.01,-10.417640310145606,-12.93767695335395,-12.340842407349943,-12.173123068569652
54,2012-06-29,91,1,1,1,ridge,,0.01,-13.54880158174925,-13.941944979578206,-12.862033718397827,-12.216990313129896
54,2012-07-10,92,1,1,1,ridge,,0.01,-11.65562649391276,-9.922527219399468,-12.937419783906664,-12.229470046676983
113,2012-06-22,27,1,1,2,ridge,,0.01,-13.904265705279988,-12.764677230796163,-13.057466584143459,-13.141333628583586
113,2012-06-25,28,1,1,2,ridge,,0.01,-16.669071704883304,-15.628078749949356,-13.032942347158063,-13.324067549454274
113,2012-07-05,29,1,1,2,ridge,,0.01,-13.78856756792369,-13.696217585568537,-13.0107255092606,-13.454298564423949
113,2012-07-08,30,1,1,2,ridge,,0.01,-14.418687481499695,-13.97967004287996,-13.001148423145448,-13.489013423120683
113,2012-07-14,31,1,1,2,ridge,,0.01,-16.398165435484163,-15.965865563125584,-12.989368662168912,-13.485139067595568
113,2012-07-17,32,1,1,2,ridge,,0.01,-13.772013528373366,-13.330322847631932,-13.001149577254136,-13.489010583404916
22,2012-06-22,51,1,1,2,ridge,,0.01,-14.06874113337972,-14.071044446046743,-13.482532186186656,-12.749288088266281
22,2012-06-25,52,1,1,2,ridge,,0.01,-14.018031173978704,-14.77165243150176,-13.465484633178985,-12.862051109297068
22,2012-06-29,53,1,1,2,ridge,,0.01,-14.73472458342086,-15.474752085663306,-13.450116243182942,-12.938954776811036
22,2012-07-14,54,1,1,2,ridge,,0.01,-14.429262660073372,-14.834682689018504,-13.452442233997584,-12.929604724536768
22,2012-07-17,55,1,1,2,ridge,,0.01,-13.95505270639354,-12.9206874664521,-13.46099669020905,-12.887696549408467
72,2012-06-22,114,1,1,2,ridge,,0.01,-9.156246315375464,-7.121824880330802,-13.229540745784577,-12.578172137130833
72,2012-06-27,115,1,1,2,ridge,,0.01,-11.598774165532014,-9.739787261661805,-13.229039534304134,-12.446593551232143
72,2012-06-29,116,1,1,2,ridge,,0.01,-11.694497047916627,-10.620512155280064,-13.230730732696621,-12.334990415177723
72,2012-07-05,117,1,1,2,ridge,,0.01,-9.279994157479894,-6.1840522735730685,-13.23242271692285,-12.6402444858596
72,2012-07-08,118,1,1,2,ridge,,0.01,-7.434985480666953,-4.951473364462895,-13.234841069638904,-12.661147299208503
72,2012-07-14,119,1,1,2,ridge,,0.01,-11.38639094380066,-6.363423342248725,-13.23099192718332,-12.32230229952508
72,2012-07-17,120,1,1,2,ridge,,0.01,-7.896576091932785,-5.316371130913266,-13.228813712156166,-12.521784913304153
81,2012-06-22,121,1,1,2,ridge,,0.01,-9.587343732140498,-5.953072410726956,-13.298152004660993,-12.803147279348135
81,2012-06-27,122,1,1,2,ridge,,0.01,-13.63439663913034,-8.63444576538804,-13.290290718308636,-12.62770406629343
81,2012-07-17,123,1,1,2,ridge,,0.01,-8.981462326670332,-6.7381420816219775,-13.295090243959574,-12.785303782158268
91,2012-06-22,126,1,1,2,ridge,,0.01,-13.79430023004177,-12.721885004018873,-13.609470562574154,-12.522620000128619
91,2012-06-25,127,1,1,2,ridge,,0.01,-16.252064078644956,-15.095063986983767,-13.602382675212926,-12.406608919179092
91,2012-07-05,128,1,1,2,ridge,,0.01,-11.946673251406857,-15.864027780720509,-13.606984608818715,-12.507476967235716
91,2012-07-08,129,1,1,2,ridge,,0.01,-14.420474970996455,-14.377502817334353,-13.603946751561377,-12.465899916016705
91,2012-07-17,130,1,1,2,ridge,,0.01,-12.823625166801548,-13.726729371774091,-13.608638749674355,-12.518647894532627
91,2012-07-19,131,1,1,2,ridge,,0.01,-14.006013749198562,-15.882035691137462,-13.602373747650766,-12.405915874982684
12,2012-06-22,33,1,1,3,ridge,,0.01,-12.945592837955164,-13.621175265774452,-15.208500998008287,-14.934780715180876
12,2012-06-27,34,1,1,3,ridge,,0.01,-12.863896772641066,-14.252905240550222,-15.346333810574764,-14.953975820198465
12,2012-06-29,35,1,1,3,ridge,,0.01,-14.492924226367006,-14.921340450348202,-15.282274240656848,-14.946164389178454
12,2012-07-08,36,1,1,3,ridge,,0.01,-14.914279673093365,-14.773522086284936,-15.450880019417994,-14.963277402625966
12,2012-07-10,37,1,1,3,ridge,,0.01,-15.09795788808382,-15.53251252603237,-15.302402249352992,-14.948811089137243
12,2012-07-17,38,1,1,3,ridge,,0.01,-13.089522506330766,-13.652175532794685,-15.121721841180735,-14.917414495469666
52,2012-06-22,79,1,1,3,ridge,,0.01,-13.45495696239713,-15.738081907796053,-13.446098960644637,-12.660138903337566
52,2012-06-29,80,1,1,3,ridge,,0.01,-16.041356891502684,-16.29966966543719,-13.854884553421117,-12.751660141092781
52,2012-07-08,81,1,1,3,ridge,,0.01,-13.337191112994962,-11.304804238666236,-13.815297620309073,-12.74718494264573
52,2012-07-10,82,1,1,3,ridge,,0.01,-14.71139542756748,-12.827360988564674,-14.106344261009495,-12.767482879528085
52,2012-07-17,83,1,1,3,ridge,,0.01,-8.618950020440854,-7.762089915864024,-13.647559590999824,-12.719875024763219
52,2012-07-19,84,1,1,3,ridge,,0.01,-13.32401009971738,-12.996658395943411,-13.95972623176727,-12.7606591305646
53,2012-06-22,85,1,1,3,ridge,,0.01,-11.59685403803788,-14.890521382506938,-13.747353042850035,-13.490518117882663
53,2012-06-29,86,1,1,3,ridge,,0.01,-14.273258986856678,-15.844986252295593,-14.063983249762973,-13.680848201600115
53,2012-07-08,87,1,1,3,ridge,,0.01,-11.837654265802229,-9.263246005952729,-14.218088776817005,-13.717506279450586
53,2012-07-10,88,1,1,3,ridge,,0.01,-13.121221982705292,-10.563549725135724,-14.369496981436557,-13.739487291267814
53,2012-07-19,89,1,1,3,ridge,,0.01,-9.430559470207992,-7.124290756308986,-14.384393505610937,-13.741089246613411
71,2012-06-22,107,1,1,3,ridge,,0.01,-9.441352711283985,-15.826503794261775,-13.729647767928135,-12.92165931460995
71,2012-06-27,108,1,1,3,ridge,,0.01,-11.830891628824627,-14.88965576948976,-13.90248359750725,-12.940921042346996
71,2012-06-29,109,1,1,3,ridge,,0.01,-11.77120523725996,-14.980783625920942,-14.064651938060939,-12.949595179743286
71,2012-07-05,110,1,1,3,ridge,,0.01,-9.126432085488725,-7.106911469422197,-13.712944140393132,-12.919099640815121
71,2012-07-08,111,1,1,3,ridge,,0.01,-8.240456830553434,-5.994288299384496,-13.68442393626773,-12.914391892083604
71,2012-07-14,112,1,1,3,ridge,,0.01,-12.231283617180784,-7.335724658361975,-14.06865072304086,-12.949716791239847
71,2012-07-17,113,1,1,3,ridge,,0.01,-7.863112808923288,-5.020162935449686,-13.485380316269366,-12.866376383589692
83,2012-06-29,124,1,1,3,ridge,,0.01,-13.150595982099484,-13.185851612534412,-15.733580001008631,-15.53327529675751
83,2012-07-14,125,1,1,3,ridge,,0.01,-10.781364360016564,-10.279583356930988,-15.674688123850672,-15.525629318495499
11,2012-06-22,14,1,1,4,ridge,,0.01,-15.919724111874036,-17.420730792104454,-11.561169847050751,-10.571485355625692
11,2012-06-27,15,1,1,4,ridge,,0.01,-16.04746594426725,-17.275701316646803,-11.44852026951581,-10.447312177835594
11,2012-06-29,16,1,1,4,ridge,,0.01,-17.025781539812208,-18.04468787035671,-11.347888449988545,-10.321537562877616
11,2012-07-10,17,1,1,4,ridge,,0.01,-17.604639607278372,-17.842659591269815,-11.282235172860563,-10.233458478527977
11,2012-07-17,18,1,1,4,ridge,,0.01,-14.18453518805826,-15.072913856790963,-11.552199716764875,-10.562366115972312
13,2012-06-22,39,1,1,4,ridge,,0.01,-10.95121562728075,-10.836542679634643,-12.343978985460595,-11.119811208488093
13,2012-06-27,40,1,1,4,ridge,,0.01,-12.223609920228132,-12.934752148036708,-12.333107182382317,-11.131144339805628
13,2012-06-29,41,1,1,4,ridge,,0.01,-11.448270309198136,-11.2433082687523,-12.253108084985001,-11.16889728163166
13,2012-07-08,42,1,1,4,ridge,,0.01,-11.321650078114684,-11.1656550129835,-12.174193748264388,-11.156788325605318
13,2012-07-10,43,1,1,4,ridge,,0.01,-11.727868729384712,-11.935053682323652,-12.124769246126641,-11.133675953982484
13,2012-07-17,44,1,1,4,ridge,,0.01,-11.82663223841094,-11.483975197550755,-12.29031408670716,-11.159658502789673
42,2012-06-22,73,1,1,4,ridge,,0.01,-14.561620721902148,-14.201966799335745,-13.817741670595161,-12.4868078126006
42,2012-06-25,74,1,1,4,ridge,,0.01,-16.153608446963226,-15.565011635602495,-13.808904341887526,-12.837337270875105
42,2012-07-08,75,1,1,4,ridge,,0.01,-17.86890291137946,-17.776520095428644,-13.51649070455534,-13.275309847449105
42,2012-07-10,76,1,1,4,ridge,,0.01,-18.21143906581935,-18.30617756824163,-13.148541219403128,-12.939220589517967
42,2012-07-14,77,1,1,4,ridge,,0.01,-16.095384428093947,-16.335096559717847,-13.75311703622227,-13.142288759177353
42,2012-07-17,78,1,1,4,ridge,,0.01,-14.801847473829469,-15.583307282953209,-13.816100620094842,-12.404161620291278
62,2012-06-22,100,1,1,4,ridge,,0.01,-10.947069858107426,-10.084005244347887,-11.882803015085775,-10.64025115300714
62,2012-06-25,101,1,1,4,ridge,,0.01,-12.930932965823189,-11.69193923190518,-11.383313603409285,-9.96447443564031
62,2012-06-29,102,1,1,4,ridge,,0.01,-13.647540229966118,-12.451741540356156,-11.262009780335276,-9.771024086092783
62,2012-07-08,103,1,1,4,ridge,,0.01,-13.005404455519416,-9.79925558948652,-11.49905231687591,-10.140769187639872
62,2012-07-10,104,1,1,4,ridge,,0.01,-14.217439125925395,-11.423573357529008,-11.381826650242491,-9.962153653313754
62,2012-07-17,105,1,1,4,ridge,,0.01,-12.70807262304178,-10.388332622162803,-11.754319465397627,-10.491566134060486
62,2012-07-19,106,1,1,4,ridge,,0.01,-15.750405278939866,-14.123873702288767,-11.47379148605098,-10.103060665490148
103,2012-06-22,7,1,1,1,ridge,,1.0,-13.28404803220713,-14.50588749676858,-14.251726004958462,-12.84384183798592
103,2012-06-27,8,1,1,1,ridge,,1.0,-17.302172301136643,-16.600968273984137,-12.528026805774276,-11.796129095012116
103,2012-06-29,9,1,1,1,ridge,,1.0,-18.92242109331228,-19.84632772841422,-12.157851776594645,-11.467400294267973
103,2012-07-05,10,1,1,1,ridge,,1.0,-15.574795029478718,-16.124130866471255,-12.199635036923407,-11.51964346952744
103,2012-07-08,11,1,1,1,ridge,,1.0,-15.86824246394819,-13.95091862281008,-12.122565802136787,-11.395581757409229
103,2012-07-14,12,1,1,1,ridge,,1.0,-17.84275788106028,-18.72912571156667,-12.138918986600636,-11.323122465913897
103,2012-07-17,13,1,1,1,ridge,,1.0,-12.595339414809716,-16.21757943788777,-12.135936057760802,-11.431002304701554
21,2012-06-22,45,1,1,1,ridge,,1.0,-12.060684803223303,-12.00798502229204,-13.180753802442004,-12.777168842993545
21,2012-06-25,46,1,1,1,ridge,,1.0,-11.883841971912686,-12.210536948445432,-13.043071207392117,-12.667697108593332
21,2012-06-29,47,1,1,1,ridge,,1.0,-12.329567928959571,-12.661731465224886,-12.877388022628178,-12.496038223876607
21,2012-07-08,48,1,1,1,ridge,,1.0,-12.336402358206886,-12.252348442564678,-12.841312456684,-12.402481583895302
21,2012-07-10,49,1,1,1,ridge,,1.0,-12.541026866239491,-12.812605872689588,-12.843858883444785,-12.42581493560176
21,2012-07-17,50,1,1,1,ridge,,1.0,-12.042182130233446,-11.668944707481812,-12.925801807447206,-12.556359586548995
31,2012-06-22,56,1,1,1,ridge,,1.0,-12.261406145930293,-7.675525079895581,-13.166179985099728,-12.188310576974237
31,2012-06-27,57,1,1,1,ridge,,1.0,-15.56720520685795,-10.869677151623607,-12.436867164298016,-11.723192964226278
31,2012-07-05,58,1,1,1,ridge,,1.0,-14.630903606681327,-11.607199044191669,-12.039238094318918,-11.389186371200275
31,2012-07-08,59,1,1,1,ridge,,1.0,-15.85527387686205,-13.88497530384446,-11.97997956939793,-11.28468392468002
31,2012-07-14,60,1,1,1,ridge,,1.0,-12.061582027927042,-8.958668222109942,-12.54581842046568,-11.798139164708202
41,2012-06-22,67,1,1,1,ridge,,1.0,-9.893244615306044,-8.032288058491003,-14.752055274009999,-14.704702851081116
41,2012-06-27,68,1,1,1,ridge,,1.0,-12.472382986190222,-8.801892289617859,-14.147739494560874,-14.286618022620935
41,2012-07-05,69,1,1,1,ridge,,1.0,-12.028670241841908,-9.29119256932756,-13.97490185171945,-14.124902304385596
41,2012-07-08,70,1,1,1,ridge,,1.0,-13.748748630293996,-9.894634362662554,-13.915451476809,-14.035952415576977
41,2012-07-14,71,1,1,1,ridge,,1.0,-11.651468732388375,-9.450060398721016,-13.965684241985972,-14.113917390532839
41,2012-07-17,72,1,1,1,ridge,,1.0,-11.500314383218642,-8.561757537563716,-14.630725374871655,-14.627465581984193
54,2012-06-22,90,1,1,1,ridge,,1.0,-10.417640310145606,-12.93767695335395,-12.509851329808653,-12.224944916845326
54,2012-06-29,91,1,1,1,ridge,,1.0,-13.54880158174925,-13.941944979578206,-12.723350499497213,-12.1732488301198
54,2012-07-10,92,1,1,1,ridge,,1.0,-11.65562649391276,-9.922527219399468,-12.756043709116225,-12.172650691118484
113,2012-06-22,27,1,1,2,ridge,,1.0,-13.904265705279988,-12.764677230796163,-13.060444759456049,-13.14840476682253
113,2012-06-25,28,1,1,2,ridge,,1.0,-16.669071704883304,-15.628078749949356,-13.039298554146718,-13.265621405008039
113,2012-07-05,29,1,1,2,ridge,,1.0,-13.78856756792369,-13.696217585568537,-13.018898777037847,-13.35875448697192
113,2012-07-08,30,1,1,2,ridge,,1.0,-14.418687481499695,-13.97967004287996,-13.009350705306302,-13.390980576212941
113,2012-07-14,31,1,1,2,ridge,,1.0,-16.398165435484163,-15.965865563125584,-12.995966946642072,-13.413399087955202
113,2012-07-17,32,1,1,2,ridge,,1.0,-13.772013528373366,-13.330322847631932,-13.009351903224669,-13.390977189526426
22,2012-06-22,51,1,1,2,ridge,,1.0,-14.06874113337972,-14.071044446046743,-13.482809254766966,-12.70892356301081
22,2012-06-25,52,1,1,2,ridge,,1.0,-14.018031173978704,-14.77165243150176,-13.467607797938633,-12.78513181833908
22,2012-06-29,53,1,1,2,ridge,,1.0,-14.73472458342086,-15.474752085663306,-13.453032224094216,-12.844682080947726
22,2012-07-14,54,1,1,2,ridge,,1.0,-14.429262660073372,-14.834682689018504,-13.455318819066342,-12.836515598634174
22,2012-07-17,55,1,1,2,ridge,,1.0,-13.95505270639354,-12.9206874664521,-13.463463604210652,-12.803700516013336
72,2012-06-22,114,1,1,2,ridge,,1.0,-9.156246315375464,-7.121824880330802,-13.229612555118273,-12.576473920140492
72,2012-06-27,115,1,1,2,ridge,,1.0,-11.598774165532014,-9.739787261661805,-13.22441648474296,-12.528840763730413
72,2012-06-29,116,1,1,2,ridge,,1.0,-11.694497047916627,-10.620512155280064,-13.222389232875985,-12.484153982419459
72,2012-07-05,117,1,1,2,ridge,,1.0,-9.279994157479894,-6.1840522735730685,-13.23503892704896,-12.593588416311107
72,2012-07-08,118,1,1,2,ridge,,1.0,-7.434985480666953,-4.951473364462895,-13.238494486932064,-12.596420185845464
72,2012-07-14,119,1,1,2,ridge,,1.0,-11.38639094380066,-6.363423342248725,-13.222236265079045,-12.47893400938891
72,2012-07-17,120,1,1,2,ridge,,1.0,-7.896576091932785,-5.316371130913266,-13.2268097491874,-12.557098171048724
81,2012-06-22,121,1,1,2,ridge,,1.0,-9.587343732140498,-5.953072410726956,-13.30148359328503,-12.729624413558932
81,2012-06-27,122,1,1,2,ridge,,1.0,-13.63439663913034,-8.63444576538804,-13.286466166656187,-12.680675621348032
81,2012-07-17,123,1,1,2,ridge,,1.0,-8.981462326670332,-6.7381420816219775,-13.297412173336118,-12.72922648598912
91,2012-06-22,126,1,1,2,ridge,,1.0,-13.79430023004177,-12.721885004018873,-13.60886153607656,-12.453898742513996
91,2012-06-25,127,1,1,2,ridge,,1.0,-16.252064078644956,-15.095063986983767,-13.596806257634887,-12.425357602288194
91,2012-07-05,128,1,1,2,ridge,,1.0,-11.946673251406857,-15.864027780720509,-13.60553273442022,-12.453333386185644
91,2012-07-08,129,1,1,2,ridge,,1.0,-14.420474970996455,-14.377502817334353,-13.60065262177677,-12.444112156390123
91,2012-07-17,130,1,1,2,ridge,,1.0,-12.823625166801548,-13.726729371774091,-13.607786247051626,-12.454114358503219
91,2012-07-19,131,1,1,2,ridge,,1.0,-14.006013749198562,-15.882035691137462,-13.596771818196213,-12.425119442062192
12,2012-06-22,33,1,1,3,ridge,,1.0,-12.945592837955164,-13.621175265774452,-15.03435116139211,-14.926558416924632
12,2012-06-27,34,1,1,3,ridge,,1.0,-12.863896772641066,-14.252905240550222,-15.111052585597584,-14.956992922319843
12,2012-06-29,35,1,1,3,ridge,,1.0,-14.492924226367006,-14.921340450348202,-15.075705808548808,-14.943859665310821
12,2012-07-08,36,1,1,3,ridge,,1.0,-14.914279673093365,-14.773522086284936,-15.167803577205197,-14.975284718702259
12,2012-07-10,37,1,1,3,ridge,,1.0,-15.09795788808382,-15.53251252603237,-15.086864226311766,-14.948161513565873
12,2012-07-17,38,1,1,3,ridge,,1.0,-13.089522506330766,-13.652175532794685,-14.984626830242256,-14.902583074865941
52,2012-06-22,79,1,1,3,ridge,,1.0,-13.45495696239713,-15.738081907796053,-13.462613909520215,-12.650423703030189
52,2012-06-29,80,1,1,3,ridge,,1.0,-16.041356891502684,-16.29966966543719,-13.699484262455659,-12.772218725661673
52,2012-07-08,81,1,1,3,ridge,,1.0,-13.337191112994962,-11.304804238666236,-13.677736538520529,-12.764423653032308
52,2012-07-10,82,1,1,3,ridge,,1.0,-14.71139542756748,-12.827360988564674,-13.834206845177322,-12.810244589657533
52,2012-07-17,83,1,1,3,ridge,,1.0,-8.618950020440854,-7.762089915864024,-13.583321313140873,-12.7237851876345
52,2012-07-19,84,1,1,3,ridge,,1.0,-13.32401009971738,-12.996658395943411,-13.75630638253662,-12.790262430934252
53,2012-06-22,85,1,1,3,ridge,,1.0,-11.59685403803788,-14.890521382506938,-13.839833917321283,-13.460694360141737
53,2012-06-29,86,1,1,3,ridge,,1.0,-14.273258986856678,-15.844986252295593,-14.055722479900153,-13.663907351173764
53,2012-07-08,87,1,1,3,ridge,,1.0,-11.837654265802229,-9.263246005952729,-14.145603930891962,-13.711787424007289
53,2012-07-10,88,1,1,3,ridge,,1.0,-13.121221982705292,-10.563549725135724,-14.230102817557283,-13.746035619577913
53,2012-07-19,89,1,1,3,ridge,,1.0,-9.430559470207992,-7.124290756308986,-14.238264193549467,-13.748894099326574
71,2012-06-22,107,1,1,3,ridge,,1.0,-9.441352711283985,-15.826503794261775,-13.660800323825134,-12.927109513664226
71,2012-06-27,108,1,1,3,ridge,,1.0,-11.830891628824627,-14.88965576948976,-13.75567533530163,-12.960890247545418
71,2012-06-29,109,1,1,3,ridge,,1.0,-11.77120523725996,-14.980783625920942,-13.842143710156506,-12.984018708749739
71,2012-07-05,110,1,1,3,ridge,,1.0,-9.126432085488725,-7.106911469422197,-13.651441697604037,-12.923208416813532
71,2012-07-08,111,1,1,3,ridge,,1.0,-8.240456830553434,-5.994288299384496,-13.635370992489857,-12.916240125774229
71,2012-07-14,112,1,1,3,ridge,,1.0,-12.231283617180784,-7.335724658361975,-13.844250822587844,-12.984504901434562
71,2012-07-17,113,1,1,3,ridge,,1.0,-7.863112808923288,-5.020162935449686,-13.519098348097543,-12.853789289230278
83,2012-06-29,124,1,1,3,ridge,,1.0,-13.150595982099484,-13.185851612534412,-15.481591987243805,-15.530560284851347
83,2012-07-14,125,1,1,3,ridge,,1.0,-10.781364360016564,-10.279583356930988,-15.44897051536772,-15.51806290105012
11,2012-06-22,14,1,1,4,ridge,,1.0,-15.919724111874036,-17.420730792104454,-11.51273504183117,-10.454167546028378
11,2012-06-27,15,1,1,4,ridge,,1.0,-16.04746594426725,-17.275701316646803,-11.42763601191215,-10.389634499083693
11,2012-06-29,16,1,1,4,ridge,,1.0,-17.025781539812208,-18.04468787035671,-11.35514401409976,-10.3249101465295
11,2012-07-10,17,1,1,4,ridge,,1.0,-17.604639607278372,-17.842659591269815,-11.30928054608965,-10.279813410249973
11,2012-07-17,18,1,1,4,ridge,,1.0,-14.18453518805826,-15.072913856790963,-11.505776106428328,-10.449395085465124
13,2012-06-22,39,1,1,4,ridge,,1.0,-10.95121562728075,-10.836542679634643,-12.277372732377549,-10.970512639815809
13,2012-06-27,40,1,1,4,ridge,,1.0,-12.223609920228132,-12.934752148036708,-12.263619031675091,-10.975395967890881
13,2012-06-29,41,1,1,4,ridge,,1.0,-11.448270309198136,-11.2433082687523,-12.17325932113919,-10.989580013041156
13,2012-07-08,42,1,1,4,ridge,,1.0,-11.321650078114684,-11.1656550129835,-12.095851813753224,-10.980054723450118
13,2012-07-10,43,1,1,4,ridge,,1.0,-11.727868729384712,-11.935053682323652,-12.05106105100044,-10.96668912040049
13,2012-07-17,44,1,1,4,ridge,,1.0,-11.82663223841094,-11.483975197550755,-12.213306921295011,-10.98694776607385
42,2012-06-22,73,1,1,4,ridge,,1.0,-14.561620721902148,-14.201966799335745,-13.946147694480649,-12.777462221239036
42,2012-06-25,74,1,1,4,ridge,,1.0,-16.153608446963226,-15.565011635602495,-13.853861129072158,-12.944081350819134
42,2012-07-08,75,1,1,4,ridge,,1.0,-17.86890291137946,-17.776520095428644,-13.452294069997771,-13.138876921329715
42,2012-07-10,76,1,1,4,ridge,,1.0,-18.21143906581935,-18.30617756824163,-13.157818300343497,-12.96121057740225
42,2012-07-14,77,1,1,4,ridge,,1.0,-16.095384428093947,-16.335096559717847,-13.72463976799401,-13.086746972740006
42,2012-07-17,78,1,1,4,ridge,,1.0,-14.801847473829469,-15.583307282953209,-13.964117222781045,-12.738000314498404
62,2012-06-22,100,1,1,4,ridge,,1.0,-10.947069858107426,-10.084005244347887,-11.847663444868616,-10.558439169729064
62,2012-06-25,101,1,1,4,ridge,,1.0,-12.930932965823189,-11.69193923190518,-11.500082514400553,-10.212640782386158
62,2012-06-29,102,1,1,4,ridge,,1.0,-13.647540229966118,-12.451741540356156,-11.422641152243699,-10.114682932118432
62,2012-07-08,103,1,1,4,ridge,,1.0,-13.005404455519416,-9.79925558948652,-11.575938767735023,-10.302158584095176
62,2012-07-10,104,1,1,4,ridge,,1.0,-14.217439125925395,-11.423573357529008,-11.499121219239088,-10.211464094844189
62,2012-07-17,105,1,1,4,ridge,,1.0,-12.70807262304178,-10.388332622162803,-11.752280143887516,-10.48147194637303
62,2012-07-19,106,1,1,4,ridge,,1.0,-15.750405278939866,-14.123873702288767,-11.559199816108485,-10.28298717041547
103,2012-06-22,7,1,1,1,ridge,,100.0,-13.28404803220713,-14.50588749676858,-13.691917619354438,-13.684229941187729
103,2012-06-27,8,1,1,1,ridge,,100.0,-17.302172301136643,-16.600968273984137,-13.09860029434208,-12.679770848698904
103,2012-06-29,9,1,1,1,ridge,,100.0,-18.92242109331228,-19.84632772841422,-12.864029300821217,-12.274053213217003
103,2012-07-05,10,1,1,1,ridge,,100.0,-15.574795029478718,-16.124130866471255,-12.90614453814196,-12.347578131555291
103,2012-07-08,11,1,1,1,ridge,,100.0,-15.86824246394819,-13.95091862281008,-12.799848816352787,-12.161222473841928
103,2012-07-14,12,1,1,1,ridge,,100.0,-17.84275788106028,-18.72912571156667,-12.720356641272797,-12.019814338877106
103,2012-07-17,13,1,1,1,ridge,,100.0,-12.595339414809716,-16.21757943788777,-12.832646345866252,-12.219010047958337
21,2012-06-22,45,1,1,1,ridge,,100.0,-12.060684803223303,-12.00798502229204,-13.37227310858633,-13.070084810656367
21,2012-06-25,46,1,1,1,ridge,,100.0,-11.883841971912686,-12.210536948445432,-13.298245024748784,-12.942620929791724
21,2012-06-29,47,1,1,1,ridge,,100.0,-12.329567928959571,-12.661731465224886,-13.167919172159346,-12.71610276515919
21,2012-07-08,48,1,1,1,ridge,,100.0,-12.336402358206886,-12.252348442564678,-13.081506507063425,-12.563871497953233
21,2012-07-10,49,1,1,1,ridge,,100.0,-12.541026866239491,-12.812605872689588,-13.104888227218416,-12.605261868643948
21,2012-07-17,50,1,1,1,ridge,,100.0,-12.042182130233446,-11.668944707481812,-13.216498399381813,-12.800906529962003
31,2012-06-22,56,1,1,1,ridge,,100.0,-12.261406145930293,-7.675525079895581,-13.330211412331451,-13.136913130943695
31,2012-06-27,57,1,1,1,ridge,,100.0,-15.56720520685795,-10.869677151623607,-13.056631824096016,-12.671946291119504
31,2012-07-05,58,1,1,1,ridge,,100.0,-14.630903606681327,-11.607199044191669,-12.8243972688943,-12.271130076394714
31,2012-07-08,59,1,1,1,ridge,,100.0,-15.85527387686205,-13.88497530384446,-12.733254110373665,-12.111151081514077
31,2012-07-14,60,1,1,1,ridge,,100.0,-12.061582027927042,-8.958668222109942,-13.103144819100592,-12.751413831158887
41,2012-06-22,67,1,1,1,ridge,,100.0,-9.893244615306044,-8.032288058491003,-14.03092057779175,-14.114831986916341
41,2012-06-27,68,1,1,1,ridge,,100.0,-12.472382986190222,-8.801892289617859,-13.77046638835855,-13.669686176468714
41,2012-07-05,69,1,1,1,ridge,,100.0,-12.028670241841908,-9.29119256932756,-13.652441841343343,-13.465178461766534
41,2012-07-08,70,1,1,1,ridge,,100.0,-13.748748630293996,-9.894634362662554,-13.577419419256957,-13.333790229030031
41,2012-07-14,71,1,1,1,ridge,,100.0,-11.651468732388375,-9.450060398721016,-13.643709049397255,-13.44994801999787
41,2012-07-17,72,1,1,1,ridge,,100.0,-11.500314383218642,-8.561757537563716,-13.98555259145619,-14.03773675097053
54,2012-06-22,90,1,1,1,ridge,,100.0,-10.417640310145606,-12.93767695335395,-12.847658129244076,-12.397819069537139
54,2012-06-29,91,1,1,1,ridge,,100.0,-13.54880158174925,-13.941944979578206,-12.733685710698614,-12.189824001019547
54,2012-07-10,92,1,1,1,ridge,,100.0,-11.65562649391276,-9.922527219399468,-12.723792914016512,-12.171378831719437
113,2012-06-22,27,1,1,2,ridge,,100.0,-13.904265705279988,-12.764677230796163,-13.201131818758311,-12.884136423531656
113,2012-06-25,28,1,1,2,ridge,,100.0,-16.669071704883304,-15.628078749949356,-13.181965511954884,-12.927141045654398
113,2012-07-05,29,1,1,2,ridge,,100.0,-13.78856756792369,-13.696217585568537,-13.162081523255809,-12.971278305065148
113,2012-07-08,30,1,1,2,ridge,,100.0,-14.418687481499695,-13.97967004287996,-13.151980477350646,-12.993446908694851
113,2012-07-14,31,1,1,2,ridge,,100.0,-16.398165435484163,-15.965865563125584,-13.136231129977336,-13.027544899638583
113,2012-07-17,32,1,1,2,ridge,,100.0,-13.772013528373366,-13.330322847631932,-13.151981790532432,-12.993444040144775
22,2012-06-22,51,1,1,2,ridge,,100.0,-14.06874113337972,-14.071044446046743,-13.385490476603826,-12.671596639025104
22,2012-06-25,52,1,1,2,ridge,,100.0,-14.018031173978704,-14.77165243150176,-13.371149222153202,-12.70358207419099
22,2012-06-29,53,1,1,2,ridge,,100.0,-14.73472458342086,-15.474752085663306,-13.356453366112154,-12.736047307417934
22,2012-07-14,54,1,1,2,ridge,,100.0,-14.429262660073372,-14.834682689018504,-13.358841010476143,-12.730797972178776
22,2012-07-17,55,1,1,2,ridge,,100.0,-13.95505270639354,-12.9206874664521,-13.367085262018204,-12.712595183131448
72,2012-06-22,114,1,1,2,ridge,,100.0,-9.156246315375464,-7.121824880330802,-13.229678615141852,-12.702286213146737
72,2012-06-27,115,1,1,2,ridge,,100.0,-11.598774165532014,-9.739787261661805,-13.219626195408766,-12.723010950124946
72,2012-06-29,116,1,1,2,ridge,,100.0,-11.694497047916627,-10.620512155280064,-13.213879660900913,-12.734565522924722
72,2012-07-05,117,1,1,2,ridge,,100.0,-9.279994157479894,-6.1840522735730685,-13.237895756227006,-12.684979110250005
72,2012-07-08,118,1,1,2,ridge,,100.0,-7.434985480666953,-4.951473364462895,-13.242564627068976,-12.675029812739291
72,2012-07-14,119,1,1,2,ridge,,100.0,-11.38639094380066,-6.363423342248725,-13.213316869952981,-12.735682976656243
72,2012-07-17,120,1,1,2,ridge,,100.0,-7.896576091932785,-5.316371130913266,-13.224697878864834,-12.712625716456959
81,2012-06-22,121,1,1,2,ridge,,100.0,-9.587343732140498,-5.953072410726956,-13.274136160054733,-12.721564612615015
81,2012-06-27,122,1,1,2,ridge,,100.0,-13.63439663913034,-8.63444576538804,-13.251284545660463,-12.769672415043937
81,2012-07-17,123,1,1,2,ridge,,100.0,-8.981462326670332,-6.7381420816219775,-13.26884059212199,-12.732896600618654
91,2012-06-22,126,1,1,2,ridge,,100.0,-13.79430023004177,-12.721885004018873,-13.413494165093622,-12.591483001863796
91,2012-06-25,127,1,1,2,ridge,,100.0,-16.252064078644956,-15.095063986983767,-13.395901579754602,-12.628672742935064
91,2012-07-05,128,1,1,2,ridge,,100.0,-11.946673251406857,-15.864027780720509,-13.409147720760535,-12.600779954533687
91,2012-07-08,129,1,1,2,ridge,,100.0,-14.420474970996455,-14.377502817334353,-13.402189088549555,-12.615524807796646
91,2012-07-17,130,1,1,2,ridge,,100.0,-12.823625166801548,-13.726729371774091,-13.412117988150714,-12.594433235590225
91,2012-07-19,131,1,1,2,ridge,,100.0,-14.006013749198562,-15.882035691137462,-13.395840373366765,-12.628799800198856
12,2012-06-22,33,1,1,3,ridge,,100.0,-12.945592837955164,-13.621175265774452,-13.978876318765728,-13.482461556705546
12,2012-06-27,34,1,1,3,ridge,,100.0,-12.863896772641066,-14.252905240550222,-13.978233732983039,-13.481354009291177
12,2012-06-29,35,1,1,3,ridge,,100.0,-14.492924226367006,-14.921340450348202,-13.978514913344036,-13.4818835785125
12,2012-07-08,36,1,1,3,ridge,,100.0,-14.914279673093365,-14.773522086284936,-13.977829102019474,-13.480443706764435
12,2012-07-10,37,1,1,3,ridge,,100.0,-15.09795788808382,-15.53251252603237,-13.978423537295377,-13.481719752111598
12,2012-07-17,38,1,1,3,ridge,,100.0,-13.089522506330766,-13.652175532794685,-13.97936402351245,-13.483088328940012
52,2012-06-22,79,1,1,3,ridge,,100.0,-13.45495696239713,-15.738081907796053,-13.393450325664757,-12.538341976524826
52,2012-06-29,80,1,1,3,ridge,,100.0,-16.041356891502684,-16.29966966543719,-13.390999985629286,-12.535519238134361
52,2012-07-08,81,1,1,3,ridge,,100.0,-13.337191112994962,-11.304804238666236,-13.391168205045059,-12.535851198365659
52,2012-07-10,82,1,1,3,ridge,,100.0,-14.71139542756748,-12.827360988564674,-13.39012985614805,-12.533242249440903
52,2012-07-17,83,1,1,3,ridge,,100.0,-8.618950020440854,-7.762089915864024,-13.392012393807251,-12.537146287535187
52,2012-07-19,84,1,1,3,ridge,,100.0,-13.32401009971738,-12.996658395943411,-13.390599388370504,-12.534601970175034
53,2012-06-22,85,1,1,3,ridge,,100.0,-11.59685403803788,-14.890521382506938,-13.661822853657235,-13.002209982696794
53,2012-06-29,86,1,1,3,ridge,,100.0,-14.273258986856678,-15.844986252295593,-13.658044658190835,-13.00161891838386
53,2012-07-08,87,1,1,3,ridge,,100.0,-11.837654265802229,-9.263246005952729,-13.657086978948747,-13.00058358942764
53,2012-07-10,88,1,1,3,ridge,,100.0,-13.121221982705292,-10.563549725135724,-13.65636700913791,-12.999378916534022
53,2012-07-19,89,1,1,3,ridge,,100.0,-9.430559470207992,-7.124290756308986,-13.656305000092088,-12.999252904217332
71,2012-06-22,107,1,1,3,ridge,,100.0,-9.441352711283985,-15.826503794261775,-13.441799901894026,-12.655034420968585
71,2012-06-27,108,1,1,3,ridge,,100.0,-11.830891628824627,-14.88965576948976,-13.441069818084404,-12.653581390106654
71,2012-06-29,109,1,1,3,ridge,,100.0,-11.77120523725996,-14.980783625920942,-13.440532751259445,-12.65209250570327
71,2012-07-05,110,1,1,3,ridge,,100.0,-9.126432085488725,-7.106911469422197,-13.4418814505504,-12.655165523685005
71,2012-07-08,111,1,1,3,ridge,,100.0,-8.240456830553434,-5.994288299384496,-13.442025998567212,-12.655384866725283
71,2012-07-14,112,1,1,3,ridge,,100.0,-12.231283617180784,-7.335724658361975,-13.44052096077901,-12.652054559931965
71,2012-07-17,113,1,1,3,ridge,,100.0,-7.863112808923288,-5.020162935449686,-13.443273454045915,-12.656713185394208
83,2012-06-29,124,1,1,3,ridge,,100.0,-13.150595982099484,-13.185851612534412,-14.133197225605743,-13.728012357386767
83,2012-07-14,125,1,1,3,ridge,,100.0,-10.781364360016564,-10.279583356930988,-14.133463038405086,-13.728492999447505
11,2012-06-22,14,1,1,4,ridge,,100.0,-15.919724111874036,-17.420730792104454,-12.140899862684737,-11.266486074612873
11,2012-06-27,15,1,1,4,ridge,,100.0,-16.04746594426725,-17.275701316646803,-12.095964591235479,-11.249364996047106
11,2012-06-29,16,1,1,4,ridge,,100.0,-17.025781539812208,-18.04468787035671,-12.061119955482958,-11.235744176680104
11,2012-07-10,17,1,1,4,ridge,,100.0,-17.604639607278372,-17.842659591269815,-12.040535261269927,-11.227536653378642
11,2012-07-17,18,1,1,4,ridge,,100.0,-14.18453518805826,-15.072913856790963,-12.13704758797782,-11.265036121217616
13,2012-06-22,39,1,1,4,ridge,,100.0,-10.95121562728075,-10.836542679634643,-12.602178632350455,-11.57327552336386
13,2012-06-27,40,1,1,4,ridge,,100.0,-12.223609920228132,-12.934752148036708,-12.589524200183579,-11.568994857901055
13,2012-06-29,41,1,1,4,ridge,,100.0,-11.448270309198136,-11.2433082687523,-12.512688912150656,-11.542640651511029
13,2012-07-08,42,1,1,4,ridge,,100.0,-11.321650078114684,-11.1656550129835,-12.454499746724062,-11.522206551279995
13,2012-07-10,43,1,1,4,ridge,,100.0,-11.727868729384712,-11.935053682323652,-12.423594894756635,-11.51115893232539
13,2012-07-17,44,1,1,4,ridge,,100.0,-11.82663223841094,-11.483975197550755,-12.545455779985925,-11.553959709829481
42,2012-06-22,73,1,1,4,ridge,,100.0,-14.561620721902148,-14.201966799335745,-13.597594085982992,-12.674068976066032
42,2012-06-25,74,1,1,4,ridge,,100.0,-16.153608446963226,-15.565011635602495,-13.465552122698357,-12.632115944210685
42,2012-07-08,75,1,1,4,ridge,,100.0,-17.86890291137946,-17.776520095428644,-13.07769404280542,-12.501972132463996
42,2012-07-10,76,1,1,4,ridge,,100.0,-18.21143906581935,-18.30617756824163,-12.906128872585992,-12.438215154167876
42,2012-07-14,77,1,1,4,ridge,,100.0,-16.095384428093947,-16.335096559717847,-13.312579390130221,-12.58233118015421
42,2012-07-17,78,1,1,4,ridge,,100.0,-14.801847473829469,-15.583307282953209,-13.625775975288054,-12.68293157387104
62,2012-06-22,100,1,1,4,ridge,,100.0,-10.947069858107426,-10.084005244347887,-12.324395902562957,-11.349249989955187
62,2012-06-25,101,1,1,4,ridge,,100.0,-12.930932965823189,-11.69193923190518,-12.169811110299937,-11.287446594356187
62,2012-06-29,102,1,1,4,ridge,,100.0,-13.647540229966118,-12.451741540356156,-12.142733483615729,-11.275743850505151
62,2012-07-08,103,1,1,4,ridge,,100.0,-13.005404455519416,-9.79925558948652,-12.198600359517306,-11.299545837989115
62,2012-07-10,104,1,1,4,ridge,,100.0,-14.217439125925395,-11.423573357529008,-12.169461158179184,-11.287297443113754
62,2012-07-17,105,1,1,4,ridge,,100.0,-12.70807262304178,-10.388332622162803,-12.275662341416849,-11.330517974698722
62,2012-07-19,106,1,1,4,ridge,,100.0,-15.750405278939866,-14.123873702288767,-12.192042532933582,-11.29681839383488
103,2012-06-22,7,1,1,1,ridge,,10000.0,-13.28404803220713,-14.50588749676858,-13.053493204534654,-12.591678976799148
103,2012-06-27,8,1,1,1,ridge,,10000.0,-17.302172301136643,-16.600968273984137,-13.031685267087726,-12.555053087429
103,2012-06-29,9,1,1,1,ridge,,10000.0,-18.92242109331228,-19.84632772841422,-13.022914225050801,-12.5402357038279
103,2012-07-05,10,1,1,1,ridge,,10000.0,-15.574795029478718,-16.124130866471255,-13.02450081660566,-12.542922767959572
103,2012-07-08,11,1,1,1,ridge,,10000.0,-15.86824246394819,-13.95091862281008,-13.020482774798786,-12.536110071770564
103,2012-07-14,12,1,1,1,ridge,,10000.0,-17.84275788106028,-18.72912571156667,-13.017442470093185,-12.530935132249086
103,2012-07-17,13,1,1,1,ridge,,10000.0,-12.595339414809716,-16.21757943788777,-13.0217275288876,-12.538223402216003
21,2012-06-22,45,1,1,1,ridge,,10000.0,-12.060684803223303,-12.00798502229204,-13.036283106941363,-12.561611590462935
21,2012-06-25,46,1,1,1,ridge,,10000.0,-11.883841971912686,-12.210536948445432,-13.033525055491989,-12.5569579753461
21,2012-06-29,47,1,1,1,ridge,,10000.0,-12.329567928959571,-12.661731465224886,-13.02863277283432,-12.54868224604257
21,2012-07-08,48,1,1,1,ridge,,10000.0,-12.336402358206886,-12.252348442564678,-13.025353587342439,-12.543115107992133
21,2012-07-10,49,1,1,1,ridge,,10000.0,-12.541026866239491,-12.812605872689588,-13.0262443334156,-12.544629290113827
21,2012-07-17,50,1,1,1,ridge,,10000.0,-12.042182130233446,-11.668944707481812,-13.030462775645596,-12.551781494367193
31,2012-06-22,56,1,1,1,ridge,,10000.0,-12.261406145930293,-7.675525079895581,-13.041518058511494,-12.57265945272416
31,2012-06-27,57,1,1,1,ridge,,10000.0,-15.56720520685795,-10.869677151623607,-13.031431003305299,-12.555700268347605
31,2012-07-05,58,1,1,1,ridge,,10000.0,-14.630903606681327,-11.607199044191669,-13.0227622468528,-12.541064200573732
31,2012-07-08,59,1,1,1,ridge,,10000.0,-15.85527387686205,-13.88497530384446,-13.019313710952972,-12.53521526992716
31,2012-07-14,60,1,1,1,ridge,,10000.0,-12.061582027927042,-8.958668222109942,-13.033153175837935,-12.558599899803115
41,2012-06-22,67,1,1,1,ridge,,10000.0,-9.893244615306044,-8.032288058491003,-13.052657467346867,-12.588015216986603
41,2012-06-27,68,1,1,1,ridge,,10000.0,-12.472382986190222,-8.801892289617859,-13.043011225485715,-12.571772192499584
41,2012-07-05,69,1,1,1,ridge,,10000.0,-12.028670241841908,-9.29119256932756,-13.038591641419726,-12.564302285890006
41,2012-07-08,70,1,1,1,ridge,,10000.0,-13.748748630293996,-9.894634362662554,-13.035758171562989,-12.55949943093399
41,2012-07-14,71,1,1,1,ridge,,10000.0,-11.651468732388375,-9.450060398721016,-13.038262919514594,-12.563745710181923
41,2012-07-17,72,1,1,1,ridge,,10000.0,-11.500314383218642,-8.561757537563716,-13.050984906072971,-12.585203277243512
54,2012-06-22,90,1,1,1,ridge,,10000.0,-10.417640310145606,-12.93767695335395,-13.020207041219269,-12.538451800130256
54,2012-06-29,91,1,1,1,ridge,,10000.0,-13.54880158174925,-13.941944979578206,-13.015756917581601,-12.530826359273762
54,2012-07-10,92,1,1,1,ridge,,10000.0,-11.65562649391276,-9.922527219399468,-13.015363861473904,-12.530149133911014
113,2012-06-22,27,1,1,2,ridge,,10000.0,-13.904265705279988,-12.764677230796163,-13.255048682771655,-12.759234744159198
113,2012-06-25,28,1,1,2,ridge,,10000.0,-16.669071704883304,-15.628078749949356,-13.25440366874166,-12.760451523091277
113,2012-07-05,29,1,1,2,ridge,,10000.0,-13.78856756792369,-13.696217585568537,-13.25373373364765,-12.761710340764662
113,2012-07-08,30,1,1,2,ridge,,10000.0,-14.418687481499695,-13.97967004287996,-13.25339300012353,-12.762347952024813
113,2012-07-14,31,1,1,2,ridge,,10000.0,-16.398165435484163,-15.965865563125584,-13.252860984153706,-12.763338658961537
113,2012-07-17,32,1,1,2,ridge,,10000.0,-13.772013528373366,-13.330322847631932,-13.253393044442104,-12.76234786923181
22,2012-06-22,51,1,1,2,ridge,,10000.0,-14.06874113337972,-14.071044446046743,-13.25826922270901,-12.755492232547024
22,2012-06-25,52,1,1,2,ridge,,10000.0,-14.018031173978704,-14.77165243150176,-13.257786278368997,-12.756401268465064
22,2012-06-29,53,1,1,2,ridge,,10000.0,-14.73472458342086,-15.474752085663306,-13.257290892266386,-12.757330486566149
22,2012-07-14,54,1,1,2,ridge,,10000.0,-14.429262660073372,-14.834682689018504,-13.257371418659528,-12.757179702655876
22,2012-07-17,55,1,1,2,ridge,,10000.0,-13.95505270639354,-12.9206874664521,-13.257649342075549,-12.756658492396895
72,2012-06-22,114,1,1,2,ridge,,10000.0,-9.156246315375464,-7.121824880330802,-13.254295883440642,-12.758049567300146
72,2012-06-27,115,1,1,2,ridge,,10000.0,-11.598774165532014,-9.739787261661805,-13.25395463884428,-12.75867424568774
72,2012-06-29,116,1,1,2,ridge,,10000.0,-11.694497047916627,-10.620512155280064,-13.253759092842163,-12.759029187052523
72,2012-07-05,117,1,1,2,ridge,,10000.0,-9.279994157479894,-6.1840522735730685,-13.254574237706036,-12.757536236452456
72,2012-07-08,118,1,1,2,ridge,,10000.0,-7.434985480666953,-4.951473364462895,-13.254732208876996,-12.757243715710876
72,2012-07-14,119,1,1,2,ridge,,10000.0,-11.38639094380066,-6.363423342248725,-13.25373991913657,-12.759063844099051
72,2012-07-17,120,1,1,2,ridge,,10000.0,-7.896576091932785,-5.316371130913266,-13.254126918862005,-12.758359603559864
81,2012-06-22,121,1,1,2,ridge,,10000.0,-9.587343732140498,-5.953072410726956,-13.255401626205526,-12.757834170239715
81,2012-06-27,122,1,1,2,ridge,,10000.0,-13.63439663913034,-8.63444576538804,-13.254627495085908,-12.759261559852336
81,2012-07-17,123,1,1,2,ridge,,10000.0,-8.981462326670332,-6.7381420816219775,-13.255222526701825,-12.758166303926991
91,2012-06-22,126,1,1,2,ridge,,10000.0,-13.79430023004177,-12.721885004018873,-13.25800368979334,-12.755271961804
91,2012-06-25,127,1,1,2,ridge,,10000.0,-16.252064078644956,-15.095063986983767,-13.257407962581027,-12.756371985972292
91,2012-07-05,128,1,1,2,ridge,,10000.0,-11.946673251406857,-15.864027780720509,-13.25785668381422,-12.755544537690442
91,2012-07-08,129,1,1,2,ridge,,10000.0,-14.420474970996455,-14.377502817334353,-13.25762110362668,-12.755979900984629
91,2012-07-17,130,1,1,2,ridge,,10000.0,-12.823625166801548,-13.726729371774091,-13.257957155217639,-12.75535831397545
91,2012-07-19,131,1,1,2,ridge,,10000.0,-14.006013749198562,-15.882035691137462,-13.257405886237514,-12.75637579588355
12,2012-06-22,33,1,1,3,ridge,,10000.0,-12.945592837955164,-13.621175265774452,-13.432858203557393,-12.617662397475833
12,2012-06-27,34,1,1,3,ridge,,10000.0,-12.863896772641066,-14.252905240550222,-13.432538112564675,-12.617187941787353
12,2012-06-29,35,1,1,3,ridge,,10000.0,-14.492924226367006,-14.921340450348202,-13.432680245468166,-12.617399073025386
12,2012-07-08,36,1,1,3,ridge,,10000.0,-14.914279673093365,-14.773522086284936,-13.432326752747041,-12.616872500324371
12,2012-07-10,37,1,1,3,ridge,,10000.0,-15.09795788808382,-15.53251252603237,-13.432634436811123,-12.617331108989108
12,2012-07-17,38,1,1,3,ridge,,10000.0,-13.089522506330766,-13.652175532794685,-13.43309129945065,-12.618005742151942
52,2012-06-22,79,1,1,3,ridge,,10000.0,-13.45495696239713,-15.738081907796053,-13.423081998404037,-12.601844261692436
52,2012-06-29,80,1,1,3,ridge,,10000.0,-16.041356891502684,-16.29966966543719,-13.421925894256225,-12.60014478707714
52,2012-07-08,81,1,1,3,ridge,,10000.0,-13.337191112994962,-11.304804238666236,-13.42201162391139,-12.600272285010622
52,2012-07-10,82,1,1,3,ridge,,10000.0,-14.71139542756748,-12.827360988564674,-13.421456673260975,-12.599441423123816
52,2012-07-17,83,1,1,3,ridge,,10000.0,-8.618950020440854,-7.762089915864024,-13.422424776006237,-12.600883063396296
52,2012-07-19,84,1,1,3,ridge,,10000.0,-13.32401009971738,-12.996658395943411,-13.421715902985268,-12.599831233402115
53,2012-06-22,85,1,1,3,ridge,,10000.0,-11.59685403803788,-14.890521382506938,-13.429011713079513,-12.611814767054799
53,2012-06-29,86,1,1,3,ridge,,10000.0,-14.273258986856678,-15.844986252295593,-13.427402275880594,-12.609489050178192
53,2012-07-08,87,1,1,3,ridge,,10000.0,-11.837654265802229,-9.263246005952729,-13.42695355551904,-12.608830155557037
53,2012-07-10,88,1,1,3,ridge,,10000.0,-13.121221982705292,-10.563549725135724,-13.426596586252035,-12.608301403550255
53,2012-07-19,89,1,1,3,ridge,,10000.0,-9.430559470207992,-7.124290756308986,-13.426564816766772,-12.608254119649454
71,2012-06-22,107,1,1,3,ridge,,10000.0,-9.441352711283985,-15.826503794261775,-13.422908242382261,-12.602374522629262
71,2012-06-27,108,1,1,3,ridge,,10000.0,-11.830891628824627,-14.88965576948976,-13.422535603486493,-12.601820209044932
71,2012-06-29,109,1,1,3,ridge,,10000.0,-11.77120523725996,-14.980783625920942,-13.422242145210575,-12.601379534349014
71,2012-07-05,110,1,1,3,ridge,,10000.0,-9.126432085488725,-7.106911469422197,-13.422948428983352,-12.602433993729354
71,2012-07-08,111,1,1,3,ridge,,10000.0,-8.240456830553434,-5.994288299384496,-13.423019060813687,-12.602538386619196
71,2012-07-14,112,1,1,3,ridge,,10000.0,-12.231283617180784,-7.335724658361975,-13.42223546063769,-12.601369447902119
71,2012-07-17,113,1,1,3,ridge,,10000.0,-7.863112808923288,-5.020162935449686,-13.423602622000915,-12.603395061549842
83,2012-06-29,124,1,1,3,ridge,,10000.0,-13.150595982099484,-13.185851612534412,-13.435388583585391,-12.621707540477715
83,2012-07-14,125,1,1,3,ridge,,10000.0,-10.781364360016564,-10.279583356930988,-13.435522028342712,-12.6219055667655
11,2012-06-22,14,1,1,4,ridge,,10000.0,-15.919724111874036,-17.420730792104454,-12.780612026874808,-12.061218090813336
11,2012-06-27,15,1,1,4,ridge,,10000.0,-16.04746594426725,-17.275701316646803,-12.779293544847777,-12.060550532725784
11,2012-06-29,16,1,1,4,ridge,,10000.0,-17.025781539812208,-18.04468787035671,-12.778274685739479,-12.060030751907526
11,2012-07-10,17,1,1,4,ridge,,10000.0,-17.604639607278372,-17.842659591269815,-12.777674444698462,-12.059722693199248
11,2012-07-17,18,1,1,4,ridge,,10000.0,-14.18453518805826,-15.072913856790963,-12.780498810679779,-12.061160971642066
13,2012-06-22,39,1,1,4,ridge,,10000.0,-10.95121562728075,-10.836542679634643,-12.792413248879882,-12.069194693738947
13,2012-06-27,40,1,1,4,ridge,,10000.0,-12.223609920228132,-12.934752148036708,-12.792036377486673,-12.069010043032753
13,2012-06-29,41,1,1,4,ridge,,10000.0,-11.448270309198136,-11.2433082687523,-12.78975182128126,-12.067886636514476
13,2012-07-08,42,1,1,4,ridge,,10000.0,-11.321650078114684,-11.1656550129835,-12.788026567193109,-12.067032915477833
13,2012-07-10,43,1,1,4,ridge,,10000.0,-11.727868729384712,-11.935053682323652,-12.787112273158538,-12.066578291095137
13,2012-07-17,44,1,1,4,ridge,,10000.0,-11.82663223841094,-11.483975197550755,-12.790725258921546,-12.068366215381818
42,2012-06-22,73,1,1,4,ridge,,10000.0,-14.561620721902148,-14.201966799335745,-12.814986876869702,-12.09204137685481
42,2012-06-25,74,1,1,4,ridge,,10000.0,-16.153608446963226,-15.565011635602495,-12.81102650409632,-12.090131421832604
42,2012-07-08,75,1,1,4,ridge,,10000.0,-17.86890291137946,-17.776520095428644,-12.799464508335364,-12.084478424639558
42,2012-07-10,76,1,1,4,ridge,,10000.0,-18.21143906581935,-18.30617756824163,-12.794413881612343,-12.081939619287924
42,2012-07-14,77,1,1,4,ridge,,10000.0,-16.095384428093947,-16.335096559717847,-12.806450510368581,-12.087911404853207
42,2012-07-17,78,1,1,4,ridge,,10000.0,-14.801847473829469,-15.583307282953209,-12.815833086191352,-12.092448455497472
62,2012-06-22,100,1,1,4,ridge,,10000.0,-10.947069858107426,-10.084005244347887,-12.784611783723726,-12.063239204184995
62,2012-06-25,101,1,1,4,ridge,,10000.0,-12.930932965823189,-11.69193923190518,-12.780105879111352,-12.060924742256601
62,2012-06-29,102,1,1,4,ridge,,10000.0,-13.647540229966118,-12.451741540356156,-12.779325636391913,-12.060513911396935
62,2012-07-08,103,1,1,4,ridge,,10000.0,-13.005404455519416,-9.79925558948652,-12.780938975496396,-12.061359420631355
62,2012-07-10,104,1,1,4,ridge,,10000.0,-14.217439125925395,-11.423573357529008,-12.780095773660575,-12.060919445617982
62,2012-07-17,105,1,1,4,ridge,,10000.0,-12.70807262304178,-10.388332622162803,-12.78318353830686,-12.062514206663062
62,2012-07-19,106,1,1,4,ridge,,10000.0,-15.750405278939866,-14.123873702288767,-12.780748912186867,-12.061260583254157
103,2012-06-22,7,1,1,1,ridge_vwc,,0.0001,-13.28404803220713,-14.50588749676858,-15.853016606070023,-14.021035661628675
103,2012-06-27,8,1,1,1,ridge_vwc,,0.0001,-17.302172301136643,-16.600968273984137,-12.495159397133051,-12.207474058278372
103,2012-06-29,9,1,1,1,ridge_vwc,,0.0001,-18.92242109331228,-19.84632772841422,-11.838367847863218,-11.803743048426394
103,2012-07-05,10,1,1,1,ridge_vwc,,0.0001,-15.574795029478718,-16.124130866471255,-11.90293986925508,-11.814057193192118
103,2012-07-08,11,1,1,1,ridge_vwc,,0.0001,-15.86824246394819,-13.95091862281008,-11.800689539757055,-11.721527595165908
103,2012-07-14,12,1,1,1,ridge_vwc,,0.0001,-17.84275788106028,-18.72912571156667,-11.883312465695916,-11.655420677635732
103,2012-07-17,13,1,1,1,ridge_vwc,,0.0001,-12.595339414809716,-16.21757943788777,-11.809479700306053,-11.669006787636834
21,2012-06-22,45,1,1,1,ridge_vwc,,0.0001,-12.060684803223303,-12.00798502229204,-13.110508166311021,-13.059351467358596
21,2012-06-25,46,1,1,1,ridge_vwc,,0.0001,-11.883841971912686,-12.210536948445432,-12.858287086690915,-12.911137509079508
21,2012-06-29,47,1,1,1,ridge_vwc,,0.0001,-12.329567928959571,-12.661731465224886,-12.579445495421227,-12.708852024638924
21,2012-07-08,48,1,1,1,ridge_vwc,,0.0001,-12.336402358206886,-12.252348442564678,-12.553596036081833,-12.662059719670003
21,2012-07-10,49,1,1,1,ridge_vwc,,0.0001,-12.541026866239491,-12.812605872689588,-12.545047070373798,-12.668047373515629
21,2012-07-17,50,1,1,1,ridge_vwc,,0.0001,-12.042182130233446,-11.668944707481812,-12.654463603704633,-12.735247102280699
31,2012-06-22,56,1,1,1,ridge_vwc,,0.0001,-12.261406145930293,-7.675525079895581,-13.86415010606876,-12.41312609662206
31,2012-06-27,57,1,1,1,ridge_vwc,,0.0001,-15.56720520685795,-10.869677151623607,-12.45459388043557,-11.14013891456928
31,2012-07-05,58,1,1,1,ridge_vwc,,0.0001,-14.630903606681327,-11.607199044191669,-11.738945632905867,-11.073104782741993
31,2012-07-08,59,1,1,1,ridge_vwc,,0.0001,-15.85527387686205,-13.88497530384446,-11.665975463820665,-11.000570631784022
31,2012-07-14,60,1,1,1,ridge_vwc,,0.0001,-12.061582027927042,-8.958668222109942,-12.662343581214163,-11.452068623441528
41,2012-06-22,67,1,1,1,ridge_vwc,,0.0001,-9.893244615306044,-8.032288058491003,-15.18096730444515,-14.014288763950741
41,2012-06-27,68,1,1,1,ridge_vwc,,0.0001,-12.472382986190222,-8.801892289617859,-14.03537590880841,-13.406655045956393
41,2012-07-05,69,1,1,1,ridge_vwc,,0.0001,-12.028670241841908,-9.29119256932756,-13.736688804083467,-13.831158517330174
41,2012-07-08,70,1,1,1,ridge_vwc,,0.0001,-13.748748630293996,-9.894634362662554,-13.653628263635783,-13.760810567072296
41,2012-07-14,71,1,1,1,ridge_vwc,,0.0001,-11.651468732388375,-9.450060398721016,-13.721937405517401,-13.792274098927594
41,2012-07-17,72,1,1,1,ridge_vwc,,0.0001,-11.500314383218642,-8.561757537563716,-14.949670611401654,-14.505864373919607
54,2012-06-22,90,1,1,1,ridge_vwc,,0.0001,-10.417640310145606,-12.93767695335395,-12.338564199929634,-12.447048768682045
54,2012-06-29,91,1,1,1,ridge_vwc,,0.0001,-13.54880158174925,-13.941944979578206,-12.865735114364426,-12.373022087603545
54,2012-07-10,92,1,1,1,ridge_vwc,,0.0001,-11.65562649391276,-9.922527219399468,-12.939100660884666,-11.758907205009622
113,2012-06-22,27,1,1,2,ridge_vwc,,0.0001,-13.904265705279988,-12.764677230796163,-13.140489330145375,-13.612553278355009
113,2012-06-25,28,1,1,2,ridge_vwc,,0.0001,-16.669071704883304,-15.628078749949356,-13.10005465774035,-13.706756145769985
113,2012-07-05,29,1,1,2,ridge_vwc,,0.0001,-13.78856756792369,-13.696217585568537,-13.061185239715702,-13.74345882943282
113,2012-07-08,30,1,1,2,ridge_vwc,,0.0001,-14.418687481499695,-13.97967004287996,-13.056326104991882,-13.805019335707001
113,2012-07-14,31,1,1,2,ridge_vwc,,0.0001,-16.398165435484163,-15.965865563125584,-13.04230963085118,-13.78771119272916
113,2012-07-17,32,1,1,2,ridge_vwc,,0.0001,-13.772013528373366,-13.330322847631932,-13.034393842574623,-13.680499524085606
22,2012-06-22,51,1,1,2,ridge_vwc,,0.0001,-14.06874113337972,-14.071044446046743,-13.55424333846788,-13.157386688502115
22,2012-06-25,52,1,1,2,ridge_vwc,,0.0001,-14.018031173978704,-14.77165243150176,-13.530389942341188,-13.23251060726465
22,2012-06-29,53,1,1,2,ridge_vwc,,0.0001,-14.73472458342086,-15.474752085663306,-13.518767380668661,-13.331147809037
22,2012-07-14,54,1,1,2,ridge_vwc,,0.0001,-14.429262660073372,-14.834682689018504,-13.511181333018916,-13.26549569005479
22,2012-07-17,55,1,1,2,ridge_vwc,,0.0001,-13.95505270639354,-12.9206874664521,-13.518773082506787,-13.217877176013273
72,2012-06-22,114,1,1,2,ridge_vwc,,0.0001,-9.156246315375464,-7.121824880330802,-13.402858647660356,-13.562200208042427
72,2012-06-27,115,1,1,2,ridge_vwc,,0.0001,-11.598774165532014,-9.739787261661805,-13.405397565573779,-13.445559027129732
72,2012-06-29,116,1,1,2,ridge_vwc,,0.0001,-11.694497047916627,-10.620512155280064,-13.43771780491789,-13.505989298411992
72,2012-07-05,117,1,1,2,ridge_vwc,,0.0001,-9.279994157479894,-6.1840522735730685,-13.173152343770676,-12.305103793435636
72,2012-07-08,118,1,1,2,ridge_vwc,,0.0001,-7.434985480666953,-4.951473364462895,-13.165529248295899,-12.269502352639487
72,2012-07-14,119,1,1,2,ridge_vwc,,0.0001,-11.38639094380066,-6.363423342248725,-13.155126643920715,-11.887329388254921
72,2012-07-17,120,1,1,2,ridge_vwc,,0.0001,-7.896576091932785,-5.316371130913266,-13.09687177799382,-11.771815276437746
81,2012-06-22,121,1,1,2,ridge_vwc,,0.0001,-9.587343732140498,-5.953072410726956,-13.278187005230821,-12.69181378460776
81,2012-06-27,122,1,1,2,ridge_vwc,,0.0001,-13.63439663913034,-8.63444576538804,-13.276221164386723,-12.546335688690812
81,2012-07-17,123,1,1,2,ridge_vwc,,0.0001,-8.981462326670332,-6.7381420816219775,-13.318647751660349,-12.920564824469293
91,2012-06-22,126,1,1,2,ridge_vwc,,0.0001,-13.79430023004177,-12.721885004018873,-13.411988916483201,-11.403218434688263
91,2012-06-25,127,1,1,2,ridge_vwc,,0.0001,-16.252064078644956,-15.095063986983767,-13.45066224409943,-11.544571873471916
91,2012-07-05,128,1,1,2,ridge_vwc,,0.0001,-11.946673251406857,-15.864027780720509,-13.478511475214063,-11.779434864867525
91,2012-07-08,129,1,1,2,ridge_vwc,,0.0001,-14.420474970996455,-14.377502817334353,-13.492657144993428,-11.83451251670304
91,2012-07-17,130,1,1,2,ridge_vwc,,0.0001,-12.823625166801548,-13.726729371774091,-13.556127150597888,-12.222131359474503
91,2012-07-19,131,1,1,2,ridge_vwc,,0.0001,-14.006013749198562,-15.882035691137462,-13.593350102169637,-12.353962287255468
12,2012-06-22,33,1,1,3,ridge_vwc,,0.0001,-12.945592837955164,-13.621175265774452,-15.210451355861451,-15.43477057787638
12,2012-06-27,34,1,1,3,ridge_vwc,,0.0001,-12.863896772641066,-14.252905240550222,-15.34928957375271,-15.556408989045579
12,2012-06-29,35,1,1,3,ridge_vwc,,0.0001,-14.492924226367006,-14.921340450348202,-15.284749150821826,-15.503146593581977
12,2012-07-08,36,1,1,3,ridge_vwc,,0.0001,-14.914279673093365,-14.773522086284936,-15.454636892125528,-15.641422822632405
12,2012-07-10,37,1,1,3,ridge_vwc,,0.0001,-15.09795788808382,-15.53251252603237,-15.305023665197675,-15.521160757521807
12,2012-07-17,38,1,1,3,ridge_vwc,,0.0001,-13.089522506330766,-13.652175532794685,-15.123136729003237,-15.332110649043202
52,2012-06-22,79,1,1,3,ridge_vwc,,0.0001,-13.45495696239713,-15.738081907796053,-13.443248242011208,-13.440919777954576
52,2012-06-29,80,1,1,3,ridge_vwc,,0.0001,-16.041356891502684,-16.29966966543719,-13.854917736388307,-13.799729379147173
52,2012-07-08,81,1,1,3,ridge_vwc,,0.0001,-13.337191112994962,-11.304804238666236,-13.815836867999217,-13.509946187019544
52,2012-07-10,82,1,1,3,ridge_vwc,,0.0001,-14.71139542756748,-12.827360988564674,-14.109155590454362,-13.738620000268968
52,2012-07-17,83,1,1,3,ridge_vwc,,0.0001,-8.618950020440854,-7.762089915864024,-13.648292436350342,-12.913105243707971
52,2012-07-19,84,1,1,3,ridge_vwc,,0.0001,-13.32401009971738,-12.996658395943411,-13.962786669902611,-13.175039464053194
53,2012-06-22,85,1,1,3,ridge_vwc,,0.0001,-11.59685403803788,-14.890521382506938,-13.745624648318463,-13.3765188573065
53,2012-06-29,86,1,1,3,ridge_vwc,,0.0001,-14.273258986856678,-15.844986252295593,-14.06470620998944,-13.470223571276573
53,2012-07-08,87,1,1,3,ridge_vwc,,0.0001,-11.837654265802229,-9.263246005952729,-14.228156768945167,-10.966039200565223
53,2012-07-10,88,1,1,3,ridge_vwc,,0.0001,-13.121221982705292,-10.563549725135724,-14.38068125812344,-11.095011744943326
53,2012-07-19,89,1,1,3,ridge_vwc,,0.0001,-9.430559470207992,-7.124290756308986,-14.390102558976798,-12.891984415593258
71,2012-06-22,107,1,1,3,ridge_vwc,,0.0001,-9.441352711283985,-15.826503794261775,-13.729798146712927,-13.336660159460456
71,2012-06-27,108,1,1,3,ridge_vwc,,0.0001,-11.830891628824627,-14.88965576948976,-13.90429360659401,-13.36640709994038
71,2012-06-29,109,1,1,3,ridge_vwc,,0.0001,-11.77120523725996,-14.980783625920942,-14.067743089273138,-13.491511543924533
71,2012-07-05,110,1,1,3,ridge_vwc,,0.0001,-9.126432085488725,-7.106911469422197,-13.714830151811922,-12.728905699880267
71,2012-07-08,111,1,1,3,ridge_vwc,,0.0001,-8.240456830553434,-5.994288299384496,-13.686102940207222,-12.70411436611112
71,2012-07-14,112,1,1,3,ridge_vwc,,0.0001,-12.231283617180784,-7.335724658361975,-14.074632084088272,-12.581703599055086
71,2012-07-17,113,1,1,3,ridge_vwc,,0.0001,-7.863112808923288,-5.020162935449686,-13.487053718870298,-12.08603426605194
83,2012-06-29,124,1,1,3,ridge_vwc,,0.0001,-13.150595982099484,-13.185851612534412,-15.738059282588484,-15.746750043668488
83,2012-07-14,125,1,1,3,ridge_vwc,,0.0001,-10.781364360016564,-10.279583356930988,-15.681801671079892,-14.715717647140103
11,2012-06-22,14,1,1,4,ridge_vwc,,0.0001,-15.919724111874036,-17.420730792104454,-12.126363640881458,-12.367219124827887
11,2012-06-27,15,1,1,4,ridge_vwc,,0.0001,-16.04746594426725,-17.275701316646803,-12.041724714577065,-12.332658751774012
11,2012-06-29,16,1,1,4,ridge_vwc,,0.0001,-17.025781539812208,-18.04468787035671,-11.969482885623343,-12.29771376874611
11,2012-07-10,17,1,1,4,ridge_vwc,,0.0001,-17.604639607278372,-17.842659591269815,-11.902931746749095,-12.20718600815134
11,2012-07-17,18,1,1,4,ridge_vwc,,0.0001,-14.18453518805826,-15.072913856790963,-12.02520167246939,-12.065062005627903
13,2012-06-22,39,1,1,4,ridge_vwc,,0.0001,-10.95121562728075,-10.836542679634643,-12.718435865377511,-12.30879149560951
13,2012-06-27,40,1,1,4,ridge_vwc,,0.0001,-12.223609920228132,-12.934752148036708,-12.740911519100418,-12.426079364274916
13,2012-06-29,41,1,1,4,ridge_vwc,,0.0001,-11.448270309198136,-11.2433082687523,-12.678103088181755,-12.518278973258637
13,2012-07-08,42,1,1,4,ridge_vwc,,0.0001,-11.321650078114684,-11.1656550129835,-12.635079233961328,-12.620303536399764
13,2012-07-10,43,1,1,4,ridge_vwc,,0.0001,-11.727868729384712,-11.935053682323652,-12.598088614986391,-12.636816522578405
13,2012-07-17,44,1,1,4,ridge_vwc,,0.0001,-11.82663223841094,-11.483975197550755,-12.703979322901292,-12.473077004531383
42,2012-06-22,73,1,1,4,ridge_vwc,,0.0001,-14.561620721902148,-14.201966799335745,-13.588925551395512,-11.761993288794791
42,2012-06-25,74,1,1,4,ridge_vwc,,0.0001,-16.153608446963226,-15.565011635602495,-13.568462585299782,-12.073878235746827
42,2012-07-08,75,1,1,4,ridge_vwc,,0.0001,-17.86890291137946,-17.776520095428644,-13.085320768667055,-11.903340718753979
42,2012-07-10,76,1,1,4,ridge_vwc,,0.0001,-18.21143906581935,-18.30617756824163,-12.816342400873221,-11.883398678865069
42,2012-07-14,77,1,1,4,ridge_vwc,,0.0001,-16.095384428093947,-16.335096559717847,-13.330040537984345,-11.79675103336053
42,2012-07-17,78,1,1,4,ridge_vwc,,0.0001,-14.801847473829469,-15.583307282953209,-13.407151668407526,-11.107098624401495
62,2012-06-22,100,1,1,4,ridge_vwc,,0.0001,-10.947069858107426,-10.084005244347887,-12.340522212626324,-12.094562137988659
62,2012-06-25,101,1,1,4,ridge_vwc,,0.0001,-12.930932965823189,-11.69193923190518,-11.983958064865803,-11.876260430750914
62,2012-06-29,102,1,1,4,ridge_vwc,,0.0001,-13.647540229966118,-12.451741540356156,-11.747720738479845,-11.318331702128523
62,2012-07-08,103,1,1,4,ridge_vwc,,0.0001,-13.005404455519416,-9.79925558948652,-11.345092528883994,-9.652840361892551
62,2012-07-10,104,1,1,4,ridge_vwc,,0.0001,-14.217439125925395,-11.423573357529008,-11.262191753144787,-9.584171038322667
62,2012-07-17,105,1,1,4,ridge_vwc,,0.0001,-12.70807262304178,-10.388332622162803,-9.152410012892476,-2.21994975861562
62,2012-07-19,106,1,1,4,ridge_vwc,,0.0001,-15.750405278939866,-14.123873702288767,-8.952503310992196,-2.089532239109989
103,2012-06-22,7,1,1,1,ridge_vwc,,0.01,-13.28404803220713,-14.50588749676858,-15.818516040744813,-14.00512288180489
103,2012-06-27,8,1,1,1,ridge_vwc,,0.01,-17.302172301136643,-16.600968273984137,-12.495272325573676,-12.207675287035164
103,2012-06-29,9,1,1,1,ridge_vwc,,0.01,-18.92242109331228,-19.84632772841422,-11.84454379814257,-11.8067276929908
103,2012-07-05,10,1,1,1,ridge_vwc,,0.01,-15.574795029478718,-16.124130866471255,-11.908665635153007,-11.816846333842628
103,2012-07-08,11,1,1,1,ridge_vwc,,0.01,-15.86824246394819,-13.95091862281008,-11.806943489009324,-11.724533554344301
103,2012-07-14,12,1,1,1,ridge_vwc,,0.01,-17.84275788106028,-18.72912571156667,-11.88821523744814,-11.657774082154953
103,2012-07-17,13,1,1,1,ridge_vwc,,0.01,-12.595339414809716,-16.21757943788777,-11.815890139799368,-11.672103324174335
21,2012-06-22,45,1,1,1,ridge_vwc,,0.01,-12.060684803223303,-12.00798502229204,-13.111631975090166,-13.059939772671482
21,2012-06-25,46,1,1,1,ridge_vwc,,0.01,-11.883841971912686,-12.210536948445432,-12.861834850320443,-12.912844508061058
21,2012-06-29,47,1,1,1,ridge_vwc,,0.01,-12.329567928959571,-12.661731465224886,-12.585399573603418,-12.711654388643382
21,2012-07-08,48,1,1,1,ridge_vwc,,0.01,-12.336402358206886,-12.252348442564678,-12.559327252849311,-12.664731176256954
21,2012-07-10,49,1,1,1,ridge_vwc,,0.01,-12.541026866239491,-12.812605872689588,-12.551014698338196,-12.670837083201897
21,2012-07-17,50,1,1,1,ridge_vwc,,0.01,-12.042182130233446,-11.668944707481812,-12.659880009742345,-12.73781386042558
31,2012-06-22,56,1,1,1,ridge_vwc,,0.01,-12.261406145930293,-7.675525079895581,-13.849182493155919,-12.406380755381608
31,2012-06-27,57,1,1,1,ridge_vwc,,0.01,-15.56720520685795,-10.869677151623607,-12.454443244972545,-11.14033625341073
31,2012-07-05,58,1,1,1,ridge_vwc,,0.01,-14.630903606681327,-11.607199044191669,-11.745226946997324,-11.076223210642448
31,2012-07-08,59,1,1,1,ridge_vwc,,0.01,-15.85527387686205,-13.88497530384446,-11.672542641327086,-11.003796360475148
31,2012-07-14,60,1,1,1,ridge_vwc,,0.01,-12.061582027927042,-8.958668222109942,-12.659940889939458,-11.45120015206456
41,2012-06-22,67,1,1,1,ridge_vwc,,0.01,-9.893244615306044,-8.032288058491003,-15.172676332510296,-14.010490191765749
41,2012-06-27,68,1,1,1,ridge_vwc,,0.01,-12.472382986190222,-8.801892289617859,-14.038517274008647,-13.408155819166037
41,2012-07-05,69,1,1,1,ridge_vwc,,0.01,-12.028670241841908,-9.29119256932756,-13.741990294639862,-13.833578757850841
41,2012-07-08,70,1,1,1,ridge_vwc,,0.01,-13.748748630293996,-9.894634362662554,-13.659426278475191,-13.763442072267726
41,2012-07-14,71,1,1,1,ridge_vwc,,0.01,-11.651468732388375,-9.450060398721016,-13.727378916363103,-13.794760491922753
41,2012-07-17,72,1,1,1,ridge_vwc,,0.01,-11.500314383218642,-8.561757537563716,-14.943202838826023,-14.5028479078788
54,2012-06-22,90,1,1,1,ridge_vwc,,0.01,-10.417640310145606,-12.93767695335395,-12.34187827227624,-12.448592530131972
54,2012-06-29,91,1,1,1,ridge_vwc,,0.01,-13.54880158174925,-13.941944979578206,-12.862614846339504,-12.37153073353447
54,2012-07-10,92,1,1,1,ridge_vwc,,0.01,-11.65562649391276,-9.922527219399468,-12.935644327856265,-11.75731975968958
113,2012-06-22,27,1,1,2,ridge_vwc,,0.01,-13.904265705279988,-12.764677230796163,-13.140411232395415,-13.612379403311577
113,2012-06-25,28,1,1,2,ridge_vwc,,0.01,-16.669071704883304,-15.628078749949356,-13.100345422409873,-13.706852147016178
113,2012-07-05,29,1,1,2,ridge_vwc,,0.01,-13.78856756792369,-13.696217585568537,-13.061687400243995,-13.743713058617194
113,2012-07-08,30,1,1,2,ridge_vwc,,0.01,-14.418687481499695,-13.97967004287996,-13.056837816708978,-13.805275582140043
113,2012-07-14,31,1,1,2,ridge_vwc,,0.01,-16.398165435484163,-15.965865563125584,-13.042673891075022,-13.787861465921477
113,2012-07-17,32,1,1,2,ridge_vwc,,0.01,-13.772013528373366,-13.330322847631932,-13.03491729100749,-13.680778698900737
22,2012-06-22,51,1,1,2,ridge_vwc,,0.01,-14.06874113337972,-14.071044446046743,-13.554410235461763,-13.157486231489226
22,2012-06-25,52,1,1,2,ridge_vwc,,0.01,-14.018031173978704,-14.77165243150176,-13.530760906850158,-13.232757520751033
22,2012-06-29,53,1,1,2,ridge_vwc,,0.01,-14.73472458342086,-15.474752085663306,-13.519230130854977,-13.331455142404776
22,2012-07-14,54,1,1,2,ridge_vwc,,0.01,-14.429262660073372,-14.834682689018504,-13.511643227371213,-13.265809390853983
22,2012-07-17,55,1,1,2,ridge_vwc,,0.01,-13.95505270639354,-12.9206874664521,-13.519186440231003,-13.218158326725995
72,2012-06-22,114,1,1,2,ridge_vwc,,0.01,-9.156246315375464,-7.121824880330802,-13.402787693386063,-13.562048063692217
72,2012-06-27,115,1,1,2,ridge_vwc,,0.01,-11.598774165532014,-9.739787261661805,-13.404857320138081,-13.445069364735378
72,2012-06-29,116,1,1,2,ridge_vwc,,0.01,-11.694497047916627,-10.620512155280064,-13.436788769529873,-13.50520175062405
72,2012-07-05,117,1,1,2,ridge_vwc,,0.01,-9.279994157479894,-6.1840522735730685,-13.17345676493099,-12.305374628383007
72,2012-07-08,118,1,1,2,ridge_vwc,,0.01,-7.434985480666953,-4.951473364462895,-13.165940147195041,-12.269856371149418
72,2012-07-14,119,1,1,2,ridge_vwc,,0.01,-11.38639094380066,-6.363423342248725,-13.154307374237453,-11.886807841313265
72,2012-07-17,120,1,1,2,ridge_vwc,,0.01,-7.896576091932785,-5.316371130913266,-13.09675783737941,-11.771834637396728
81,2012-06-22,121,1,1,2,ridge_vwc,,0.01,-9.587343732140498,-5.953072410726956,-13.278604931844647,-12.692138718187323
81,2012-06-27,122,1,1,2,ridge_vwc,,0.01,-13.63439663913034,-8.63444576538804,-13.275929903406183,-12.546148458740516
81,2012-07-17,123,1,1,2,ridge_vwc,,0.01,-8.981462326670332,-6.7381420816219775,-13.318944653366746,-12.92077386970084
91,2012-06-22,126,1,1,2,ridge_vwc,,0.01,-13.79430023004177,-12.721885004018873,-13.41245367848968,-11.403753710935844
91,2012-06-25,127,1,1,2,ridge_vwc,,0.01,-16.252064078644956,-15.095063986983767,-13.450614000474781,-11.544708911425635
91,2012-07-05,128,1,1,2,ridge_vwc,,0.01,-11.946673251406857,-15.864027780720509,-13.478857659829021,-11.779839208533662
91,2012-07-08,129,1,1,2,ridge_vwc,,0.01,-14.420474970996455,-14.377502817334353,-13.49281335014834,-11.834769152670244
91,2012-07-17,130,1,1,2,ridge_vwc,,0.01,-12.823625166801548,-13.726729371774091,-13.556490879137376,-12.222498177881963
91,2012-07-19,131,1,1,2,ridge_vwc,,0.01,-14.006013749198562,-15.882035691137462,-13.593222986432437,-12.353948358111133
12,2012-06-22,33,1,1,3,ridge_vwc,,0.01,-12.945592837955164,-13.621175265774452,-15.20649461441278,-15.432386299617598
12,2012-06-27,34,1,1,3,ridge_vwc,,0.01,-12.863896772641066,-14.252905240550222,-15.343917458436177,-15.553258191136436
12,2012-06-29,35,1,1,3,ridge_vwc,,0.01,-14.492924226367006,-14.921340450348202,-15.280039705690895,-15.500354066650107
12,2012-07-08,36,1,1,3,ridge_vwc,,0.01,-14.914279673093365,-14.773522086284936,-15.44816079291388,-15.637676005577823
12,2012-07-10,37,1,1,3,ridge_vwc,,0.01,-15.09795788808382,-15.53251252603237,-15.300106205840901,-15.518255574371583
12,2012-07-17,38,1,1,3,ridge_vwc,,0.01,-13.089522506330766,-13.652175532794685,-15.12005743532702,-15.330205772986337
52,2012-06-22,79,1,1,3,ridge_vwc,,0.01,-13.45495696239713,-15.738081907796053,-13.442952174811651,-13.440577004519662
52,2012-06-29,80,1,1,3,ridge_vwc,,0.01,-16.041356891502684,-16.29966966543719,-13.850668696951212,-13.797239723833645
52,2012-07-08,81,1,1,3,ridge_vwc,,0.01,-13.337191112994962,-11.304804238666236,-13.812230616863928,-13.507836118825834
52,2012-07-10,82,1,1,3,ridge_vwc,,0.01,-14.71139542756748,-12.827360988564674,-14.102443822463554,-13.734835287392293
52,2012-07-17,83,1,1,3,ridge_vwc,,0.01,-8.618950020440854,-7.762089915864024,-13.64678417100563,-12.912187860782971
52,2012-07-19,84,1,1,3,ridge_vwc,,0.01,-13.32401009971738,-12.996658395943411,-13.958066123365862,-13.172384591818044
53,2012-06-22,85,1,1,3,ridge_vwc,,0.01,-11.59685403803788,-14.890521382506938,-13.74780805789455,-13.377669294925552
53,2012-06-29,86,1,1,3,ridge_vwc,,0.01,-14.273258986856678,-15.844986252295593,-14.064832372702455,-13.470256210365031
53,2012-07-08,87,1,1,3,ridge_vwc,,0.01,-11.837654265802229,-9.263246005952729,-14.229179500684648,-10.96688264778632
53,2012-07-10,88,1,1,3,ridge_vwc,,0.01,-13.121221982705292,-10.563549725135724,-14.380159677852792,-11.095019257460844
53,2012-07-19,89,1,1,3,ridge_vwc,,0.01,-9.430559470207992,-7.124290756308986,-14.387821865203748,-12.890817701999579
71,2012-06-22,107,1,1,3,ridge_vwc,,0.01,-9.441352711283985,-15.826503794261775,-13.727978655077386,-13.335617980065452
71,2012-06-27,108,1,1,3,ridge_vwc,,0.01,-11.830891628824627,-14.88965576948976,-13.900775850821422,-13.364461331240008
71,2012-06-29,109,1,1,3,ridge_vwc,,0.01,-11.77120523725996,-14.980783625920942,-14.062478530625517,-13.488624545585152
71,2012-07-05,110,1,1,3,ridge_vwc,,0.01,-9.126432085488725,-7.106911469422197,-13.71371338722977,-12.728317816951355
71,2012-07-08,111,1,1,3,ridge_vwc,,0.01,-8.240456830553434,-5.994288299384496,-13.685273533808328,-12.703682194460914
71,2012-07-14,112,1,1,3,ridge_vwc,,0.01,-12.231283617180784,-7.335724658361975,-14.070144067278024,-12.579350708919815
71,2012-07-17,113,1,1,3,ridge_vwc,,0.01,-7.863112808923288,-5.020162935449686,-13.488523201090844,-12.086905776916316
83,2012-06-29,124,1,1,3,ridge_vwc,,0.01,-13.150595982099484,-13.185851612534412,-15.732731811894087,-15.743635688958097
83,2012-07-14,125,1,1,3,ridge_vwc,,0.01,-10.781364360016564,-10.279583356930988,-15.677962566550155,-14.713530885857795
11,2012-06-22,14,1,1,4,ridge_vwc,,0.01,-15.919724111874036,-17.420730792104454,-12.125677165546067,-12.365858389293523
11,2012-06-27,15,1,1,4,ridge_vwc,,0.01,-16.04746594426725,-17.275701316646803,-12.041419631677963,-12.33193367393662
11,2012-06-29,16,1,1,4,ridge_vwc,,0.01,-17.025781539812208,-18.04468787035671,-11.969567503503471,-12.297639718996217
11,2012-07-10,17,1,1,4,ridge_vwc,,0.01,-17.604639607278372,-17.842659591269815,-11.903288490874631,-12.207571638450851
11,2012-07-17,18,1,1,4,ridge_vwc,,0.01,-14.18453518805826,-15.072913856790963,-12.024534003457648,-12.063753040728853
13,2012-06-22,39,1,1,4,ridge_vwc,,0.01,-10.95121562728075,-10.836542679634643,-12.717506157277962,-12.307124574482753
13,2012-06-27,40,1,1,4,ridge_vwc,,0.01,-12.223609920228132,-12.934752148036708,-12.73994512081207,-12.424341083006787
13,2012-06-29,41,1,1,4,ridge_vwc,,0.01,-11.448270309198136,-11.2433082687523,-12.67699446211652,-12.51628510025435
13,2012-07-08,42,1,1,4,ridge_vwc,,0.01,-11.321650078114684,-11.1656550129835,-12.633993891911585,-12.618333555587968
13,2012-07-10,43,1,1,4,ridge_vwc,,0.01,-11.727868729384712,-11.935053682323652,-12.597067796187082,-12.63494928437581
13,2012-07-17,44,1,1,4,ridge_vwc,,0.01,-11.82663223841094,-11.483975197550755,-12.702909253773415,-12.471155479620284
42,2012-06-22,73,1,1,4,ridge_vwc,,0.01,-14.561620721902148,-14.201966799335745,-13.590716324223877,-11.765172953067575
42,2012-06-25,74,1,1,4,ridge_vwc,,0.01,-16.153608446963226,-15.565011635602495,-13.569100982867653,-12.075085539657211
42,2012-07-08,75,1,1,4,ridge_vwc,,0.01,-17.86890291137946,-17.776520095428644,-13.084431676350821,-11.90194400477164
42,2012-07-10,76,1,1,4,ridge_vwc,,0.01,-18.21143906581935,-18.30617756824163,-12.816471952785314,-11.883687529438063
42,2012-07-14,77,1,1,4,ridge_vwc,,0.01,-16.095384428093947,-16.335096559717847,-13.329647777175715,-11.79622681431926
42,2012-07-17,78,1,1,4,ridge_vwc,,0.01,-14.801847473829469,-15.583307282953209,-13.409195689455052,-11.110751932082646
62,2012-06-22,100,1,1,4,ridge_vwc,,0.01,-10.947069858107426,-10.084005244347887,-12.340021609345856,-12.093590532589708
62,2012-06-25,101,1,1,4,ridge_vwc,,0.01,-12.930932965823189,-11.69193923190518,-11.985560732445306,-11.87880924147875
62,2012-06-29,102,1,1,4,ridge_vwc,,0.01,-13.647540229966118,-12.451741540356156,-11.749916021238263,-11.321908854014218
62,2012-07-08,103,1,1,4,ridge_vwc,,0.01,-13.005404455519416,-9.79925558948652,-11.346074128804425,-9.654504569943665
62,2012-07-10,104,1,1,4,ridge_vwc,,0.01,-14.217439125925395,-11.423573357529008,-11.263732662014984,-9.586773811510195
62,2012-07-17,105,1,1,4,ridge_vwc,,0.01,-12.70807262304178,-10.388332622162803,-9.152071418909738,-2.2199218726913568
62,2012-07-19,106,1,1,4,ridge_vwc,,0.01,-15.750405278939866,-14.123873702288767,-8.953375411070207,-2.091531867912755
103,2012-06-22,7,1,1,1,ridge_vwc,,1.0,-13.28404803220713,-14.50588749676858,-14.235112736700634,-13.29140279626407
103,2012-06-27,8,1,1,1,ridge_vwc,,1.0,-17.302172301136643,-16.600968273984137,-12.511921552048127,-12.230004156747237
103,2012-06-29,9,1,1,1,ridge_vwc,,1.0,-18.92242109331228,-19.84632772841422,-12.139812581427723,-11.953375681541264
103,2012-07-05,10,1,1,1,ridge_vwc,,1.0,-15.574795029478718,-16.124130866471255,-12.183457723073829,-11.955459828868475
103,2012-07-08,11,1,1,1,ridge_vwc,,1.0,-15.86824246394819,-13.95091862281008,-12.10492016360749,-11.870954740439231
103,2012-07-14,12,1,1,1,ridge_vwc,,1.0,-17.84275788106028,-18.72912571156667,-12.122239518755107,-11.772466839137756
103,2012-07-17,13,1,1,1,ridge_vwc,,1.0,-12.595339414809716,-16.21757943788777,-12.121358692662897,-11.823716091726206
21,2012-06-22,45,1,1,1,ridge_vwc,,1.0,-12.060684803223303,-12.00798502229204,-13.1690401200839,-13.092735101227426
21,2012-06-25,46,1,1,1,ridge_vwc,,1.0,-11.883841971912686,-12.210536948445432,-13.030883370831258,-12.99603706710481
21,2012-06-29,47,1,1,1,ridge_vwc,,1.0,-12.329567928959571,-12.661731465224886,-12.864507764752544,-12.843031992244338
21,2012-07-08,48,1,1,1,ridge_vwc,,1.0,-12.336402358206886,-12.252348442564678,-12.826995610957502,-12.788176986715964
21,2012-07-10,49,1,1,1,ridge_vwc,,1.0,-12.541026866239491,-12.812605872689588,-12.829959072867284,-12.800275423773249
21,2012-07-17,50,1,1,1,ridge_vwc,,1.0,-12.042182130233446,-11.668944707481812,-12.914553176854781,-12.85939736389243
31,2012-06-22,56,1,1,1,ridge_vwc,,1.0,-12.261406145930293,-7.675525079895581,-13.168885877663618,-12.115413910881978
31,2012-06-27,57,1,1,1,ridge_vwc,,1.0,-15.56720520685795,-10.869677151623607,-12.457470833129907,-11.168130731838563
31,2012-07-05,58,1,1,1,ridge_vwc,,1.0,-14.630903606681327,-11.607199044191669,-12.045023755695507,-11.233320823868336
31,2012-07-08,59,1,1,1,ridge_vwc,,1.0,-15.85527387686205,-13.88497530384446,-11.984461665159229,-11.163936396686768
31,2012-07-14,60,1,1,1,ridge_vwc,,1.0,-12.061582027927042,-8.958668222109942,-12.559495529150496,-11.429678258976137
41,2012-06-22,67,1,1,1,ridge_vwc,,1.0,-9.893244615306044,-8.032288058491003,-14.78423667364093,-13.837736891462525
41,2012-06-27,68,1,1,1,ridge_vwc,,1.0,-12.472382986190222,-8.801892289617859,-14.17783197888193,-13.475927380016374
41,2012-07-05,69,1,1,1,ridge_vwc,,1.0,-12.028670241841908,-9.29119256932756,-13.981799338816725,-13.939084204836576
41,2012-07-08,70,1,1,1,ridge_vwc,,1.0,-13.748748630293996,-9.894634362662554,-13.921345640905322,-13.877163808166445
41,2012-07-14,71,1,1,1,ridge_vwc,,1.0,-11.651468732388375,-9.450060398721016,-13.973503475828853,-13.903267460765374
41,2012-07-17,72,1,1,1,ridge_vwc,,1.0,-11.500314383218642,-8.561757537563716,-14.640543138998327,-14.36297530514718
54,2012-06-22,90,1,1,1,ridge_vwc,,1.0,-10.417640310145606,-12.93767695335395,-12.498865264930686,-12.520909181563185
54,2012-06-29,91,1,1,1,ridge_vwc,,1.0,-13.54880158174925,-13.941944979578206,-12.718590231404582,-12.301490312538217
54,2012-07-10,92,1,1,1,ridge_vwc,,1.0,-11.65562649391276,-9.922527219399468,-12.774137744589186,-11.685197907613318
113,2012-06-22,27,1,1,2,ridge_vwc,,1.0,-13.904265705279988,-12.764677230796163,-13.138579284631108,-13.599654906994678
113,2012-06-25,28,1,1,2,ridge_vwc,,1.0,-16.669071704883304,-15.628078749949356,-13.115562530397504,-13.706068568360573
113,2012-07-05,29,1,1,2,ridge_vwc,,1.0,-13.78856756792369,-13.696217585568537,-13.086663053121804,-13.750113351865998
113,2012-07-08,30,1,1,2,ridge_vwc,,1.0,-14.418687481499695,-13.97967004287996,-13.082148977045822,-13.81141226442181
113,2012-07-14,31,1,1,2,ridge_vwc,,1.0,-16.398165435484163,-15.965865563125584,-13.06105895207415,-13.789324794414696
113,2012-07-17,32,1,1,2,ridge_vwc,,1.0,-13.772013528373366,-13.330322847631932,-13.060925132048933,-13.688827937117681
22,2012-06-22,51,1,1,2,ridge_vwc,,1.0,-14.06874113337972,-14.071044446046743,-13.560861372051537,-13.159697773086107
22,2012-06-25,52,1,1,2,ridge_vwc,,1.0,-14.018031173978704,-14.77165243150176,-13.546602940582062,-13.241352280559854
22,2012-06-29,53,1,1,2,ridge_vwc,,1.0,-14.73472458342086,-15.474752085663306,-13.539188258369377,-13.342258823831077
22,2012-07-14,54,1,1,2,ridge_vwc,,1.0,-14.429262660073372,-14.834682689018504,-13.53164842756744,-13.27734180776816
22,2012-07-17,55,1,1,2,ridge_vwc,,1.0,-13.95505270639354,-12.9206874664521,-13.537011371493467,-13.228460764077303
72,2012-06-22,114,1,1,2,ridge_vwc,,1.0,-9.156246315375464,-7.121824880330802,-13.39795401042796,-13.548695932561795
72,2012-06-27,115,1,1,2,ridge_vwc,,1.0,-11.598774165532014,-9.739787261661805,-13.378201562420907,-13.41699536252112
72,2012-06-29,116,1,1,2,ridge_vwc,,1.0,-11.694497047916627,-10.620512155280064,-13.39187664522599,-13.462994237850706
72,2012-07-05,117,1,1,2,ridge_vwc,,1.0,-9.279994157479894,-6.1840522735730685,-13.187687779873812,-12.320121446975545
72,2012-07-08,118,1,1,2,ridge_vwc,,1.0,-7.434985480666953,-4.951473364462895,-13.18520516863802,-12.288658510760243
72,2012-07-14,119,1,1,2,ridge_vwc,,1.0,-11.38639094380066,-6.363423342248725,-13.116449807714885,-11.867985730034292
72,2012-07-17,120,1,1,2,ridge_vwc,,1.0,-7.896576091932785,-5.316371130913266,-13.092030873964667,-11.778710048765547
81,2012-06-22,121,1,1,2,ridge_vwc,,1.0,-9.587343732140498,-5.953072410726956,-13.2976256510855,-12.707343649013254
81,2012-06-27,122,1,1,2,ridge_vwc,,1.0,-13.63439663913034,-8.63444576538804,-13.261908338307524,-12.538846852825687
81,2012-07-17,123,1,1,2,ridge_vwc,,1.0,-8.981462326670332,-6.7381420816219775,-13.332019301694864,-12.929092953313914
91,2012-06-22,126,1,1,2,ridge_vwc,,1.0,-13.79430023004177,-12.721885004018873,-13.432826037387521,-11.437241339391283
91,2012-06-25,127,1,1,2,ridge_vwc,,1.0,-16.252064078644956,-15.095063986983767,-13.44678678520384,-11.558950494656978
91,2012-07-05,128,1,1,2,ridge_vwc,,1.0,-11.946673251406857,-15.864027780720509,-13.493226085470484,-11.804729059643847
91,2012-07-08,129,1,1,2,ridge_vwc,,1.0,-14.420474970996455,-14.377502817334353,-13.4982151438862,-11.852505230342588
91,2012-07-17,130,1,1,2,ridge_vwc,,1.0,-12.823625166801548,-13.726729371774091,-13.571162392384599,-12.242600696455442
91,2012-07-19,131,1,1,2,ridge_vwc,,1.0,-14.006013749198562,-15.882035691137462,-13.584746446381688,-12.355669340397549
12,2012-06-22,33,1,1,3,ridge_vwc,,1.0,-12.945592837955164,-13.621175265774452,-15.018117200078771,-15.304811116351534
12,2012-06-27,34,1,1,3,ridge_vwc,,1.0,-12.863896772641066,-14.252905240550222,-15.09243286291073,-15.390834067616652
12,2012-06-29,35,1,1,3,ridge_vwc,,1.0,-14.492924226367006,-14.921340450348202,-15.058095435615613,-15.354182874250748
12,2012-07-08,36,1,1,3,ridge_vwc,,1.0,-14.914279673093365,-14.773522086284936,-15.147503440803288,-15.448279648562501
12,2012-07-10,37,1,1,3,ridge_vwc,,1.0,-15.09795788808382,-15.53251252603237,-15.068889941902121,-15.366963891308961
12,2012-07-17,38,1,1,3,ridge_vwc,,1.0,-13.089522506330766,-13.652175532794685,-14.970804292498656,-15.224649397036572
52,2012-06-22,79,1,1,3,ridge_vwc,,1.0,-13.45495696239713,-15.738081907796053,-13.42978126702783,-13.415427106226657
52,2012-06-29,80,1,1,3,ridge_vwc,,1.0,-16.041356891502684,-16.29966966543719,-13.660784812184128,-13.673919256358225
52,2012-07-08,81,1,1,3,ridge_vwc,,1.0,-13.337191112994962,-11.304804238666236,-13.65032647910224,-13.403080402688424
52,2012-07-10,82,1,1,3,ridge_vwc,,1.0,-14.71139542756748,-12.827360988564674,-13.802267819867163,-13.554426635398022
52,2012-07-17,83,1,1,3,ridge_vwc,,1.0,-8.618950020440854,-7.762089915864024,-13.577301193761254,-12.864054488654794
52,2012-07-19,84,1,1,3,ridge_vwc,,1.0,-13.32401009971738,-12.996658395943411,-13.74535745371033,-13.045373417368285
53,2012-06-22,85,1,1,3,ridge_vwc,,1.0,-11.59685403803788,-14.890521382506938,-13.84131678272577,-13.42614346826093
53,2012-06-29,86,1,1,3,ridge_vwc,,1.0,-14.273258986856678,-15.844986252295593,-14.064197235807734,-13.46644480724168
53,2012-07-08,87,1,1,3,ridge_vwc,,1.0,-11.837654265802229,-9.263246005952729,-14.261414001019803,-11.013402796794743
53,2012-07-10,88,1,1,3,ridge_vwc,,1.0,-13.121221982705292,-10.563549725135724,-14.343514061422429,-11.103543851280532
53,2012-07-19,89,1,1,3,ridge_vwc,,1.0,-9.430559470207992,-7.124290756308986,-14.277414255845192,-12.836694269583097
71,2012-06-22,107,1,1,3,ridge_vwc,,1.0,-9.441352711283985,-15.826503794261775,-13.645463879510995,-13.284449989563159
71,2012-06-27,108,1,1,3,ridge_vwc,,1.0,-11.830891628824627,-14.88965576948976,-13.74228308832468,-13.27293075772336
71,2012-06-29,109,1,1,3,ridge_vwc,,1.0,-11.77120523725996,-14.980783625920942,-13.82623783711334,-13.35462692317097
71,2012-07-05,110,1,1,3,ridge_vwc,,1.0,-9.126432085488725,-7.106911469422197,-13.660983232459955,-12.70088983133298
71,2012-07-08,111,1,1,3,ridge_vwc,,1.0,-8.240456830553434,-5.994288299384496,-13.645366509545502,-12.683343715866016
71,2012-07-14,112,1,1,3,ridge_vwc,,1.0,-12.231283617180784,-7.335724658361975,-13.866144093267318,-12.474389805435711
71,2012-07-17,113,1,1,3,ridge_vwc,,1.0,-7.863112808923288,-5.020162935449686,-13.550227619434722,-12.128474580933814
83,2012-06-29,124,1,1,3,ridge_vwc,,1.0,-13.150595982099484,-13.185851612534412,-15.479407356157939,-15.581462377663508
83,2012-07-14,125,1,1,3,ridge_vwc,,1.0,-10.781364360016564,-10.279583356930988,-15.48843192049048,-14.598608756570952
11,2012-06-22,14,1,1,4,ridge_vwc,,1.0,-15.919724111874036,-17.420730792104454,-12.096112674691167,-12.296064156281243
11,2012-06-27,15,1,1,4,ridge_vwc,,1.0,-16.04746594426725,-17.275701316646803,-12.030329125344608,-12.292515823504301
11,2012-06-29,16,1,1,4,ridge_vwc,,1.0,-17.025781539812208,-18.04468787035671,-11.977354200971648,-12.289412673727297
11,2012-07-10,17,1,1,4,ridge_vwc,,1.0,-17.604639607278372,-17.842659591269815,-11.92435776164691,-12.221795026556773
11,2012-07-17,18,1,1,4,ridge_vwc,,1.0,-14.18453518805826,-15.072913856790963,-11.996335794943477,-11.99823785301017
13,2012-06-22,39,1,1,4,ridge_vwc,,1.0,-10.95121562728075,-10.836542679634643,-12.674907340870668,-12.22564757574401
13,2012-06-27,40,1,1,4,ridge_vwc,,1.0,-12.223609920228132,-12.934752148036708,-12.695394260469653,-12.338638720975176
13,2012-06-29,41,1,1,4,ridge_vwc,,1.0,-11.448270309198136,-11.2433082687523,-12.62542279188429,-12.41719450686842
13,2012-07-08,42,1,1,4,ridge_vwc,,1.0,-11.321650078114684,-11.1656550129835,-12.583385482652309,-12.519343447508676
13,2012-07-10,43,1,1,4,ridge_vwc,,1.0,-11.727868729384712,-11.935053682323652,-12.549548067177911,-12.540560817968121
13,2012-07-17,44,1,1,4,ridge_vwc,,1.0,-11.82663223841094,-11.483975197550755,-12.653272953308052,-12.376051319836087
42,2012-06-22,73,1,1,4,ridge_vwc,,1.0,-14.561620721902148,-14.201966799335745,-13.67607054004416,-11.924748357622855
42,2012-06-25,74,1,1,4,ridge_vwc,,1.0,-16.153608446963226,-15.565011635602495,-13.598289284522185,-12.13716506257392
42,2012-07-08,75,1,1,4,ridge_vwc,,1.0,-17.86890291137946,-17.776520095428644,-13.040030922686691,-11.8372396099337
42,2012-07-10,76,1,1,4,ridge_vwc,,1.0,-18.21143906581935,-18.30617756824163,-12.821296612768352,-11.89871157039972
42,2012-07-14,77,1,1,4,ridge_vwc,,1.0,-16.095384428093947,-16.335096559717847,-13.309417278652461,-11.775766138816778
42,2012-07-17,78,1,1,4,ridge_vwc,,1.0,-14.801847473829469,-15.583307282953209,-13.507781940454828,-11.297214171336213
62,2012-06-22,100,1,1,4,ridge_vwc,,1.0,-10.947069858107426,-10.084005244347887,-12.31836774723375,-12.04459258069785
62,2012-06-25,101,1,1,4,ridge_vwc,,1.0,-12.930932965823189,-11.69193923190518,-12.065838908148551,-11.998901902416803
62,2012-06-29,102,1,1,4,ridge_vwc,,1.0,-13.647540229966118,-12.451741540356156,-11.859669091313082,-11.494510053037331
62,2012-07-08,103,1,1,4,ridge_vwc,,1.0,-13.005404455519416,-9.79925558948652,-11.399719898490162,-9.745783228506944
62,2012-07-10,104,1,1,4,ridge_vwc,,1.0,-14.217439125925395,-11.423573357529008,-11.344502089058235,-9.723285536533389
62,2012-07-17,105,1,1,4,ridge_vwc,,1.0,-12.70807262304178,-10.388332622162803,-9.15321064671517,-2.2754369066267763
62,2012-07-19,106,1,1,4,ridge_vwc,,1.0,-15.750405278939866,-14.123873702288767,-9.013197069353515,-2.244499637130362
103,2012-06-22,7,1,1,1,ridge_vwc,,100.0,-13.28404803220713,-14.50588749676858,-13.701547318059639,-13.79083678630874
103,2012-06-27,8,1,1,1,ridge_vwc,,100.0,-17.302172301136643,-16.600968273984137,-13.117204618505067,-12.885732464460931
103,2012-06-29,9,1,1,1,ridge_vwc,,100.0,-18.92242109331228,-19.84632772841422,-12.886457908398576,-12.522352061133
103,2012-07-05,10,1,1,1,ridge_vwc,,100.0,-15.574795029478718,-16.124130866471255,-12.926105383049208,-12.568557288500498
103,2012-07-08,11,1,1,1,ridge_vwc,,100.0,-15.86824246394819,-13.95091862281008,-12.821584012181203,-12.401844815858048
103,2012-07-14,12,1,1,1,ridge_vwc,,100.0,-17.84275788106028,-18.72912571156667,-12.740121758817978,-12.238626670336629
103,2012-07-17,13,1,1,1,ridge_vwc,,100.0,-12.595339414809716,-16.21757943788777,-12.85049854307466,-12.416645143419734
21,2012-06-22,45,1,1,1,ridge_vwc,,100.0,-12.060684803223303,-12.00798502229204,-13.387030429347245,-13.233457669654602
21,2012-06-25,46,1,1,1,ridge_vwc,,100.0,-11.883841971912686,-12.210536948445432,-13.314199729269104,-13.119249583067308
21,2012-06-29,47,1,1,1,ridge_vwc,,100.0,-12.329567928959571,-12.661731465224886,-13.18517597399255,-12.907146457868182
21,2012-07-08,48,1,1,1,ridge_vwc,,100.0,-12.336402358206886,-12.252348442564678,-13.100308650819063,-12.772023101514607
21,2012-07-10,49,1,1,1,ridge_vwc,,100.0,-12.541026866239491,-12.812605872689588,-13.123293495275458,-12.809019807623732
21,2012-07-17,50,1,1,1,ridge_vwc,,100.0,-12.042182130233446,-11.668944707481812,-13.231581664421656,-12.967887797938065
31,2012-06-22,56,1,1,1,ridge_vwc,,100.0,-12.261406145930293,-7.675525079895581,-13.320907696672919,-13.033915123983885
31,2012-06-27,57,1,1,1,ridge_vwc,,100.0,-15.56720520685795,-10.869677151623607,-13.027840569001492,-12.35320891763928
31,2012-07-05,58,1,1,1,ridge_vwc,,100.0,-14.630903606681327,-11.607199044191669,-12.81651605885158,-12.183880104810797
31,2012-07-08,59,1,1,1,ridge_vwc,,100.0,-15.85527387686205,-13.88497530384446,-12.72689742998366,-12.040778615815345
31,2012-07-14,60,1,1,1,ridge_vwc,,100.0,-12.061582027927042,-8.958668222109942,-13.082866525486219,-12.526920316580034
41,2012-06-22,67,1,1,1,ridge_vwc,,100.0,-9.893244615306044,-8.032288058491003,-13.988812428276471,-13.648668183547949
41,2012-06-27,68,1,1,1,ridge_vwc,,100.0,-12.472382986190222,-8.801892289617859,-13.734089940013998,-13.266975924212735
41,2012-07-05,69,1,1,1,ridge_vwc,,100.0,-12.028670241841908,-9.29119256932756,-13.646938302446523,-13.404250811094142
41,2012-07-08,70,1,1,1,ridge_vwc,,100.0,-13.748748630293996,-9.894634362662554,-13.573165891779373,-13.286700994059906
41,2012-07-14,71,1,1,1,ridge_vwc,,100.0,-11.651468732388375,-9.450060398721016,-13.637011601639458,-13.375803044367826
41,2012-07-17,72,1,1,1,ridge_vwc,,100.0,-11.500314383218642,-8.561757537563716,-13.973339270074893,-13.902527571455307
54,2012-06-22,90,1,1,1,ridge_vwc,,100.0,-10.417640310145606,-12.93767695335395,-12.865440230164241,-12.594678154826964
54,2012-06-29,91,1,1,1,ridge_vwc,,100.0,-13.54880158174925,-13.941944979578206,-12.74077813193689,-12.268341582475504
54,2012-07-10,92,1,1,1,ridge_vwc,,100.0,-11.65562649391276,-9.922527219399468,-12.700665663659118,-11.915345567086344
113,2012-06-22,27,1,1,2,ridge_vwc,,100.0,-13.904265705279988,-12.764677230796163,-13.24763583944516,-13.159184017542849
113,2012-06-25,28,1,1,2,ridge_vwc,,100.0,-16.669071704883304,-15.628078749949356,-13.231051374927318,-13.2174589216386
113,2012-07-05,29,1,1,2,ridge_vwc,,100.0,-13.78856756792369,-13.696217585568537,-13.208625800331703,-13.246563995111632
113,2012-07-08,30,1,1,2,ridge_vwc,,100.0,-14.418687481499695,-13.97967004287996,-13.199939119824032,-13.277097849614
113,2012-07-14,31,1,1,2,ridge_vwc,,100.0,-16.398165435484163,-15.965865563125584,-13.177392620948645,-13.270994151775483
113,2012-07-17,32,1,1,2,ridge_vwc,,100.0,-13.772013528373366,-13.330322847631932,-13.190887293618333,-13.22355027310107
22,2012-06-22,51,1,1,2,ridge_vwc,,100.0,-14.06874113337972,-14.071044446046743,-13.431188466007697,-12.941876968576018
22,2012-06-25,52,1,1,2,ridge_vwc,,100.0,-14.018031173978704,-14.77165243150176,-13.418799974084529,-12.985411999388026
22,2012-06-29,53,1,1,2,ridge_vwc,,100.0,-14.73472458342086,-15.474752085663306,-13.407169844019595,-13.036009440135386
22,2012-07-14,54,1,1,2,ridge_vwc,,100.0,-14.429262660073372,-14.834682689018504,-13.405492651829539,-13.006718667237172
22,2012-07-17,55,1,1,2,ridge_vwc,,100.0,-13.95505270639354,-12.9206874664521,-13.412594360833797,-12.981758321070334
72,2012-06-22,114,1,1,2,ridge_vwc,,100.0,-9.156246315375464,-7.121824880330802,-13.29332546381318,-13.078724902423216
72,2012-06-27,115,1,1,2,ridge_vwc,,100.0,-11.598774165532014,-9.739787261661805,-13.269553850536623,-13.018307597913962
72,2012-06-29,116,1,1,2,ridge_vwc,,100.0,-11.694497047916627,-10.620512155280064,-13.264726439583733,-13.035298318355553
72,2012-07-05,117,1,1,2,ridge_vwc,,100.0,-9.279994157479894,-6.1840522735730685,-13.213823938381694,-12.542606569466637
72,2012-07-08,118,1,1,2,ridge_vwc,,100.0,-7.434985480666953,-4.951473364462895,-13.217806862475406,-12.528600246349503
72,2012-07-14,119,1,1,2,ridge_vwc,,100.0,-11.38639094380066,-6.363423342248725,-13.14611098941669,-12.338194426808368
72,2012-07-17,120,1,1,2,ridge_vwc,,100.0,-7.896576091932785,-5.316371130913266,-13.15569045476892,-12.304481954129333
81,2012-06-22,121,1,1,2,ridge_vwc,,100.0,-9.587343732140498,-5.953072410726956,-13.276127445913556,-12.733342054143051
81,2012-06-27,122,1,1,2,ridge_vwc,,100.0,-13.63439663913034,-8.63444576538804,-13.232421609422929,-12.65810775565551
81,2012-07-17,123,1,1,2,ridge_vwc,,100.0,-8.981462326670332,-6.7381420816219775,-13.28538330210916,-12.830738303619682
91,2012-06-22,126,1,1,2,ridge_vwc,,100.0,-13.79430023004177,-12.721885004018873,-13.341749613583135,-12.1671505251248
91,2012-06-25,127,1,1,2,ridge_vwc,,100.0,-16.252064078644956,-15.095063986983767,-13.326774181325401,-12.219819393538923
91,2012-07-05,128,1,1,2,ridge_vwc,,100.0,-11.946673251406857,-15.864027780720509,-13.363042807870016,-12.328092879839106
91,2012-07-08,129,1,1,2,ridge_vwc,,100.0,-14.420474970996455,-14.377502817334353,-13.357115616633113,-12.348938181065359
91,2012-07-17,130,1,1,2,ridge_vwc,,100.0,-12.823625166801548,-13.726729371774091,-13.399382871216233,-12.519111505973187
91,2012-07-19,131,1,1,2,ridge_vwc,,100.0,-14.006013749198562,-15.882035691137462,-13.385531488297541,-12.567827996183853
12,2012-06-22,33,1,1,3,ridge_vwc,,100.0,-12.945592837955164,-13.621175265774452,-13.989723420528955,-13.67588902702079
12,2012-06-27,34,1,1,3,ridge_vwc,,100.0,-12.863896772641066,-14.252905240550222,-13.989486997466651,-13.682024246315457
12,2012-06-29,35,1,1,3,ridge_vwc,,100.0,-14.492924226367006,-14.921340450348202,-13.98964458629804,-13.680349909143514
12,2012-07-08,36,1,1,3,ridge_vwc,,100.0,-14.914279673093365,-14.773522086284936,-13.989296533322737,-13.684933005050862
12,2012-07-10,37,1,1,3,ridge_vwc,,100.0,-15.09795788808382,-15.53251252603237,-13.989621890360851,-13.681410798847647
12,2012-07-17,38,1,1,3,ridge_vwc,,100.0,-13.089522506330766,-13.652175532794685,-13.98937130567916,-13.66153998510497
52,2012-06-22,79,1,1,3,ridge_vwc,,100.0,-13.45495696239713,-15.738081907796053,-13.409611790755557,-12.826536129888364
52,2012-06-29,80,1,1,3,ridge_vwc,,100.0,-16.041356891502684,-16.29966966543719,-13.407690426885575,-12.833146189657324
52,2012-07-08,81,1,1,3,ridge_vwc,,100.0,-13.337191112994962,-11.304804238666236,-13.401082484814136,-12.712644419042487
52,2012-07-10,82,1,1,3,ridge_vwc,,100.0,-14.71139542756748,-12.827360988564674,-13.400533087863094,-12.718754549193276
52,2012-07-17,83,1,1,3,ridge_vwc,,100.0,-8.618950020440854,-7.762089915864024,-13.389808725852532,-12.497850084069954
52,2012-07-19,84,1,1,3,ridge_vwc,,100.0,-13.32401009971738,-12.996658395943411,-13.389010975941286,-12.506277113940879
53,2012-06-22,85,1,1,3,ridge_vwc,,100.0,-11.59685403803788,-14.890521382506938,-13.668498742937183,-13.121255641501484
53,2012-06-29,86,1,1,3,ridge_vwc,,100.0,-14.273258986856678,-15.844986252295593,-13.658172332857388,-13.00389563600981
53,2012-07-08,87,1,1,3,ridge_vwc,,100.0,-11.837654265802229,-9.263246005952729,-13.588596911662812,-11.779256386455332
53,2012-07-10,88,1,1,3,ridge_vwc,,100.0,-13.121221982705292,-10.563549725135724,-13.588185863131049,-11.783560453393125
53,2012-07-19,89,1,1,3,ridge_vwc,,100.0,-9.430559470207992,-7.124290756308986,-13.634658848575624,-12.613254835674812
71,2012-06-22,107,1,1,3,ridge_vwc,,100.0,-9.441352711283985,-15.826503794261775,-13.452820858039654,-12.851562093911669
71,2012-06-27,108,1,1,3,ridge_vwc,,100.0,-11.830891628824627,-14.88965576948976,-13.449487515715285,-12.80368728882144
71,2012-06-29,109,1,1,3,ridge_vwc,,100.0,-11.77120523725996,-14.980783625920942,-13.449210298037805,-12.806832081169462
71,2012-07-05,110,1,1,3,ridge_vwc,,100.0,-9.126432085488725,-7.106911469422197,-13.437404788128562,-12.575336873911773
71,2012-07-08,111,1,1,3,ridge_vwc,,100.0,-8.240456830553434,-5.994288299384496,-13.437488436064877,-12.574470235759106
71,2012-07-14,112,1,1,3,ridge_vwc,,100.0,-12.231283617180784,-7.335724658361975,-13.425418619657318,-12.382746895749307
71,2012-07-17,113,1,1,3,ridge_vwc,,100.0,-7.863112808923288,-5.020162935449686,-13.426987441493736,-12.366298079290077
83,2012-06-29,124,1,1,3,ridge_vwc,,100.0,-13.150595982099484,-13.185851612534412,-14.135565007809065,-13.770235075661486
83,2012-07-14,125,1,1,3,ridge_vwc,,100.0,-10.781364360016564,-10.279583356930988,-14.11013511350643,-13.312505245359368
11,2012-06-22,14,1,1,4,ridge_vwc,,100.0,-15.919724111874036,-17.420730792104454,-12.411066225387344,-12.030311583000358
11,2012-06-27,15,1,1,4,ridge_vwc,,100.0,-16.04746594426725,-17.275701316646803,-12.369531037971392,-12.02280336256142
11,2012-06-29,16,1,1,4,ridge_vwc,,100.0,-17.025781539812208,-18.04468787035671,-12.338592631633475,-12.020226396465565
11,2012-07-10,17,1,1,4,ridge_vwc,,100.0,-17.604639607278372,-17.842659591269815,-12.310034092275012,-11.98947488855742
11,2012-07-17,18,1,1,4,ridge_vwc,,100.0,-14.18453518805826,-15.072913856790963,-12.358130690060811,-11.89009140624698
13,2012-06-22,39,1,1,4,ridge_vwc,,100.0,-10.95121562728075,-10.836542679634643,-12.80143964978402,-12.136634508621919
13,2012-06-27,40,1,1,4,ridge_vwc,,100.0,-12.223609920228132,-12.934752148036708,-12.806548177028661,-12.182574016267429
13,2012-06-29,41,1,1,4,ridge_vwc,,100.0,-11.448270309198136,-11.2433082687523,-12.738287966104487,-12.180463622343654
13,2012-07-08,42,1,1,4,ridge_vwc,,100.0,-11.321650078114684,-11.1656550129835,-12.69549508801525,-12.203558542102723
13,2012-07-10,43,1,1,4,ridge_vwc,,100.0,-11.727868729384712,-11.935053682323652,-12.66804399863283,-12.202275543495205
13,2012-07-17,44,1,1,4,ridge_vwc,,100.0,-11.82663223841094,-11.483975197550755,-12.7658223866398,-12.176989289364169
42,2012-06-22,73,1,1,4,ridge_vwc,,100.0,-14.561620721902148,-14.201966799335745,-13.483536386358358,-12.351600332931525
42,2012-06-25,74,1,1,4,ridge_vwc,,100.0,-16.153608446963226,-15.565011635602495,-13.366195867081265,-12.351211831281788
42,2012-07-08,75,1,1,4,ridge_vwc,,100.0,-17.86890291137946,-17.776520095428644,-12.895061731881936,-11.985626513625169
42,2012-07-10,76,1,1,4,ridge_vwc,,100.0,-18.21143906581935,-18.30617756824163,-12.742695151305906,-11.97614858157299
42,2012-07-14,77,1,1,4,ridge_vwc,,100.0,-16.095384428093947,-16.335096559717847,-13.134136021960114,-12.07782871342432
42,2012-07-17,78,1,1,4,ridge_vwc,,100.0,-14.801847473829469,-15.583307282953209,-13.4124501607345,-12.07980801280467
62,2012-06-22,100,1,1,4,ridge_vwc,,100.0,-10.947069858107426,-10.084005244347887,-12.536045027713076,-11.947633145431547
62,2012-06-25,101,1,1,4,ridge_vwc,,100.0,-12.930932965823189,-11.69193923190518,-12.398804221960269,-11.934865385435385
62,2012-06-29,102,1,1,4,ridge_vwc,,100.0,-13.647540229966118,-12.451741540356156,-12.295883339292624,-11.70873545316682
62,2012-07-08,103,1,1,4,ridge_vwc,,100.0,-13.005404455519416,-9.79925558948652,-12.047289743452458,-10.871754209586513
62,2012-07-10,104,1,1,4,ridge_vwc,,100.0,-14.217439125925395,-11.423573357529008,-12.021426136485246,-10.868766710518475
62,2012-07-17,105,1,1,4,ridge_vwc,,100.0,-12.70807262304178,-10.388332622162803,-10.873301906719279,-7.365706584931154
62,2012-07-19,106,1,1,4,ridge_vwc,,100.0,-15.750405278939866,-14.123873702288767,-10.799066813149476,-7.358539858002716
103,2012-06-22,7,1,1,1,ridge_vwc,,10000.0,-13.28404803220713,-14.50588749676858,-13.054601447974797,-12.597000831582017
103,2012-06-27,8,1,1,1,ridge_vwc,,10000.0,-17.302172301136643,-16.600968273984137,-13.032791065452892,-12.560363200807874
103,2012-06-29,9,1,1,1,ridge_vwc,,10000.0,-18.92242109331228,-19.84632772841422,-13.024026165839377,-12.545575313510755
103,2012-07-05,10,1,1,1,ridge_vwc,,10000.0,-15.574795029478718,-16.124130866471255,-13.025520040362803,-12.547817144619335
103,2012-07-08,11,1,1,1,ridge_vwc,,10000.0,-15.86824246394819,-13.95091862281008,-13.021504831712287,-12.541018053425546
103,2012-07-14,12,1,1,1,ridge_vwc,,10000.0,-17.84275788106028,-18.72912571156667,-13.018294301473004,-12.535025680172652
103,2012-07-17,13,1,1,1,ridge_vwc,,10000.0,-12.595339414809716,-16.21757943788777,-13.022576321071886,-12.54229935573125
21,2012-06-22,45,1,1,1,ridge_vwc,,10000.0,-12.060684803223303,-12.00798502229204,-13.03724073322351,-12.566210172169114
21,2012-06-25,46,1,1,1,ridge_vwc,,10000.0,-11.883841971912686,-12.210536948445432,-13.034484608819039,-12.561565810843245
21,2012-06-29,47,1,1,1,ridge_vwc,,10000.0,-12.329567928959571,-12.661731465224886,-13.029552240257566,-12.553097586505551
21,2012-07-08,48,1,1,1,ridge_vwc,,10000.0,-12.336402358206886,-12.252348442564678,-13.026280069963414,-12.54756413587634
21,2012-07-10,49,1,1,1,ridge_vwc,,10000.0,-12.541026866239491,-12.812605872689588,-13.027170184931649,-12.549075287392432
21,2012-07-17,50,1,1,1,ridge_vwc,,10000.0,-12.042182130233446,-11.668944707481812,-13.031310121054368,-12.555850500375325
31,2012-06-22,56,1,1,1,ridge_vwc,,10000.0,-12.261406145930293,-7.675525079895581,-13.04145124456659,-12.572338607953618
31,2012-06-27,57,1,1,1,ridge_vwc,,10000.0,-15.56720520685795,-10.869677151623607,-13.030138795198157,-12.549495003650021
31,2012-07-05,58,1,1,1,ridge_vwc,,10000.0,-14.630903606681327,-11.607199044191669,-13.022363087100114,-12.539147410307248
31,2012-07-08,59,1,1,1,ridge_vwc,,10000.0,-15.85527387686205,-13.88497530384446,-13.01891698422938,-12.533310163219593
31,2012-07-14,60,1,1,1,ridge_vwc,,10000.0,-12.061582027927042,-8.958668222109942,-13.032338766575863,-12.554689055245337
41,2012-06-22,67,1,1,1,ridge_vwc,,10000.0,-9.893244615306044,-8.032288058491003,-13.050989352455433,-12.580004824240934
41,2012-06-27,68,1,1,1,ridge_vwc,,10000.0,-12.472382986190222,-8.801892289617859,-13.041431269097803,-12.56418514243895
41,2012-07-05,69,1,1,1,ridge_vwc,,10000.0,-12.028670241841908,-9.29119256932756,-13.038512713228748,-12.563923267747022
41,2012-07-08,70,1,1,1,ridge_vwc,,10000.0,-13.748748630293996,-9.894634362662554,-13.035681240212273,-12.559130001743686
41,2012-07-14,71,1,1,1,ridge_vwc,,10000.0,-11.651468732388375,-9.450060398721016,-13.038114955143785,-12.563035175956355
41,2012-07-17,72,1,1,1,ridge_vwc,,10000.0,-11.500314383218642,-8.561757537563716,-13.05082805912368,-12.584450088316753
54,2012-06-22,90,1,1,1,ridge_vwc,,10000.0,-10.417640310145606,-12.93767695335395,-13.021200777452057,-12.543223784093176
54,2012-06-29,91,1,1,1,ridge_vwc,,10000.0,-13.54880158174925,-13.941944979578206,-13.01609514915989,-12.532450568610292
54,2012-07-10,92,1,1,1,ridge_vwc,,10000.0,-11.65562649391276,-9.922527219399468,-13.01412886479026,-12.52421860207152
113,2012-06-22,27,1,1,2,ridge_vwc,,10000.0,-13.904265705279988,-12.764677230796163,-13.256123211876677,-12.765501421592962
113,2012-06-25,28,1,1,2,ridge_vwc,,10000.0,-16.669071704883304,-15.628078749949356,-13.255479378908724,-12.766725088504916
113,2012-07-05,29,1,1,2,ridge_vwc,,10000.0,-13.78856756792369,-13.696217585568537,-13.254717118019473,-12.767445460104678
113,2012-07-08,30,1,1,2,ridge_vwc,,10000.0,-14.418687481499695,-13.97967004287996,-13.254377017929357,-12.768086765565899
113,2012-07-14,31,1,1,2,ridge_vwc,,10000.0,-16.398165435484163,-15.965865563125584,-13.25368533285156,-12.768146278744242
113,2012-07-17,32,1,1,2,ridge_vwc,,10000.0,-13.772013528373366,-13.330322847631932,-13.254216395070582,-12.7671496682519
22,2012-06-22,51,1,1,2,ridge_vwc,,10000.0,-14.06874113337972,-14.071044446046743,-13.259267059428625,-12.761311638298036
22,2012-06-25,52,1,1,2,ridge_vwc,,10000.0,-14.018031173978704,-14.77165243150176,-13.258785003098994,-12.76222585311221
22,2012-06-29,53,1,1,2,ridge_vwc,,10000.0,-14.73472458342086,-15.474752085663306,-13.258308831421632,-12.763267130165016
22,2012-07-14,54,1,1,2,ridge_vwc,,10000.0,-14.429262660073372,-14.834682689018504,-13.258322983367952,-12.762729249017328
22,2012-07-17,55,1,1,2,ridge_vwc,,10000.0,-13.95505270639354,-12.9206874664521,-13.25860039221121,-12.762205037758653
72,2012-06-22,114,1,1,2,ridge_vwc,,10000.0,-9.156246315375464,-7.121824880330802,-13.25528385119623,-12.763811417035345
72,2012-06-27,115,1,1,2,ridge_vwc,,10000.0,-11.598774165532014,-9.739787261661805,-13.254672235277171,-12.762859283907298
72,2012-06-29,116,1,1,2,ridge_vwc,,10000.0,-11.694497047916627,-10.620512155280064,-13.254477073076133,-12.763216463608446
72,2012-07-05,117,1,1,2,ridge_vwc,,10000.0,-9.279994157479894,-6.1840522735730685,-13.25402670586848,-12.754343018702794
72,2012-07-08,118,1,1,2,ridge_vwc,,10000.0,-7.434985480666953,-4.951473364462895,-13.25418437766297,-12.754048751991041
72,2012-07-14,119,1,1,2,ridge_vwc,,10000.0,-11.38639094380066,-6.363423342248725,-13.252361175671385,-12.751022981808914
72,2012-07-17,120,1,1,2,ridge_vwc,,10000.0,-7.896576091932785,-5.316371130913266,-13.252747419123672,-12.750314330668058
81,2012-06-22,121,1,1,2,ridge_vwc,,10000.0,-9.587343732140498,-5.953072410726956,-13.255404350213418,-12.757850056713803
81,2012-06-27,122,1,1,2,ridge_vwc,,10000.0,-13.63439663913034,-8.63444576538804,-13.254200871993671,-12.756773484571408
81,2012-07-17,123,1,1,2,ridge_vwc,,10000.0,-8.981462326670332,-6.7381420816219775,-13.255470123111483,-12.759610291647592
91,2012-06-22,126,1,1,2,ridge_vwc,,10000.0,-13.79430023004177,-12.721885004018873,-13.256708977084491,-12.747721168737696
91,2012-06-25,127,1,1,2,ridge_vwc,,10000.0,-16.252064078644956,-15.095063986983767,-13.256114384586875,-12.74882781058711
91,2012-07-05,128,1,1,2,ridge_vwc,,10000.0,-11.946673251406857,-15.864027780720509,-13.257006021586644,-12.750583456822191
91,2012-07-08,129,1,1,2,ridge_vwc,,10000.0,-14.420474970996455,-14.377502817334353,-13.256770889458984,-12.751021433211488
91,2012-07-17,130,1,1,2,ridge_vwc,,10000.0,-12.823625166801548,-13.726729371774091,-13.25770624450572,-12.753894997170976
91,2012-07-19,131,1,1,2,ridge_vwc,,10000.0,-14.006013749198562,-15.882035691137462,-13.257156026387365,-12.754918607728094
12,2012-06-22,33,1,1,3,ridge_vwc,,10000.0,-12.945592837955164,-13.621175265774452,-13.433548850129023,-12.622341420164819
12,2012-06-27,34,1,1,3,ridge_vwc,,10000.0,-12.863896772641066,-14.252905240550222,-13.433236093841868,-12.621916655961318
12,2012-06-29,35,1,1,3,ridge_vwc,,10000.0,-14.492924226367006,-14.921340450348202,-13.433378043986394,-12.6221265490359
12,2012-07-08,36,1,1,3,ridge_vwc,,10000.0,-14.914279673093365,-14.773522086284936,-13.433026561041745,-12.621613592256713
12,2012-07-10,37,1,1,3,ridge_vwc,,10000.0,-15.09795788808382,-15.53251252603237,-13.4333338488129,-12.622069516098758
12,2012-07-17,38,1,1,3,ridge_vwc,,10000.0,-13.089522506330766,-13.652175532794685,-13.433747254275191,-12.622449733670983
52,2012-06-22,79,1,1,3,ridge_vwc,,10000.0,-13.45495696239713,-15.738081907796053,-13.423746471212725,-12.606345961224129
52,2012-06-29,80,1,1,3,ridge_vwc,,10000.0,-16.041356891502684,-16.29966966543719,-13.422567191439288,-12.604489475363724
52,2012-07-08,81,1,1,3,ridge_vwc,,10000.0,-13.337191112994962,-11.304804238666236,-13.422292670258328,-12.602176330130082
52,2012-07-10,82,1,1,3,ridge_vwc,,10000.0,-14.71139542756748,-12.827360988564674,-13.421738435949075,-12.601350321342807
52,2012-07-17,83,1,1,3,ridge_vwc,,10000.0,-8.618950020440854,-7.762089915864024,-13.422073218692079,-12.598501317483127
52,2012-07-19,84,1,1,3,ridge_vwc,,10000.0,-13.32401009971738,-12.996658395943411,-13.421365256667048,-12.597455659344192
53,2012-06-22,85,1,1,3,ridge_vwc,,10000.0,-11.59685403803788,-14.890521382506938,-13.42962176943235,-12.615947803594382
53,2012-06-29,86,1,1,3,ridge_vwc,,10000.0,-14.273258986856678,-15.844986252295593,-13.427590692510881,-12.610765543430034
53,2012-07-08,87,1,1,3,ridge_vwc,,10000.0,-11.837654265802229,-9.263246005952729,-13.423434426056822,-12.58498860290831
53,2012-07-10,88,1,1,3,ridge_vwc,,10000.0,-13.121221982705292,-10.563549725135724,-13.423077915151094,-12.584462956227608
53,2012-07-19,89,1,1,3,ridge_vwc,,10000.0,-9.430559470207992,-7.124290756308986,-13.425545513360223,-12.6013484982186
71,2012-06-22,107,1,1,3,ridge_vwc,,10000.0,-9.441352711283985,-15.826503794261775,-13.423535108832969,-12.606621444957277
71,2012-06-27,108,1,1,3,ridge_vwc,,10000.0,-11.830891628824627,-14.88965576948976,-13.423005594405607,-12.605004324140092
71,2012-06-29,109,1,1,3,ridge_vwc,,10000.0,-11.77120523725996,-14.980783625920942,-13.422712515490199,-12.604566219552392
71,2012-07-05,110,1,1,3,ridge_vwc,,10000.0,-9.126432085488725,-7.106911469422197,-13.422744259388397,-12.601050776601475
71,2012-07-08,111,1,1,3,ridge_vwc,,10000.0,-8.240456830553434,-5.994288299384496,-13.422814800622213,-12.601154555714038
71,2012-07-14,112,1,1,3,ridge_vwc,,10000.0,-12.231283617180784,-7.335724658361975,-13.421427574649284,-12.595896146469617
71,2012-07-17,113,1,1,3,ridge_vwc,,10000.0,-7.863112808923288,-5.020162935449686,-13.422792980299256,-12.597909865434172
83,2012-06-29,124,1,1,3,ridge_vwc,,10000.0,-13.150595982099484,-13.185851612534412,-13.43568315133894,-12.623703191015798
83,2012-07-14,125,1,1,3,ridge_vwc,,10000.0,-10.781364360016564,-10.279583356930988,-13.434441748501026,-12.614586839507124
11,2012-06-22,14,1,1,4,ridge_vwc,,10000.0,-15.919724111874036,-17.420730792104454,-12.785303353807564,-12.073239213049613
11,2012-06-27,15,1,1,4,ridge_vwc,,10000.0,-16.04746594426725,-17.275701316646803,-12.78395369091732,-12.072491756678806
11,2012-06-29,16,1,1,4,ridge_vwc,,10000.0,-17.025781539812208,-18.04468787035671,-12.782937072705755,-12.071977717965911
11,2012-07-10,17,1,1,4,ridge_vwc,,10000.0,-17.604639607278372,-17.842659591269815,-12.78212350763976,-12.071123034770164
11,2012-07-17,18,1,1,4,ridge_vwc,,10000.0,-14.18453518805826,-15.072913856790963,-12.784156849996682,-12.070534383131799
13,2012-06-22,39,1,1,4,ridge_vwc,,10000.0,-10.95121562728075,-10.836542679634643,-12.796462451525473,-12.079570427653858
13,2012-06-27,40,1,1,4,ridge_vwc,,10000.0,-12.223609920228132,-12.934752148036708,-12.796427715361002,-12.080262469078683
13,2012-06-29,41,1,1,4,ridge_vwc,,10000.0,-11.448270309198136,-11.2433082687523,-12.794148178294586,-12.079151923672896
13,2012-07-08,42,1,1,4,ridge_vwc,,10000.0,-11.321650078114684,-11.1656550129835,-12.792612430277426,-12.078783795662822
13,2012-07-10,43,1,1,4,ridge_vwc,,10000.0,-11.727868729384712,-11.935053682323652,-12.791700145598334,-12.078334320080916
13,2012-07-17,44,1,1,4,ridge_vwc,,10000.0,-11.82663223841094,-11.483975197550755,-12.795086607502045,-12.07954179643867
42,2012-06-22,73,1,1,4,ridge_vwc,,10000.0,-14.561620721902148,-14.201966799335745,-12.814232239881726,-12.090107684403504
42,2012-06-25,74,1,1,4,ridge_vwc,,10000.0,-16.153608446963226,-15.565011635602495,-12.810280563041859,-12.088220011963868
42,2012-07-08,75,1,1,4,ridge_vwc,,10000.0,-17.86890291137946,-17.776520095428644,-12.796102809410895,-12.075864359947026
42,2012-07-10,76,1,1,4,ridge_vwc,,10000.0,-18.21143906581935,-18.30617756824163,-12.791063286133696,-12.073354006221413
42,2012-07-14,77,1,1,4,ridge_vwc,,10000.0,-16.095384428093947,-16.335096559717847,-12.803708031358184,-12.080884037993686
42,2012-07-17,78,1,1,4,ridge_vwc,,10000.0,-14.801847473829469,-15.583307282953209,-12.813070003916893,-12.085368294543812
62,2012-06-22,100,1,1,4,ridge_vwc,,10000.0,-10.947069858107426,-10.084005244347887,-12.78822377836075,-12.07249463013821
62,2012-06-25,101,1,1,4,ridge_vwc,,10000.0,-12.930932965823189,-11.69193923190518,-12.783727786190953,-12.070205567992348
62,2012-06-29,102,1,1,4,ridge_vwc,,10000.0,-13.647540229966118,-12.451741540356156,-12.781302549272445,-12.065579580817968
62,2012-07-08,103,1,1,4,ridge_vwc,,10000.0,-13.005404455519416,-9.79925558948652,-12.776688369088507,-12.050467606878028
62,2012-07-10,104,1,1,4,ridge_vwc,,10000.0,-14.217439125925395,-11.423573357529008,-12.775847023100175,-12.05003238731441
62,2012-07-17,105,1,1,4,ridge_vwc,,10000.0,-12.70807262304178,-10.388332622162803,-12.75299484287029,-11.985158268098456
62,2012-07-19,106,1,1,4,ridge_vwc,,10000.0,-15.750405278939866,-14.123873702288767,-12.750565573037834,-11.983918369716202
102,2012-06-22,0,1,2,1,ridge,,0.0001,-9.99305662822514,-8.79817877926706,-14.274393517736472,-11.101143685870506
102,2012-06-25,1,1,2,1,ridge,,0.0001,-12.531601150465749,-11.66376412888952,-13.122868482224886,-11.422630397830847
102,2012-06-29,2,1,2,1,ridge,,0.0001,-16.257897492533367,-15.208138461464548,-12.071519906046941,-11.859538377013546
102,2012-07-08,3,1,2,1,ridge,,0.0001,-10.129457779827602,-9.071938641334588,-12.131565805384463,-11.959421238438258
102,2012-07-10,4,1,2,1,ridge,,0.0001,-14.95434368762578,-14.112183043981709,-12.07587380970147,-11.925516650498292
102,2012-07-17,5,1,2,1,ridge,,0.0001,-5.014295508188514,-4.452412337847899,-12.085550910295527,-11.934256589999707
102,2012-07-19,6,1,2,1,ridge,,0.0001,-10.3251467740893,-11.06628687788346,-12.144835543875624,-11.96447689406917
111,2012-06-27,19,1,2,1,ridge,,0.0001,-15.147228418373352,-9.881794018641486,-12.985327077935073,-13.262547567905957
111,2012-07-08,20,1,2,1,ridge,,0.0001,-10.432732239997303,-7.011457229997938,-13.151936647998015,-13.042954702502247
111,2012-07-10,21,1,2,1,ridge,,0.0001,-12.332899347459149,-7.340003351417149,-13.022688614014575,-13.279772113685157
111,2012-07-19,22,1,2,1,ridge,,0.0001,-13.429778660777457,-11.904793601312772,-13.028365141901187,-13.281859306074809
112,2012-06-22,23,1,2,1,ridge,,0.0001,-16.789512402971386,-18.984197687028864,-11.74335211429898,-10.339542663519063
112,2012-06-25,24,1,2,1,ridge,,0.0001,-17.713046799178723,-19.529406845749364,-11.54210571376431,-10.41267728265174
112,2012-07-05,25,1,2,1,ridge,,0.0001,-15.269240391706376,-15.832742511880692,-11.278320649231912,-10.529742064184497
112,2012-07-08,26,1,2,1,ridge,,0.0001,-15.868211803986831,-15.9439617824927,-11.279654505386077,-10.529020484768063
42,2012-06-22,73,1,2,1,ridge,,0.0001,-14.561620721902148,-14.201966799335745,-15.047200185851102,-13.202325374225708
42,2012-06-25,74,1,2,1,ridge,,0.0001,-16.153608446963226,-15.565011635602495,-14.440574631057784,-13.383153647185834
42,2012-07-08,75,1,2,1,ridge,,0.0001,-17.86890291137946,-17.776520095428644,-13.607905450176434,-13.815712840749729
42,2012-07-10,76,1,2,1,ridge,,0.0001,-18.21143906581935,-18.30617756824163,-14.089586471557798,-13.918754742793567
42,2012-07-14,77,1,2,1,ridge,,0.0001,-16.095384428093947,-16.335096559717847,-13.900054113215486,-13.575790413720785
42,2012-07-17,78,1,2,1,ridge,,0.0001,-14.801847473829469,-15.583307282953209,-15.189238474474223,-13.162425695314921
61,2012-06-22,93,1,2,1,ridge,,0.0001,-11.307138591209124,-10.699103847173708,-12.57945957166502,-12.36166411421495
61,2012-06-25,94,1,2,1,ridge,,0.0001,-13.358854538113189,-12.281835560024907,-13.577197435244148,-12.409966152431158
61,2012-06-29,95,1,2,1,ridge,,0.0001,-14.258735753179286,-12.929838363897248,-13.899933694174157,-12.404034842528231
61,2012-07-08,96,1,2,1,ridge,,0.0001,-12.653243854103511,-10.41345274290406,-12.882735246417967,-12.396852949115775
61,2012-07-10,97,1,2,1,ridge,,0.0001,-14.196530364341184,-11.545773452581232,-13.420009268868698,-12.410848007648976
61,2012-07-17,98,1,2,1,ridge,,0.0001,-12.879880314149483,-11.29771365776737,-12.862040178336784,-12.395464355060286
61,2012-07-19,99,1,2,1,ridge,,0.0001,-15.889663878319602,-12.719370404847758,-13.387987180500192,-12.41082737009568
13,2012-06-22,39,1,2,2,ridge,,0.0001,-10.95121562728075,-10.836542679634643,-13.452718220377877,-13.33888103812596
13,2012-06-27,40,1,2,2,ridge,,0.0001,-12.223609920228132,-12.934752148036708,-13.434829092621099,-13.322515306498497
13,2012-06-29,41,1,2,2,ridge,,0.0001,-11.448270309198136,-11.2433082687523,-13.327746259544234,-13.195509745972185
13,2012-07-08,42,1,2,2,ridge,,0.0001,-11.321650078114684,-11.1656550129835,-13.24866335823877,-13.063111664589096
13,2012-07-10,43,1,2,2,ridge,,0.0001,-11.727868729384712,-11.935053682323652,-13.207486852080823,-12.977951283317244
13,2012-07-17,44,1,2,2,ridge,,0.0001,-11.82663223841094,-11.483975197550755,-13.37307295021141,-13.255776910574005
22,2012-06-22,51,1,2,2,ridge,,0.0001,-14.06874113337972,-14.071044446046743,-14.577199850084355,-14.848606085300727
22,2012-06-25,52,1,2,2,ridge,,0.0001,-14.018031173978704,-14.77165243150176,-14.440017304654486,-14.768555634790514
22,2012-06-29,53,1,2,2,ridge,,0.0001,-14.73472458342086,-15.474752085663306,-14.302250947466966,-14.617920466530554
22,2012-07-14,54,1,2,2,ridge,,0.0001,-14.429262660073372,-14.834682689018504,-14.324405444185226,-14.64797628501148
22,2012-07-17,55,1,2,2,ridge,,0.0001,-13.95505270639354,-12.9206874664521,-14.401601537702856,-14.734672128620378
32,2012-06-22,61,1,2,2,ridge,,0.0001,-15.06141043899014,-15.128490659381375,-15.090571223752274,-14.886743899871437
32,2012-06-25,62,1,2,2,ridge,,0.0001,-16.76615352729908,-16.21045729230626,-14.82011046642784,-14.914653845091891
32,2012-07-08,63,1,2,2,ridge,,0.0001,-19.51691196321064,-18.66502996569921,-14.174498722513189,-14.012719954448043
32,2012-07-10,64,1,2,2,ridge,,0.0001,-20.20667659920886,-19.288993971916742,-14.173517995473189,-14.009050053979239
32,2012-07-14,65,1,2,2,ridge,,0.0001,-17.739515725707594,-17.16765829163566,-14.60452779164341,-14.825595370723034
32,2012-07-17,66,1,2,2,ridge,,0.0001,-16.639945346572592,-14.987927440241748,-14.815412670400034,-14.913970695573752
72,2012-06-22,114,1,2,2,ridge,,0.0001,-9.156246315375464,-7.121824880330802,-12.904113619581487,-12.305011203304247
72,2012-06-27,115,1,2,2,ridge,,0.0001,-11.598774165532014,-9.739787261661805,-12.82326006679548,-11.875018421480377
72,2012-06-29,116,1,2,2,ridge,,0.0001,-11.694497047916627,-10.620512155280064,-12.779683368768957,-11.564620458959364
72,2012-07-05,117,1,2,2,ridge,,0.0001,-9.279994157479894,-6.1840522735730685,-12.973510563993624,-12.575758962825757
72,2012-07-08,118,1,2,2,ridge,,0.0001,-7.434985480666953,-4.951473364462895,-13.013984825816935,-12.704092591225749
72,2012-07-14,119,1,2,2,ridge,,0.0001,-11.38639094380066,-6.363423342248725,-12.775543404854002,-11.53110036442233
72,2012-07-17,120,1,2,2,ridge,,0.0001,-7.896576091932785,-5.316371130913266,-12.863412682782364,-12.107593486955738
81,2012-06-22,121,1,2,2,ridge,,0.0001,-9.587343732140498,-5.953072410726956,-13.450210344813936,-13.32939506077689
81,2012-06-27,122,1,2,2,ridge,,0.0001,-13.63439663913034,-8.63444576538804,-13.257424639950278,-12.571444563760798
81,2012-07-17,123,1,2,2,ridge,,0.0001,-8.981462326670332,-6.7381420816219775,-13.403877108728622,-13.194246784228737
113,2012-06-22,27,1,2,3,ridge,,0.0001,-13.904265705279988,-12.764677230796163,-15.375128075152237,-15.173240906525203
113,2012-06-25,28,1,2,3,ridge,,0.0001,-16.669071704883304,-15.628078749949356,-15.113957737946725,-14.910733088130527
113,2012-07-05,29,1,2,3,ridge,,0.0001,-13.78856756792369,-13.696217585568537,-14.986795952123291,-14.686602113136832
113,2012-07-08,30,1,2,3,ridge,,0.0001,-14.418687481499695,-13.97967004287996,-14.998379684604034,-14.598284542910312
113,2012-07-14,31,1,2,3,ridge,,0.0001,-16.398165435484163,-15.965865563125584,-15.156971745409013,-14.507696021534038
113,2012-07-17,32,1,2,3,ridge,,0.0001,-13.772013528373366,-13.330322847631932,-14.998374124245421,-14.59829466530837
53,2012-06-22,85,1,2,3,ridge,,0.0001,-11.59685403803788,-14.890521382506938,-13.413245814186197,-12.7688254538591
53,2012-06-29,86,1,2,3,ridge,,0.0001,-14.273258986856678,-15.844986252295593,-13.724705245217521,-12.62507069098186
53,2012-07-08,87,1,2,3,ridge,,0.0001,-11.837654265802229,-9.263246005952729,-13.939030076994376,-12.62839975360158
53,2012-07-10,88,1,2,3,ridge,,0.0001,-13.121221982705292,-10.563549725135724,-14.165333838659613,-12.65004843622272
53,2012-07-19,89,1,2,3,ridge,,0.0001,-9.430559470207992,-7.124290756308986,-14.18822745905636,-12.652912523859566
71,2012-06-22,107,1,2,3,ridge,,0.0001,-9.441352711283985,-15.826503794261775,-13.319862930146845,-11.932145053867666
71,2012-06-27,108,1,2,3,ridge,,0.0001,-11.830891628824627,-14.88965576948976,-13.584727795764328,-11.964491373800156
71,2012-06-29,109,1,2,3,ridge,,0.0001,-11.77120523725996,-14.980783625920942,-13.843778796661459,-12.007147915313848
71,2012-07-05,110,1,2,3,ridge,,0.0001,-9.126432085488725,-7.106911469422197,-13.29504764200357,-11.929933092323287
71,2012-07-08,111,1,2,3,ridge,,0.0001,-8.240456830553434,-5.994288299384496,-13.253055405152002,-11.926597984520185
71,2012-07-14,112,1,2,3,ridge,,0.0001,-12.231283617180784,-7.335724658361975,-13.850269957319615,-12.00832057763687
71,2012-07-17,113,1,2,3,ridge,,0.0001,-7.863112808923288,-5.020162935449686,-12.976980516763616,-11.923172449352347
83,2012-06-29,124,1,2,3,ridge,,0.0001,-13.150595982099484,-13.185851612534412,-16.12704514391786,-15.0679331154762
83,2012-07-14,125,1,2,3,ridge,,0.0001,-10.781364360016564,-10.279583356930988,-16.03800890907454,-15.058329225586
91,2012-06-22,126,1,2,3,ridge,,0.0001,-13.79430023004177,-12.721885004018873,-12.871069972886326,-12.41183378723738
91,2012-06-25,127,1,2,3,ridge,,0.0001,-16.252064078644956,-15.095063986983767,-13.318820731611925,-12.401363865277816
91,2012-07-05,128,1,2,3,ridge,,0.0001,-11.946673251406857,-15.864027780720509,-12.948937056538636,-12.398265712126316
91,2012-07-08,129,1,2,3,ridge,,0.0001,-14.420474970996455,-14.377502817334353,-13.115598327179097,-12.39062307184641
91,2012-07-17,130,1,2,3,ridge,,0.0001,-12.823625166801548,-13.726729371774091,-12.893731510630497,-12.406869724726354
91,2012-07-19,131,1,2,3,ridge,,0.0001,-14.006013749198562,-15.882035691137462,-13.321079762359492,-12.401562544208167
11,2012-06-22,14,1,2,4,ridge,,0.0001,-15.919724111874036,-17.420730792104454,-10.710544243087623,-9.216467106703504
11,2012-06-27,15,1,2,4,ridge,,0.0001,-16.04746594426725,-17.275701316646803,-10.668509256484416,-8.992131881944037
11,2012-06-29,16,1,2,4,ridge,,0.0001,-17.025781539812208,-18.04468787035671,-10.63844879697727,-8.795408214918602
11,2012-07-10,17,1,2,4,ridge,,0.0001,-17.604639607278372,-17.842659591269815,-10.621874924266342,-8.668555689935422
11,2012-07-17,18,1,2,4,ridge,,0.0001,-14.18453518805826,-15.072913856790963,-10.706809398023829,-9.198413199451398
12,2012-06-22,33,1,2,4,ridge,,0.0001,-12.945592837955164,-13.621175265774452,-14.693691086674812,-13.488454341995059
12,2012-06-27,34,1,2,4,ridge,,0.0001,-12.863896772641066,-14.252905240550222,-14.66358817811034,-13.259751362953933
12,2012-06-29,35,1,2,4,ridge,,0.0001,-14.492924226367006,-14.921340450348202,-14.676592984023445,-13.36480626084935
12,2012-07-08,36,1,2,4,ridge,,0.0001,-14.914279673093365,-14.773522086284936,-14.645426308674047,-13.092144525829568
12,2012-07-10,37,1,2,4,ridge,,0.0001,-15.09795788808382,-15.53251252603237,-14.672335942764049,-13.331582736559383
12,2012-07-17,38,1,2,4,ridge,,0.0001,-13.089522506330766,-13.652175532794685,-14.717335532171107,-13.638335305247566
52,2012-06-22,79,1,2,4,ridge,,0.0001,-13.45495696239713,-15.738081907796053,-14.389137767632505,-14.50929560449402
52,2012-06-29,80,1,2,4,ridge,,0.0001,-16.041356891502684,-16.29966966543719,-14.269126144404387,-13.79242412584947
52,2012-07-08,81,1,2,4,ridge,,0.0001,-13.337191112994962,-11.304804238666236,-14.276849978885938,-13.85695232392194
52,2012-07-10,82,1,2,4,ridge,,0.0001,-14.71139542756748,-12.827360988564674,-14.231261320744661,-13.396593294879855
52,2012-07-17,83,1,2,4,ridge,,0.0001,-8.618950020440854,-7.762089915864024,-14.31699355552054,-14.139682122738815
52,2012-07-19,84,1,2,4,ridge,,0.0001,-13.32401009971738,-12.996658395943411,-14.251205127889824,-13.6247104142437
62,2012-06-22,100,1,2,4,ridge,,0.0001,-10.947069858107426,-10.084005244347887,-11.063244103626541,-10.658737100731171
62,2012-06-25,101,1,2,4,ridge,,0.0001,-12.930932965823189,-11.69193923190518,-10.940011417714466,-9.69504977908752
62,2012-06-29,102,1,2,4,ridge,,0.0001,-13.647540229966118,-12.451741540356156,-10.92488081559496,-9.468280697215627
62,2012-07-08,103,1,2,4,ridge,,0.0001,-13.005404455519416,-9.79925558948652,-10.958624878492518,-9.913466871402214
62,2012-07-10,104,1,2,4,ridge,,0.0001,-14.217439125925395,-11.423573357529008,-10.939800446567151,-9.692257499180345
62,2012-07-17,105,1,2,4,ridge,,0.0001,-12.70807262304178,-10.388332622162803,-11.018861054095844,-10.404618138575824
62,2012-07-19,106,1,2,4,ridge,,0.0001,-15.750405278939866,-14.123873702288767,-10.954174386428647,-9.865605169382517
102,2012-06-22,0,1,2,1,ridge,,0.01,-9.99305662822514,-8.79817877926706,-14.244399134383844,-11.104956460667585
102,2012-06-25,1,1,2,1,ridge,,0.01,-12.531601150465749,-11.66376412888952,-13.109765102680775,-11.42454235947215
102,2012-06-29,2,1,2,1,ridge,,0.01,-16.257897492533367,-15.208138461464548,-12.075853402870278,-11.85936277470039
102,2012-07-08,3,1,2,1,ridge,,0.01,-10.129457779827602,-9.071938641334588,-12.13665796940134,-11.959058311298495
102,2012-07-10,4,1,2,1,ridge,,0.01,-14.95434368762578,-14.112183043981709,-12.081087835859948,-11.925183231412255
102,2012-07-17,5,1,2,1,ridge,,0.01,-5.014295508188514,-4.452412337847899,-12.090783798588237,-11.93391104832678
102,2012-07-19,6,1,2,1,ridge,,0.01,-10.3251467740893,-11.06628687788346,-12.149856187081138,-11.964114358933475
111,2012-06-27,19,1,2,1,ridge,,0.01,-15.147228418373352,-9.881794018641486,-12.989933912755108,-13.262046385441765
111,2012-07-08,20,1,2,1,ridge,,0.01,-10.432732239997303,-7.011457229997938,-13.151667014775818,-13.043153558739185
111,2012-07-10,21,1,2,1,ridge,,0.01,-12.332899347459149,-7.340003351417149,-13.027136104344693,-13.279264692262453
111,2012-07-19,22,1,2,1,ridge,,0.01,-13.429778660777457,-11.904793601312772,-13.032780975707492,-13.281352237782748
112,2012-06-22,23,1,2,1,ridge,,0.01,-16.789512402971386,-18.984197687028864,-11.73737777941742,-10.340835969719622
112,2012-06-25,24,1,2,1,ridge,,0.01,-17.713046799178723,-19.529406845749364,-11.539321564921169,-10.413596770055978
112,2012-07-05,25,1,2,1,ridge,,0.01,-15.269240391706376,-15.832742511880692,-11.280016062773207,-10.530119498971835
112,2012-07-08,26,1,2,1,ridge,,0.01,-15.868211803986831,-15.9439617824927,-11.281325445650085,-10.529400978822814
42,2012-06-22,73,1,2,1,ridge,,0.01,-14.561620721902148,-14.201966799335745,-15.028343172521993,-13.20457914411468
42,2012-06-25,74,1,2,1,ridge,,0.01,-16.153608446963226,-15.565011635602495,-14.430777017074073,-13.384377902713464
42,2012-07-08,75,1,2,1,ridge,,0.01,-17.86890291137946,-17.776520095428644,-13.613133986976989,-13.8150712628638
42,2012-07-10,76,1,2,1,ridge,,0.01,-18.21143906581935,-18.30617756824163,-14.091087809638054,-13.918325010406441
42,2012-07-14,77,1,2,1,ridge,,0.01,-16.095384428093947,-16.335096559717847,-13.898771597661604,-13.576019956676006
42,2012-07-17,78,1,2,1,ridge,,0.01,-14.801847473829469,-15.583307282953209,-15.168294547317522,-13.164914528158567
61,2012-06-22,93,1,2,1,ridge,,0.01,-11.307138591209124,-10.699103847173708,-12.58395565244003,-12.361254221811663
61,2012-06-25,94,1,2,1,ridge,,0.01,-13.358854538113189,-12.281835560024907,-13.571652179460777,-12.410400582779095
61,2012-06-29,95,1,2,1,ridge,,0.01,-14.258735753179286,-12.929838363897248,-13.890837430093425,-12.40479531671225
61,2012-07-08,96,1,2,1,ridge,,0.01,-12.653243854103511,-10.41345274290406,-12.884467347931386,-12.396649342560869
61,2012-07-10,97,1,2,1,ridge,,0.01,-14.196530364341184,-11.545773452581232,-13.416165318210927,-12.411128567297277
61,2012-07-17,98,1,2,1,ridge,,0.01,-12.879880314149483,-11.29771365776737,-12.863975121970775,-12.395244185201054
61,2012-07-19,99,1,2,1,ridge,,0.01,-15.889663878319602,-12.719370404847758,-13.384487001643025,-12.41107707531767
13,2012-06-22,39,1,2,2,ridge,,0.01,-10.95121562728075,-10.836542679634643,-13.452895964030343,-13.335249984967223
13,2012-06-27,40,1,2,2,ridge,,0.01,-12.223609920228132,-12.934752148036708,-13.435014051882712,-13.318741435395397
13,2012-06-29,41,1,2,2,ridge,,0.01,-11.448270309198136,-11.2433082687523,-13.327960467537837,-13.191210086196985
13,2012-07-08,42,1,2,2,ridge,,0.01,-11.321650078114684,-11.1656550129835,-13.2488806337472,-13.0588611451228
13,2012-07-10,43,1,2,2,ridge,,0.01,-11.727868729384712,-11.935053682323652,-13.207697935405719,-12.973910204465115
13,2012-07-17,44,1,2,2,ridge,,0.01,-11.82663223841094,-11.483975197550755,-13.373277901940888,-13.25162606568032
22,2012-06-22,51,1,2,2,ridge,,0.01,-14.06874113337972,-14.071044446046743,-14.577164047594998,-14.846776020327646
22,2012-06-25,52,1,2,2,ridge,,0.01,-14.018031173978704,-14.77165243150176,-14.440058656132324,-14.765115321350658
22,2012-06-29,53,1,2,2,ridge,,0.01,-14.73472458342086,-15.474752085663306,-14.302336056103561,-14.613659075987137
22,2012-07-14,54,1,2,2,ridge,,0.01,-14.429262660073372,-14.834682689018504,-14.324486316100092,-14.643780845399748
22,2012-07-17,55,1,2,2,ridge,,0.01,-13.95505270639354,-12.9206874664521,-14.401658989602247,-14.730910834257566
32,2012-06-22,61,1,2,2,ridge,,0.01,-15.06141043899014,-15.128490659381375,-15.090159095159112,-14.892804900829825
32,2012-06-25,62,1,2,2,ridge,,0.01,-16.76615352729908,-16.21045729230626,-14.819939622708665,-14.915435407758295
32,2012-07-08,63,1,2,2,ridge,,0.01,-19.51691196321064,-18.66502996569921,-14.174438827396335,-14.011875017075152
32,2012-07-10,64,1,2,2,ridge,,0.01,-20.20667659920886,-19.288993971916742,-14.173457164726774,-14.008228707823577
32,2012-07-14,65,1,2,2,ridge,,0.01,-17.739515725707594,-17.16765829163566,-14.604495835419847,-14.82343006574611
32,2012-07-17,66,1,2,2,ridge,,0.01,-16.639945346572592,-14.987927440241748,-14.815245456961723,-14.914673791832072
72,2012-06-22,114,1,2,2,ridge,,0.01,-9.156246315375464,-7.121824880330802,-12.90423515296044,-12.303715714206875
72,2012-06-27,115,1,2,2,ridge,,0.01,-11.598774165532014,-9.739787261661805,-12.823243280199897,-11.877112001996956
72,2012-06-29,116,1,2,2,ridge,,0.01,-11.694497047916627,-10.620512155280064,-12.779554272610461,-11.569431886797403
72,2012-07-05,117,1,2,2,ridge,,0.01,-9.279994157479894,-6.1840522735730685,-12.97370361468287,-12.572668773685022
72,2012-07-08,118,1,2,2,ridge,,0.01,-7.434985480666953,-4.951473364462895,-13.014205388470762,-12.700290824080032
72,2012-07-14,119,1,2,2,ridge,,0.01,-11.38639094380066,-6.363423342248725,-12.775401703478389,-11.536215679454923
72,2012-07-17,120,1,2,2,ridge,,0.01,-7.896576091932785,-5.316371130913266,-12.863473726945363,-12.107788295416352
81,2012-06-22,121,1,2,2,ridge,,0.01,-9.587343732140498,-5.953072410726956,-13.45037759289326,-13.325547138678928
81,2012-06-27,122,1,2,2,ridge,,0.01,-13.63439663913034,-8.63444576538804,-13.257390422769257,-12.572648177118628
81,2012-07-17,123,1,2,2,ridge,,0.01,-8.981462326670332,-6.7381420816219775,-13.404018509691362,-13.191080149014939
113,2012-06-22,27,1,2,3,ridge,,0.01,-13.904265705279988,-12.764677230796163,-15.371446960177924,-15.171904595638814
113,2012-06-25,28,1,2,3,ridge,,0.01,-16.669071704883304,-15.628078749949356,-15.114196053718054,-14.910714451806285
113,2012-07-05,29,1,2,3,ridge,,0.01,-13.78856756792369,-13.696217585568537,-14.989345547975203,-14.687356703323124
113,2012-07-08,30,1,2,3,ridge,,0.01,-14.418687481499695,-13.97967004287996,-15.001173620077791,-14.599117330452238
113,2012-07-14,31,1,2,3,ridge,,0.01,-16.398165435484163,-15.965865563125584,-15.158431489470882,-14.508070395144138
113,2012-07-17,32,1,2,3,ridge,,0.01,-13.772013528373366,-13.330322847631932,-15.001168077437569,-14.599127459427452
53,2012-06-22,85,1,2,3,ridge,,0.01,-11.59685403803788,-14.890521382506938,-13.416364438828547,-12.769910348029176
53,2012-06-29,86,1,2,3,ridge,,0.01,-14.273258986856678,-15.844986252295593,-13.725060773305643,-12.625208620400285
53,2012-07-08,87,1,2,3,ridge,,0.01,-11.837654265802229,-9.263246005952729,-13.937056472156273,-12.62774627598558
53,2012-07-10,88,1,2,3,ridge,,0.01,-13.121221982705292,-10.563549725135724,-14.160825061683743,-12.648534531149103
53,2012-07-19,89,1,2,3,ridge,,0.01,-9.430559470207992,-7.124290756308986,-14.183459396078577,-12.651310653792212
71,2012-06-22,107,1,2,3,ridge,,0.01,-9.441352711283985,-15.826503794261775,-13.318111086998458,-11.931602077895803
71,2012-06-27,108,1,2,3,ridge,,0.01,-11.830891628824627,-14.88965576948976,-13.579979478114012,-11.96293177692206
71,2012-06-29,109,1,2,3,ridge,,0.01,-11.77120523725996,-14.980783625920942,-13.836053675607728,-12.004578948646714
71,2012-07-05,110,1,2,3,ridge,,0.01,-9.126432085488725,-7.106911469422197,-13.293573115205032,-11.929484244995853
71,2012-07-08,111,1,2,3,ridge,,0.01,-8.240456830553434,-5.994288299384496,-13.252048444256962,-11.92630786329731
71,2012-07-14,112,1,2,3,ridge,,0.01,-12.231283617180784,-7.335724658361975,-13.84246981089644,-12.00572617683903
71,2012-07-17,113,1,2,3,ridge,,0.01,-7.863112808923288,-5.020162935449686,-12.978970136423396,-11.923900571645023
83,2012-06-29,124,1,2,3,ridge,,0.01,-13.150595982099484,-13.185851612534412,-16.122877528767532,-15.066345746992832
83,2012-07-14,125,1,2,3,ridge,,0.01,-10.781364360016564,-10.279583356930988,-16.03484326932204,-15.05708186613875
91,2012-06-22,126,1,2,3,ridge,,0.01,-13.79430023004177,-12.721885004018873,-12.877838755864227,-12.41409610083607
91,2012-06-25,127,1,2,3,ridge,,0.01,-16.252064078644956,-15.095063986983767,-13.320796566619148,-12.4019966515053
91,2012-07-05,128,1,2,3,ridge,,0.01,-11.946673251406857,-15.864027780720509,-12.954921455310645,-12.40026069702559
91,2012-07-08,129,1,2,3,ridge,,0.01,-14.420474970996455,-14.377502817334353,-13.1198143696051,-12.392016635882436
91,2012-07-17,130,1,2,3,ridge,,0.01,-12.823625166801548,-13.726729371774091,-12.900276263197682,-12.409055626011593
91,2012-07-19,131,1,2,3,ridge,,0.01,-14.006013749198562,-15.882035691137462,-13.323030363427009,-12.402186765213964
11,2012-06-22,14,1,2,4,ridge,,0.01,-15.919724111874036,-17.420730792104454,-10.710988785160168,-9.215491536278712
11,2012-06-27,15,1,2,4,ridge,,0.01,-16.04746594426725,-17.275701316646803,-10.66882824385911,-8.99226983046096
11,2012-06-29,16,1,2,4,ridge,,0.01,-17.025781539812208,-18.04468787035671,-10.638642358308047,-8.796680971371512
11,2012-07-10,17,1,2,4,ridge,,0.01,-17.604639607278372,-17.842659591269815,-10.621981275848908,-8.670625622691444
11,2012-07-17,18,1,2,4,ridge,,0.01,-14.18453518805826,-15.072913856790963,-10.707244628933958,-9.197519046939975
12,2012-06-22,33,1,2,4,ridge,,0.01,-12.945592837955164,-13.621175265774452,-14.693347562745787,-13.489274666734012
12,2012-06-27,34,1,2,4,ridge,,0.01,-12.863896772641066,-14.252905240550222,-14.663087923142024,-13.26200375620957
12,2012-06-29,35,1,2,4,ridge,,0.01,-14.492924226367006,-14.921340450348202,-14.676166578100286,-13.366381670615576
12,2012-07-08,36,1,2,4,ridge,,0.01,-14.914279673093365,-14.773522086284936,-14.644802405465876,-13.095537209341577
12,2012-07-10,37,1,2,4,ridge,,0.01,-15.09795788808382,-15.53251252603237,-14.671886507265608,-13.333368882470658
12,2012-07-17,38,1,2,4,ridge,,0.01,-13.089522506330766,-13.652175532794685,-14.717085896975757,-13.63830830750299
52,2012-06-22,79,1,2,4,ridge,,0.01,-13.45495696239713,-15.738081907796053,-14.389078156557085,-14.506938882761588
52,2012-06-29,80,1,2,4,ridge,,0.01,-16.041356891502684,-16.29966966543719,-14.268633066516665,-13.79395893810106
52,2012-07-08,81,1,2,4,ridge,,0.01,-13.337191112994962,-11.304804238666236,-14.276402856756429,-13.858065160331112
52,2012-07-10,82,1,2,4,ridge,,0.01,-14.71139542756748,-12.827360988564674,-14.230464898746272,-13.400938140859639
52,2012-07-17,83,1,2,4,ridge,,0.01,-8.618950020440854,-7.762089915864024,-14.31673358810276,-14.139092796712498
52,2012-07-19,84,1,2,4,ridge,,0.01,-13.32401009971738,-12.996658395943411,-14.250587754086167,-13.627392121274177
62,2012-06-22,100,1,2,4,ridge,,0.01,-10.947069858107426,-10.084005244347887,-11.063564516392074,-10.65712729968161
62,2012-06-25,101,1,2,4,ridge,,0.01,-12.930932965823189,-11.69193923190518,-10.939663272241434,-9.699558396662143
62,2012-06-29,102,1,2,4,ridge,,0.01,-13.647540229966118,-12.451741540356156,-10.92434409954567,-9.474551947370541
62,2012-07-08,103,1,2,4,ridge,,0.01,-13.005404455519416,-9.79925558948652,-10.958449254496909,-9.916371841017849
62,2012-07-10,104,1,2,4,ridge,,0.01,-14.217439125925395,-11.423573357529008,-10.939450034740432,-9.696787246377294
62,2012-07-17,105,1,2,4,ridge,,0.01,-12.70807262304178,-10.388332622162803,-11.019031958460518,-10.404344958839244
62,2012-07-19,106,1,2,4,ridge,,0.01,-15.750405278939866,-14.123873702288767,-10.953961795476392,-9.868852891186437
102,2012-06-22,0,1,2,1,ridge,,1.0,-9.99305662822514,-8.79817877926706,-12.939963808037668,-11.315745053409584
102,2012-06-25,1,1,2,1,ridge,,1.0,-12.531601150465749,-11.66376412888952,-12.550010490003599,-11.539737855295442
102,2012-06-29,2,1,2,1,ridge,,1.0,-16.257897492533367,-15.208138461464548,-12.279777568720165,-11.864126628788346
102,2012-07-08,3,1,2,1,ridge,,1.0,-10.129457779827602,-9.071938641334588,-12.36990696219727,-11.949970573672394
102,2012-07-10,4,1,2,1,ridge,,1.0,-14.95434368762578,-14.112183043981709,-12.321457315586727,-11.919457975127159
102,2012-07-17,5,1,2,1,ridge,,1.0,-5.014295508188514,-4.452412337847899,-12.33158045952904,-11.927141521142124
102,2012-07-19,6,1,2,1,ridge,,1.0,-10.3251467740893,-11.06628687788346,-12.379642379724869,-11.954713567405086
111,2012-06-27,19,1,2,1,ridge,,1.0,-15.147228418373352,-9.881794018641486,-13.195588274455726,-13.23735605898583
111,2012-07-08,20,1,2,1,ridge,,1.0,-10.432732239997303,-7.011457229997938,-13.148447909826643,-13.06024312217048
111,2012-07-10,21,1,2,1,ridge,,1.0,-12.332899347459149,-7.340003351417149,-13.224787910330932,-13.253210099519897
111,2012-07-19,22,1,2,1,ridge,,1.0,-13.429778660777457,-11.904793601312772,-13.228907341918372,-13.255175921231006
112,2012-06-22,23,1,2,1,ridge,,1.0,-16.789512402971386,-18.984197687028864,-11.49887328519357,-10.433051245045018
112,2012-06-25,24,1,2,1,ridge,,1.0,-17.713046799178723,-19.529406845749364,-11.44086503783104,-10.4863686051849
112,2012-07-05,25,1,2,1,ridge,,1.0,-15.269240391706376,-15.832742511880692,-11.377517184186704,-10.573981811364522
112,2012-07-08,26,1,2,1,ridge,,1.0,-15.868211803986831,-15.9439617824927,-11.377759945501985,-10.57343040789942
42,2012-06-22,73,1,2,1,ridge,,1.0,-14.561620721902148,-14.201966799335745,-14.202232674656944,-13.3235452242201
42,2012-06-25,74,1,2,1,ridge,,1.0,-16.153608446963226,-15.565011635602495,-14.003666677692934,-13.451133415880472
42,2012-07-08,75,1,2,1,ridge,,1.0,-17.86890291137946,-17.776520095428644,-13.841415614372647,-13.780392204184105
42,2012-07-10,76,1,2,1,ridge,,1.0,-18.21143906581935,-18.30617756824163,-14.146651814024422,-13.885277456961248
42,2012-07-14,77,1,2,1,ridge,,1.0,-16.095384428093947,-16.335096559717847,-13.84559492455806,-13.591165510085755
42,2012-07-17,78,1,2,1,ridge,,1.0,-14.801847473829469,-15.583307282953209,-14.250186068534413,-13.29571137735704
61,2012-06-22,93,1,2,1,ridge,,1.0,-11.307138591209124,-10.699103847173708,-12.785863204447407,-12.34485804468334
61,2012-06-25,94,1,2,1,ridge,,1.0,-13.358854538113189,-12.281835560024907,-13.319310573856932,-12.424050151498433
61,2012-06-29,95,1,2,1,ridge,,1.0,-14.258735753179286,-12.929838363897248,-13.478966029140173,-12.4316445290926
61,2012-07-08,96,1,2,1,ridge,,1.0,-12.653243854103511,-10.41345274290406,-12.960281830086583,-12.386074505131324
61,2012-07-10,97,1,2,1,ridge,,1.0,-14.196530364341184,-11.545773452581232,-13.240349771977055,-12.418673360941005
61,2012-07-17,98,1,2,1,ridge,,1.0,-12.879880314149483,-11.29771365776737,-12.948985680779847,-12.384108586279638
61,2012-07-19,99,1,2,1,ridge,,1.0,-15.889663878319602,-12.719370404847758,-13.224144178736381,-12.417410557941542
13,2012-06-22,39,1,2,2,ridge,,1.0,-10.95121562728075,-10.836542679634643,-13.462015879301472,-13.174317083449147
13,2012-06-27,40,1,2,2,ridge,,1.0,-12.223609920228132,-12.934752148036708,-13.444514154569882,-13.151526432669918
13,2012-06-29,41,1,2,2,ridge,,1.0,-11.448270309198136,-11.2433082687523,-13.339117059343687,-13.001104735415806
13,2012-07-08,42,1,2,2,ridge,,1.0,-11.321650078114684,-11.1656550129835,-13.26043743574791,-12.871408195558889
13,2012-07-10,43,1,2,2,ridge,,1.0,-11.727868729384712,-11.935053682323652,-13.219117158386872,-12.796058083616856
13,2012-07-17,44,1,2,2,ridge,,1.0,-11.82663223841094,-11.483975197550755,-13.383872089038336,-13.067912917918346
22,2012-06-22,51,1,2,2,ridge,,1.0,-14.06874113337972,-14.071044446046743,-14.569774613594618,-14.7560471490351
22,2012-06-25,52,1,2,2,ridge,,1.0,-14.018031173978704,-14.77165243150176,-14.4365538545443,-14.603185276803629
22,2012-06-29,53,1,2,2,ridge,,1.0,-14.73472458342086,-15.474752085663306,-14.301234542041925,-14.415813593844764
22,2012-07-14,54,1,2,2,ridge,,1.0,-14.429262660073372,-14.834682689018504,-14.323122682346712,-14.448756320490514
22,2012-07-17,55,1,2,2,ridge,,1.0,-13.95505270639354,-12.9206874664521,-14.398997502910827,-14.554851566164464
32,2012-06-22,61,1,2,2,ridge,,1.0,-15.06141043899014,-15.128490659381375,-15.063882766995656,-15.151965695475562
32,2012-06-25,62,1,2,2,ridge,,1.0,-16.76615352729908,-16.21045729230626,-14.805282541109433,-14.940119959466722
32,2012-07-08,63,1,2,2,ridge,,1.0,-19.51691196321064,-18.66502996569921,-14.166864414336539,-13.967559808015007
32,2012-07-10,64,1,2,2,ridge,,1.0,-20.20667659920886,-19.288993971916742,-14.165844469943917,-13.964973865802948
32,2012-07-14,65,1,2,2,ridge,,1.0,-17.739515725707594,-17.16765829163566,-14.596726923321183,-14.717607202307173
32,2012-07-17,66,1,2,2,ridge,,1.0,-16.639945346572592,-14.987927440241748,-14.800765292155138,-14.935877311510165
72,2012-06-22,114,1,2,2,ridge,,1.0,-9.156246315375464,-7.121824880330802,-12.913060284207823,-12.250456785600978
72,2012-06-27,115,1,2,2,ridge,,1.0,-11.598774165532014,-9.739787261661805,-12.826194915191207,-11.975837655219568
72,2012-06-29,116,1,2,2,ridge,,1.0,-11.694497047916627,-10.620512155280064,-12.777663218284019,-11.789918356880538
72,2012-07-05,117,1,2,2,ridge,,1.0,-9.279994157479894,-6.1840522735730685,-12.985473493933352,-12.438772517926665
72,2012-07-08,118,1,2,2,ridge,,1.0,-7.434985480666953,-4.951473364462895,-13.027062092433122,-12.534348161505298
72,2012-07-14,119,1,2,2,ridge,,1.0,-11.38639094380066,-6.363423342248725,-12.772964616806687,-11.770312218445948
72,2012-07-17,120,1,2,2,ridge,,1.0,-7.896576091932785,-5.316371130913266,-12.8697481308213,-12.12139217171484
81,2012-06-22,121,1,2,2,ridge,,1.0,-9.587343732140498,-5.953072410726956,-13.458031745663307,-13.153575297266903
81,2012-06-27,122,1,2,2,ridge,,1.0,-13.63439663913034,-8.63444576538804,-13.2567401455417,-12.627631256960804
81,2012-07-17,123,1,2,2,ridge,,1.0,-8.981462326670332,-6.7381420816219775,-13.410679337220465,-13.049834196353663
113,2012-06-22,27,1,2,3,ridge,,1.0,-13.904265705279988,-12.764677230796163,-15.202694533165003,-15.105754621999687
113,2012-06-25,28,1,2,3,ridge,,1.0,-16.669071704883304,-15.628078749949356,-15.118434389053498,-14.902273544033307
113,2012-07-05,29,1,2,3,ridge,,1.0,-13.78856756792369,-13.696217585568537,-15.094867979349829,-14.712331617601095
113,2012-07-08,30,1,2,3,ridge,,1.0,-14.418687481499695,-13.97967004287996,-15.116724664729517,-14.62705150682123
113,2012-07-14,31,1,2,3,ridge,,1.0,-16.398165435484163,-15.965865563125584,-15.213205698753754,-14.51476368242483
113,2012-07-17,32,1,2,3,ridge,,1.0,-13.772013528373366,-13.330322847631932,-15.11672002290242,-14.627061997012131
53,2012-06-22,85,1,2,3,ridge,,1.0,-11.59685403803788,-14.890521382506938,-13.556139708378046,-12.820095750651316
53,2012-06-29,86,1,2,3,ridge,,1.0,-14.273258986856678,-15.844986252295593,-13.739428445928862,-12.631793421751508
53,2012-07-08,87,1,2,3,ridge,,1.0,-11.837654265802229,-9.263246005952729,-13.847020399350264,-12.59868285797427
53,2012-07-10,88,1,2,3,ridge,,1.0,-13.121221982705292,-10.563549725135724,-13.957338825111421,-12.580829305976229
53,2012-07-19,89,1,2,3,ridge,,1.0,-9.430559470207992,-7.124290756308986,-13.96837681373666,-12.57965908475416
71,2012-06-22,107,1,2,3,ridge,,1.0,-9.441352711283985,-15.826503794261775,-13.24114493652343,-11.910484818639066
71,2012-06-27,108,1,2,3,ridge,,1.0,-11.830891628824627,-14.88965576948976,-13.368990647797347,-11.896201369919437
71,2012-06-29,109,1,2,3,ridge,,1.0,-11.77120523725996,-14.980783625920942,-13.492032511040243,-11.892628187581819
71,2012-07-05,110,1,2,3,ridge,,1.0,-9.126432085488725,-7.106911469422197,-13.229018643731548,-11.912595304799169
71,2012-07-08,111,1,2,3,ridge,,1.0,-8.240456830553434,-5.994288299384496,-13.208424677071845,-11.91655152827135
71,2012-07-14,112,1,2,3,ridge,,1.0,-12.231283617180784,-7.335724658361975,-13.495096812871878,-11.892636577777587
71,2012-07-17,113,1,2,3,ridge,,1.0,-7.863112808923288,-5.020162935449686,-13.069677565053535,-11.960015590437923
83,2012-06-29,124,1,2,3,ridge,,1.0,-13.150595982099484,-13.185851612534412,-15.922421632434283,-14.98100324882584
83,2012-07-14,125,1,2,3,ridge,,1.0,-10.781364360016564,-10.279583356930988,-15.87921524645075,-14.987002464011217
91,2012-06-22,126,1,2,3,ridge,,1.0,-13.79430023004177,-12.721885004018873,-13.179286080487952,-12.513370664294392
91,2012-06-25,127,1,2,3,ridge,,1.0,-16.252064078644956,-15.095063986983767,-13.407217332443222,-12.427759752115628
91,2012-07-05,128,1,2,3,ridge,,1.0,-11.946673251406857,-15.864027780720509,-13.221054352439367,-12.48739965656432
91,2012-07-08,129,1,2,3,ridge,,1.0,-14.420474970996455,-14.377502817334353,-13.306573599355103,-12.452000035318738
91,2012-07-17,130,1,2,3,ridge,,1.0,-12.823625166801548,-13.726729371774091,-13.191625888115725,-12.504854441847655
91,2012-07-19,131,1,2,3,ridge,,1.0,-14.006013749198562,-15.882035691137462,-13.408321721923652,-12.427565093947804
11,2012-06-22,14,1,2,4,ridge,,1.0,-15.919724111874036,-17.420730792104454,-10.747202243204116,-9.192631011053031
11,2012-06-27,15,1,2,4,ridge,,1.0,-16.04746594426725,-17.275701316646803,-10.6988134444045,-9.019967912419483
11,2012-06-29,16,1,2,4,ridge,,1.0,-17.025781539812208,-18.04468787035671,-10.662520213357698,-8.875970063401894
11,2012-07-10,17,1,2,4,ridge,,1.0,-17.604639607278372,-17.842659591269815,-10.641654182705995,-8.786179594560355
11,2012-07-17,18,1,2,4,ridge,,1.0,-14.18453518805826,-15.072913856790963,-10.74299027052103,-9.178351844393173
12,2012-06-22,33,1,2,4,ridge,,1.0,-12.945592837955164,-13.621175265774452,-14.665119788249047,-13.515771764930188
12,2012-06-27,34,1,2,4,ridge,,1.0,-12.863896772641066,-14.252905240550222,-14.627300086802334,-13.353646345383114
12,2012-06-29,35,1,2,4,ridge,,1.0,-14.492924226367006,-14.921340450348202,-14.643929597537682,-13.42722164165075
12,2012-07-08,36,1,2,4,ridge,,1.0,-14.914279673093365,-14.773522086284936,-14.603103914483551,-13.239082056542408
12,2012-07-10,37,1,2,4,ridge,,1.0,-15.09795788808382,-15.53251252603237,-14.638540269775065,-13.403796232337577
12,2012-07-17,38,1,2,4,ridge,,1.0,-13.089522506330766,-13.652175532794685,-14.693440794184635,-13.626290328274727
52,2012-06-22,79,1,2,4,ridge,,1.0,-13.45495696239713,-15.738081907796053,-14.372468026633651,-14.379065212175359
52,2012-06-29,80,1,2,4,ridge,,1.0,-16.041356891502684,-16.29966966543719,-14.230761448623982,-13.842916309795692
52,2012-07-08,81,1,2,4,ridge,,1.0,-13.337191112994962,-11.304804238666236,-14.240737370527645,-13.887820744345793
52,2012-07-10,82,1,2,4,ridge,,1.0,-14.71139542756748,-12.827360988564674,-14.178157003515732,-13.577834478586206
52,2012-07-17,83,1,2,4,ridge,,1.0,-8.618950020440854,-7.762089915864024,-14.290135966400213,-14.091438650561091
52,2012-07-19,84,1,2,4,ridge,,1.0,-13.32401009971738,-12.996658395943411,-14.206777746352888,-13.728554148770794
62,2012-06-22,100,1,2,4,ridge,,1.0,-10.947069858107426,-10.084005244347887,-11.085966329255488,-10.588172702568453
62,2012-06-25,101,1,2,4,ridge,,1.0,-12.930932965823189,-11.69193923190518,-10.929866260140855,-9.908961328079071
62,2012-06-29,102,1,2,4,ridge,,1.0,-13.647540229966118,-12.451741540356156,-10.9056536372768,-9.764250751712257
62,2012-07-08,103,1,2,4,ridge,,1.0,-13.005404455519416,-9.79925558948652,-10.956834570861691,-10.052746325273517
62,2012-07-10,104,1,2,4,ridge,,1.0,-14.217439125925395,-11.423573357529008,-10.929545856302637,-9.907152575138511
62,2012-07-17,105,1,2,4,ridge,,1.0,-12.70807262304178,-10.388332622162803,-11.034071708820392,-10.396110060310056
62,2012-07-19,106,1,2,4,ridge,,1.0,-15.750405278939866,-14.123873702288767,-10.95058941162931,-10.02083351973951
102,2012-06-22,0,1,2,1,ridge,,100.0,-9.99305662822514,-8.79817877926706,-13.560050773711993,-13.414647506448414
102,2012-06-25,1,1,2,1,ridge,,100.0,-12.531601150465749,-11.66376412888952,-13.355908930423434,-13.082388329121407
102,2012-06-29,2,1,2,1,ridge,,100.0,-16.257897492533367,-15.208138461464548,-13.035465775886383,-12.549615395932785
102,2012-07-08,3,1,2,1,ridge,,100.0,-10.129457779827602,-9.071938641334588,-12.93705258648939,-12.380309254041787
102,2012-07-10,4,1,2,1,ridge,,100.0,-14.95434368762578,-14.112183043981709,-12.973415192301015,-12.443363295472034
102,2012-07-17,5,1,2,1,ridge,,100.0,-5.014295508188514,-4.452412337847899,-12.96443346663459,-12.427849203863122
102,2012-07-19,6,1,2,1,ridge,,100.0,-10.3251467740893,-11.06628687788346,-12.931214607315244,-12.370121753603824
111,2012-06-27,19,1,2,1,ridge,,100.0,-15.147228418373352,-9.881794018641486,-13.325366704049555,-12.988634905936792
111,2012-07-08,20,1,2,1,ridge,,100.0,-10.432732239997303,-7.011457229997938,-13.516721607142882,-13.313628882608455
111,2012-07-10,21,1,2,1,ridge,,100.0,-12.332899347459149,-7.340003351417149,-13.306134017585553,-12.955167426758871
111,2012-07-19,22,1,2,1,ridge,,100.0,-13.429778660777457,-11.904793601312772,-13.303707250123903,-12.95093024157363
112,2012-06-22,23,1,2,1,ridge,,100.0,-16.789512402971386,-18.984197687028864,-12.86883457108935,-12.395100558452231
112,2012-06-25,24,1,2,1,ridge,,100.0,-17.713046799178723,-19.529406845749364,-12.817310439695873,-12.309913749455559
112,2012-07-05,25,1,2,1,ridge,,100.0,-15.269240391706376,-15.832742511880692,-12.72995114050668,-12.164330170733658
112,2012-07-08,26,1,2,1,ridge,,100.0,-15.868211803986831,-15.9439617824927,-12.730514077927774,-12.165273732654892
42,2012-06-22,73,1,2,1,ridge,,100.0,-14.561620721902148,-14.201966799335745,-14.07343112689739,-13.998682005696129
42,2012-06-25,74,1,2,1,ridge,,100.0,-16.153608446963226,-15.565011635602495,-13.955166445698183,-13.805297991834225
42,2012-07-08,75,1,2,1,ridge,,100.0,-17.86890291137946,-17.776520095428644,-13.620476668045566,-13.244899312339841
42,2012-07-10,76,1,2,1,ridge,,100.0,-18.21143906581935,-18.30617756824163,-13.483801686096289,-13.003858069457157
42,2012-07-14,77,1,2,1,ridge,,100.0,-16.095384428093947,-16.335096559717847,-13.820325765125522,-13.58256631808279
42,2012-07-17,78,1,2,1,ridge,,100.0,-14.801847473829469,-15.583307282953209,-14.098840618157265,-14.040057405333402
61,2012-06-22,93,1,2,1,ridge,,100.0,-11.307138591209124,-10.699103847173708,-13.042409021818003,-12.466131197184316
61,2012-06-25,94,1,2,1,ridge,,100.0,-13.358854538113189,-12.281835560024907,-12.913697476716774,-12.231059011835775
61,2012-06-29,95,1,2,1,ridge,,100.0,-14.258735753179286,-12.929838363897248,-12.892216569504711,-12.189508887176128
61,2012-07-08,96,1,2,1,ridge,,100.0,-12.653243854103511,-10.41345274290406,-12.984112741768303,-12.361867549943701
61,2012-07-10,97,1,2,1,ridge,,100.0,-14.196530364341184,-11.545773452581232,-12.926036130622036,-12.254507047648067
61,2012-07-17,98,1,2,1,ridge,,100.0,-12.879880314149483,-11.29771365776737,-12.987144030856518,-12.367362146656577
61,2012-07-19,99,1,2,1,ridge,,100.0,-15.889663878319602,-12.719370404847758,-12.928736996402838,-12.259604293852588
13,2012-06-22,39,1,2,2,ridge,,100.0,-10.95121562728075,-10.836542679634643,-13.529203548658037,-13.101575472715753
13,2012-06-27,40,1,2,2,ridge,,100.0,-12.223609920228132,-12.934752148036708,-13.51850100267987,-13.084530539406472
13,2012-06-29,41,1,2,2,ridge,,100.0,-11.448270309198136,-11.2433082687523,-13.453731253015762,-12.981146461222488
13,2012-07-08,42,1,2,2,ridge,,100.0,-11.321650078114684,-11.1656550129835,-13.404960103088468,-12.902994750884895
13,2012-07-10,43,1,2,2,ridge,,100.0,-11.727868729384712,-11.935053682323652,-13.379172218679946,-12.861546394836202
13,2012-07-17,44,1,2,2,ridge,,100.0,-11.82663223841094,-11.483975197550755,-13.481305413432528,-13.025211032190215
22,2012-06-22,51,1,2,2,ridge,,100.0,-14.06874113337972,-14.071044446046743,-14.053943237124754,-13.892306685635075
22,2012-06-25,52,1,2,2,ridge,,100.0,-14.018031173978704,-14.77165243150176,-13.9729745310437,-13.76371765208736
22,2012-06-29,53,1,2,2,ridge,,100.0,-14.73472458342086,-15.474752085663306,-13.889955556596696,-13.63130514686142
22,2012-07-14,54,1,2,2,ridge,,100.0,-14.429262660073372,-14.834682689018504,-13.90344762296974,-13.652870681527455
22,2012-07-17,55,1,2,2,ridge,,100.0,-13.95505270639354,-12.9206874664521,-13.950022109229934,-13.727173546748777
32,2012-06-22,61,1,2,2,ridge,,100.0,-15.06141043899014,-15.128490659381375,-14.333279906645645,-14.29608235925967
32,2012-06-25,62,1,2,2,ridge,,100.0,-16.76615352729908,-16.21045729230626,-14.178156948332493,-14.051226743116327
32,2012-07-08,63,1,2,2,ridge,,100.0,-19.51691196321064,-18.66502996569921,-13.784347073389277,-13.421562358402452
32,2012-07-10,64,1,2,2,ridge,,100.0,-20.20667659920886,-19.288993971916742,-13.78369300555592,-13.420498592026755
32,2012-07-14,65,1,2,2,ridge,,100.0,-17.739515725707594,-17.16765829163566,-14.051806602842309,-13.850862416747013
32,2012-07-17,66,1,2,2,ridge,,100.0,-16.639945346572592,-14.987927440241748,-14.175434163967033,-14.046919224959007
72,2012-06-22,114,1,2,2,ridge,,100.0,-9.156246315375464,-7.121824880330802,-13.20323709247583,-12.60142636058421
72,2012-06-27,115,1,2,2,ridge,,100.0,-11.598774165532014,-9.739787261661805,-13.146219661279618,-12.507783082349436
72,2012-06-29,116,1,2,2,ridge,,100.0,-11.694497047916627,-10.620512155280064,-13.113579842579181,-12.453644974902112
72,2012-07-05,117,1,2,2,ridge,,100.0,-9.279994157479894,-6.1840522735730685,-13.249788033420437,-12.677215213038439
72,2012-07-08,118,1,2,2,ridge,,100.0,-7.434985480666953,-4.951473364462895,-13.276219731474171,-12.720038058471836
72,2012-07-14,119,1,2,2,ridge,,100.0,-11.38639094380066,-6.363423342248725,-13.110381044234703,-12.448313624302559
72,2012-07-17,120,1,2,2,ridge,,100.0,-7.896576091932785,-5.316371130913266,-13.174997295773347,-12.555175078637696
81,2012-06-22,121,1,2,2,ridge,,100.0,-9.587343732140498,-5.953072410726956,-13.476820993474039,-13.01217977237605
81,2012-06-27,122,1,2,2,ridge,,100.0,-13.63439663913034,-8.63444576538804,-13.347360748920046,-12.801366303514207
81,2012-07-17,123,1,2,2,ridge,,100.0,-8.981462326670332,-6.7381420816219775,-13.446848719855733,-12.96370659575795
113,2012-06-22,27,1,2,3,ridge,,100.0,-13.904265705279988,-12.764677230796163,-14.530611411329321,-14.248123871763877
113,2012-06-25,28,1,2,3,ridge,,100.0,-16.669071704883304,-15.628078749949356,-14.49081310013192,-14.069382564827237
113,2012-07-05,29,1,2,3,ridge,,100.0,-13.78856756792369,-13.696217585568537,-14.450403120177937,-13.883904698550698
113,2012-07-08,30,1,2,3,ridge,,100.0,-14.418687481499695,-13.97967004287996,-14.430340379916833,-13.789659034622302
113,2012-07-14,31,1,2,3,ridge,,100.0,-16.398165435484163,-15.965865563125584,-14.399917635534791,-13.64267048534495
113,2012-07-17,32,1,2,3,ridge,,100.0,-13.772013528373366,-13.330322847631932,-14.430342963390629,-13.789671288215368
53,2012-06-22,85,1,2,3,ridge,,100.0,-11.59685403803788,-14.890521382506938,-13.687327421313695,-12.90827342937754
53,2012-06-29,86,1,2,3,ridge,,100.0,-14.273258986856678,-15.844986252295593,-13.635037776959845,-12.65451049431537
53,2012-07-08,87,1,2,3,ridge,,100.0,-11.837654265802229,-9.263246005952729,-13.621383752906,-12.584403031432243
53,2012-07-10,88,1,2,3,ridge,,100.0,-13.121221982705292,-10.563549725135724,-13.610926322449746,-12.528912127512019
53,2012-07-19,89,1,2,3,ridge,,100.0,-9.430559470207992,-7.124290756308986,-13.610015601164863,-12.523987445956047
71,2012-06-22,107,1,2,3,ridge,,100.0,-9.441352711283985,-15.826503794261775,-13.307890340667052,-12.198253190480193
71,2012-06-27,108,1,2,3,ridge,,100.0,-11.830891628824627,-14.88965576948976,-13.297181491544325,-12.140470849348715
71,2012-06-29,109,1,2,3,ridge,,100.0,-11.77120523725996,-14.980783625920942,-13.28911414033729,-12.095221031385712
71,2012-07-05,110,1,2,3,ridge,,100.0,-9.126432085488725,-7.106911469422197,-13.309072405522093,-12.204503537315183
71,2012-07-08,111,1,2,3,ridge,,100.0,-8.240456830553434,-5.994288299384496,-13.311161769888864,-12.215497312426397
71,2012-07-14,112,1,2,3,ridge,,100.0,-12.231283617180784,-7.335724658361975,-13.28893465878334,-12.094193281152393
71,2012-07-17,113,1,2,3,ridge,,100.0,-7.863112808923288,-5.020162935449686,-13.32893809289615,-12.306685515267402
83,2012-06-29,124,1,2,3,ridge,,100.0,-13.150595982099484,-13.185851612534412,-14.576021263423648,-13.726107857220796
83,2012-07-14,125,1,2,3,ridge,,100.0,-10.781364360016564,-10.279583356930988,-14.579898347759771,-13.74682947042842
91,2012-06-22,126,1,2,3,ridge,,100.0,-13.79430023004177,-12.721885004018873,-13.45281552355399,-12.56072353336356
91,2012-06-25,127,1,2,3,ridge,,100.0,-16.252064078644956,-15.095063986983767,-13.420485642208716,-12.39645001388174
91,2012-07-05,128,1,2,3,ridge,,100.0,-11.946673251406857,-15.864027780720509,-13.444627927025248,-12.520147860005315
91,2012-07-08,129,1,2,3,ridge,,100.0,-14.420474970996455,-14.377502817334353,-13.431776240753514,-12.45517370887946
91,2012-07-17,130,1,2,3,ridge,,100.0,-12.823625166801548,-13.726729371774091,-13.450210979216157,-12.547877014310755
91,2012-07-19,131,1,2,3,ridge,,100.0,-14.006013749198562,-15.882035691137462,-13.42037744813623,-12.395878277037616
11,2012-06-22,14,1,2,4,ridge,,100.0,-15.919724111874036,-17.420730792104454,-11.996219297649972,-10.83189973524919
11,2012-06-27,15,1,2,4,ridge,,100.0,-16.04746594426725,-17.275701316646803,-11.929035065401644,-10.715809576972688
11,2012-06-29,16,1,2,4,ridge,,100.0,-17.025781539812208,-18.04468787035671,-11.877222710980295,-10.626100030575275
11,2012-07-10,17,1,2,4,ridge,,100.0,-17.604639607278372,-17.842659591269815,-11.84674740463461,-10.57324907151303
11,2012-07-17,18,1,2,4,ridge,,100.0,-14.18453518805826,-15.072913856790963,-11.990444880524908,-10.821931272530408
12,2012-06-22,33,1,2,4,ridge,,100.0,-12.945592837955164,-13.621175265774452,-13.711485113430406,-12.762665956809347
12,2012-06-27,34,1,2,4,ridge,,100.0,-12.863896772641066,-14.252905240550222,-13.656309401201465,-12.666986360513391
12,2012-06-29,35,1,2,4,ridge,,100.0,-14.492924226367006,-14.921340450348202,-13.680794880896686,-12.709473556660582
12,2012-07-08,36,1,2,4,ridge,,100.0,-14.914279673093365,-14.773522086284936,-13.619945843238098,-12.603799866038923
12,2012-07-10,37,1,2,4,ridge,,100.0,-15.09795788808382,-15.53251252603237,-13.672900680288507,-12.69578047743705
12,2012-07-17,38,1,2,4,ridge,,100.0,-13.089522506330766,-13.652175532794685,-13.751734952798863,-12.832333346060823
52,2012-06-22,79,1,2,4,ridge,,100.0,-13.45495696239713,-15.738081907796053,-13.476137286608141,-12.950474809429917
52,2012-06-29,80,1,2,4,ridge,,100.0,-16.041356891502684,-16.29966966543719,-13.276395773579596,-12.604952950337848
52,2012-07-08,81,1,2,4,ridge,,100.0,-13.337191112994962,-11.304804238666236,-13.291159690621498,-12.630580329142282
52,2012-07-10,82,1,2,4,ridge,,100.0,-14.71139542756748,-12.827360988564674,-13.195767903619297,-12.464666626069056
52,2012-07-17,83,1,2,4,ridge,,100.0,-8.618950020440854,-7.762089915864024,-13.3624291131086,-12.75407105193111
52,2012-07-19,84,1,2,4,ridge,,100.0,-13.32401009971738,-12.996658395943411,-13.240272669705075,-12.5421750010742
62,2012-06-22,100,1,2,4,ridge,,100.0,-10.947069858107426,-10.084005244347887,-11.92436154822713,-11.151652134147556
62,2012-06-25,101,1,2,4,ridge,,100.0,-12.930932965823189,-11.69193923190518,-11.69563978733261,-10.754908882022404
62,2012-06-29,102,1,2,4,ridge,,100.0,-13.647540229966118,-12.451741540356156,-11.656301829546596,-10.68620702814421
62,2012-07-08,103,1,2,4,ridge,,100.0,-13.005404455519416,-9.79925558948652,-11.737748409942915,-10.82826390163303
62,2012-07-10,104,1,2,4,ridge,,100.0,-14.217439125925395,-11.423573357529008,-11.695129648317938,-10.75401908215443
62,2012-07-17,105,1,2,4,ridge,,100.0,-12.70807262304178,-10.388332622162803,-11.851633851666527,-11.025897163360593
62,2012-07-19,106,1,2,4,ridge,,100.0,-15.750405278939866,-14.123873702288767,-11.728132923048795,-10.811528683895743
102,2012-06-22,0,1,2,1,ridge,,10000.0,-9.99305662822514,-8.79817877926706,-13.162469559040817,-12.637851774080609
102,2012-06-25,1,1,2,1,ridge,,10000.0,-12.531601150465749,-11.66376412888952,-13.151421557028677,-12.621508149420743
102,2012-06-29,2,1,2,1,ridge,,10000.0,-16.257897492533367,-15.208138461464548,-13.133787795057675,-12.5953174451947
102,2012-07-08,3,1,2,1,ridge,,10000.0,-10.129457779827602,-9.071938641334588,-13.128224514377065,-12.587002452121617
102,2012-07-10,4,1,2,1,ridge,,10000.0,-14.95434368762578,-14.112183043981709,-13.130293007200986,-12.590098499740598
102,2012-07-17,5,1,2,1,ridge,,10000.0,-5.014295508188514,-4.452412337847899,-13.129783653288909,-12.589336653312975
102,2012-07-19,6,1,2,1,ridge,,10000.0,-10.3251467740893,-11.06628687788346,-13.127890750769334,-12.586502316962608
111,2012-06-27,19,1,2,1,ridge,,10000.0,-15.147228418373352,-9.881794018641486,-13.137152027544204,-12.600619768591422
111,2012-07-08,20,1,2,1,ridge,,10000.0,-10.432732239997303,-7.011457229997938,-13.147860012618237,-12.616586626564397
111,2012-07-10,21,1,2,1,ridge,,10000.0,-12.332899347459149,-7.340003351417149,-13.136054924457074,-12.59897662304141
111,2012-07-19,22,1,2,1,ridge,,10000.0,-13.429778660777457,-11.904793601312772,-13.13591612163961,-12.598768610006484
112,2012-06-22,23,1,2,1,ridge,,10000.0,-16.789512402971386,-18.984197687028864,-13.138258581839402,-12.602888773962103
112,2012-06-25,24,1,2,1,ridge,,10000.0,-17.713046799178723,-19.529406845749364,-13.135435662414457,-12.598700386689723
112,2012-07-05,25,1,2,1,ridge,,10000.0,-15.269240391706376,-15.832742511880692,-13.130619535931503,-12.59154408584017
112,2012-07-08,26,1,2,1,ridge,,10000.0,-15.868211803986831,-15.9439617824927,-13.130650711850974,-12.591590459939281
42,2012-06-22,73,1,2,1,ridge,,10000.0,-14.561620721902148,-14.201966799335745,-13.167850850544783,-12.643188266457992
42,2012-06-25,74,1,2,1,ridge,,10000.0,-16.153608446963226,-15.565011635602495,-13.16142713122042,-12.633677110917237
42,2012-07-08,75,1,2,1,ridge,,10000.0,-17.86890291137946,-17.776520095428644,-13.142907031763988,-12.606133867596931
42,2012-07-10,76,1,2,1,ridge,,10000.0,-18.21143906581935,-18.30617756824163,-13.135027223923508,-12.594303814539453
42,2012-07-14,77,1,2,1,ridge,,10000.0,-16.095384428093947,-16.335096559717847,-13.154044781275527,-12.622725753542364
42,2012-07-17,78,1,2,1,ridge,,10000.0,-14.801847473829469,-15.583307282953209,-13.16922649113277,-12.645223469479257
61,2012-06-22,93,1,2,1,ridge,,10000.0,-11.307138591209124,-10.699103847173708,-13.12867209175477,-12.586637949415993
61,2012-06-25,94,1,2,1,ridge,,10000.0,-13.358854538113189,-12.281835560024907,-13.121041572289837,-12.575111521876389
61,2012-06-29,95,1,2,1,ridge,,10000.0,-14.258735753179286,-12.929838363897248,-13.11970785616007,-12.57307712940846
61,2012-07-08,96,1,2,1,ridge,,10000.0,-12.653243854103511,-10.41345274290406,-13.125273375960736,-12.581522716584017
61,2012-07-10,97,1,2,1,ridge,,10000.0,-14.196530364341184,-11.545773452581232,-13.121796788359395,-12.576260097289229
61,2012-07-17,98,1,2,1,ridge,,10000.0,-12.879880314149483,-11.29771365776737,-13.125452001718553,-12.581792189328516
61,2012-07-19,99,1,2,1,ridge,,10000.0,-15.889663878319602,-12.719370404847758,-13.12196118118642,-12.576509823522388
13,2012-06-22,39,1,2,2,ridge,,10000.0,-10.95121562728075,-10.836542679634643,-13.491745409227466,-13.017639188016453
13,2012-06-27,40,1,2,2,ridge,,10000.0,-12.223609920228132,-12.934752148036708,-13.491473030555774,-13.017208737128643
13,2012-06-29,41,1,2,2,ridge,,10000.0,-11.448270309198136,-11.2433082687523,-13.489824433345579,-13.014601117815614
13,2012-07-08,42,1,2,2,ridge,,10000.0,-11.321650078114684,-11.1656550129835,-13.488582770457429,-13.01263416366212
13,2012-07-10,43,1,2,2,ridge,,10000.0,-11.727868729384712,-11.935053682323652,-13.48792612175858,-13.011592714772897
13,2012-07-17,44,1,2,2,ridge,,10000.0,-11.82663223841094,-11.483975197550755,-13.490526331291068,-13.015711828115563
22,2012-06-22,51,1,2,2,ridge,,10000.0,-14.06874113337972,-14.071044446046743,-13.501932291450576,-13.033090011695212
22,2012-06-25,52,1,2,2,ridge,,10000.0,-14.018031173978704,-14.77165243150176,-13.499871981100899,-13.029837581882152
22,2012-06-29,53,1,2,2,ridge,,10000.0,-14.73472458342086,-15.474752085663306,-13.49775897574165,-13.026496387771079
22,2012-07-14,54,1,2,2,ridge,,10000.0,-14.429262660073372,-14.834682689018504,-13.498102419498895,-13.027039912508725
22,2012-07-17,55,1,2,2,ridge,,10000.0,-13.95505270639354,-12.9206874664521,-13.49928785366083,-13.028914560756341
32,2012-06-22,61,1,2,2,ridge,,10000.0,-15.06141043899014,-15.128490659381375,-13.508766508497548,-13.043231428958856
32,2012-06-25,62,1,2,2,ridge,,10000.0,-16.76615352729908,-16.21045729230626,-13.504820673252938,-13.037017240045069
32,2012-07-08,63,1,2,2,ridge,,10000.0,-19.51691196321064,-18.66502996569921,-13.494795960666986,-13.021150397014916
32,2012-07-10,64,1,2,2,ridge,,10000.0,-20.20667659920886,-19.288993971916742,-13.49477929428953,-13.02112384124081
32,2012-07-14,65,1,2,2,ridge,,10000.0,-17.739515725707594,-17.16765829163566,-13.501605866820393,-13.031945227589453
32,2012-07-17,66,1,2,2,ridge,,10000.0,-16.639945346572592,-14.987927440241748,-13.504751405296686,-13.036908056322032
72,2012-06-22,114,1,2,2,ridge,,10000.0,-9.156246315375464,-7.121824880330802,-13.483705340399172,-13.005272962581017
72,2012-06-27,115,1,2,2,ridge,,10000.0,-11.598774165532014,-9.739787261661805,-13.482251630781814,-13.002947713713963
72,2012-06-29,116,1,2,2,ridge,,10000.0,-11.694497047916627,-10.620512155280064,-13.481418958460758,-13.001610612966193
72,2012-07-05,117,1,2,2,ridge,,10000.0,-9.279994157479894,-6.1840522735730685,-13.484891583350576,-13.007163867951974
72,2012-07-08,118,1,2,2,ridge,,10000.0,-7.434985480666953,-4.951473364462895,-13.485564939724185,-13.008235153483685
72,2012-07-14,119,1,2,2,ridge,,10000.0,-11.38639094380066,-6.363423342248725,-13.481337330409344,-13.001479283425502
72,2012-07-17,120,1,2,2,ridge,,10000.0,-7.896576091932785,-5.316371130913266,-13.482985460855224,-13.004122758327457
81,2012-06-22,121,1,2,2,ridge,,10000.0,-9.587343732140498,-5.953072410726956,-13.489383806585712,-13.01385188616862
81,2012-06-27,122,1,2,2,ridge,,10000.0,-13.63439663913034,-8.63444576538804,-13.48608477383221,-13.008592727690473
81,2012-07-17,123,1,2,2,ridge,,10000.0,-8.981462326670332,-6.7381420816219775,-13.488620332223016,-13.012638069616717
113,2012-06-22,27,1,2,3,ridge,,10000.0,-13.904265705279988,-12.764677230796163,-13.602935123287411,-12.75748328475553
113,2012-06-25,28,1,2,3,ridge,,10000.0,-16.669071704883304,-15.628078749949356,-13.6001716771534,-12.750804269748333
113,2012-07-05,29,1,2,3,ridge,,10000.0,-13.78856756792369,-13.696217585568537,-13.59730849295267,-12.743866200552201
113,2012-07-08,30,1,2,3,ridge,,10000.0,-14.418687481499695,-13.97967004287996,-13.595855979363144,-12.740336922039889
113,2012-07-14,31,1,2,3,ridge,,10000.0,-16.398165435484163,-15.965865563125584,-13.593594903830933,-12.734825386352037
113,2012-07-17,32,1,2,3,ridge,,10000.0,-13.772013528373366,-13.330322847631932,-13.595856168091066,-12.740337381114713
53,2012-06-22,85,1,2,3,ridge,,10000.0,-11.59685403803788,-14.890521382506938,-13.581198720482147,-12.722294088527864
53,2012-06-29,86,1,2,3,ridge,,10000.0,-14.273258986856678,-15.844986252295593,-13.577296325867325,-12.7127769828618
53,2012-07-08,87,1,2,3,ridge,,10000.0,-11.837654265802229,-9.263246005952729,-13.576222140838476,-12.710141141890576
53,2012-07-10,88,1,2,3,ridge,,10000.0,-13.121221982705292,-10.563549725135724,-13.575373648732436,-12.708051954790744
53,2012-07-19,89,1,2,3,ridge,,10000.0,-9.430559470207992,-7.124290756308986,-13.57529843333725,-12.707866401400132
71,2012-06-22,107,1,2,3,ridge,,10000.0,-9.441352711283985,-15.826503794261775,-13.569318529797783,-12.701005463254097
71,2012-06-27,108,1,2,3,ridge,,10000.0,-11.830891628824627,-14.88965576948976,-13.56843589642188,-12.698828516784554
71,2012-06-29,109,1,2,3,ridge,,10000.0,-11.77120523725996,-14.980783625920942,-13.567746283112335,-12.69712110158478
71,2012-07-05,110,1,2,3,ridge,,10000.0,-9.126432085488725,-7.106911469422197,-13.569414122383312,-12.701240749304032
71,2012-07-08,111,1,2,3,ridge,,10000.0,-8.240456830553434,-5.994288299384496,-13.569582311583535,-12.701654511091881
71,2012-07-14,112,1,2,3,ridge,,10000.0,-12.231283617180784,-7.335724658361975,-13.567730638694133,-12.69708229045066
71,2012-07-17,113,1,2,3,ridge,,10000.0,-7.863112808923288,-5.020162935449686,-13.570979577951974,-12.705082790506603
83,2012-06-29,124,1,2,3,ridge,,10000.0,-13.150595982099484,-13.185851612534412,-13.594971414753436,-12.733337413335729
83,2012-07-14,125,1,2,3,ridge,,10000.0,-10.781364360016564,-10.279583356930988,-13.595288122787919,-12.734117795874685
91,2012-06-22,126,1,2,3,ridge,,10000.0,-13.79430023004177,-12.721885004018873,-13.5734540578055,-12.709854281180014
91,2012-06-25,127,1,2,3,ridge,,10000.0,-16.252064078644956,-15.095063986983767,-13.570935392121305,-12.703680838892616
91,2012-07-05,128,1,2,3,ridge,,10000.0,-11.946673251406857,-15.864027780720509,-13.572830941606039,-12.708331104205207
91,2012-07-08,129,1,2,3,ridge,,10000.0,-14.420474970996455,-14.377502817334353,-13.57183442826843,-12.705889890118723
91,2012-07-17,130,1,2,3,ridge,,10000.0,-12.823625166801548,-13.726729371774091,-13.573256714109368,-12.709372135038178
91,2012-07-19,131,1,2,3,ridge,,10000.0,-14.006013749198562,-15.882035691137462,-13.570926647663843,-12.703659317169437
11,2012-06-22,14,1,2,4,ridge,,10000.0,-15.919724111874036,-17.420730792104454,-13.094540591112683,-12.31993742647974
11,2012-06-27,15,1,2,4,ridge,,10000.0,-16.04746594426725,-17.275701316646803,-13.092012130933322,-12.316115139559257
11,2012-06-29,16,1,2,4,ridge,,10000.0,-17.025781539812208,-18.04468787035671,-13.090062712118119,-12.3131665989693
11,2012-07-10,17,1,2,4,ridge,,10000.0,-17.604639607278372,-17.842659591269815,-13.088916337708987,-12.311431932522579
11,2012-07-17,18,1,2,4,ridge,,10000.0,-14.18453518805826,-15.072913856790963,-13.094323245336433,-12.319608946174489
12,2012-06-22,33,1,2,4,ridge,,10000.0,-12.945592837955164,-13.621175265774452,-13.126563036910776,-12.356310313660952
12,2012-06-27,34,1,2,4,ridge,,10000.0,-12.863896772641066,-14.252905240550222,-13.124487498302456,-12.353169722904546
12,2012-06-29,35,1,2,4,ridge,,10000.0,-14.492924226367006,-14.921340450348202,-13.125408487000623,-12.354563551807995
12,2012-07-08,36,1,2,4,ridge,,10000.0,-14.914279673093365,-14.773522086284936,-13.123119988029913,-12.351099346861844
12,2012-07-10,37,1,2,4,ridge,,10000.0,-15.09795788808382,-15.53251252603237,-13.125111542851359,-12.354114198514077
12,2012-07-17,38,1,2,4,ridge,,10000.0,-13.089522506330766,-13.652175532794685,-13.128077485897666,-12.358600754716209
52,2012-06-22,79,1,2,4,ridge,,10000.0,-13.45495696239713,-15.738081907796053,-13.120806351265108,-12.357508562111954
52,2012-06-29,80,1,2,4,ridge,,10000.0,-16.041356891502684,-16.29966966543719,-13.113290238928169,-12.346143060562568
52,2012-07-08,81,1,2,4,ridge,,10000.0,-13.337191112994962,-11.304804238666236,-13.113845537799548,-12.346983532231203
52,2012-07-10,82,1,2,4,ridge,,10000.0,-14.71139542756748,-12.827360988564674,-13.110258633450236,-12.34155165898882
52,2012-07-17,83,1,2,4,ridge,,10000.0,-8.618950020440854,-7.762089915864024,-13.116526752405795,-12.351039746034779
52,2012-07-19,84,1,2,4,ridge,,10000.0,-13.32401009971738,-12.996658395943411,-13.111931798216599,-12.344086333892509
62,2012-06-22,100,1,2,4,ridge,,10000.0,-10.947069858107426,-10.084005244347887,-13.088844421289657,-12.31973034446644
62,2012-06-25,101,1,2,4,ridge,,10000.0,-12.930932965823189,-11.69193923190518,-13.080240966454042,-12.306711019040707
62,2012-06-29,102,1,2,4,ridge,,10000.0,-13.647540229966118,-12.451741540356156,-13.078762605136395,-12.304469760874087
62,2012-07-08,103,1,2,4,ridge,,10000.0,-13.005404455519416,-9.79925558948652,-13.081823990624205,-12.309109313751392
62,2012-07-10,104,1,2,4,ridge,,10000.0,-14.217439125925395,-11.423573357529008,-13.0802217916133,-12.306681959164383
62,2012-07-17,105,1,2,4,ridge,,10000.0,-12.70807262304178,-10.388332622162803,-13.086107583880123,-12.315592295044741
62,2012-07-19,106,1,2,4,ridge,,10000.0,-15.750405278939866,-14.123873702288767,-13.081462463124138,-12.308561732058442
102,2012-06-22,0,1,2,1,ridge_vwc,,0.0001,-9.99305662822514,-8.79817877926706,-14.243494985964753,-11.851726695243423
102,2012-06-25,1,1,2,1,ridge_vwc,,0.0001,-12.531601150465749,-11.66376412888952,-13.101983214799029,-11.929972526313641
102,2012-06-29,2,1,2,1,ridge_vwc,,0.0001,-16.257897492533367,-15.208138461464548,-12.059133583139854,-12.1604252797102
102,2012-07-08,3,1,2,1,ridge_vwc,,0.0001,-10.129457779827602,-9.071938641334588,-12.120140704907685,-12.23695825416461
102,2012-07-10,4,1,2,1,ridge_vwc,,0.0001,-14.95434368762578,-14.112183043981709,-12.065457383911374,-12.17855107537656
102,2012-07-17,5,1,2,1,ridge_vwc,,0.0001,-5.014295508188514,-4.452412337847899,-12.077559010755852,-12.128394746835541
102,2012-07-19,6,1,2,1,ridge_vwc,,0.0001,-10.3251467740893,-11.06628687788346,-12.135832161486661,-12.18318585726425
111,2012-06-27,19,1,2,1,ridge_vwc,,0.0001,-15.147228418373352,-9.881794018641486,-12.977363583833583,-13.455995703629082
111,2012-07-08,20,1,2,1,ridge_vwc,,0.0001,-10.432732239997303,-7.011457229997938,-13.150290583542063,-13.082940680544777
111,2012-07-10,21,1,2,1,ridge_vwc,,0.0001,-12.332899347459149,-7.340003351417149,-13.020037875639265,-13.344163496469944
111,2012-07-19,22,1,2,1,ridge_vwc,,0.0001,-13.429778660777457,-11.904793601312772,-13.029699788357277,-13.24943825251595
112,2012-06-22,23,1,2,1,ridge_vwc,,0.0001,-16.789512402971386,-18.984197687028864,-11.72392940348493,-10.811356562014188
112,2012-06-25,24,1,2,1,ridge_vwc,,0.0001,-17.713046799178723,-19.529406845749364,-11.524253235507564,-10.846347301464005
112,2012-07-05,25,1,2,1,ridge_vwc,,0.0001,-15.269240391706376,-15.832742511880692,-11.265600744765443,-10.838732285594217
112,2012-07-08,26,1,2,1,ridge_vwc,,0.0001,-15.868211803986831,-15.9439617824927,-11.266926704952008,-10.838202513968731
42,2012-06-22,73,1,2,1,ridge_vwc,,0.0001,-14.561620721902148,-14.201966799335745,-15.044789717532666,-13.260880148860826
42,2012-06-25,74,1,2,1,ridge_vwc,,0.0001,-16.153608446963226,-15.565011635602495,-14.4433175580409,-13.31652283104584
42,2012-07-08,75,1,2,1,ridge_vwc,,0.0001,-17.86890291137946,-17.776520095428644,-13.626073406447189,-13.374379272132082
42,2012-07-10,76,1,2,1,ridge_vwc,,0.0001,-18.21143906581935,-18.30617756824163,-14.101047250879441,-13.64035102133032
42,2012-07-14,77,1,2,1,ridge_vwc,,0.0001,-16.095384428093947,-16.335096559717847,-13.914884701720013,-13.215527737398807
42,2012-07-17,78,1,2,1,ridge_vwc,,0.0001,-14.801847473829469,-15.583307282953209,-15.193425497854207,-13.060715082264384
61,2012-06-22,93,1,2,1,ridge_vwc,,0.0001,-11.307138591209124,-10.699103847173708,-12.595396988195287,-11.974514519234319
61,2012-06-25,94,1,2,1,ridge_vwc,,0.0001,-13.358854538113189,-12.281835560024907,-13.580992921387377,-12.31776670967236
61,2012-06-29,95,1,2,1,ridge_vwc,,0.0001,-14.258735753179286,-12.929838363897248,-13.886898911965416,-12.720674032022423
61,2012-07-08,96,1,2,1,ridge_vwc,,0.0001,-12.653243854103511,-10.41345274290406,-12.906890627031283,-11.810073667587421
61,2012-07-10,97,1,2,1,ridge_vwc,,0.0001,-14.196530364341184,-11.545773452581232,-13.437753723923143,-11.979802074047768
61,2012-07-17,98,1,2,1,ridge_vwc,,0.0001,-12.879880314149483,-11.29771365776737,-12.87946453267898,-11.972194265233036
61,2012-07-19,99,1,2,1,ridge_vwc,,0.0001,-15.889663878319602,-12.719370404847758,-13.399118132465688,-12.14043577074159
13,2012-06-22,39,1,2,2,ridge_vwc,,0.0001,-10.95121562728075,-10.836542679634643,-13.517186172769717,-13.753022133550505
13,2012-06-27,40,1,2,2,ridge_vwc,,0.0001,-12.223609920228132,-12.934752148036708,-13.506814675587304,-13.784949540537731
13,2012-06-29,41,1,2,2,ridge_vwc,,0.0001,-11.448270309198136,-11.2433082687523,-13.407687650349152,-13.70905196236652
13,2012-07-08,42,1,2,2,ridge_vwc,,0.0001,-11.321650078114684,-11.1656550129835,-13.339663105958191,-13.647692588996552
13,2012-07-10,43,1,2,2,ridge_vwc,,0.0001,-11.727868729384712,-11.935053682323652,-13.303144783664898,-13.59245630639425
13,2012-07-17,44,1,2,2,ridge_vwc,,0.0001,-11.82663223841094,-11.483975197550755,-13.448743741113,-13.741884861469497
22,2012-06-22,51,1,2,2,ridge_vwc,,0.0001,-14.06874113337972,-14.071044446046743,-14.606404182860297,-15.036214252122273
22,2012-06-25,52,1,2,2,ridge_vwc,,0.0001,-14.018031173978704,-14.77165243150176,-14.475775254864462,-14.99826413522632
22,2012-06-29,53,1,2,2,ridge_vwc,,0.0001,-14.73472458342086,-15.474752085663306,-14.349255265445574,-14.919875453700406
22,2012-07-14,54,1,2,2,ridge_vwc,,0.0001,-14.429262660073372,-14.834682689018504,-14.363905239117276,-14.901722336115697
22,2012-07-17,55,1,2,2,ridge_vwc,,0.0001,-13.95505270639354,-12.9206874664521,-14.435580035097647,-14.952949452622054
32,2012-06-22,61,1,2,2,ridge_vwc,,0.0001,-15.06141043899014,-15.128490659381375,-14.903328207667524,-13.683897758262807
32,2012-06-25,62,1,2,2,ridge_vwc,,0.0001,-16.76615352729908,-16.21045729230626,-14.637612202863792,-13.742287917815164
32,2012-07-08,63,1,2,2,ridge_vwc,,0.0001,-19.51691196321064,-18.66502996569921,-14.066088955828732,-13.316297346567877
32,2012-07-10,64,1,2,2,ridge_vwc,,0.0001,-20.20667659920886,-19.288993971916742,-14.06529143826058,-13.313804380816997
32,2012-07-14,65,1,2,2,ridge_vwc,,0.0001,-17.739515725707594,-17.16765829163566,-14.450545702820055,-13.836416894051968
32,2012-07-17,66,1,2,2,ridge_vwc,,0.0001,-16.639945346572592,-14.987927440241748,-14.652882725290235,-13.869880926785273
72,2012-06-22,114,1,2,2,ridge_vwc,,0.0001,-9.156246315375464,-7.121824880330802,-13.04558110340266,-13.21379605753004
72,2012-06-27,115,1,2,2,ridge_vwc,,0.0001,-11.598774165532014,-9.739787261661805,-12.962145902902014,-12.767218812063797
72,2012-06-29,116,1,2,2,ridge_vwc,,0.0001,-11.694497047916627,-10.620512155280064,-12.933195374605173,-12.550779130036931
72,2012-07-05,117,1,2,2,ridge_vwc,,0.0001,-9.279994157479894,-6.1840522735730685,-12.969593468268926,-12.550595602518452
72,2012-07-08,118,1,2,2,ridge_vwc,,0.0001,-7.434985480666953,-4.951473364462895,-13.00352456622088,-12.636896050823704
72,2012-07-14,119,1,2,2,ridge_vwc,,0.0001,-11.38639094380066,-6.363423342248725,-12.75040159313684,-11.36958976792909
72,2012-07-17,120,1,2,2,ridge_vwc,,0.0001,-7.896576091932785,-5.316371130913266,-12.81095293353077,-11.770592896511948
81,2012-06-22,121,1,2,2,ridge_vwc,,0.0001,-9.587343732140498,-5.953072410726956,-13.460719459529484,-13.396905445685434
81,2012-06-27,122,1,2,2,ridge_vwc,,0.0001,-13.63439663913034,-8.63444576538804,-13.268526327274685,-12.642761625634353
81,2012-07-17,123,1,2,2,ridge_vwc,,0.0001,-8.981462326670332,-6.7381420816219775,-13.442376940489558,-13.441569087909537
113,2012-06-22,27,1,2,3,ridge_vwc,,0.0001,-13.904265705279988,-12.764677230796163,-15.330121507767586,-15.209611387102619
113,2012-06-25,28,1,2,3,ridge_vwc,,0.0001,-16.669071704883304,-15.628078749949356,-15.089311313600048,-14.930650232451764
113,2012-07-05,29,1,2,3,ridge_vwc,,0.0001,-13.78856756792369,-13.696217585568537,-14.986403698683581,-14.686919099011101
113,2012-07-08,30,1,2,3,ridge_vwc,,0.0001,-14.418687481499695,-13.97967004287996,-14.989976734519962,-14.605075092614173
113,2012-07-14,31,1,2,3,ridge_vwc,,0.0001,-16.398165435484163,-15.965865563125584,-15.154817255248252,-14.50943709727253
113,2012-07-17,32,1,2,3,ridge_vwc,,0.0001,-13.772013528373366,-13.330322847631932,-15.026360232140455,-14.575678672737004
53,2012-06-22,85,1,2,3,ridge_vwc,,0.0001,-11.59685403803788,-14.890521382506938,-13.426504907414541,-12.758110582213499
53,2012-06-29,86,1,2,3,ridge_vwc,,0.0001,-14.273258986856678,-15.844986252295593,-13.818109482756556,-12.54958932893467
53,2012-07-08,87,1,2,3,ridge_vwc,,0.0001,-11.837654265802229,-9.263246005952729,-15.198873767972247,-11.610301214744347
53,2012-07-10,88,1,2,3,ridge_vwc,,0.0001,-13.121221982705292,-10.563549725135724,-15.392901170298769,-11.658032906327392
53,2012-07-19,89,1,2,3,ridge_vwc,,0.0001,-9.430559470207992,-7.124290756308986,-14.604954091234697,-12.316149496539605
71,2012-06-22,107,1,2,3,ridge_vwc,,0.0001,-9.441352711283985,-15.826503794261775,-13.162438053593732,-12.059362452300723
71,2012-06-27,108,1,2,3,ridge_vwc,,0.0001,-11.830891628824627,-14.88965576948976,-13.440872308202012,-12.080743145938737
71,2012-06-29,109,1,2,3,ridge_vwc,,0.0001,-11.77120523725996,-14.980783625920942,-13.664247414034609,-12.15222991210469
71,2012-07-05,110,1,2,3,ridge_vwc,,0.0001,-9.126432085488725,-7.106911469422197,-13.409694858160131,-11.837284961377417
71,2012-07-08,111,1,2,3,ridge_vwc,,0.0001,-8.240456830553434,-5.994288299384496,-13.373740214448754,-11.829070784211774
71,2012-07-14,112,1,2,3,ridge_vwc,,0.0001,-12.231283617180784,-7.335724658361975,-14.082905924998826,-11.820323971013384
71,2012-07-17,113,1,2,3,ridge_vwc,,0.0001,-7.863112808923288,-5.020162935449686,-13.334054264231183,-11.634615810807105
83,2012-06-29,124,1,2,3,ridge_vwc,,0.0001,-13.150595982099484,-13.185851612534412,-16.079574628631786,-15.106294749223036
83,2012-07-14,125,1,2,3,ridge_vwc,,0.0001,-10.781364360016564,-10.279583356930988,-16.447367719504225,-14.727520245272492
91,2012-06-22,126,1,2,3,ridge_vwc,,0.0001,-13.79430023004177,-12.721885004018873,-13.082080562476934,-12.24131297224735
91,2012-06-25,127,1,2,3,ridge_vwc,,0.0001,-16.252064078644956,-15.095063986983767,-13.462181228532867,-12.285512102483523
91,2012-07-05,128,1,2,3,ridge_vwc,,0.0001,-11.946673251406857,-15.864027780720509,-13.046842954067412,-12.31914649127902
91,2012-07-08,129,1,2,3,ridge_vwc,,0.0001,-14.420474970996455,-14.377502817334353,-13.18805726032767,-12.332067923700647
91,2012-07-17,130,1,2,3,ridge_vwc,,0.0001,-12.823625166801548,-13.726729371774091,-12.864624972838964,-12.430391153463082
91,2012-07-19,131,1,2,3,ridge_vwc,,0.0001,-14.006013749198562,-15.882035691137462,-13.227738892836884,-12.47699269761305
11,2012-06-22,14,1,2,4,ridge_vwc,,0.0001,-15.919724111874036,-17.420730792104454,-10.746046901875495,-9.70207665306571
11,2012-06-27,15,1,2,4,ridge_vwc,,0.0001,-16.04746594426725,-17.275701316646803,-10.714549995882333,-9.621882535459637
11,2012-06-29,16,1,2,4,ridge_vwc,,0.0001,-17.025781539812208,-18.04468787035671,-10.694488034979686,-9.56191950939477
11,2012-07-10,17,1,2,4,ridge_vwc,,0.0001,-17.604639607278372,-17.842659591269815,-10.682453594091946,-9.497157867282425
11,2012-07-17,18,1,2,4,ridge_vwc,,0.0001,-14.18453518805826,-15.072913856790963,-10.733051098198946,-9.557350263685155
12,2012-06-22,33,1,2,4,ridge_vwc,,0.0001,-12.945592837955164,-13.621175265774452,-14.778167956085923,-14.643938906628383
12,2012-06-27,34,1,2,4,ridge_vwc,,0.0001,-12.863896772641066,-14.252905240550222,-14.760463030608811,-14.584816999777699
12,2012-06-29,35,1,2,4,ridge_vwc,,0.0001,-14.492924226367006,-14.921340450348202,-14.767919962770652,-14.613987427393775
12,2012-07-08,36,1,2,4,ridge_vwc,,0.0001,-14.914279673093365,-14.773522086284936,-14.751428661535153,-14.542057187125618
12,2012-07-10,37,1,2,4,ridge_vwc,,0.0001,-15.09795788808382,-15.53251252603237,-14.765507005993635,-14.605987507744029
12,2012-07-17,38,1,2,4,ridge_vwc,,0.0001,-13.089522506330766,-13.652175532794685,-14.792045457477949,-14.660226458633622
52,2012-06-22,79,1,2,4,ridge_vwc,,0.0001,-13.45495696239713,-15.738081907796053,-14.444526189837697,-15.266904963880105
52,2012-06-29,80,1,2,4,ridge_vwc,,0.0001,-16.041356891502684,-16.29966966543719,-14.35865662695485,-15.017032605926829
52,2012-07-08,81,1,2,4,ridge_vwc,,0.0001,-13.337191112994962,-11.304804238666236,-14.339918383096963,-14.719609381290484
52,2012-07-10,82,1,2,4,ridge_vwc,,0.0001,-14.71139542756748,-12.827360988564674,-14.319420507486686,-14.602445029457007
52,2012-07-17,83,1,2,4,ridge_vwc,,0.0001,-8.618950020440854,-7.762089915864024,-14.325052513212498,-14.249913494770057
52,2012-07-19,84,1,2,4,ridge_vwc,,0.0001,-13.32401009971738,-12.996658395943411,-14.286319880925758,-14.105014140065663
62,2012-06-22,100,1,2,4,ridge_vwc,,0.0001,-10.947069858107426,-10.084005244347887,-11.093007027104331,-11.065837871826101
62,2012-06-25,101,1,2,4,ridge_vwc,,0.0001,-12.930932965823189,-11.69193923190518,-11.02039672551928,-10.794569482401037
62,2012-06-29,102,1,2,4,ridge_vwc,,0.0001,-13.647540229966118,-12.451741540356156,-11.00201571048879,-10.523340870085988
62,2012-07-08,103,1,2,4,ridge_vwc,,0.0001,-13.005404455519416,-9.79925558948652,-10.949895350379066,-9.794063358204527
62,2012-07-10,104,1,2,4,ridge_vwc,,0.0001,-14.217439125925395,-11.423573357529008,-10.943338148677629,-9.740646605114595
62,2012-07-17,105,1,2,4,ridge_vwc,,0.0001,-12.70807262304178,-10.388332622162803,-10.730433777443057,-6.459475894139341
62,2012-07-19,106,1,2,4,ridge_vwc,,0.0001,-15.750405278939866,-14.123873702288767,-10.69435137048697,-6.311715370317623
102,2012-06-22,0,1,2,1,ridge_vwc,,0.01,-9.99305662822514,-8.79817877926706,-14.213111099200255,-11.84745113702785
102,2012-06-25,1,1,2,1,ridge_vwc,,0.01,-12.531601150465749,-11.66376412888952,-13.088539050168844,-11.928256667442458
102,2012-06-29,2,1,2,1,ridge_vwc,,0.01,-16.257897492533367,-15.208138461464548,-12.063132689090054,-12.161237347708852
102,2012-07-08,3,1,2,1,ridge_vwc,,0.01,-10.129457779827602,-9.071938641334588,-12.12491182614302,-12.237805403785865
102,2012-07-10,4,1,2,1,ridge_vwc,,0.01,-14.95434368762578,-14.112183043981709,-12.070372926054866,-12.179458178409497
102,2012-07-17,5,1,2,1,ridge_vwc,,0.01,-5.014295508188514,-4.452412337847899,-12.082549763952741,-12.129312480406151
102,2012-07-19,6,1,2,1,ridge_vwc,,0.01,-10.3251467740893,-11.06628687788346,-12.14058905419421,-12.18403218992836
111,2012-06-27,19,1,2,1,ridge_vwc,,0.01,-15.147228418373352,-9.881794018641486,-12.981733479647433,-13.456650421475686
111,2012-07-08,20,1,2,1,ridge_vwc,,0.01,-10.432732239997303,-7.011457229997938,-13.149986204539548,-13.083040775852009
111,2012-07-10,21,1,2,1,ridge_vwc,,0.01,-12.332899347459149,-7.340003351417149,-13.024374084387315,-13.344810038984313
111,2012-07-19,22,1,2,1,ridge_vwc,,0.01,-13.429778660777457,-11.904793601312772,-13.034097754846494,-13.250103823016081
112,2012-06-22,23,1,2,1,ridge_vwc,,0.01,-16.789512402971386,-18.984197687028864,-11.717572004400079,-10.810845749025859
112,2012-06-25,24,1,2,1,ridge_vwc,,0.01,-17.713046799178723,-19.529406845749364,-11.52108761229966,-10.84630571681584
112,2012-07-05,25,1,2,1,ridge_vwc,,0.01,-15.269240391706376,-15.832742511880692,-11.266985170181629,-10.839354908632362
112,2012-07-08,26,1,2,1,ridge_vwc,,0.01,-15.868211803986831,-15.9439617824927,-11.268286743309798,-10.838821721208944
42,2012-06-22,73,1,2,1,ridge_vwc,,0.01,-14.561620721902148,-14.201966799335745,-15.02608398246231,-13.258191861639315
42,2012-06-25,74,1,2,1,ridge_vwc,,0.01,-16.153608446963226,-15.565011635602495,-14.433692202103881,-13.315197803914112
42,2012-07-08,75,1,2,1,ridge_vwc,,0.01,-17.86890291137946,-17.776520095428644,-13.631668423329504,-13.37523155288102
42,2012-07-10,76,1,2,1,ridge_vwc,,0.01,-18.21143906581935,-18.30617756824163,-14.102797658482654,-13.640439218694596
42,2012-07-14,77,1,2,1,ridge_vwc,,0.01,-16.095384428093947,-16.335096559717847,-13.913963159874655,-13.215509812699217
42,2012-07-17,78,1,2,1,ridge_vwc,,0.01,-14.801847473829469,-15.583307282953209,-15.172809835805056,-13.057762460457441
61,2012-06-22,93,1,2,1,ridge_vwc,,0.01,-11.307138591209124,-10.699103847173708,-12.600216879836358,-11.975359911030832
61,2012-06-25,94,1,2,1,ridge_vwc,,0.01,-13.358854538113189,-12.281835560024907,-13.575595737613344,-12.31681621683805
61,2012-06-29,95,1,2,1,ridge_vwc,,0.01,-14.258735753179286,-12.929838363897248,-13.877595954051722,-12.719028070876197
61,2012-07-08,96,1,2,1,ridge_vwc,,0.01,-12.653243854103511,-10.41345274290406,-12.909167989853737,-11.810479740589592
61,2012-07-10,97,1,2,1,ridge_vwc,,0.01,-14.196530364341184,-11.545773452581232,-13.434365309050722,-11.979225565748516
61,2012-07-17,98,1,2,1,ridge_vwc,,0.01,-12.879880314149483,-11.29771365776737,-12.881785336600405,-11.972590941884892
61,2012-07-19,99,1,2,1,ridge_vwc,,0.01,-15.889663878319602,-12.719370404847758,-13.395915300626841,-12.139872728175135
13,2012-06-22,39,1,2,2,ridge_vwc,,0.01,-10.95121562728075,-10.836542679634643,-13.517499420004997,-13.750423321307467
13,2012-06-27,40,1,2,2,ridge_vwc,,0.01,-12.223609920228132,-12.934752148036708,-13.507139052322927,-13.782251887190005
13,2012-06-29,41,1,2,2,ridge_vwc,,0.01,-11.448270309198136,-11.2433082687523,-13.408061523082612,-13.70597856062577
13,2012-07-08,42,1,2,2,ridge_vwc,,0.01,-11.321650078114684,-11.1656550129835,-13.340034825771022,-13.644662468797756
13,2012-07-10,43,1,2,2,ridge_vwc,,0.01,-11.727868729384712,-11.935053682323652,-13.303500074852382,-13.589581506604254
13,2012-07-17,44,1,2,2,ridge_vwc,,0.01,-11.82663223841094,-11.483975197550755,-13.449103196599815,-13.738916413968802
22,2012-06-22,51,1,2,2,ridge_vwc,,0.01,-14.06874113337972,-14.071044446046743,-14.60643445296977,-15.034881930021438
22,2012-06-25,52,1,2,2,ridge_vwc,,0.01,-14.018031173978704,-14.77165243150176,-14.475949627722512,-14.995768220561454
22,2012-06-29,53,1,2,2,ridge_vwc,,0.01,-14.73472458342086,-15.474752085663306,-14.349505315892952,-14.916791759278011
22,2012-07-14,54,1,2,2,ridge_vwc,,0.01,-14.429262660073372,-14.834682689018504,-14.364150406892254,-14.898681649987413
22,2012-07-17,55,1,2,2,ridge_vwc,,0.01,-13.95505270639354,-12.9206874664521,-14.435784773968551,-14.950219778908215
32,2012-06-22,61,1,2,2,ridge_vwc,,0.01,-15.06141043899014,-15.128490659381375,-14.902713655845545,-13.688189029318117
32,2012-06-25,62,1,2,2,ridge_vwc,,0.01,-16.76615352729908,-16.21045729230626,-14.637463081592848,-13.742752101023084
32,2012-07-08,63,1,2,2,ridge_vwc,,0.01,-19.51691196321064,-18.66502996569921,-14.066099378232297,-13.315632844143343
32,2012-07-10,64,1,2,2,ridge_vwc,,0.01,-20.20667659920886,-19.288993971916742,-14.06529986673545,-13.313157127222365
32,2012-07-14,65,1,2,2,ridge_vwc,,0.01,-17.739515725707594,-17.16765829163566,-14.450653097241107,-13.834761550760705
32,2012-07-17,66,1,2,2,ridge_vwc,,0.01,-16.639945346572592,-14.987927440241748,-14.65273473667208,-13.87030059359053
72,2012-06-22,114,1,2,2,ridge_vwc,,0.01,-9.156246315375464,-7.121824880330802,-13.045713749873302,-13.212926223379842
72,2012-06-27,115,1,2,2,ridge_vwc,,0.01,-11.598774165532014,-9.739787261661805,-12.961996576654066,-12.76880840040147
72,2012-06-29,116,1,2,2,ridge_vwc,,0.01,-11.694497047916627,-10.620512155280064,-12.932813614174673,-12.554351210424402
72,2012-07-05,117,1,2,2,ridge_vwc,,0.01,-9.279994157479894,-6.1840522735730685,-12.969916663344543,-12.548331976249468
72,2012-07-08,118,1,2,2,ridge_vwc,,0.01,-7.434985480666953,-4.951473364462895,-13.00390747668477,-12.63411141728165
72,2012-07-14,119,1,2,2,ridge_vwc,,0.01,-11.38639094380066,-6.363423342248725,-12.750046619436457,-11.373271535429478
72,2012-07-17,120,1,2,2,ridge_vwc,,0.01,-7.896576091932785,-5.316371130913266,-12.811018416579381,-11.770684871383567
81,2012-06-22,121,1,2,2,ridge_vwc,,0.01,-9.587343732140498,-5.953072410726956,-13.461045227182526,-13.394102562718004
81,2012-06-27,122,1,2,2,ridge_vwc,,0.01,-13.63439663913034,-8.63444576538804,-13.268435314073418,-12.643628038847131
81,2012-07-17,123,1,2,2,ridge_vwc,,0.01,-8.981462326670332,-6.7381420816219775,-13.442639673816998,-13.439278597866888
113,2012-06-22,27,1,2,3,ridge_vwc,,0.01,-13.904265705279988,-12.764677230796163,-15.326770516264961,-15.207877671132364
113,2012-06-25,28,1,2,3,ridge_vwc,,0.01,-16.669071704883304,-15.628078749949356,-15.089430890837171,-14.930655140811426
113,2012-07-05,29,1,2,3,ridge_vwc,,0.01,-13.78856756792369,-13.696217585568537,-14.988593880035745,-14.687961939666124
113,2012-07-08,30,1,2,3,ridge_vwc,,0.01,-14.418687481499695,-13.97967004287996,-14.992362257898412,-14.606212160951667
113,2012-07-14,31,1,2,3,ridge_vwc,,0.01,-16.398165435484163,-15.965865563125584,-15.156044840265423,-14.50999210386858
113,2012-07-17,32,1,2,3,ridge_vwc,,0.01,-13.772013528373366,-13.330322847631932,-15.028821790322032,-14.576860935636798
53,2012-06-22,85,1,2,3,ridge_vwc,,0.01,-11.59685403803788,-14.890521382506938,-13.429237104412387,-12.759545392130876
53,2012-06-29,86,1,2,3,ridge_vwc,,0.01,-14.273258986856678,-15.844986252295593,-13.818584988948048,-12.549903753335807
53,2012-07-08,87,1,2,3,ridge_vwc,,0.01,-11.837654265802229,-9.263246005952729,-15.19974546446006,-11.611040323884508
53,2012-07-10,88,1,2,3,ridge_vwc,,0.01,-13.121221982705292,-10.563549725135724,-15.39148475883806,-11.657618282782325
53,2012-07-19,89,1,2,3,ridge_vwc,,0.01,-9.430559470207992,-7.124290756308986,-14.601616675616729,-12.314614129460315
71,2012-06-22,107,1,2,3,ridge_vwc,,0.01,-9.441352711283985,-15.826503794261775,-13.160563062182364,-12.058458346976
71,2012-06-27,108,1,2,3,ridge_vwc,,0.01,-11.830891628824627,-14.88965576948976,-13.436401059335285,-12.078539843401881
71,2012-06-29,109,1,2,3,ridge_vwc,,0.01,-11.77120523725996,-14.980783625920942,-13.657094499265812,-12.148675286603986
71,2012-07-05,110,1,2,3,ridge_vwc,,0.01,-9.126432085488725,-7.106911469422197,-13.408631161021159,-11.836840529297545
71,2012-07-08,111,1,2,3,ridge_vwc,,0.01,-8.240456830553434,-5.994288299384496,-13.37309870882862,-11.828839266324064
71,2012-07-14,112,1,2,3,ridge_vwc,,0.01,-12.231283617180784,-7.335724658361975,-14.07654834764006,-11.81724821986236
71,2012-07-17,113,1,2,3,ridge_vwc,,0.01,-7.863112808923288,-5.020162935449686,-13.33653194248554,-11.635994983900792
83,2012-06-29,124,1,2,3,ridge_vwc,,0.01,-13.150595982099484,-13.185851612534412,-16.07577853730449,-15.104269436238798
83,2012-07-14,125,1,2,3,ridge_vwc,,0.01,-10.781364360016564,-10.279583356930988,-16.445403628883405,-14.726502314240374
91,2012-06-22,126,1,2,3,ridge_vwc,,0.01,-13.79430023004177,-12.721885004018873,-13.088478661763691,-12.244490721060595
91,2012-06-25,127,1,2,3,ridge_vwc,,0.01,-16.252064078644956,-15.095063986983767,-13.464238462679909,-12.286498511904387
91,2012-07-05,128,1,2,3,ridge_vwc,,0.01,-11.946673251406857,-15.864027780720509,-13.052317231418487,-12.321838483890053
91,2012-07-08,129,1,2,3,ridge_vwc,,0.01,-14.420474970996455,-14.377502817334353,-13.191928873163414,-12.333950678669346
91,2012-07-17,130,1,2,3,ridge_vwc,,0.01,-12.823625166801548,-13.726729371774091,-12.870325057400171,-12.433172070672583
91,2012-07-19,131,1,2,3,ridge_vwc,,0.01,-14.006013749198562,-15.882035691137462,-13.229279538800723,-12.477674095817855
11,2012-06-22,14,1,2,4,ridge_vwc,,0.01,-15.919724111874036,-17.420730792104454,-10.74641697099874,-9.702347998042388
11,2012-06-27,15,1,2,4,ridge_vwc,,0.01,-16.04746594426725,-17.275701316646803,-10.714667367659112,-9.62219408696409
11,2012-06-29,16,1,2,4,ridge_vwc,,0.01,-17.025781539812208,-18.04468787035671,-10.69435415702423,-9.56227617641646
11,2012-07-10,17,1,2,4,ridge_vwc,,0.01,-17.604639607278372,-17.842659591269815,-10.682156130625057,-9.497552437881742
11,2012-07-17,18,1,2,4,ridge_vwc,,0.01,-14.18453518805826,-15.072913856790963,-10.733450788904301,-9.557645822206114
12,2012-06-22,33,1,2,4,ridge_vwc,,0.01,-12.945592837955164,-13.621175265774452,-14.77734471505578,-14.643569062676416
12,2012-06-27,34,1,2,4,ridge_vwc,,0.01,-12.863896772641066,-14.252905240550222,-14.759325445734552,-14.584506126265747
12,2012-06-29,35,1,2,4,ridge_vwc,,0.01,-14.492924226367006,-14.921340450348202,-14.766929212244476,-14.613647763244115
12,2012-07-08,36,1,2,4,ridge_vwc,,0.01,-14.914279673093365,-14.773522086284936,-14.750045593063676,-14.541796020675143
12,2012-07-10,37,1,2,4,ridge_vwc,,0.01,-15.09795788808382,-15.53251252603237,-14.764469940354036,-14.605656514040378
12,2012-07-17,38,1,2,4,ridge_vwc,,0.01,-13.089522506330766,-13.652175532794685,-14.791421137783125,-14.659828079605647
52,2012-06-22,79,1,2,4,ridge_vwc,,0.01,-13.45495696239713,-15.738081907796053,-14.444331325016359,-15.266231560627928
52,2012-06-29,80,1,2,4,ridge_vwc,,0.01,-16.041356891502684,-16.29966966543719,-14.357597266852123,-15.016510834952689
52,2012-07-08,81,1,2,4,ridge_vwc,,0.01,-13.337191112994962,-11.304804238666236,-14.33906108638961,-14.719118676268554
52,2012-07-10,82,1,2,4,ridge_vwc,,0.01,-14.71139542756748,-12.827360988564674,-14.317872420381399,-14.602098056546883
52,2012-07-17,83,1,2,4,ridge_vwc,,0.01,-8.618950020440854,-7.762089915864024,-14.324763437080463,-14.249439509908449
52,2012-07-19,84,1,2,4,ridge_vwc,,0.01,-13.32401009971738,-12.996658395943411,-14.285319505919425,-14.104678141095865
62,2012-06-22,100,1,2,4,ridge_vwc,,0.01,-10.947069858107426,-10.084005244347887,-11.093300251897286,-11.065757734273266
62,2012-06-25,101,1,2,4,ridge_vwc,,0.01,-12.930932965823189,-11.69193923190518,-11.019359367116952,-10.794747378233845
62,2012-06-29,102,1,2,4,ridge_vwc,,0.01,-13.647540229966118,-12.451741540356156,-11.000685117230177,-10.523635237343932
62,2012-07-08,103,1,2,4,ridge_vwc,,0.01,-13.005404455519416,-9.79925558948652,-10.949568558452931,-9.794332731432347
62,2012-07-10,104,1,2,4,ridge_vwc,,0.01,-14.217439125925395,-11.423573357529008,-10.942666621490904,-9.740989793225914
62,2012-07-17,105,1,2,4,ridge_vwc,,0.01,-12.70807262304178,-10.388332622162803,-10.732015887101763,-6.460151214125806
62,2012-07-19,106,1,2,4,ridge_vwc,,0.01,-15.750405278939866,-14.123873702288767,-10.695171640673957,-6.312541549688953
102,2012-06-22,0,1,2,1,ridge_vwc,,1.0,-9.99305662822514,-8.79817877926706,-12.907605586898502,-11.700053301994307
102,2012-06-25,1,1,2,1,ridge_vwc,,1.0,-12.531601150465749,-11.66376412888952,-12.521198523768035,-11.881928368013988
102,2012-06-29,2,1,2,1,ridge_vwc,,1.0,-16.257897492533367,-15.208138461464548,-12.25085685366008,-12.20760871653222
102,2012-07-08,3,1,2,1,ridge_vwc,,1.0,-10.129457779827602,-9.071938641334588,-12.342108158532973,-12.28012807840757
102,2012-07-10,4,1,2,1,ridge_vwc,,1.0,-14.95434368762578,-14.112183043981709,-12.295591707742938,-12.226655531082868
102,2012-07-17,5,1,2,1,ridge_vwc,,1.0,-5.014295508188514,-4.452412337847899,-12.310558384652072,-12.176813984372972
102,2012-07-19,6,1,2,1,ridge_vwc,,1.0,-10.3251467740893,-11.06628687788346,-12.356771561703825,-12.226342961974265
111,2012-06-27,19,1,2,1,ridge_vwc,,1.0,-15.147228418373352,-9.881794018641486,-13.174943591110804,-13.482546363630544
111,2012-07-08,20,1,2,1,ridge_vwc,,1.0,-10.432732239997303,-7.011457229997938,-13.14536476181552,-13.096860685515088
111,2012-07-10,21,1,2,1,ridge_vwc,,1.0,-12.332899347459149,-7.340003351417149,-13.214951960533307,-13.37002853102868
111,2012-07-19,22,1,2,1,ridge_vwc,,1.0,-13.429778660777457,-11.904793601312772,-13.227102876475996,-13.276606980460402
112,2012-06-22,23,1,2,1,ridge_vwc,,1.0,-16.789512402971386,-18.984197687028864,-11.466194777407885,-10.821163435745056
112,2012-06-25,24,1,2,1,ridge_vwc,,1.0,-17.713046799178723,-19.529406845749364,-11.408202474314276,-10.874291430899873
112,2012-07-05,25,1,2,1,ridge_vwc,,1.0,-15.269240391706376,-15.832742511880692,-11.350744872867004,-10.891947994659596
112,2012-07-08,26,1,2,1,ridge_vwc,,1.0,-15.868211803986831,-15.9439617824927,-11.350995965758315,-10.891297639729334
42,2012-06-22,73,1,2,1,ridge_vwc,,1.0,-14.561620721902148,-14.201966799335745,-14.215930785142575,-13.160857144828709
42,2012-06-25,74,1,2,1,ridge_vwc,,1.0,-16.153608446963226,-15.565011635602495,-14.018824414594937,-13.271109820137553
42,2012-07-08,75,1,2,1,ridge_vwc,,1.0,-17.86890291137946,-17.776520095428644,-13.872704049044804,-13.40878946749164
42,2012-07-10,76,1,2,1,ridge_vwc,,1.0,-18.21143906581935,-18.30617756824163,-14.167995581313571,-13.631784355785658
42,2012-07-14,77,1,2,1,ridge_vwc,,1.0,-16.095384428093947,-16.335096559717847,-13.876652913482532,-13.222299703872443
42,2012-07-17,78,1,2,1,ridge_vwc,,1.0,-14.801847473829469,-15.583307282953209,-14.279177792925509,-12.951385934488155
61,2012-06-22,93,1,2,1,ridge_vwc,,1.0,-11.307138591209124,-10.699103847173708,-12.81353933834772,-12.016157449521407
61,2012-06-25,94,1,2,1,ridge_vwc,,1.0,-13.358854538113189,-12.281835560024907,-13.332270367568036,-12.270130824421916
61,2012-06-29,95,1,2,1,ridge_vwc,,1.0,-14.258735753179286,-12.929838363897248,-13.461566342918518,-12.638295040225731
61,2012-07-08,96,1,2,1,ridge_vwc,,1.0,-12.653243854103511,-10.41345274290406,-13.007102917612611,-11.8299954157842
61,2012-07-10,97,1,2,1,ridge_vwc,,1.0,-14.196530364341184,-11.545773452581232,-13.279674249837754,-11.951629108163411
61,2012-07-17,98,1,2,1,ridge_vwc,,1.0,-12.879880314149483,-11.29771365776737,-12.982096256751808,-11.990864859849527
61,2012-07-19,99,1,2,1,ridge_vwc,,1.0,-15.889663878319602,-12.719370404847758,-13.249856949351166,-12.112028200897583
13,2012-06-22,39,1,2,2,ridge_vwc,,1.0,-10.95121562728075,-10.836542679634643,-13.532101008054864,-13.631570950123347
13,2012-06-27,40,1,2,2,ridge_vwc,,1.0,-12.223609920228132,-12.934752148036708,-13.52224528402933,-13.658664824772316
13,2012-06-29,41,1,2,2,ridge_vwc,,1.0,-11.448270309198136,-11.2433082687523,-13.425647487087844,-13.565652070560319
13,2012-07-08,42,1,2,2,ridge_vwc,,1.0,-11.321650078114684,-11.1656550129835,-13.35771388690509,-13.506065421979567
13,2012-07-10,43,1,2,2,ridge_vwc,,1.0,-11.727868729384712,-11.935053682323652,-13.320558428509784,-13.457887687544053
13,2012-07-17,44,1,2,2,ridge_vwc,,1.0,-11.82663223841094,-11.483975197550755,-13.465933102896432,-13.60330061795169
22,2012-06-22,51,1,2,2,ridge_vwc,,1.0,-14.06874113337972,-14.071044446046743,-14.60196295008809,-14.966052346788814
22,2012-06-25,52,1,2,2,ridge_vwc,,1.0,-14.018031173978704,-14.77165243150176,-14.47823713968119,-14.875138024034664
22,2012-06-29,53,1,2,2,ridge_vwc,,1.0,-14.73472458342086,-15.474752085663306,-14.355506781345639,-14.76989999870835
22,2012-07-14,54,1,2,2,ridge_vwc,,1.0,-14.429262660073372,-14.834682689018504,-14.369909233802757,-14.754004123300493
22,2012-07-17,55,1,2,2,ridge_vwc,,1.0,-13.95505270639354,-12.9206874664521,-14.439545216882614,-14.81939554757938
32,2012-06-22,61,1,2,2,ridge_vwc,,1.0,-15.06141043899014,-15.128490659381375,-14.869219738798549,-13.881932752326724
32,2012-06-25,62,1,2,2,ridge_vwc,,1.0,-16.76615352729908,-16.21045729230626,-14.625344469395618,-13.766156516486548
32,2012-07-08,63,1,2,2,ridge_vwc,,1.0,-19.51691196321064,-18.66502996569921,-14.062651217495684,-13.287645423015697
32,2012-07-10,64,1,2,2,ridge_vwc,,1.0,-20.20667659920886,-19.288993971916742,-14.061765776123087,-13.285937013984785
32,2012-07-14,65,1,2,2,ridge_vwc,,1.0,-17.739515725707594,-17.16765829163566,-14.450377217156923,-13.762783115934893
32,2012-07-17,66,1,2,2,ridge_vwc,,1.0,-16.639945346572592,-14.987927440241748,-14.640565358882613,-13.890690690143433
72,2012-06-22,114,1,2,2,ridge_vwc,,1.0,-9.156246315375464,-7.121824880330802,-13.053857885845558,-13.16905747753724
72,2012-06-27,115,1,2,2,ridge_vwc,,1.0,-11.598774165532014,-9.739787261661805,-12.95796956341544,-12.83557021905889
72,2012-06-29,116,1,2,2,ridge_vwc,,1.0,-11.694497047916627,-10.620512155280064,-12.918583063203034,-12.709316596228563
72,2012-07-05,117,1,2,2,ridge_vwc,,1.0,-9.279994157479894,-6.1840522735730685,-12.987091363920063,-12.449327928473217
72,2012-07-08,118,1,2,2,ridge_vwc,,1.0,-7.434985480666953,-4.951473364462895,-13.0236263716101,-12.511932612599503
72,2012-07-14,119,1,2,2,ridge_vwc,,1.0,-11.38639094380066,-6.363423342248725,-12.738046867013136,-11.542499608372216
72,2012-07-17,120,1,2,2,ridge_vwc,,1.0,-7.896576091932785,-5.316371130913266,-12.81745228103211,-11.780200253365642
81,2012-06-22,121,1,2,2,ridge_vwc,,1.0,-9.587343732140498,-5.953072410726956,-13.475454138558325,-13.267243584101267
81,2012-06-27,122,1,2,2,ridge_vwc,,1.0,-13.63439663913034,-8.63444576538804,-13.265062315519554,-12.681927289074594
81,2012-07-17,123,1,2,2,ridge_vwc,,1.0,-8.981462326670332,-6.7381420816219775,-13.4542522982929,-13.334115687836992
113,2012-06-22,27,1,2,3,ridge_vwc,,1.0,-13.904265705279988,-12.764677230796163,-15.173492194873718,-15.12592720105489
113,2012-06-25,28,1,2,3,ridge_vwc,,1.0,-16.669071704883304,-15.628078749949356,-15.087105626112416,-14.92391502838387
113,2012-07-05,29,1,2,3,ridge_vwc,,1.0,-13.78856756792369,-13.696217585568537,-15.075473083371591,-14.725729348580234
113,2012-07-08,30,1,2,3,ridge_vwc,,1.0,-14.418687481499695,-13.97967004287996,-15.087079889985821,-14.647529714974493
113,2012-07-14,31,1,2,3,ridge_vwc,,1.0,-16.398165435484163,-15.965865563125584,-15.198369451088102,-14.525012361004356
113,2012-07-17,32,1,2,3,ridge_vwc,,1.0,-13.772013528373366,-13.330322847631932,-15.126464031489839,-14.620330968093018
53,2012-06-22,85,1,2,3,ridge_vwc,,1.0,-11.59685403803788,-14.890521382506938,-13.548495667901449,-12.82537615009321
53,2012-06-29,86,1,2,3,ridge_vwc,,1.0,-14.273258986856678,-15.844986252295593,-13.835241632487737,-12.565606972532578
53,2012-07-08,87,1,2,3,ridge_vwc,,1.0,-11.837654265802229,-9.263246005952729,-15.219638036925632,-11.650497218510484
53,2012-07-10,88,1,2,3,ridge_vwc,,1.0,-13.121221982705292,-10.563549725135724,-15.310500823868942,-11.646083357820986
53,2012-07-19,89,1,2,3,ridge_vwc,,1.0,-9.430559470207992,-7.124290756308986,-14.44543845910222,-12.25011137321985
71,2012-06-22,107,1,2,3,ridge_vwc,,1.0,-9.441352711283985,-15.826503794261775,-13.080011901380194,-12.021793332957671
71,2012-06-27,108,1,2,3,ridge_vwc,,1.0,-11.830891628824627,-14.88965576948976,-13.240850955341193,-11.984718530785045
71,2012-06-29,109,1,2,3,ridge_vwc,,1.0,-11.77120523725996,-14.980783625920942,-13.34347162804774,-11.995252029781877
71,2012-07-05,110,1,2,3,ridge_vwc,,1.0,-9.126432085488725,-7.106911469422197,-13.360693319143493,-11.821636225672657
71,2012-07-08,111,1,2,3,ridge_vwc,,1.0,-8.240456830553434,-5.994288299384496,-13.343780052184375,-11.823049871733815
71,2012-07-14,112,1,2,3,ridge_vwc,,1.0,-12.231283617180784,-7.335724658361975,-13.793140020347838,-11.68675237409824
71,2012-07-17,113,1,2,3,ridge_vwc,,1.0,-7.863112808923288,-5.020162935449686,-13.442632295533382,-11.702383523115998
83,2012-06-29,124,1,2,3,ridge_vwc,,1.0,-13.150595982099484,-13.185851612534412,-15.893380207310997,-15.001064671247965
83,2012-07-14,125,1,2,3,ridge_vwc,,1.0,-10.781364360016564,-10.279583356930988,-16.338543214195834,-14.669704936355007
91,2012-06-22,126,1,2,3,ridge_vwc,,1.0,-13.79430023004177,-12.721885004018873,-13.369576233460286,-12.381920808602274
91,2012-06-25,127,1,2,3,ridge_vwc,,1.0,-16.252064078644956,-15.095063986983767,-13.55349784673271,-12.326711157674078
91,2012-07-05,128,1,2,3,ridge_vwc,,1.0,-11.946673251406857,-15.864027780720509,-13.293685358312237,-12.4372271432123
91,2012-07-08,129,1,2,3,ridge_vwc,,1.0,-14.420474970996455,-14.377502817334353,-13.362435790031588,-12.413411191974136
91,2012-07-17,130,1,2,3,ridge_vwc,,1.0,-12.823625166801548,-13.726729371774091,-13.123365425851922,-12.55200784297692
91,2012-07-19,131,1,2,3,ridge_vwc,,1.0,-14.006013749198562,-15.882035691137462,-13.298541878087235,-12.503399520505324
11,2012-06-22,14,1,2,4,ridge_vwc,,1.0,-15.919724111874036,-17.420730792104454,-10.776697218346449,-9.730778431813437
11,2012-06-27,15,1,2,4,ridge_vwc,,1.0,-16.04746594426725,-17.275701316646803,-10.733405342923392,-9.65111070461762
11,2012-06-29,16,1,2,4,ridge_vwc,,1.0,-17.025781539812208,-18.04468787035671,-10.701771969900538,-9.592133797797686
11,2012-07-10,17,1,2,4,ridge_vwc,,1.0,-17.604639607278372,-17.842659591269815,-10.682356775334583,-9.528814403901091
11,2012-07-17,18,1,2,4,ridge_vwc,,1.0,-14.18453518805826,-15.072913856790963,-10.765483021447945,-9.588740930626122
12,2012-06-22,33,1,2,4,ridge_vwc,,1.0,-12.945592837955164,-13.621175265774452,-14.724546498060192,-14.600035455773053
12,2012-06-27,34,1,2,4,ridge_vwc,,1.0,-12.863896772641066,-14.252905240550222,-14.692452146368792,-14.542371294081041
12,2012-06-29,35,1,2,4,ridge_vwc,,1.0,-14.492924226367006,-14.921340450348202,-14.706604244512908,-14.570745223346439
12,2012-07-08,36,1,2,4,ridge_vwc,,1.0,-14.914279673093365,-14.773522086284936,-14.672272210659772,-14.501084821623566
12,2012-07-10,37,1,2,4,ridge_vwc,,1.0,-15.09795788808382,-15.53251252603237,-14.702072020985486,-14.562958017871964
12,2012-07-17,38,1,2,4,ridge_vwc,,1.0,-13.089522506330766,-13.652175532794685,-14.747697293549743,-14.616221496276097
52,2012-06-22,79,1,2,4,ridge_vwc,,1.0,-13.45495696239713,-15.738081907796053,-14.417587148570705,-15.202281335607507
52,2012-06-29,80,1,2,4,ridge_vwc,,1.0,-16.041356891502684,-16.29966966543719,-14.291740011326747,-14.955494166932791
52,2012-07-08,81,1,2,4,ridge_vwc,,1.0,-13.337191112994962,-11.304804238666236,-14.283260653514859,-14.663674765290136
52,2012-07-10,82,1,2,4,ridge_vwc,,1.0,-14.71139542756748,-12.827360988564674,-14.231495156526051,-14.551010056192583
52,2012-07-17,83,1,2,4,ridge_vwc,,1.0,-8.618950020440854,-7.762089915864024,-14.296251863706386,-14.20302560206963
52,2012-07-19,84,1,2,4,ridge_vwc,,1.0,-13.32401009971738,-12.996658395943411,-14.225045144990391,-14.061850020807793
62,2012-06-22,100,1,2,4,ridge_vwc,,1.0,-10.947069858107426,-10.084005244347887,-11.111871874150744,-11.060829556880066
62,2012-06-25,101,1,2,4,ridge_vwc,,1.0,-12.930932965823189,-11.69193923190518,-10.978511835263635,-10.796518976709098
62,2012-06-29,102,1,2,4,ridge_vwc,,1.0,-13.647540229966118,-12.451741540356156,-10.947756452039473,-10.532433164545186
62,2012-07-08,103,1,2,4,ridge_vwc,,1.0,-13.005404455519416,-9.79925558948652,-10.943752379449151,-9.814056598207161
62,2012-07-10,104,1,2,4,ridge_vwc,,1.0,-14.217439125925395,-11.423573357529008,-10.921649192540503,-9.763074839331036
62,2012-07-17,105,1,2,4,ridge_vwc,,1.0,-12.70807262304178,-10.388332622162803,-10.822892476659908,-6.54306192051987
62,2012-07-19,106,1,2,4,ridge_vwc,,1.0,-15.750405278939866,-14.123873702288767,-10.752113831230798,-6.399568502225364
102,2012-06-22,0,1,2,1,ridge_vwc,,100.0,-9.99305662822514,-8.79817877926706,-13.558853442921905,-13.519693899849365
102,2012-06-25,1,1,2,1,ridge_vwc,,100.0,-12.531601150465749,-11.66376412888952,-13.35425513482729,-13.227482119605552
102,2012-06-29,2,1,2,1,ridge_vwc,,100.0,-16.257897492533367,-15.208138461464548,-13.033188137289454,-12.749441310424405
102,2012-07-08,3,1,2,1,ridge_vwc,,100.0,-10.129457779827602,-9.071938641334588,-12.934897625682778,-12.569372178447404
102,2012-07-10,4,1,2,1,ridge_vwc,,100.0,-14.95434368762578,-14.112183043981709,-12.971349886881868,-12.624560411046778
102,2012-07-17,5,1,2,1,ridge_vwc,,100.0,-5.014295508188514,-4.452412337847899,-12.962696541141854,-12.580236296994261
102,2012-07-19,6,1,2,1,ridge_vwc,,100.0,-10.3251467740893,-11.06628687788346,-12.929395508524857,-12.529718223311393
111,2012-06-27,19,1,2,1,ridge_vwc,,100.0,-15.147228418373352,-9.881794018641486,-13.323256472048685,-13.173773601747165
111,2012-07-08,20,1,2,1,ridge_vwc,,100.0,-10.432732239997303,-7.011457229997938,-13.515858636787847,-13.389340560750226
111,2012-07-10,21,1,2,1,ridge_vwc,,100.0,-12.332899347459149,-7.340003351417149,-13.304766284558859,-13.075163857802595
111,2012-07-19,22,1,2,1,ridge_vwc,,100.0,-13.429778660777457,-11.904793601312772,-13.302876207092426,-13.023840813940248
112,2012-06-22,23,1,2,1,ridge_vwc,,100.0,-16.789512402971386,-18.984197687028864,-12.86682157612867,-12.571708278143436
112,2012-06-25,24,1,2,1,ridge_vwc,,100.0,-17.713046799178723,-19.529406845749364,-12.815179374599321,-12.496880212147857
112,2012-07-05,25,1,2,1,ridge_vwc,,100.0,-15.269240391706376,-15.832742511880692,-12.728056963029026,-12.330513579809853
112,2012-07-08,26,1,2,1,ridge_vwc,,100.0,-15.868211803986831,-15.9439617824927,-12.728621218133496,-12.331341536346747
42,2012-06-22,73,1,2,1,ridge_vwc,,100.0,-14.561620721902148,-14.201966799335745,-14.074797199824161,-13.878831221545214
42,2012-06-25,74,1,2,1,ridge_vwc,,100.0,-16.153608446963226,-15.565011635602495,-13.956266140737768,-13.708817554927798
42,2012-07-08,75,1,2,1,ridge_vwc,,100.0,-17.86890291137946,-17.776520095428644,-13.622167306000328,-13.096573201322899
42,2012-07-10,76,1,2,1,ridge_vwc,,100.0,-18.21143906581935,-18.30617756824163,-13.485146621624503,-12.885861749839037
42,2012-07-14,77,1,2,1,ridge_vwc,,100.0,-16.095384428093947,-16.335096559717847,-13.822160100206892,-13.4216331104998
42,2012-07-17,78,1,2,1,ridge_vwc,,100.0,-14.801847473829469,-15.583307282953209,-14.10130673940581,-13.823695189483274
61,2012-06-22,93,1,2,1,ridge_vwc,,100.0,-11.307138591209124,-10.699103847173708,-13.044079936747222,-12.319535462365454
61,2012-06-25,94,1,2,1,ridge_vwc,,100.0,-13.358854538113189,-12.281835560024907,-12.91502541536146,-12.114553893586999
61,2012-06-29,95,1,2,1,ridge_vwc,,100.0,-14.258735753179286,-12.929838363897248,-12.89173278489477,-12.231953154773468
61,2012-07-08,96,1,2,1,ridge_vwc,,100.0,-12.653243854103511,-10.41345274290406,-12.98724863294751,-12.086743865494396
61,2012-07-10,97,1,2,1,ridge_vwc,,100.0,-14.196530364341184,-11.545773452581232,-12.929014478414029,-11.993205244977917
61,2012-07-17,98,1,2,1,ridge_vwc,,100.0,-12.879880314149483,-11.29771365776737,-12.989357036348409,-12.173206740795461
61,2012-07-19,99,1,2,1,ridge_vwc,,100.0,-15.889663878319602,-12.719370404847758,-12.930792022574197,-12.079309015861975
13,2012-06-22,39,1,2,2,ridge_vwc,,100.0,-10.95121562728075,-10.836542679634643,-13.567534015066348,-13.310654587175136
13,2012-06-27,40,1,2,2,ridge_vwc,,100.0,-12.223609920228132,-12.934752148036708,-13.560620083968928,-13.314275205801914
13,2012-06-29,41,1,2,2,ridge_vwc,,100.0,-11.448270309198136,-11.2433082687523,-13.499270201588455,-13.229545292052405
13,2012-07-08,42,1,2,2,ridge_vwc,,100.0,-11.321650078114684,-11.1656550129835,-13.454839117361919,-13.17506710250487
13,2012-07-10,43,1,2,2,ridge_vwc,,100.0,-11.727868729384712,-11.935053682323652,-13.43042246395973,-13.141098325793127
13,2012-07-17,44,1,2,2,ridge_vwc,,100.0,-11.82663223841094,-11.483975197550755,-13.525076146982467,-13.263964876517932
22,2012-06-22,51,1,2,2,ridge_vwc,,100.0,-14.06874113337972,-14.071044446046743,-14.082440230492082,-14.047747688479324
22,2012-06-25,52,1,2,2,ridge_vwc,,100.0,-14.018031173978704,-14.77165243150176,-14.005724809741558,-13.942358819546806
22,2012-06-29,53,1,2,2,ridge_vwc,,100.0,-14.73472458342086,-15.474752085663306,-13.9278780769358,-13.83815906004126
22,2012-07-14,54,1,2,2,ridge_vwc,,100.0,-14.429262660073372,-14.834682689018504,-13.937789562877441,-13.840193796989526
22,2012-07-17,55,1,2,2,ridge_vwc,,100.0,-13.95505270639354,-12.9206874664521,-13.9819061866016,-13.901089892853474
32,2012-06-22,61,1,2,2,ridge_vwc,,100.0,-15.06141043899014,-15.128490659381375,-14.25616250957656,-13.875434279560844
32,2012-06-25,62,1,2,2,ridge_vwc,,100.0,-16.76615352729908,-16.21045729230626,-14.109137743880787,-13.67475143510065
32,2012-07-08,63,1,2,2,ridge_vwc,,100.0,-19.51691196321064,-18.66502996569921,-13.746295116205687,-13.214002413093093
32,2012-07-10,64,1,2,2,ridge_vwc,,100.0,-20.20667659920886,-19.288993971916742,-13.745676247359127,-13.213130644720001
32,2012-07-14,65,1,2,2,ridge_vwc,,100.0,-17.739515725707594,-17.16765829163566,-13.99940541742547,-13.565032515099933
32,2012-07-17,66,1,2,2,ridge_vwc,,100.0,-16.639945346572592,-14.987927440241748,-14.116548238217366,-13.725717362223737
72,2012-06-22,114,1,2,2,ridge_vwc,,100.0,-9.156246315375464,-7.121824880330802,-13.26239588316715,-12.924116604905034
72,2012-06-27,115,1,2,2,ridge_vwc,,100.0,-11.598774165532014,-9.739787261661805,-13.196743245384473,-12.78337133404018
72,2012-06-29,116,1,2,2,ridge_vwc,,100.0,-11.694497047916627,-10.620512155280064,-13.165895347573178,-12.739007520197632
72,2012-07-05,117,1,2,2,ridge_vwc,,100.0,-9.279994157479894,-6.1840522735730685,-13.239982901658228,-12.623731693058215
72,2012-07-08,118,1,2,2,ridge_vwc,,100.0,-7.434985480666953,-4.951473364462895,-13.26499771909539,-12.658825956703646
72,2012-07-14,119,1,2,2,ridge_vwc,,100.0,-11.38639094380066,-6.363423342248725,-13.072094202391645,-12.239472466391229
72,2012-07-17,120,1,2,2,ridge_vwc,,100.0,-7.896576091932785,-5.316371130913266,-13.133173598654835,-12.327041628243274
81,2012-06-22,121,1,2,2,ridge_vwc,,100.0,-9.587343732140498,-5.953072410726956,-13.483506978344897,-13.048649451121852
81,2012-06-27,122,1,2,2,ridge_vwc,,100.0,-13.63439663913034,-8.63444576538804,-13.342369989264185,-12.774143477728277
81,2012-07-17,123,1,2,2,ridge_vwc,,100.0,-8.981462326670332,-6.7381420816219775,-13.46572553318559,-13.066672924755336
113,2012-06-22,27,1,2,3,ridge_vwc,,100.0,-13.904265705279988,-12.764677230796163,-14.486223968596251,-14.290131994074827
113,2012-06-25,28,1,2,3,ridge_vwc,,100.0,-16.669071704883304,-15.628078749949356,-14.440489734380359,-14.117008424156484
113,2012-07-05,29,1,2,3,ridge_vwc,,100.0,-13.78856756792369,-13.696217585568537,-14.402467348227937,-13.92927094736244
113,2012-07-08,30,1,2,3,ridge_vwc,,100.0,-14.418687481499695,-13.97967004287996,-14.37918888001611,-13.838068637246629
113,2012-07-14,31,1,2,3,ridge_vwc,,100.0,-16.398165435484163,-15.965865563125584,-14.358489626128728,-13.681877810188931
113,2012-07-17,32,1,2,3,ridge_vwc,,100.0,-13.772013528373366,-13.330322847631932,-14.39401155367869,-13.824055208732855
53,2012-06-22,85,1,2,3,ridge_vwc,,100.0,-11.59685403803788,-14.890521382506938,-13.638222713007437,-12.954745955514666
53,2012-06-29,86,1,2,3,ridge_vwc,,100.0,-14.273258986856678,-15.844986252295593,-13.632871866414481,-12.65656030456579
53,2012-07-08,87,1,2,3,ridge_vwc,,100.0,-11.837654265802229,-9.263246005952729,-14.104714180800842,-12.12698078582757
53,2012-07-10,88,1,2,3,ridge_vwc,,100.0,-13.121221982705292,-10.563549725135724,-14.092237120062613,-12.073401253022332
53,2012-07-19,89,1,2,3,ridge_vwc,,100.0,-9.430559470207992,-7.124290756308986,-13.762221867585533,-12.379939961744286
71,2012-06-22,107,1,2,3,ridge_vwc,,100.0,-9.441352711283985,-15.826503794261775,-13.232536279750699,-12.269568013157336
71,2012-06-27,108,1,2,3,ridge_vwc,,100.0,-11.830891628824627,-14.88965576948976,-13.240416289658402,-12.194193240119672
71,2012-06-29,109,1,2,3,ridge_vwc,,100.0,-11.77120523725996,-14.980783625920942,-13.230659181722743,-12.150542602081467
71,2012-07-05,110,1,2,3,ridge_vwc,,100.0,-9.126432085488725,-7.106911469422197,-13.343307077761372,-12.172103961891311
71,2012-07-08,111,1,2,3,ridge_vwc,,100.0,-8.240456830553434,-5.994288299384496,-13.345794933195256,-12.182720606434591
71,2012-07-14,112,1,2,3,ridge_vwc,,100.0,-12.231283617180784,-7.335724658361975,-13.398666912062497,-11.990343056102763
71,2012-07-17,113,1,2,3,ridge_vwc,,100.0,-7.863112808923288,-5.020162935449686,-13.446408003839494,-12.195512397761181
83,2012-06-29,124,1,2,3,ridge_vwc,,100.0,-13.150595982099484,-13.185851612534412,-14.552356237004238,-13.748504356390542
83,2012-07-14,125,1,2,3,ridge_vwc,,100.0,-10.781364360016564,-10.279583356930988,-14.7379042266418,-13.597293253038266
91,2012-06-22,126,1,2,3,ridge_vwc,,100.0,-13.79430023004177,-12.721885004018873,-13.556848675569652,-12.462266918042232
91,2012-06-25,127,1,2,3,ridge_vwc,,100.0,-16.252064078644956,-15.095063986983767,-13.518667744156222,-12.303530812112001
91,2012-07-05,128,1,2,3,ridge_vwc,,100.0,-11.946673251406857,-15.864027780720509,-13.506301836437723,-12.461779885405521
91,2012-07-08,129,1,2,3,ridge_vwc,,100.0,-14.420474970996455,-14.377502817334353,-13.491141920279787,-12.398990235062117
91,2012-07-17,130,1,2,3,ridge_vwc,,100.0,-12.823625166801548,-13.726729371774091,-13.457523188976815,-12.540956764278866
91,2012-07-19,131,1,2,3,ridge_vwc,,100.0,-14.006013749198562,-15.882035691137462,-13.42226829927184,-12.39408878206143
11,2012-06-22,14,1,2,4,ridge_vwc,,100.0,-15.919724111874036,-17.420730792104454,-11.956814067954681,-11.059056449505313
11,2012-06-27,15,1,2,4,ridge_vwc,,100.0,-16.04746594426725,-17.275701316646803,-11.888006338941857,-10.952325155356244
11,2012-06-29,16,1,2,4,ridge_vwc,,100.0,-17.025781539812208,-18.04468787035671,-11.834730977348427,-10.87104930937659
11,2012-07-10,17,1,2,4,ridge_vwc,,100.0,-17.604639607278372,-17.842659591269815,-11.80504007984771,-10.81367652066802
11,2012-07-17,18,1,2,4,ridge_vwc,,100.0,-14.18453518805826,-15.072913856790963,-11.958819025879283,-11.004242739368536
12,2012-06-22,33,1,2,4,ridge_vwc,,100.0,-12.945592837955164,-13.621175265774452,-13.662574129456349,-13.044619862331404
12,2012-06-27,34,1,2,4,ridge_vwc,,100.0,-12.863896772641066,-14.252905240550222,-13.605485335335562,-12.959968482341125
12,2012-06-29,35,1,2,4,ridge_vwc,,100.0,-14.492924226367006,-14.921340450348202,-13.63066680690355,-12.998443540297789
12,2012-07-08,36,1,2,4,ridge_vwc,,100.0,-14.914279673093365,-14.773522086284936,-13.568005648321648,-12.90321606298228
12,2012-07-10,37,1,2,4,ridge_vwc,,100.0,-15.09795788808382,-15.53251252603237,-13.622470370087685,-12.9864927420963
12,2012-07-17,38,1,2,4,ridge_vwc,,100.0,-13.089522506330766,-13.652175532794685,-13.705687030440657,-13.097782750165205
52,2012-06-22,79,1,2,4,ridge_vwc,,100.0,-13.45495696239713,-15.738081907796053,-13.43281594070647,-13.20020649906279
52,2012-06-29,80,1,2,4,ridge_vwc,,100.0,-16.041356891502684,-16.29966966543719,-13.228688673813785,-12.879966904406633
52,2012-07-08,81,1,2,4,ridge_vwc,,100.0,-13.337191112994962,-11.304804238666236,-13.261963482403685,-12.79888577435299
52,2012-07-10,82,1,2,4,ridge_vwc,,100.0,-14.71139542756748,-12.827360988564674,-13.163840757950828,-12.648714925284859
52,2012-07-17,83,1,2,4,ridge_vwc,,100.0,-8.618950020440854,-7.762089915864024,-13.367000613198591,-12.727718028545787
52,2012-07-19,84,1,2,4,ridge_vwc,,100.0,-13.32401009971738,-12.996658395943411,-13.241375393756883,-12.535818200865773
62,2012-06-22,100,1,2,4,ridge_vwc,,100.0,-10.947069858107426,-10.084005244347887,-11.891177054244485,-11.342948585802311
62,2012-06-25,101,1,2,4,ridge_vwc,,100.0,-12.930932965823189,-11.69193923190518,-11.655960671145037,-10.983644451576339
62,2012-06-29,102,1,2,4,ridge_vwc,,100.0,-13.647540229966118,-12.451741540356156,-11.628134605872287,-10.848580754399592
62,2012-07-08,103,1,2,4,ridge_vwc,,100.0,-13.005404455519416,-9.79925558948652,-11.75975323606217,-10.701414139870948
62,2012-07-10,104,1,2,4,ridge_vwc,,100.0,-14.217439125925395,-11.423573357529008,-11.71590844097927,-10.634236954156293
62,2012-07-17,105,1,2,4,ridge_vwc,,100.0,-12.70807262304178,-10.388332622162803,-12.076128463832445,-9.731767961167229
62,2012-07-19,106,1,2,4,ridge_vwc,,100.0,-15.750405278939866,-14.123873702288767,-11.949113582538574,-9.53765613164797
102,2012-06-22,0,1,2,1,ridge_vwc,,10000.0,-9.99305662822514,-8.79817877926706,-13.163079124268105,-12.642855198404556
102,2012-06-25,1,1,2,1,ridge_vwc,,10000.0,-12.531601150465749,-11.66376412888952,-13.152034319129946,-12.626537814278631
102,2012-06-29,2,1,2,1,ridge_vwc,,10000.0,-16.257897492533367,-15.208138461464548,-13.13437891729866,-12.600169486070023
102,2012-07-08,3,1,2,1,ridge_vwc,,10000.0,-10.129457779827602,-9.071938641334588,-13.128734226390682,-12.59118626276725
102,2012-07-10,4,1,2,1,ridge_vwc,,10000.0,-14.95434368762578,-14.112183043981709,-13.130802106194507,-12.594277278603718
102,2012-07-17,5,1,2,1,ridge_vwc,,10000.0,-5.014295508188514,-4.452412337847899,-13.130212605110703,-12.59285756934113
102,2012-07-19,6,1,2,1,ridge_vwc,,10000.0,-10.3251467740893,-11.06628687788346,-13.12832026401713,-12.590027841279403
111,2012-06-27,19,1,2,1,ridge_vwc,,10000.0,-15.147228418373352,-9.881794018641486,-13.13774622192736,-12.605497026178863
111,2012-07-08,20,1,2,1,ridge_vwc,,10000.0,-10.432732239997303,-7.011457229997938,-13.148269978716957,-12.619951704259954
111,2012-07-10,21,1,2,1,ridge_vwc,,10000.0,-12.332899347459149,-7.340003351417149,-13.13646836526323,-12.602370221779376
111,2012-07-19,22,1,2,1,ridge_vwc,,10000.0,-13.429778660777457,-11.904793601312772,-13.136205227989336,-12.601141648489763
112,2012-06-22,23,1,2,1,ridge_vwc,,10000.0,-16.789512402971386,-18.984197687028864,-13.138862013159384,-12.607841850038417
112,2012-06-25,24,1,2,1,ridge_vwc,,10000.0,-17.713046799178723,-19.529406845749364,-13.136039915542382,-12.60366020831789
112,2012-07-05,25,1,2,1,ridge_vwc,,10000.0,-15.269240391706376,-15.832742511880692,-13.131124465287652,-12.595688639547188
112,2012-07-08,26,1,2,1,ridge_vwc,,10000.0,-15.868211803986831,-15.9439617824927,-13.13115563208377,-12.595734938760142
42,2012-06-22,73,1,2,1,ridge_vwc,,10000.0,-14.561620721902148,-14.201966799335745,-13.167833962955033,-12.643049649992447
42,2012-06-25,74,1,2,1,ridge_vwc,,10000.0,-16.153608446963226,-15.565011635602495,-13.161412105769317,-12.633553779230727
42,2012-07-08,75,1,2,1,ridge_vwc,,10000.0,-17.86890291137946,-17.776520095428644,-13.14258276037812,-12.603472187981732
42,2012-07-10,76,1,2,1,ridge_vwc,,10000.0,-18.21143906581935,-18.30617756824163,-13.134705302185806,-12.591661421271723
42,2012-07-14,77,1,2,1,ridge_vwc,,10000.0,-16.095384428093947,-16.335096559717847,-13.153792842203748,-12.620657790962701
42,2012-07-17,78,1,2,1,ridge_vwc,,10000.0,-14.801847473829469,-15.583307282953209,-13.168970143402925,-12.643119319817366
61,2012-06-22,93,1,2,1,ridge_vwc,,10000.0,-11.307138591209124,-10.699103847173708,-13.128275101384505,-12.583379378903697
61,2012-06-25,94,1,2,1,ridge_vwc,,10000.0,-13.358854538113189,-12.281835560024907,-13.120646885584323,-12.571871860271202
61,2012-06-29,95,1,2,1,ridge_vwc,,10000.0,-14.258735753179286,-12.929838363897248,-13.119714498879926,-12.573131654083777
61,2012-07-08,96,1,2,1,ridge_vwc,,10000.0,-12.653243854103511,-10.41345274290406,-13.124507175477879,-12.575233601061464
61,2012-07-10,97,1,2,1,ridge_vwc,,10000.0,-14.196530364341184,-11.545773452581232,-13.121031641875724,-12.569979633187282
61,2012-07-17,98,1,2,1,ridge_vwc,,10000.0,-12.879880314149483,-11.29771365776737,-13.124899070315623,-12.57725362592783
61,2012-07-19,99,1,2,1,ridge_vwc,,10000.0,-15.889663878319602,-12.719370404847758,-13.121409307375878,-12.571979941035986
13,2012-06-22,39,1,2,2,ridge_vwc,,10000.0,-10.95121562728075,-10.836542679634643,-13.492762135030146,-13.022165857424525
13,2012-06-27,40,1,2,2,ridge_vwc,,10000.0,-12.223609920228132,-12.934752148036708,-13.492563866954322,-13.022065361934967
13,2012-06-29,41,1,2,2,ridge_vwc,,10000.0,-11.448270309198136,-11.2433082687523,-13.490917427302314,-13.019467348508424
13,2012-07-08,42,1,2,2,ridge_vwc,,10000.0,-11.321650078114684,-11.1656550129835,-13.489717524284785,-13.017686317765472
13,2012-07-10,43,1,2,2,ridge_vwc,,10000.0,-11.727868729384712,-11.935053682323652,-13.489061737743922,-13.016648707378392
13,2012-07-17,44,1,2,2,ridge_vwc,,10000.0,-11.82663223841094,-11.483975197550755,-13.491611303213453,-13.02054234308503
22,2012-06-22,51,1,2,2,ridge_vwc,,10000.0,-14.06874113337972,-14.071044446046743,-13.502967677671583,-13.037699761068957
22,2012-06-25,52,1,2,2,ridge_vwc,,10000.0,-14.018031173978704,-14.77165243150176,-13.500910057358476,-13.034459307844093
22,2012-06-29,53,1,2,2,ridge_vwc,,10000.0,-14.73472458342086,-15.474752085663306,-13.498817934527251,-13.031211086981582
22,2012-07-14,54,1,2,2,ridge_vwc,,10000.0,-14.429262660073372,-14.834682689018504,-13.49909535288938,-13.031460653273951
22,2012-07-17,55,1,2,2,ridge_vwc,,10000.0,-13.95505270639354,-12.9206874664521,-13.500279236018569,-13.033328396009328
32,2012-06-22,61,1,2,2,ridge_vwc,,10000.0,-15.06141043899014,-15.128490659381375,-13.507858408303766,-13.039188382784733
32,2012-06-25,62,1,2,2,ridge_vwc,,10000.0,-16.76615352729908,-16.21045729230626,-13.503917710319582,-13.032997065995902
32,2012-07-08,63,1,2,2,ridge_vwc,,10000.0,-19.51691196321064,-18.66502996569921,-13.494137990952751,-13.018220982448064
32,2012-07-10,64,1,2,2,ridge_vwc,,10000.0,-20.20667659920886,-19.288993971916742,-13.494121346579265,-13.01819452464009
32,2012-07-14,65,1,2,2,ridge_vwc,,10000.0,-17.739515725707594,-17.16765829163566,-13.500935598404471,-13.028961056709205
32,2012-07-17,66,1,2,2,ridge_vwc,,10000.0,-16.639945346572592,-14.987927440241748,-13.504077032647334,-13.033905612562442
72,2012-06-22,114,1,2,2,ridge_vwc,,10000.0,-9.156246315375464,-7.121824880330802,-13.48474089874256,-13.009883478278496
72,2012-06-27,115,1,2,2,ridge_vwc,,10000.0,-11.598774165532014,-9.739787261661805,-13.483020743185623,-13.006371958068264
72,2012-06-29,116,1,2,2,ridge_vwc,,10000.0,-11.694497047916627,-10.620512155280064,-13.482189180448147,-13.005039797411557
72,2012-07-05,117,1,2,2,ridge_vwc,,10000.0,-9.279994157479894,-6.1840522735730685,-13.484405655907466,-13.00500042045662
72,2012-07-08,118,1,2,2,ridge_vwc,,10000.0,-7.434985480666953,-4.951473364462895,-13.485078124881706,-13.006067755106427
72,2012-07-14,119,1,2,2,ridge_vwc,,10000.0,-11.38639094380066,-6.363423342248725,-13.48003145713706,-12.99566527085997
72,2012-07-17,120,1,2,2,ridge_vwc,,10000.0,-7.896576091932785,-5.316371130913266,-13.481677394407944,-12.998298981302199
81,2012-06-22,121,1,2,2,ridge_vwc,,10000.0,-9.587343732140498,-5.953072410726956,-13.489440922516513,-13.01410617787243
81,2012-06-27,122,1,2,2,ridge_vwc,,10000.0,-13.63439663913034,-8.63444576538804,-13.485719646399923,-13.006967106334715
81,2012-07-17,123,1,2,2,ridge_vwc,,10000.0,-8.981462326670332,-6.7381420816219775,-13.488920589881248,-13.013974877586453
113,2012-06-22,27,1,2,3,ridge_vwc,,10000.0,-13.904265705279988,-12.764677230796163,-13.601908618398273,-12.759659735899552
113,2012-06-25,28,1,2,3,ridge_vwc,,10000.0,-16.669071704883304,-15.628078749949356,-13.599143042671933,-12.7529852361691
113,2012-07-05,29,1,2,3,ridge_vwc,,10000.0,-13.78856756792369,-13.696217585568537,-13.596380379009165,-12.745834037895694
113,2012-07-08,30,1,2,3,ridge_vwc,,10000.0,-14.418687481499695,-13.97967004287996,-13.594926729381829,-12.74230716807214
113,2012-07-14,31,1,2,3,ridge_vwc,,10000.0,-16.398165435484163,-15.965865563125584,-13.59284030335177,-12.736425331070791
113,2012-07-17,32,1,2,3,ridge_vwc,,10000.0,-13.772013528373366,-13.330322847631932,-13.595103351947053,-12.741933542589647
53,2012-06-22,85,1,2,3,ridge_vwc,,10000.0,-11.59685403803788,-14.890521382506938,-13.580295296606632,-12.724209576654813
53,2012-06-29,86,1,2,3,ridge_vwc,,10000.0,-14.273258986856678,-15.844986252295593,-13.577053644989538,-12.713291527974713
53,2012-07-08,87,1,2,3,ridge_vwc,,10000.0,-11.837654265802229,-9.263246005952729,-13.58178849917929,-12.698339048099232
53,2012-07-10,88,1,2,3,ridge_vwc,,10000.0,-13.121221982705292,-10.563549725135724,-13.58093931883985,-12.69625132022905
53,2012-07-19,89,1,2,3,ridge_vwc,,10000.0,-9.430559470207992,-7.124290756308986,-13.576948083198383,-12.704368724608251
71,2012-06-22,107,1,2,3,ridge_vwc,,10000.0,-9.441352711283985,-15.826503794261775,-13.568389732172742,-12.702974750176129
71,2012-06-27,108,1,2,3,ridge_vwc,,10000.0,-11.830891628824627,-14.88965576948976,-13.567752924264031,-12.70027659126526
71,2012-06-29,109,1,2,3,ridge_vwc,,10000.0,-11.77120523725996,-14.980783625920942,-13.567062743169846,-12.698570379913171
71,2012-07-05,110,1,2,3,ridge_vwc,,10000.0,-9.126432085488725,-7.106911469422197,-13.56978739323241,-12.700449320276132
71,2012-07-08,111,1,2,3,ridge_vwc,,10000.0,-8.240456830553434,-5.994288299384496,-13.569955718533842,-12.700862793494839
71,2012-07-14,112,1,2,3,ridge_vwc,,10000.0,-12.231283617180784,-7.335724658361975,-13.56904987829162,-12.694285167356975
71,2012-07-17,113,1,2,3,ridge_vwc,,10000.0,-7.863112808923288,-5.020162935449686,-13.572301453603593,-12.702280078308485
83,2012-06-29,124,1,2,3,ridge_vwc,,10000.0,-13.150595982099484,-13.185851612534412,-13.594561276740356,-12.734207010117212
83,2012-07-14,125,1,2,3,ridge_vwc,,10000.0,-10.781364360016564,-10.279583356930988,-13.597032092203266,-12.7304201376664
91,2012-06-22,126,1,2,3,ridge_vwc,,10000.0,-13.79430023004177,-12.721885004018873,-13.575017518064286,-12.7065393482412
91,2012-06-25,127,1,2,3,ridge_vwc,,10000.0,-16.252064078644956,-15.095063986983767,-13.572496834540093,-12.700370184287216
91,2012-07-05,128,1,2,3,ridge_vwc,,10000.0,-11.946673251406857,-15.864027780720509,-13.57390658547333,-12.706050465943965
91,2012-07-08,129,1,2,3,ridge_vwc,,10000.0,-14.420474970996455,-14.377502817334353,-13.572909274950947,-12.703610942091721
91,2012-07-17,130,1,2,3,ridge_vwc,,10000.0,-12.823625166801548,-13.726729371774091,-13.573673881684105,-12.708487633800148
91,2012-07-19,131,1,2,3,ridge_vwc,,10000.0,-14.006013749198562,-15.882035691137462,-13.571341947024225,-12.702778777020454
11,2012-06-22,14,1,2,4,ridge_vwc,,10000.0,-15.919724111874036,-17.420730792104454,-13.09417050326239,-12.324696081706938
11,2012-06-27,15,1,2,4,ridge_vwc,,10000.0,-16.04746594426725,-17.275701316646803,-13.091644074562689,-12.320847673660637
11,2012-06-29,16,1,2,4,ridge_vwc,,10000.0,-17.025781539812208,-18.04468787035671,-13.089694333466902,-12.317903277011588
11,2012-07-10,17,1,2,4,ridge_vwc,,10000.0,-17.604639607278372,-17.842659591269815,-13.088563190307744,-12.315972764450906
11,2012-07-17,18,1,2,4,ridge_vwc,,10000.0,-14.18453518805826,-15.072913856790963,-13.094027376130063,-12.323413284912846
12,2012-06-22,33,1,2,4,ridge_vwc,,10000.0,-12.945592837955164,-13.621175265774452,-13.126204697234344,-12.360917908784685
12,2012-06-27,34,1,2,4,ridge_vwc,,10000.0,-12.863896772641066,-14.252905240550222,-13.124125562762895,-12.357823554274248
12,2012-06-29,35,1,2,4,ridge_vwc,,10000.0,-14.492924226367006,-14.921340450348202,-13.125046704114729,-12.359215420329791
12,2012-07-08,36,1,2,4,ridge_vwc,,10000.0,-14.914279673093365,-14.773522086284936,-13.122757095219372,-12.355765486991618
12,2012-07-10,37,1,2,4,ridge_vwc,,10000.0,-15.09795788808382,-15.53251252603237,-13.124748980540085,-12.358776089025643
12,2012-07-17,38,1,2,4,ridge_vwc,,10000.0,-13.089522506330766,-13.652175532794685,-13.127735551558407,-12.362997407104526
52,2012-06-22,79,1,2,4,ridge_vwc,,10000.0,-13.45495696239713,-15.738081907796053,-13.120463574636362,-12.361916044807906
52,2012-06-29,80,1,2,4,ridge_vwc,,10000.0,-16.041356891502684,-16.29966966543719,-13.112957801732982,-12.350417596987745
52,2012-07-08,81,1,2,4,ridge_vwc,,10000.0,-13.337191112994962,-11.304804238666236,-13.113682356428779,-12.349081747242543
52,2012-07-10,82,1,2,4,ridge_vwc,,10000.0,-14.71139542756748,-12.827360988564674,-13.110094855883018,-12.34365753999984
52,2012-07-17,83,1,2,4,ridge_vwc,,10000.0,-8.618950020440854,-7.762089915864024,-13.11666090975837,-12.349314726997843
52,2012-07-19,84,1,2,4,ridge_vwc,,10000.0,-13.32401009971738,-12.996658395943411,-13.112065194255017,-12.342371103968043
62,2012-06-22,100,1,2,4,ridge_vwc,,10000.0,-10.947069858107426,-10.084005244347887,-13.088551106508342,-12.323501837954327
62,2012-06-25,101,1,2,4,ridge_vwc,,10000.0,-12.930932965823189,-11.69193923190518,-13.079946226228135,-12.310500841148006
62,2012-06-29,102,1,2,4,ridge_vwc,,10000.0,-13.647540229966118,-12.451741540356156,-13.078585926026726,-12.30674153220649
62,2012-07-08,103,1,2,4,ridge_vwc,,10000.0,-13.005404455519416,-9.79925558948652,-13.082094983140086,-12.30562484391211
62,2012-07-10,104,1,2,4,ridge_vwc,,10000.0,-14.217439125925395,-11.423573357529008,-13.080492517312749,-12.30320092009811
62,2012-07-17,105,1,2,4,ridge_vwc,,10000.0,-12.70807262304178,-10.388332622162803,-13.08824245413626,-12.288141754596747
62,2012-07-19,106,1,2,4,ridge_vwc,,10000.0,-15.750405278939866,-14.123873702288767,-13.083596563154385,-12.281121095311573
102,2012-06-22,0,1,3,1,ridge,,0.0001,-9.99305662822514,-8.79817877926706,-13.198988976048572,-11.260082924088884
102,2012-06-25,1,1,3,1,ridge,,0.0001,-12.531601150465749,-11.66376412888952,-12.858578048269127,-11.683596636515517
102,2012-06-29,2,1,3,1,ridge,,0.0001,-16.257897492533367,-15.208138461464548,-12.668032702083197,-12.263966753797675
102,2012-07-08,3,1,3,1,ridge,,0.0001,-10.129457779827602,-9.071938641334588,-12.78360791141899,-12.399457337584696
102,2012-07-10,4,1,3,1,ridge,,0.0001,-14.95434368762578,-14.112183043981709,-12.725671220810868,-12.353135594866604
102,2012-07-17,5,1,3,1,ridge,,0.0001,-5.014295508188514,-4.452412337847899,-12.738127347680823,-12.365032657105157
102,2012-07-19,6,1,3,1,ridge,,0.0001,-10.3251467740893,-11.06628687788346,-12.794877456684828,-12.406411020521201
103,2012-06-22,7,1,3,1,ridge,,0.0001,-13.28404803220713,-14.50588749676858,-13.129653571326857,-9.737630306882833
103,2012-06-27,8,1,3,1,ridge,,0.0001,-17.302172301136643,-16.600968273984137,-12.372531357220815,-10.730153487852256
103,2012-06-29,9,1,3,1,ridge,,0.0001,-18.92242109331228,-19.84632772841422,-12.362985604536352,-11.049006153336407
103,2012-07-05,10,1,3,1,ridge,,0.0001,-15.574795029478718,-16.124130866471255,-12.341726303511258,-10.997589332255107
103,2012-07-08,11,1,3,1,ridge,,0.0001,-15.86824246394819,-13.95091862281008,-12.42181004449521,-11.120654551641458
103,2012-07-14,12,1,3,1,ridge,,0.0001,-17.84275788106028,-18.72912571156667,-12.550575608086644,-11.195207290990123
103,2012-07-17,13,1,3,1,ridge,,0.0001,-12.595339414809716,-16.21757943788777,-12.387410101854158,-11.085142100842193
111,2012-06-27,19,1,3,1,ridge,,0.0001,-15.147228418373352,-9.881794018641486,-13.284466812726576,-14.306923866484382
111,2012-07-08,20,1,3,1,ridge,,0.0001,-10.432732239997303,-7.011457229997938,-13.188569155899357,-14.011841063040558
111,2012-07-10,21,1,3,1,ridge,,0.0001,-12.332899347459149,-7.340003351417149,-13.318704353960635,-14.33054153850402
111,2012-07-19,22,1,3,1,ridge,,0.0001,-13.429778660777457,-11.904793601312772,-13.323461908856332,-14.333414172673285
112,2012-06-22,23,1,3,1,ridge,,0.0001,-16.789512402971386,-18.984197687028864,-12.103263915973248,-10.777345747958316
112,2012-06-25,24,1,3,1,ridge,,0.0001,-17.713046799178723,-19.529406845749364,-12.057986878161229,-10.874258368586892
112,2012-07-05,25,1,3,1,ridge,,0.0001,-15.269240391706376,-15.832742511880692,-12.016421461651941,-11.02992986493233
112,2012-07-08,26,1,3,1,ridge,,0.0001,-15.868211803986831,-15.9439617824927,-12.016522929029255,-11.02896758358149
52,2012-06-22,79,1,3,1,ridge,,0.0001,-13.45495696239713,-15.738081907796053,-13.643647531695402,-11.637927401144799
52,2012-06-29,80,1,3,1,ridge,,0.0001,-16.041356891502684,-16.29966966543719,-14.031043810290944,-11.714474951939323
52,2012-07-08,81,1,3,1,ridge,,0.0001,-13.337191112994962,-11.304804238666236,-13.99198294677576,-11.711769610176068
52,2012-07-10,82,1,3,1,ridge,,0.0001,-14.71139542756748,-12.827360988564674,-14.28360079964706,-11.718136756176543
52,2012-07-17,83,1,3,1,ridge,,0.0001,-8.618950020440854,-7.762089915864024,-13.829413835083077,-11.691350530649842
52,2012-07-19,84,1,3,1,ridge,,0.0001,-13.32401009971738,-12.996658395943411,-14.135497051332495,-11.71857872248087
12,2012-06-22,33,1,3,2,ridge,,0.0001,-12.945592837955164,-13.621175265774452,-12.93884818612803,-10.874453577178482
12,2012-06-27,34,1,3,2,ridge,,0.0001,-12.863896772641066,-14.252905240550222,-13.004292285909182,-10.746067138898269
12,2012-06-29,35,1,3,2,ridge,,0.0001,-14.492924226367006,-14.921340450348202,-12.973765767154434,-10.805255312112191
12,2012-07-08,36,1,3,2,ridge,,0.0001,-14.914279673093365,-14.773522086284936,-13.054455345619518,-10.65096531114443
12,2012-07-10,37,1,3,2,ridge,,0.0001,-15.09795788808382,-15.53251252603237,-12.98333828133488,-10.786574576590242
12,2012-07-17,38,1,3,2,ridge,,0.0001,-13.089522506330766,-13.652175532794685,-12.898170766077794,-10.957574653370617
31,2012-06-22,56,1,3,2,ridge,,0.0001,-12.261406145930293,-7.675525079895581,-13.731455433076103,-13.970992296989117
31,2012-06-27,57,1,3,2,ridge,,0.0001,-15.56720520685795,-10.869677151623607,-13.621853960304675,-13.918796793210348
31,2012-07-05,58,1,3,2,ridge,,0.0001,-14.630903606681327,-11.607199044191669,-13.624269800105584,-13.728490906816598
31,2012-07-08,59,1,3,2,ridge,,0.0001,-15.85527387686205,-13.88497530384446,-13.66693773254589,-13.589991773971374
31,2012-07-14,60,1,3,2,ridge,,0.0001,-12.061582027927042,-8.958668222109942,-13.634003972396648,-13.937588343532529
32,2012-06-22,61,1,3,2,ridge,,0.0001,-15.06141043899014,-15.128490659381375,-12.417132503754535,-10.64789675230074
32,2012-06-25,62,1,3,2,ridge,,0.0001,-16.76615352729908,-16.21045729230626,-12.334536135813854,-10.61498857955115
32,2012-07-08,63,1,3,2,ridge,,0.0001,-19.51691196321064,-18.66502996569921,-12.478692233437181,-10.001980919899838
32,2012-07-10,64,1,3,2,ridge,,0.0001,-20.20667659920886,-19.288993971916742,-12.479721668537325,-9.99978068137914
32,2012-07-14,65,1,3,2,ridge,,0.0001,-17.739515725707594,-17.16765829163566,-12.307923143367617,-10.52733900733868
32,2012-07-17,66,1,3,2,ridge,,0.0001,-16.639945346572592,-14.987927440241748,-12.333513050612815,-10.613772507551658
54,2012-06-22,90,1,3,2,ridge,,0.0001,-10.417640310145606,-12.93767695335395,-13.481722367262172,-12.720847167138379
54,2012-06-29,91,1,3,2,ridge,,0.0001,-13.54880158174925,-13.941944979578206,-13.659036123974955,-12.358059940432772
54,2012-07-10,92,1,3,2,ridge,,0.0001,-11.65562649391276,-9.922527219399468,-13.680530679591524,-12.317234239471343
71,2012-06-22,107,1,3,2,ridge,,0.0001,-9.441352711283985,-15.826503794261775,-13.747472846039996,-12.835185568493934
71,2012-06-27,108,1,3,2,ridge,,0.0001,-11.830891628824627,-14.88965576948976,-13.83001554369024,-12.67627932670237
71,2012-06-29,109,1,3,2,ridge,,0.0001,-11.77120523725996,-14.980783625920942,-13.908399814762392,-12.531255196085159
71,2012-07-05,110,1,3,2,ridge,,0.0001,-9.126432085488725,-7.106911469422197,-13.739565086447557,-12.850845619825897
71,2012-07-08,111,1,3,2,ridge,,0.0001,-8.240456830553434,-5.994288299384496,-13.726096769395896,-12.877730212864952
71,2012-07-14,112,1,3,2,ridge,,0.0001,-12.231283617180784,-7.335724658361975,-13.910341823558044,-12.527719159348385
71,2012-07-17,113,1,3,2,ridge,,0.0001,-7.863112808923288,-5.020162935449686,-13.633610825168459,-13.071930681038644
13,2012-06-22,39,1,3,3,ridge,,0.0001,-10.95121562728075,-10.836542679634643,-13.633830252437997,-13.097458052237753
13,2012-06-27,40,1,3,3,ridge,,0.0001,-12.223609920228132,-12.934752148036708,-13.63169067712164,-13.102169774326747
13,2012-06-29,41,1,3,3,ridge,,0.0001,-11.448270309198136,-11.2433082687523,-13.585751620560934,-13.098788980914836
13,2012-07-08,42,1,3,3,ridge,,0.0001,-11.321650078114684,-11.1656550129835,-13.50778634374548,-13.054310076792179
13,2012-07-10,43,1,3,3,ridge,,0.0001,-11.727868729384712,-11.935053682323652,-13.44868286673439,-13.013506329158266
13,2012-07-17,44,1,3,3,ridge,,0.0001,-11.82663223841094,-11.483975197550755,-13.612620927818206,-13.107297326936497
41,2012-06-22,67,1,3,3,ridge,,0.0001,-9.893244615306044,-8.032288058491003,-15.150351747273621,-14.561084661531094
41,2012-06-27,68,1,3,3,ridge,,0.0001,-12.472382986190222,-8.801892289617859,-15.381313524403248,-14.914431150750275
41,2012-07-05,69,1,3,3,ridge,,0.0001,-12.028670241841908,-9.29119256932756,-15.344896227569969,-14.939064703226592
41,2012-07-08,70,1,3,3,ridge,,0.0001,-13.748748630293996,-9.894634362662554,-15.251334081399829,-14.8871007980483
41,2012-07-14,71,1,3,3,ridge,,0.0001,-11.651468732388375,-9.450060398721016,-15.337214210902877,-14.936097623339462
41,2012-07-17,72,1,3,3,ridge,,0.0001,-11.500314383218642,-8.561757537563716,-15.213021049185521,-14.64418243853645
53,2012-06-22,85,1,3,3,ridge,,0.0001,-11.59685403803788,-14.890521382506938,-13.826042956628816,-13.054443900163658
53,2012-06-29,86,1,3,3,ridge,,0.0001,-14.273258986856678,-15.844986252295593,-13.399415245040501,-12.739416911138917
53,2012-07-08,87,1,3,3,ridge,,0.0001,-11.837654265802229,-9.263246005952729,-13.170799951988387,-12.545338355323052
53,2012-07-10,88,1,3,3,ridge,,0.0001,-13.121221982705292,-10.563549725135724,-12.94092730153564,-12.344438373104708
53,2012-07-19,89,1,3,3,ridge,,0.0001,-9.430559470207992,-7.124290756308986,-12.918100857955073,-12.324264327062426
62,2012-06-22,100,1,3,3,ridge,,0.0001,-10.947069858107426,-10.084005244347887,-12.922899313782272,-12.896094931834314
62,2012-06-25,101,1,3,3,ridge,,0.0001,-12.930932965823189,-11.69193923190518,-12.03304047884644,-12.115057359396989
62,2012-06-29,102,1,3,3,ridge,,0.0001,-13.647540229966118,-12.451741540356156,-11.797526238949978,-11.90092156808765
62,2012-07-08,103,1,3,3,ridge,,0.0001,-13.005404455519416,-9.79925558948652,-12.252271624575076,-12.312465473280795
62,2012-07-10,104,1,3,3,ridge,,0.0001,-14.217439125925395,-11.423573357529008,-12.03018696680963,-12.112474607588414
62,2012-07-17,105,1,3,3,ridge,,0.0001,-12.70807262304178,-10.388332622162803,-12.710636561731231,-12.716152539378358
62,2012-07-19,106,1,3,3,ridge,,0.0001,-15.750405278939866,-14.123873702288767,-12.2049316365098,-12.270020913887214
83,2012-06-29,124,1,3,3,ridge,,0.0001,-13.150595982099484,-13.185851612534412,-14.632964676372346,-13.97755635153284
83,2012-07-14,125,1,3,3,ridge,,0.0001,-10.781364360016564,-10.279583356930988,-14.72271478711478,-14.056356585112221
11,2012-06-22,14,1,3,4,ridge,,0.0001,-15.919724111874036,-17.420730792104454,-11.69115683445335,-11.150052351886137
11,2012-06-27,15,1,3,4,ridge,,0.0001,-16.04746594426725,-17.275701316646803,-11.5539725895983,-11.031072717103768
11,2012-06-29,16,1,3,4,ridge,,0.0001,-17.025781539812208,-18.04468787035671,-11.422649827415741,-10.91156706981395
11,2012-07-10,17,1,3,4,ridge,,0.0001,-17.604639607278372,-17.842659591269815,-11.333414955859789,-10.828238824664131
11,2012-07-17,18,1,3,4,ridge,,0.0001,-14.18453518805826,-15.072913856790963,-11.680687132146101,-11.141262331584715
21,2012-06-22,45,1,3,4,ridge,,0.0001,-12.060684803223303,-12.00798502229204,-14.309018882960887,-13.313798170245459
21,2012-06-25,46,1,3,4,ridge,,0.0001,-11.883841971912686,-12.210536948445432,-14.335706373566088,-13.390547064051637
21,2012-06-29,47,1,3,4,ridge,,0.0001,-12.329567928959571,-12.661731465224886,-14.297622326076635,-13.434200201219799
21,2012-07-08,48,1,3,4,ridge,,0.0001,-12.336402358206886,-12.252348442564678,-14.19054747408867,-13.375169628285812
21,2012-07-10,49,1,3,4,ridge,,0.0001,-12.541026866239491,-12.812605872689588,-14.227521447047431,-13.39974524314481
21,2012-07-17,50,1,3,4,ridge,,0.0001,-12.042182130233446,-11.668944707481812,-14.326617843179976,-13.433840680102612
42,2012-06-22,73,1,3,4,ridge,,0.0001,-14.561620721902148,-14.201966799335745,-13.900139907939352,-12.693141043873064
42,2012-06-25,74,1,3,4,ridge,,0.0001,-16.153608446963226,-15.565011635602495,-14.10225417065257,-13.004541710300458
42,2012-07-08,75,1,3,4,ridge,,0.0001,-17.86890291137946,-17.776520095428644,-14.195398329076278,-13.372560157871257
42,2012-07-10,76,1,3,4,ridge,,0.0001,-18.21143906581935,-18.30617756824163,-13.78837684445534,-13.045807720902975
42,2012-07-14,77,1,3,4,ridge,,0.0001,-16.095384428093947,-16.335096559717847,-14.250841480913202,-13.27185134184348
42,2012-07-17,78,1,3,4,ridge,,0.0001,-14.801847473829469,-15.583307282953209,-13.85037642643221,-12.619441615269775
61,2012-06-22,93,1,3,4,ridge,,0.0001,-11.307138591209124,-10.699103847173708,-13.48302708385226,-12.7569269770786
61,2012-06-25,94,1,3,4,ridge,,0.0001,-13.358854538113189,-12.281835560024907,-12.80501195334165,-12.133327771834596
61,2012-06-29,95,1,3,4,ridge,,0.0001,-14.258735753179286,-12.929838363897248,-12.607243403121576,-11.938560933749702
61,2012-07-08,96,1,3,4,ridge,,0.0001,-12.653243854103511,-10.41345274290406,-13.256436043494388,-12.560766175845368
61,2012-07-10,97,1,3,4,ridge,,0.0001,-14.196530364341184,-11.545773452581232,-12.903341052056824,-12.228835510701074
61,2012-07-17,98,1,3,4,ridge,,0.0001,-12.879880314149483,-11.29771365776737,-13.270885999232748,-12.573825505527427
61,2012-07-19,99,1,3,4,ridge,,0.0001,-15.889663878319602,-12.719370404847758,-12.923572692551433,-12.248356728806385
102,2012-06-22,0,1,3,1,ridge,,0.01,-9.99305662822514,-8.79817877926706,-13.18860473241514,-11.263179508869088
102,2012-06-25,1,1,3,1,ridge,,0.01,-12.531601150465749,-11.66376412888952,-12.855394349581344,-11.684633241112813
102,2012-06-29,2,1,3,1,ridge,,0.01,-16.257897492533367,-15.208138461464548,-12.671501359346108,-12.263066516369893
102,2012-07-08,3,1,3,1,ridge,,0.01,-10.129457779827602,-9.071938641334588,-12.78676473009733,-12.398618905094859
102,2012-07-10,4,1,3,1,ridge,,0.01,-14.95434368762578,-14.112183043981709,-12.729149307536293,-12.352216871573521
102,2012-07-17,5,1,3,1,ridge,,0.01,-5.014295508188514,-4.452412337847899,-12.741551164479704,-12.36412677133031
102,2012-07-19,6,1,3,1,ridge,,0.01,-10.3251467740893,-11.06628687788346,-12.797956077833673,-12.405592900926498
103,2012-06-22,7,1,3,1,ridge,,0.01,-13.28404803220713,-14.50588749676858,-13.114370911570068,-9.742269669291842
103,2012-06-27,8,1,3,1,ridge,,0.01,-17.302172301136643,-16.600968273984137,-12.37364992377706,-10.73009571477475
103,2012-06-29,9,1,3,1,ridge,,0.01,-18.92242109331228,-19.84632772841422,-12.366650468979223,-11.048189792331632
103,2012-07-05,10,1,3,1,ridge,,0.01,-15.574795029478718,-16.124130866471255,-12.345246192161216,-10.996822088486976
103,2012-07-08,11,1,3,1,ridge,,0.01,-15.86824246394819,-13.95091862281008,-12.425336717392662,-11.119863511798426
103,2012-07-14,12,1,3,1,ridge,,0.01,-17.84275788106028,-18.72912571156667,-12.553171377407773,-11.194659532162486
103,2012-07-17,13,1,3,1,ridge,,0.01,-12.595339414809716,-16.21757943788777,-12.391066363908177,-11.084321672449505
111,2012-06-27,19,1,3,1,ridge,,0.01,-15.147228418373352,-9.881794018641486,-13.287607292813036,-14.30587020772737
111,2012-07-08,20,1,3,1,ridge,,0.01,-10.432732239997303,-7.011457229997938,-13.190573402562192,-14.011153132958857
111,2012-07-10,21,1,3,1,ridge,,0.01,-12.332899347459149,-7.340003351417149,-13.321626296572678,-14.329543902381825
111,2012-07-19,22,1,3,1,ridge,,0.01,-13.429778660777457,-11.904793601312772,-13.326350358939926,-14.332425255528774
112,2012-06-22,23,1,3,1,ridge,,0.01,-16.789512402971386,-18.984197687028864,-12.103047462696509,-10.77766868043933
112,2012-06-25,24,1,3,1,ridge,,0.01,-17.713046799178723,-19.529406845749364,-12.059038075228816,-10.874214660502991
112,2012-07-05,25,1,3,1,ridge,,0.01,-15.269240391706376,-15.832742511880692,-12.019145806299445,-11.029397289285978
112,2012-07-08,26,1,3,1,ridge,,0.01,-15.868211803986831,-15.9439617824927,-12.019238742521283,-11.028437530632614
52,2012-06-22,79,1,3,1,ridge,,0.01,-13.45495696239713,-15.738081907796053,-13.646332964673114,-11.637271406038149
52,2012-06-29,80,1,3,1,ridge,,0.01,-16.041356891502684,-16.29966966543719,-14.029800236315388,-11.714888181960566
52,2012-07-08,81,1,3,1,ridge,,0.01,-13.337191112994962,-11.304804238666236,-13.991173814941646,-11.712063586726757
52,2012-07-10,82,1,3,1,ridge,,0.01,-14.71139542756748,-12.827360988564674,-14.279442618838196,-11.719352621038864
52,2012-07-17,83,1,3,1,ridge,,0.01,-8.618950020440854,-7.762089915864024,-13.830342875046233,-11.691169092190112
52,2012-07-19,84,1,3,1,ridge,,0.01,-13.32401009971738,-12.996658395943411,-14.13306782051758,-11.719317997159008
12,2012-06-22,33,1,3,2,ridge,,0.01,-12.945592837955164,-13.621175265774452,-12.938429561637307,-10.875520529635226
12,2012-06-27,34,1,3,2,ridge,,0.01,-12.863896772641066,-14.252905240550222,-13.003344265827101,-10.747937616575244
12,2012-06-29,35,1,3,2,ridge,,0.01,-14.492924226367006,-14.921340450348202,-12.97306745320946,-10.806746965670339
12,2012-07-08,36,1,3,2,ridge,,0.01,-14.914279673093365,-14.773522086284936,-13.05308842499912,-10.653470731505092
12,2012-07-10,37,1,3,2,ridge,,0.01,-15.09795788808382,-15.53251252603237,-12.98256214245876,-10.788184328172866
12,2012-07-17,38,1,3,2,ridge,,0.01,-13.089522506330766,-13.652175532794685,-12.898068017348713,-10.95816128928544
31,2012-06-22,56,1,3,2,ridge,,0.01,-12.261406145930293,-7.675525079895581,-13.729897248163196,-13.973069773654105
31,2012-06-27,57,1,3,2,ridge,,0.01,-15.56720520685795,-10.869677151623607,-13.622242382910043,-13.917990090118208
31,2012-07-05,58,1,3,2,ridge,,0.01,-14.630903606681327,-11.607199044191669,-13.625374818566948,-13.726645441944687
31,2012-07-08,59,1,3,2,ridge,,0.01,-15.85527387686205,-13.88497530384446,-13.66791496613192,-13.588354702034486
31,2012-07-14,60,1,3,2,ridge,,0.01,-12.061582027927042,-8.958668222109942,-13.634125009398012,-13.93717624988864
32,2012-06-22,61,1,3,2,ridge,,0.01,-15.06141043899014,-15.128490659381375,-12.415661260862331,-10.650664946840518
32,2012-06-25,62,1,3,2,ridge,,0.01,-16.76615352729908,-16.21045729230626,-12.334506374209141,-10.615620240366292
32,2012-07-08,63,1,3,2,ridge,,0.01,-19.51691196321064,-18.66502996569921,-12.47880627324208,-10.00248132993901
32,2012-07-10,64,1,3,2,ridge,,0.01,-20.20667659920886,-19.288993971916742,-12.479828097870392,-10.00029269033815
32,2012-07-14,65,1,3,2,ridge,,0.01,-17.739515725707594,-17.16765829163566,-12.308663475983234,-10.526838660983978
32,2012-07-17,66,1,3,2,ridge,,0.01,-16.639945346572592,-14.987927440241748,-12.333504351122045,-10.614373049282959
54,2012-06-22,90,1,3,2,ridge,,0.01,-10.417640310145606,-12.93767695335395,-13.48192420202279,-12.720575598345096
54,2012-06-29,91,1,3,2,ridge,,0.01,-13.54880158174925,-13.941944979578206,-13.65786287683115,-12.35987942960603
54,2012-07-10,92,1,3,2,ridge,,0.01,-11.65562649391276,-9.922527219399468,-13.679178234382666,-12.319325364814325
71,2012-06-22,107,1,3,2,ridge,,0.01,-9.441352711283985,-15.826503794261775,-13.746883565336047,-12.836022786842472
71,2012-06-27,108,1,3,2,ridge,,0.01,-11.830891628824627,-14.88965576948976,-13.828746556892007,-12.678147417195401
71,2012-06-29,109,1,3,2,ridge,,0.01,-11.77120523725996,-14.980783625920942,-13.906462052678304,-12.534136059361733
71,2012-07-05,110,1,3,2,ridge,,0.01,-9.126432085488725,-7.106911469422197,-13.73903919136434,-12.85158659176025
71,2012-07-08,111,1,3,2,ridge,,0.01,-8.240456830553434,-5.994288299384496,-13.725677987298965,-12.878308485012095
71,2012-07-14,112,1,3,2,ridge,,0.01,-12.231283617180784,-7.335724658361975,-13.90838726609132,-12.53062544279475
71,2012-07-17,113,1,3,2,ridge,,0.01,-7.863112808923288,-5.020162935449686,-13.63388955287268,-13.071446897999087
13,2012-06-22,39,1,3,3,ridge,,0.01,-10.95121562728075,-10.836542679634643,-13.629717203976458,-13.09348670603353
13,2012-06-27,40,1,3,3,ridge,,0.01,-12.223609920228132,-12.934752148036708,-13.62746305020538,-13.09808694593509
13,2012-06-29,41,1,3,3,ridge,,0.01,-11.448270309198136,-11.2433082687523,-13.58124259933877,-13.094430154677507
13,2012-07-08,42,1,3,3,ridge,,0.01,-11.321650078114684,-11.1656550129835,-13.503607114336216,-13.050267565499055
13,2012-07-10,43,1,3,3,ridge,,0.01,-11.727868729384712,-11.935053682323652,-13.44490130301016,-13.009847127254009
13,2012-07-17,44,1,3,3,ridge,,0.01,-11.82663223841094,-11.483975197550755,-13.608140387633961,-13.10296764126085
41,2012-06-22,67,1,3,3,ridge,,0.01,-9.893244615306044,-8.032288058491003,-15.151387738242494,-14.562084269085029
41,2012-06-27,68,1,3,3,ridge,,0.01,-12.472382986190222,-8.801892289617859,-15.376754792017444,-14.910005423772077
41,2012-07-05,69,1,3,3,ridge,,0.01,-12.028670241841908,-9.29119256932756,-15.339545215099953,-14.933866932714885
41,2012-07-08,70,1,3,3,ridge,,0.01,-13.748748630293996,-9.894634362662554,-15.246349389524898,-14.88225400078211
41,2012-07-14,71,1,3,3,ridge,,0.01,-11.651468732388375,-9.450060398721016,-15.331866194863485,-14.930902348394042
41,2012-07-17,72,1,3,3,ridge,,0.01,-11.500314383218642,-8.561757537563716,-15.21280528615563,-14.643968787454302
53,2012-06-22,85,1,3,3,ridge,,0.01,-11.59685403803788,-14.890521382506938,-13.821264814667547,-13.049862323558902
53,2012-06-29,86,1,3,3,ridge,,0.01,-14.273258986856678,-15.844986252295593,-13.39793464122501,-12.73801727111626
53,2012-07-08,87,1,3,3,ridge,,0.01,-11.837654265802229,-9.263246005952729,-13.171612931408603,-12.546155589165405
53,2012-07-10,88,1,3,3,ridge,,0.01,-13.121221982705292,-10.563549725135724,-12.94416639119786,-12.34760122400774
53,2012-07-19,89,1,3,3,ridge,,0.01,-9.430559470207992,-7.124290756308986,-12.921585541920363,-12.327664648036736
62,2012-06-22,100,1,3,3,ridge,,0.01,-10.947069858107426,-10.084005244347887,-12.921987263257504,-12.895161457372714
62,2012-06-25,101,1,3,3,ridge,,0.01,-12.930932965823189,-11.69193923190518,-12.041589625361528,-12.12327153686813
62,2012-06-29,102,1,3,3,ridge,,0.01,-13.647540229966118,-12.451741540356156,-11.808734118131916,-11.911707157012383
62,2012-07-08,103,1,3,3,ridge,,0.01,-13.005404455519416,-9.79925558948652,-12.258385926908943,-12.318324967172206
62,2012-07-10,104,1,3,3,ridge,,0.01,-14.217439125925395,-11.423573357529008,-12.038768082175904,-12.120719702776556
62,2012-07-17,105,1,3,3,ridge,,0.01,-12.70807262304178,-10.388332622162803,-12.711848744489041,-12.71727222414411
62,2012-07-19,106,1,3,3,ridge,,0.01,-15.750405278939866,-14.123873702288767,-12.211567895826047,-12.27638516211412
83,2012-06-29,124,1,3,3,ridge,,0.01,-13.150595982099484,-13.185851612534412,-14.635078588532402,-13.979626294251654
83,2012-07-14,125,1,3,3,ridge,,0.01,-10.781364360016564,-10.279583356930988,-14.723873918394965,-14.057503385760015
11,2012-06-22,14,1,3,4,ridge,,0.01,-15.919724111874036,-17.420730792104454,-11.690456088294132,-11.149244318324454
11,2012-06-27,15,1,3,4,ridge,,0.01,-16.04746594426725,-17.275701316646803,-11.55441473118548,-11.031504291052906
11,2012-06-29,16,1,3,4,ridge,,0.01,-17.025781539812208,-18.04468787035671,-11.424247209127838,-10.913251990808352
11,2012-07-10,17,1,3,4,ridge,,0.01,-17.604639607278372,-17.842659591269815,-11.335820490243117,-10.830800651920757
11,2012-07-17,18,1,3,4,ridge,,0.01,-14.18453518805826,-15.072913856790963,-11.680070442860897,-11.140545450732112
21,2012-06-22,45,1,3,4,ridge,,0.01,-12.060684803223303,-12.00798502229204,-14.306555048355445,-13.31115289865954
21,2012-06-25,46,1,3,4,ridge,,0.01,-11.883841971912686,-12.210536948445432,-14.332435557508065,-13.387023252069985
21,2012-06-29,47,1,3,4,ridge,,0.01,-12.329567928959571,-12.661731465224886,-14.29383240416686,-13.430108680318327
21,2012-07-08,48,1,3,4,ridge,,0.01,-12.336402358206886,-12.252348442564678,-14.187280556191743,-13.371643310305611
21,2012-07-10,49,1,3,4,ridge,,0.01,-12.541026866239491,-12.812605872689588,-14.224028210960029,-13.395973910713476
21,2012-07-17,50,1,3,4,ridge,,0.01,-12.042182130233446,-11.668944707481812,-14.322864566359506,-13.42979045966751
42,2012-06-22,73,1,3,4,ridge,,0.01,-14.561620721902148,-14.201966799335745,-13.904058957960412,-12.697429462651026
42,2012-06-25,74,1,3,4,ridge,,0.01,-16.153608446963226,-15.565011635602495,-14.103004874860899,-13.005385360783373
42,2012-07-08,75,1,3,4,ridge,,0.01,-17.86890291137946,-17.776520095428644,-14.192240175543002,-13.369146652038133
42,2012-07-10,76,1,3,4,ridge,,0.01,-18.21143906581935,-18.30617756824163,-13.788323224140514,-13.045759877412975
42,2012-07-14,77,1,3,4,ridge,,0.01,-16.095384428093947,-16.335096559717847,-14.248844330873611,-13.269706158617636
42,2012-07-17,78,1,3,4,ridge,,0.01,-14.801847473829469,-15.583307282953209,-13.855043154252268,-12.624542846793874
61,2012-06-22,93,1,3,4,ridge,,0.01,-11.307138591209124,-10.699103847173708,-13.480999693955253,-12.754727077138192
61,2012-06-25,94,1,3,4,ridge,,0.01,-13.358854538113189,-12.281835560024907,-12.809020967091763,-12.137677288054615
61,2012-06-29,95,1,3,4,ridge,,0.01,-14.258735753179286,-12.929838363897248,-12.613153541606122,-11.944973878391057
61,2012-07-08,96,1,3,4,ridge,,0.01,-12.653243854103511,-10.41345274290406,-13.256292453776378,-12.560609475428762
61,2012-07-10,97,1,3,4,ridge,,0.01,-14.196530364341184,-11.545773452581232,-12.906419334928296,-12.232174907437969
61,2012-07-17,98,1,3,4,ridge,,0.01,-12.879880314149483,-11.29771365776737,-13.27061627930723,-12.573531968710293
61,2012-07-19,99,1,3,4,ridge,,0.01,-15.889663878319602,-12.719370404847758,-12.926460890476003,-12.251489833877095
102,2012-06-22,0,1,3,1,ridge,,1.0,-9.99305662822514,-8.79817877926706,-12.772363929465087,-11.39885867268865
102,2012-06-25,1,1,3,1,ridge,,1.0,-12.531601150465749,-11.66376412888952,-12.733977132489827,-11.733113213248346
102,2012-06-29,2,1,3,1,ridge,,1.0,-16.257897492533367,-15.208138461464548,-12.820001198374058,-12.228348635143371
102,2012-07-08,3,1,3,1,ridge,,1.0,-10.129457779827602,-9.071938641334588,-12.920494322729422,-12.365531994249576
102,2012-07-10,4,1,3,1,ridge,,1.0,-14.95434368762578,-14.112183043981709,-12.876881911997215,-12.316148938657612
102,2012-07-17,5,1,3,1,ridge,,1.0,-5.014295508188514,-4.452412337847899,-12.886865322306969,-12.328505611938905
102,2012-07-19,6,1,3,1,ridge,,1.0,-10.3251467740893,-11.06628687788346,-12.92833353889178,-12.373291844186157
103,2012-06-22,7,1,3,1,ridge,,1.0,-13.28404803220713,-14.50588749676858,-12.497061589087503,-9.951402429921323
103,2012-06-27,8,1,3,1,ridge,,1.0,-17.302172301136643,-16.600968273984137,-12.427520080391734,-10.740219809918022
103,2012-06-29,9,1,3,1,ridge,,1.0,-18.92242109331228,-19.84632772841422,-12.522577144997124,-11.02511983083197
103,2012-07-05,10,1,3,1,ridge,,1.0,-15.574795029478718,-16.124130866471255,-12.495795102895011,-10.976105959147521
103,2012-07-08,11,1,3,1,ridge,,1.0,-15.86824246394819,-13.95091862281008,-12.57456689759025,-11.097354458176536
103,2012-07-14,12,1,3,1,ridge,,1.0,-17.84275788106028,-18.72912571156667,-12.662603141877483,-11.181620434306797
103,2012-07-17,13,1,3,1,ridge,,1.0,-12.595339414809716,-16.21757943788777,-12.54616392132997,-11.060844859409185
111,2012-06-27,19,1,3,1,ridge,,1.0,-15.147228418373352,-9.881794018641486,-13.421050265481853,-14.251115333082875
111,2012-07-08,20,1,3,1,ridge,,1.0,-10.432732239997303,-7.011457229997938,-13.280464457654084,-13.973341474684576
111,2012-07-10,21,1,3,1,ridge,,1.0,-12.332899347459149,-7.340003351417149,-13.445646657728746,-14.276926885865285
111,2012-07-19,22,1,3,1,ridge,,1.0,-13.429778660777457,-11.904793601312772,-13.44893635493847,-14.280146299416463
112,2012-06-22,23,1,3,1,ridge,,1.0,-16.789512402971386,-18.984197687028864,-12.10644050700275,-10.802663929458003
112,2012-06-25,24,1,3,1,ridge,,1.0,-17.713046799178723,-19.529406845749364,-12.114043652270391,-10.88354680797166
112,2012-07-05,25,1,3,1,ridge,,1.0,-15.269240391706376,-15.832742511880692,-12.141912506544331,-11.017668874232301
112,2012-07-08,26,1,3,1,ridge,,1.0,-15.868211803986831,-15.9439617824927,-12.141662131343924,-11.016818851019366
52,2012-06-22,79,1,3,1,ridge,,1.0,-13.45495696239713,-15.738081907796053,-13.748960870101875,-11.617913460675702
52,2012-06-29,80,1,3,1,ridge,,1.0,-16.041356891502684,-16.29966966543719,-13.967552489947538,-11.738820332915353
52,2012-07-08,81,1,3,1,ridge,,1.0,-13.337191112994962,-11.304804238666236,-13.947081915800977,-11.731128706703704
52,2012-07-10,82,1,3,1,ridge,,1.0,-14.71139542756748,-12.827360988564674,-14.095578591837706,-11.77613900524978
52,2012-07-17,83,1,3,1,ridge,,1.0,-8.618950020440854,-7.762089915864024,-13.85901609854478,-11.690895390545279
52,2012-07-19,84,1,3,1,ridge,,1.0,-13.32401009971738,-12.996658395943411,-14.021312765608219,-11.75657873298937
12,2012-06-22,33,1,3,2,ridge,,1.0,-12.945592837955164,-13.621175265774452,-12.922683292324386,-10.942207668863237
12,2012-06-27,34,1,3,2,ridge,,1.0,-12.863896772641066,-14.252905240550222,-12.961389545626018,-10.854719559456992
12,2012-06-29,35,1,3,2,ridge,,1.0,-14.492924226367006,-14.921340450348202,-12.943475215168034,-10.894634343443073
12,2012-07-08,36,1,3,2,ridge,,1.0,-14.914279673093365,-14.773522086284936,-12.990393381212995,-10.791896412109326
12,2012-07-10,37,1,3,2,ridge,,1.0,-15.09795788808382,-15.53251252603237,-12.949117013139865,-10.881963474030535
12,2012-07-17,38,1,3,2,ridge,,1.0,-13.089522506330766,-13.652175532794685,-12.897957518320528,-11.000842092672071
31,2012-06-22,56,1,3,2,ridge,,1.0,-12.261406145930293,-7.675525079895581,-13.650419069911282,-14.06631015022705
31,2012-06-27,57,1,3,2,ridge,,1.0,-15.56720520685795,-10.869677151623607,-13.639301829649495,-13.870467754306656
31,2012-07-05,58,1,3,2,ridge,,1.0,-14.630903606681327,-11.607199044191669,-13.67802710467157,-13.62948058308606
31,2012-07-08,59,1,3,2,ridge,,1.0,-15.85527387686205,-13.88497530384446,-13.714275571824098,-13.50223510758753
31,2012-07-14,60,1,3,2,ridge,,1.0,-12.061582027927042,-8.958668222109942,-13.637920340230647,-13.908841250722288
32,2012-06-22,61,1,3,2,ridge,,1.0,-15.06141043899014,-15.128490659381375,-12.350362559479404,-10.803445038314326
32,2012-06-25,62,1,3,2,ridge,,1.0,-16.76615352729908,-16.21045729230626,-12.34069285551671,-10.664091174715141
32,2012-07-08,63,1,3,2,ridge,,1.0,-19.51691196321064,-18.66502996569921,-12.492319650670558,-10.048300489146825
32,2012-07-10,64,1,3,2,ridge,,1.0,-20.20667659920886,-19.288993971916742,-12.492964822244064,-10.046692752766319
32,2012-07-14,65,1,3,2,ridge,,1.0,-17.739515725707594,-17.16765829163566,-12.353062540174493,-10.52047475512336
32,2012-07-17,66,1,3,2,ridge,,1.0,-16.639945346572592,-14.987927440241748,-12.340735569549318,-10.661329227105682
54,2012-06-22,90,1,3,2,ridge,,1.0,-10.417640310145606,-12.93767695335395,-13.49227366613797,-12.708153857372906
54,2012-06-29,91,1,3,2,ridge,,1.0,-13.54880158174925,-13.941944979578206,-13.60014643657051,-12.451974920370791
54,2012-07-10,92,1,3,2,ridge,,1.0,-11.65562649391276,-9.922527219399468,-13.612589505071151,-12.424959290394941
71,2012-06-22,107,1,3,2,ridge,,1.0,-9.441352711283985,-15.826503794261775,-13.716829525371173,-12.876333045113217
71,2012-06-27,108,1,3,2,ridge,,1.0,-11.830891628824627,-14.88965576948976,-13.765040836592254,-12.769861088329248
71,2012-06-29,109,1,3,2,ridge,,1.0,-11.77120523725996,-14.980783625920942,-13.809642194155867,-12.67628244651851
71,2012-07-05,110,1,3,2,ridge,,1.0,-9.126432085488725,-7.106911469422197,-13.712123050613812,-12.887092553302072
71,2012-07-08,111,1,3,2,ridge,,1.0,-8.240456830553434,-5.994288299384496,-13.704064329776273,-12.905690488188023
71,2012-07-14,112,1,3,2,ridge,,1.0,-12.231283617180784,-7.335724658361975,-13.81073575696457,-12.674037030456761
71,2012-07-17,113,1,3,2,ridge,,1.0,-7.863112808923288,-5.020162935449686,-13.646799036598116,-13.04568315187749
13,2012-06-22,39,1,3,3,ridge,,1.0,-10.95121562728075,-10.836542679634643,-13.453793993864657,-12.924101235410797
13,2012-06-27,40,1,3,3,ridge,,1.0,-12.223609920228132,-12.934752148036708,-13.446533454730435,-12.923796492896523
13,2012-06-29,41,1,3,3,ridge,,1.0,-11.448270309198136,-11.2433082687523,-13.388106078344691,-12.907960509739018
13,2012-07-08,42,1,3,3,ridge,,1.0,-11.321650078114684,-11.1656550129835,-13.32506308644186,-12.877640955024834
13,2012-07-10,43,1,3,3,ridge,,1.0,-11.727868729384712,-11.935053682323652,-13.283877258223669,-12.854026676688711
13,2012-07-17,44,1,3,3,ridge,,1.0,-11.82663223841094,-11.483975197550755,-13.416191151638634,-12.917803337845202
41,2012-06-22,67,1,3,3,ridge,,1.0,-9.893244615306044,-8.032288058491003,-15.18950461647432,-14.598696011365263
41,2012-06-27,68,1,3,3,ridge,,1.0,-12.472382986190222,-8.801892289617859,-15.169688060380405,-14.708209530227162
41,2012-07-05,69,1,3,3,ridge,,1.0,-12.028670241841908,-9.29119256932756,-15.097907567346063,-14.69808368144289
41,2012-07-08,70,1,3,3,ridge,,1.0,-13.748748630293996,-9.894634362662554,-15.020935654357917,-14.661824325711617
41,2012-07-14,71,1,3,3,ridge,,1.0,-11.651468732388375,-9.450060398721016,-15.090376267854154,-14.695222075356726
41,2012-07-17,72,1,3,3,ridge,,1.0,-11.500314383218642,-8.561757537563716,-15.196041333116911,-14.627275546945121
53,2012-06-22,85,1,3,3,ridge,,1.0,-11.59685403803788,-14.890521382506938,-13.61517405079236,-12.854572984996972
53,2012-06-29,86,1,3,3,ridge,,1.0,-14.273258986856678,-15.844986252295593,-13.3369859679052,-12.682296089263774
53,2012-07-08,87,1,3,3,ridge,,1.0,-11.837654265802229,-9.263246005952729,-13.211469126771354,-12.587732914315975
53,2012-07-10,88,1,3,3,ridge,,1.0,-13.121221982705292,-10.563549725135724,-13.090626184047439,-12.492138196688073
53,2012-07-19,89,1,3,3,ridge,,1.0,-9.430559470207992,-7.124290756308986,-13.078835817615733,-12.482625640102349
62,2012-06-22,100,1,3,3,ridge,,1.0,-10.947069858107426,-10.084005244347887,-12.88812508861925,-12.857364689769062
62,2012-06-25,101,1,3,3,ridge,,1.0,-12.930932965823189,-11.69193923190518,-12.423439379658543,-12.48701206050632
62,2012-06-29,102,1,3,3,ridge,,1.0,-13.647540229966118,-12.451741540356156,-12.307373335595678,-12.388333005142474
62,2012-07-08,103,1,3,3,ridge,,1.0,-13.005404455519416,-9.79925558948652,-12.533273206243372,-12.578697698161227
62,2012-07-10,104,1,3,3,ridge,,1.0,-14.217439125925395,-11.423573357529008,-12.42202217096855,-12.485817499324517
62,2012-07-17,105,1,3,3,ridge,,1.0,-12.70807262304178,-10.388332622162803,-12.771349513986264,-12.769588066325191
62,2012-07-19,106,1,3,3,ridge,,1.0,-15.750405278939866,-14.123873702288767,-12.509385441566623,-12.558915700056733
83,2012-06-29,124,1,3,3,ridge,,1.0,-13.150595982099484,-13.185851612534412,-14.721361791046016,-14.06552992433959
83,2012-07-14,125,1,3,3,ridge,,1.0,-10.781364360016564,-10.279583356930988,-14.768205477272296,-14.102885537959207
11,2012-06-22,14,1,3,4,ridge,,1.0,-15.919724111874036,-17.420730792104454,-11.668564044442572,-11.120826726625534
11,2012-06-27,15,1,3,4,ridge,,1.0,-16.04746594426725,-17.275701316646803,-11.587177968503768,-11.062293975468226
11,2012-06-29,16,1,3,4,ridge,,1.0,-17.025781539812208,-18.04468787035671,-11.512260218299744,-11.00392708510326
11,2012-07-10,17,1,3,4,ridge,,1.0,-17.604639607278372,-17.842659591269815,-11.462485042557116,-10.963382514322078
11,2012-07-17,18,1,3,4,ridge,,1.0,-14.18453518805826,-15.072913856790963,-11.662197979107882,-11.11648044559983
21,2012-06-22,45,1,3,4,ridge,,1.0,-12.060684803223303,-12.00798502229204,-14.18296475025989,-13.179925306098749
21,2012-06-25,46,1,3,4,ridge,,1.0,-11.883841971912686,-12.210536948445432,-14.170217655973932,-13.213624801728566
21,2012-06-29,47,1,3,4,ridge,,1.0,-12.329567928959571,-12.661731465224886,-14.106738183922415,-13.229295512826218
21,2012-07-08,48,1,3,4,ridge,,1.0,-12.336402358206886,-12.252348442564678,-14.02517471717075,-13.197693832975114
21,2012-07-10,49,1,3,4,ridge,,1.0,-12.541026866239491,-12.812605872689588,-14.051104403394678,-13.210351066649334
21,2012-07-17,50,1,3,4,ridge,,1.0,-12.042182130233446,-11.668944707481812,-14.137539951905977,-13.231049473181077
42,2012-06-22,73,1,3,4,ridge,,1.0,-14.561620721902148,-14.201966799335745,-14.087179385362614,-12.899535437111094
42,2012-06-25,74,1,3,4,ridge,,1.0,-16.153608446963226,-15.565011635602495,-14.13451681073652,-13.042427936684707
42,2012-07-08,75,1,3,4,ridge,,1.0,-17.86890291137946,-17.776520095428644,-14.036629114642862,-13.201733982767525
42,2012-07-10,76,1,3,4,ridge,,1.0,-18.21143906581935,-18.30617756824163,-13.781159766484311,-13.038998599880404
42,2012-07-14,77,1,3,4,ridge,,1.0,-16.095384428093947,-16.335096559717847,-14.148854991388948,-13.163452999336844
42,2012-07-17,78,1,3,4,ridge,,1.0,-14.801847473829469,-15.583307282953209,-14.0739396437216,-12.865590323059697
61,2012-06-22,93,1,3,4,ridge,,1.0,-11.307138591209124,-10.699103847173708,-13.382803823717998,-12.648249573203536
61,2012-06-25,94,1,3,4,ridge,,1.0,-13.358854538113189,-12.281835560024907,-12.999522461005514,-12.344157809479068
61,2012-06-29,95,1,3,4,ridge,,1.0,-14.258735753179286,-12.929838363897248,-12.894586431837858,-12.250100480605267
61,2012-07-08,96,1,3,4,ridge,,1.0,-12.653243854103511,-10.41345274290406,-13.248183603072055,-12.551719740160653
61,2012-07-10,97,1,3,4,ridge,,1.0,-14.196530364341184,-11.545773452581232,-13.052404451909911,-12.390369256949715
61,2012-07-17,98,1,3,4,ridge,,1.0,-12.879880314149483,-11.29771365776737,-13.2564752639127,-12.558104470766141
61,2012-07-19,99,1,3,4,ridge,,1.0,-15.889663878319602,-12.719370404847758,-13.063354419611523,-12.399823385217305
102,2012-06-22,0,1,3,1,ridge,,100.0,-9.99305662822514,-8.79817877926706,-13.226203977402681,-12.111448511057207
102,2012-06-25,1,1,3,1,ridge,,100.0,-12.531601150465749,-11.66376412888952,-13.220136221377018,-12.232027298127187
102,2012-06-29,2,1,3,1,ridge,,100.0,-16.257897492533367,-15.208138461464548,-13.212877202229304,-12.424804734243326
102,2012-07-08,3,1,3,1,ridge,,100.0,-10.129457779827602,-9.071938641334588,-13.211795097122454,-12.485784070208501
102,2012-07-10,4,1,3,1,ridge,,100.0,-14.95434368762578,-14.112183043981709,-13.212094540920129,-12.463097618097692
102,2012-07-17,5,1,3,1,ridge,,100.0,-5.014295508188514,-4.452412337847899,-13.21200835616259,-12.468682372434397
102,2012-07-19,6,1,3,1,ridge,,100.0,-10.3251467740893,-11.06628687788346,-13.211759989654302,-12.48944641280031
103,2012-06-22,7,1,3,1,ridge,,100.0,-13.28404803220713,-14.50588749676858,-13.021815695923483,-11.457163841116978
103,2012-06-27,8,1,3,1,ridge,,100.0,-17.302172301136643,-16.600968273984137,-13.007751193943317,-11.7438021662101
103,2012-06-29,9,1,3,1,ridge,,100.0,-18.92242109331228,-19.84632772841422,-13.004127223139083,-11.85920836361169
103,2012-07-05,10,1,3,1,ridge,,100.0,-15.574795029478718,-16.124130866471255,-13.00462435799541,-11.83832308108413
103,2012-07-08,11,1,3,1,ridge,,100.0,-15.86824246394819,-13.95091862281008,-13.003546224410837,-11.89122587144396
103,2012-07-14,12,1,3,1,ridge,,100.0,-17.84275788106028,-18.72912571156667,-13.00320021627576,-11.931283599761553
103,2012-07-17,13,1,3,1,ridge,,100.0,-12.595339414809716,-16.21757943788777,-13.003814128045633,-11.874833093771528
111,2012-06-27,19,1,3,1,ridge,,100.0,-15.147228418373352,-9.881794018641486,-13.546396532117738,-13.371294176982962
111,2012-07-08,20,1,3,1,ridge,,100.0,-10.432732239997303,-7.011457229997938,-13.54934952984929,-13.25403873776535
111,2012-07-10,21,1,3,1,ridge,,100.0,-12.332899347459149,-7.340003351417149,-13.54626183614694,-13.383329985259921
111,2012-07-19,22,1,3,1,ridge,,100.0,-13.429778660777457,-11.904793601312772,-13.546247723252536,-13.384853114175693
112,2012-06-22,23,1,3,1,ridge,,100.0,-16.789512402971386,-18.984197687028864,-12.902527263769194,-11.769107888852526
112,2012-06-25,24,1,3,1,ridge,,100.0,-17.713046799178723,-19.529406845749364,-12.90126361442046,-11.799955420636483
112,2012-07-05,25,1,3,1,ridge,,100.0,-15.269240391706376,-15.832742511880692,-12.89935306842711,-11.852616258264348
112,2012-07-08,26,1,3,1,ridge,,100.0,-15.868211803986831,-15.9439617824927,-12.899364283457368,-11.852275219718669
52,2012-06-22,79,1,3,1,ridge,,100.0,-13.45495696239713,-15.738081907796053,-13.448272896464625,-12.167818373915425
52,2012-06-29,80,1,3,1,ridge,,100.0,-16.041356891502684,-16.29966966543719,-13.448894235020227,-12.234416210076464
52,2012-07-08,81,1,3,1,ridge,,100.0,-13.337191112994962,-11.304804238666236,-13.4487751855068,-12.229530555394586
52,2012-07-10,82,1,3,1,ridge,,100.0,-14.71139542756748,-12.827360988564674,-13.449819581831107,-12.26095847703204
52,2012-07-17,83,1,3,1,ridge,,100.0,-8.618950020440854,-7.762089915864024,-13.448382763588658,-12.205854123664059
52,2012-07-19,84,1,3,1,ridge,,100.0,-13.32401009971738,-12.996658395943411,-13.44924781003523,-12.246338553867947
12,2012-06-22,33,1,3,2,ridge,,100.0,-12.945592837955164,-13.621175265774452,-13.272634229901065,-12.064577252220928
12,2012-06-27,34,1,3,2,ridge,,100.0,-12.863896772641066,-14.252905240550222,-13.28338387553968,-12.041214564493732
12,2012-06-29,35,1,3,2,ridge,,100.0,-14.492924226367006,-14.921340450348202,-13.278597478357456,-12.05159888559302
12,2012-07-08,36,1,3,2,ridge,,100.0,-14.914279673093365,-14.773522086284936,-13.29054422339798,-12.025738751855895
12,2012-07-10,37,1,3,2,ridge,,100.0,-15.09795788808382,-15.53251252603237,-13.280137725878738,-12.048253957373765
12,2012-07-17,38,1,3,2,ridge,,100.0,-13.089522506330766,-13.652175532794685,-13.26486865392871,-12.081540998983174
31,2012-06-22,56,1,3,2,ridge,,100.0,-12.261406145930293,-7.675525079895581,-13.444295531797593,-13.386964452053668
31,2012-06-27,57,1,3,2,ridge,,100.0,-15.56720520685795,-10.869677151623607,-13.513507956305189,-13.229584925697218
31,2012-07-05,58,1,3,2,ridge,,100.0,-14.630903606681327,-11.607199044191669,-13.574472529695532,-13.092256461722409
31,2012-07-08,59,1,3,2,ridge,,100.0,-15.85527387686205,-13.88497530384446,-13.599365564363062,-13.036728683360119
31,2012-07-14,60,1,3,2,ridge,,100.0,-12.061582027927042,-8.958668222109942,-13.501590459561346,-13.256595597806824
32,2012-06-22,61,1,3,2,ridge,,100.0,-15.06141043899014,-15.128490659381375,-12.916882261878595,-12.108189298913432
32,2012-06-25,62,1,3,2,ridge,,100.0,-16.76615352729908,-16.21045729230626,-12.966943554260975,-11.994313287937555
32,2012-07-08,63,1,3,2,ridge,,100.0,-19.51691196321064,-18.66502996569921,-13.098399407022297,-11.700017117141902
32,2012-07-10,64,1,3,2,ridge,,100.0,-20.20667659920886,-19.288993971916742,-13.09862748504766,-11.699516719665295
32,2012-07-14,65,1,3,2,ridge,,100.0,-17.739515725707594,-17.16765829163566,-13.008221024647362,-11.900961753579718
32,2012-07-17,66,1,3,2,ridge,,100.0,-16.639945346572592,-14.987927440241748,-12.9678275155668,-11.992308217522284
54,2012-06-22,90,1,3,2,ridge,,100.0,-10.417640310145606,-12.93767695335395,-13.512637104460733,-12.758868093707285
54,2012-06-29,91,1,3,2,ridge,,100.0,-13.54880158174925,-13.941944979578206,-13.546637772493314,-12.68458398911915
54,2012-07-10,92,1,3,2,ridge,,100.0,-11.65562649391276,-9.922527219399468,-13.549730470180585,-12.677897423601774
71,2012-06-22,107,1,3,2,ridge,,100.0,-9.441352711283985,-15.826503794261775,-13.59852089898517,-12.828308340900138
71,2012-06-27,108,1,3,2,ridge,,100.0,-11.830891628824627,-14.88965576948976,-13.611092172461534,-12.80106535420713
71,2012-06-29,109,1,3,2,ridge,,100.0,-11.77120523725996,-14.980783625920942,-13.62111204497564,-12.779516477953294
71,2012-07-05,110,1,3,2,ridge,,100.0,-9.126432085488725,-7.106911469422197,-13.597174071855981,-12.831239283556423
71,2012-07-08,111,1,3,2,ridge,,100.0,-8.240456830553434,-5.994288299384496,-13.594810746699206,-12.836387654235256
71,2012-07-14,112,1,3,2,ridge,,100.0,-12.231283617180784,-7.335724658361975,-13.621341685414777,-12.7790245172501
71,2012-07-17,113,1,3,2,ridge,,100.0,-7.863112808923288,-5.020162935449686,-13.575453175371083,-12.878790659655543
13,2012-06-22,39,1,3,3,ridge,,100.0,-10.95121562728075,-10.836542679634643,-13.667038324153294,-13.166801115364764
13,2012-06-27,40,1,3,3,ridge,,100.0,-12.223609920228132,-12.934752148036708,-13.659462162662795,-13.16314111596743
13,2012-06-29,41,1,3,3,ridge,,100.0,-11.448270309198136,-11.2433082687523,-13.61334332609223,-13.140745975459982
13,2012-07-08,42,1,3,3,ridge,,100.0,-11.321650078114684,-11.1656550129835,-13.578262039949196,-13.123559797755162
13,2012-07-10,43,1,3,3,ridge,,100.0,-11.727868729384712,-11.935053682323652,-13.55956672977249,-13.114339495062584
13,2012-07-17,44,1,3,3,ridge,,100.0,-11.82663223841094,-11.483975197550755,-13.633037009837885,-13.150334584250812
41,2012-06-22,67,1,3,3,ridge,,100.0,-9.893244615306044,-8.032288058491003,-14.590236586873425,-14.030155792727397
41,2012-06-27,68,1,3,3,ridge,,100.0,-12.472382986190222,-8.801892289617859,-14.44713645553578,-13.961976400517157
41,2012-07-05,69,1,3,3,ridge,,100.0,-12.028670241841908,-9.29119256932756,-14.380127140134167,-13.92954325949577
41,2012-07-08,70,1,3,3,ridge,,100.0,-13.748748630293996,-9.894634362662554,-14.33645270277588,-13.908159605931132
41,2012-07-14,71,1,3,3,ridge,,100.0,-11.651468732388375,-9.450060398721016,-14.37509254222357,-13.927089126203397
41,2012-07-17,72,1,3,3,ridge,,100.0,-11.500314383218642,-8.561757537563716,-14.565654395092473,-14.018524339162227
53,2012-06-22,85,1,3,3,ridge,,100.0,-11.59685403803788,-14.890521382506938,-13.721978265664976,-13.129854677944492
53,2012-06-29,86,1,3,3,ridge,,100.0,-14.273258986856678,-15.844986252295593,-13.60987487570343,-13.074313414125916
53,2012-07-08,87,1,3,3,ridge,,100.0,-11.837654265802229,-9.263246005952729,-13.57796961344475,-13.05813022752789
53,2012-07-10,88,1,3,3,ridge,,100.0,-13.121221982705292,-10.563549725135724,-13.552303514813486,-13.04495055853544
53,2012-07-19,89,1,3,3,ridge,,100.0,-9.430559470207992,-7.124290756308986,-13.550005247334376,-13.043762524425297
62,2012-06-22,100,1,3,3,ridge,,100.0,-10.947069858107426,-10.084005244347887,-13.39179184332928,-13.122394955134347
62,2012-06-25,101,1,3,3,ridge,,100.0,-12.930932965823189,-11.69193923190518,-13.29615348235491,-13.07316744799135
62,2012-06-29,102,1,3,3,ridge,,100.0,-13.647540229966118,-12.451741540356156,-13.279116286987103,-13.064128028485602
62,2012-07-08,103,1,3,3,ridge,,100.0,-13.005404455519416,-9.79925558948652,-13.314156149820283,-13.082615236542289
62,2012-07-10,104,1,3,3,ridge,,100.0,-14.217439125925395,-11.423573357529008,-13.29593397361657,-13.07305161745766
62,2012-07-17,105,1,3,3,ridge,,100.0,-12.70807262304178,-10.388332622162803,-13.361885572361622,-13.107232822721912
62,2012-07-19,106,1,3,3,ridge,,100.0,-15.750405278939866,-14.123873702288767,-13.310064661864415,-13.0804767384986
83,2012-06-29,124,1,3,3,ridge,,100.0,-13.150595982099484,-13.185851612534412,-14.282117085489658,-13.739887952733483
83,2012-07-14,125,1,3,3,ridge,,100.0,-10.781364360016564,-10.279583356930988,-14.291734399368337,-13.744839164701949
11,2012-06-22,14,1,3,4,ridge,,100.0,-15.919724111874036,-17.420730792104454,-12.541698990931984,-11.871731383549669
11,2012-06-27,15,1,3,4,ridge,,100.0,-16.04746594426725,-17.275701316646803,-12.516446786184934,-11.86388946470057
11,2012-06-29,16,1,3,4,ridge,,100.0,-17.025781539812208,-18.04468787035671,-12.496785474446112,-11.857624969158294
11,2012-07-10,17,1,3,4,ridge,,100.0,-17.604639607278372,-17.842659591269815,-12.4851331760351,-11.85383841441819
11,2012-07-17,18,1,3,4,ridge,,100.0,-14.18453518805826,-15.072913856790963,-12.539538260369234,-11.87106860033055
21,2012-06-22,45,1,3,4,ridge,,100.0,-12.060684803223303,-12.00798502229204,-13.619429938575838,-12.708473340034693
21,2012-06-25,46,1,3,4,ridge,,100.0,-11.883841971912686,-12.210536948445432,-13.58122881846081,-12.698127567922038
21,2012-06-29,47,1,3,4,ridge,,100.0,-12.329567928959571,-12.661731465224886,-13.512540889729477,-12.678967648820498
21,2012-07-08,48,1,3,4,ridge,,100.0,-12.336402358206886,-12.252348442564678,-13.465616869395852,-12.665353464142468
21,2012-07-10,49,1,3,4,ridge,,100.0,-12.541026866239491,-12.812605872689588,-13.478448660746293,-12.669126225101861
21,2012-07-17,50,1,3,4,ridge,,100.0,-12.042182130233446,-11.668944707481812,-13.538394138134167,-12.686274175548688
42,2012-06-22,73,1,3,4,ridge,,100.0,-14.561620721902148,-14.201966799335745,-13.813293587130836,-12.791779907154643
42,2012-06-25,74,1,3,4,ridge,,100.0,-16.153608446963226,-15.565011635602495,-13.741024559392697,-12.773190033207163
42,2012-07-08,75,1,3,4,ridge,,100.0,-17.86890291137946,-17.776520095428644,-13.527142802767578,-12.714901195727045
42,2012-07-10,76,1,3,4,ridge,,100.0,-18.21143906581935,-18.30617756824163,-13.431101754193284,-12.685819482959959
42,2012-07-14,77,1,3,4,ridge,,100.0,-16.095384428093947,-16.335096559717847,-13.65702625387396,-12.751023738268682
42,2012-07-17,78,1,3,4,ridge,,100.0,-14.801847473829469,-15.583307282953209,-13.828696883009695,-12.795698811473363
61,2012-06-22,93,1,3,4,ridge,,100.0,-11.307138591209124,-10.699103847173708,-13.222976264571358,-12.46992894749542
61,2012-06-25,94,1,3,4,ridge,,100.0,-13.358854538113189,-12.281835560024907,-13.126770378459007,-12.43904624300462
61,2012-06-29,95,1,3,4,ridge,,100.0,-14.258735753179286,-12.929838363897248,-13.109060451425906,-12.432888598481243
61,2012-07-08,96,1,3,4,ridge,,100.0,-12.653243854103511,-10.41345274290406,-13.180975993772863,-12.456896242391615
61,2012-07-10,97,1,3,4,ridge,,100.0,-14.196530364341184,-11.545773452581232,-13.136644505589034,-12.442402094936252
61,2012-07-17,98,1,3,4,ridge,,100.0,-12.879880314149483,-11.29771365776737,-13.183212068703005,-12.457605557306543
61,2012-07-19,99,1,3,4,ridge,,100.0,-15.889663878319602,-12.719370404847758,-13.138780643146116,-12.443121348167935
102,2012-06-22,0,1,3,1,ridge,,10000.0,-9.99305662822514,-8.79817877926706,-13.382697631639251,-12.62577977626332
102,2012-06-25,1,1,3,1,ridge,,10000.0,-12.531601150465749,-11.66376412888952,-13.380679463322618,-12.627508599894032
102,2012-06-29,2,1,3,1,ridge,,10000.0,-16.257897492533367,-15.208138461464548,-13.377462237973008,-12.630274731072431
102,2012-07-08,3,1,3,1,ridge,,10000.0,-10.129457779827602,-9.071938641334588,-13.37644921743304,-12.631150779455703
102,2012-07-10,4,1,3,1,ridge,,10000.0,-14.95434368762578,-14.112183043981709,-13.37682570143074,-12.630824768159039
102,2012-07-17,5,1,3,1,ridge,,10000.0,-5.014295508188514,-4.452412337847899,-13.376732974079227,-12.630905011846723
102,2012-07-19,6,1,3,1,ridge,,10000.0,-10.3251467740893,-11.06628687788346,-13.376388491184478,-12.631203420065345
103,2012-06-22,7,1,3,1,ridge,,10000.0,-13.28404803220713,-14.50588749676858,-13.379510435162418,-12.613914366884163
103,2012-06-27,8,1,3,1,ridge,,10000.0,-17.302172301136643,-16.600968273984137,-13.374714249855705,-12.618024419793345
103,2012-06-29,9,1,3,1,ridge,,10000.0,-18.92242109331228,-19.84632772841422,-13.372791023175198,-12.619680997697134
103,2012-07-05,10,1,3,1,ridge,,10000.0,-15.574795029478718,-16.124130866471255,-13.373138465142267,-12.61938106423396
103,2012-07-08,11,1,3,1,ridge,,10000.0,-15.86824246394819,-13.95091862281008,-13.372259082458058,-12.620140960048431
103,2012-07-14,12,1,3,1,ridge,,10000.0,-17.84275788106028,-18.72912571156667,-13.37159502047162,-12.620716762381193
103,2012-07-17,13,1,3,1,ridge,,10000.0,-12.595339414809716,-16.21757943788777,-13.372531319731053,-12.619905436040527
111,2012-06-27,19,1,3,1,ridge,,10000.0,-15.147228418373352,-9.881794018641486,-13.383703734989279,-12.647704771611217
111,2012-07-08,20,1,3,1,ridge,,10000.0,-10.432732239997303,-7.011457229997938,-13.385654985610945,-12.646021008906711
111,2012-07-10,21,1,3,1,ridge,,10000.0,-12.332899347459149,-7.340003351417149,-13.383504092117334,-12.64787775110105
111,2012-07-19,22,1,3,1,ridge,,10000.0,-13.429778660777457,-11.904793601312772,-13.383478838592856,-12.647899644193197
112,2012-06-22,23,1,3,1,ridge,,10000.0,-16.789512402971386,-18.984197687028864,-13.3734544289213,-12.618464493094011
112,2012-06-25,24,1,3,1,ridge,,10000.0,-17.713046799178723,-19.529406845749364,-13.372939229269944,-12.618907029521417
112,2012-07-05,25,1,3,1,ridge,,10000.0,-15.269240391706376,-15.832742511880692,-13.372060660117826,-12.619662714640349
112,2012-07-08,26,1,3,1,ridge,,10000.0,-15.868211803986831,-15.9439617824927,-13.372066345411127,-12.619657819706836
52,2012-06-22,79,1,3,1,ridge,,10000.0,-13.45495696239713,-15.738081907796053,-13.379859544474025,-12.625625908013408
52,2012-06-29,80,1,3,1,ridge,,10000.0,-16.041356891502684,-16.29966966543719,-13.37876009539279,-12.626584256918104
52,2012-07-08,81,1,3,1,ridge,,10000.0,-13.337191112994962,-11.304804238666236,-13.378840470096915,-12.62651388739062
52,2012-07-10,82,1,3,1,ridge,,10000.0,-14.71139542756748,-12.827360988564674,-13.378324511650247,-12.626966797661334
52,2012-07-17,83,1,3,1,ridge,,10000.0,-8.618950020440854,-7.762089915864024,-13.379230681895914,-12.626173030768431
52,2012-07-19,84,1,3,1,ridge,,10000.0,-13.32401009971738,-12.996658395943411,-13.37856420059072,-12.626756033332613
12,2012-06-22,33,1,3,2,ridge,,10000.0,-12.945592837955164,-13.621175265774452,-13.477560779025632,-12.774861433913394
12,2012-06-27,34,1,3,2,ridge,,10000.0,-12.863896772641066,-14.252905240550222,-13.4778681639821,-12.774395663093857
12,2012-06-29,35,1,3,2,ridge,,10000.0,-14.492924226367006,-14.921340450348202,-13.477731589581872,-12.774602497381107
12,2012-07-08,36,1,3,2,ridge,,10000.0,-14.914279673093365,-14.773522086284936,-13.47807152934817,-12.774088043563934
12,2012-07-10,37,1,3,2,ridge,,10000.0,-15.09795788808382,-15.53251252603237,-13.477775591625035,-12.774535838334035
12,2012-07-17,38,1,3,2,ridge,,10000.0,-13.089522506330766,-13.652175532794685,-13.477337333123579,-12.775200550508595
31,2012-06-22,56,1,3,2,ridge,,10000.0,-12.261406145930293,-7.675525079895581,-13.477892790290223,-12.797948889996226
31,2012-06-27,57,1,3,2,ridge,,10000.0,-15.56720520685795,-10.869677151623607,-13.479983751847582,-12.794737397397743
31,2012-07-05,58,1,3,2,ridge,,10000.0,-14.630903606681327,-11.607199044191669,-13.481804695822305,-12.79194822994372
31,2012-07-08,59,1,3,2,ridge,,10000.0,-15.85527387686205,-13.88497530384446,-13.482539443548827,-12.790826046600213
31,2012-07-14,60,1,3,2,ridge,,10000.0,-12.061582027927042,-8.958668222109942,-13.479625130807209,-12.795287684097067
32,2012-06-22,61,1,3,2,ridge,,10000.0,-15.06141043899014,-15.128490659381375,-13.468989850484055,-12.777316939604264
32,2012-06-25,62,1,3,2,ridge,,10000.0,-16.76615352729908,-16.21045729230626,-13.470502941002405,-12.774992739567121
32,2012-07-08,63,1,3,2,ridge,,10000.0,-19.51691196321064,-18.66502996569921,-13.474400114180355,-12.769034183986136
32,2012-07-10,64,1,3,2,ridge,,10000.0,-20.20667659920886,-19.288993971916742,-13.474406711687347,-12.769024157824004
32,2012-07-14,65,1,3,2,ridge,,10000.0,-17.739515725707594,-17.16765829163566,-13.471741803237629,-12.773092959097564
32,2012-07-17,66,1,3,2,ridge,,10000.0,-16.639945346572592,-14.987927440241748,-13.470529566817348,-12.774951874131458
54,2012-06-22,90,1,3,2,ridge,,10000.0,-10.417640310145606,-12.93767695335395,-13.4814960507964,-12.786405407782542
54,2012-06-29,91,1,3,2,ridge,,10000.0,-13.54880158174925,-13.941944979578206,-13.482474548489577,-12.784920310016545
54,2012-07-10,92,1,3,2,ridge,,10000.0,-11.65562649391276,-9.922527219399468,-13.482562422267918,-12.784787374162953
71,2012-06-22,107,1,3,2,ridge,,10000.0,-9.441352711283985,-15.826503794261775,-13.483200287862749,-12.787183394224991
71,2012-06-27,108,1,3,2,ridge,,10000.0,-11.830891628824627,-14.88965576948976,-13.483558496482267,-12.786641099890593
71,2012-06-29,109,1,3,2,ridge,,10000.0,-11.77120523725996,-14.980783625920942,-13.483841352202067,-12.786213909263402
71,2012-07-05,110,1,3,2,ridge,,10000.0,-9.126432085488725,-7.106911469422197,-13.483161714032757,-12.787241867639931
71,2012-07-08,111,1,3,2,ridge,,10000.0,-8.240456830553434,-5.994288299384496,-13.483093941293165,-12.78734463624718
71,2012-07-14,112,1,3,2,ridge,,10000.0,-12.231283617180784,-7.335724658361975,-13.483847804171027,-12.786204176974854
71,2012-07-17,113,1,3,2,ridge,,10000.0,-7.863112808923288,-5.020162935449686,-13.482535071245284,-12.788193534518761
13,2012-06-22,39,1,3,3,ridge,,10000.0,-10.95121562728075,-10.836542679634643,-13.909152745378313,-13.43593104583941
13,2012-06-27,40,1,3,3,ridge,,10000.0,-12.223609920228132,-12.934752148036708,-13.908946619917733,-13.435816458547594
13,2012-06-29,41,1,3,3,ridge,,10000.0,-11.448270309198136,-11.2433082687523,-13.907696048483526,-13.435120318517015
13,2012-07-08,42,1,3,3,ridge,,10000.0,-11.321650078114684,-11.1656550129835,-13.90675024935857,-13.434592606989549
13,2012-07-10,43,1,3,3,ridge,,10000.0,-11.727868729384712,-11.935053682323652,-13.906248453787976,-13.434312125727768
13,2012-07-17,44,1,3,3,ridge,,10000.0,-11.82663223841094,-11.483975197550755,-13.908229145025452,-13.435417277292395
41,2012-06-22,67,1,3,3,ridge,,10000.0,-9.893244615306044,-8.032288058491003,-13.927423894988321,-13.45243583225792
41,2012-06-27,68,1,3,3,ridge,,10000.0,-12.472382986190222,-8.801892289617859,-13.923496017902682,-13.450259987853306
41,2012-07-05,69,1,3,3,ridge,,10000.0,-12.028670241841908,-9.29119256932756,-13.92167511432698,-13.449247232002982
41,2012-07-08,70,1,3,3,ridge,,10000.0,-13.748748630293996,-9.894634362662554,-13.92049719645988,-13.448590109393365
41,2012-07-14,71,1,3,3,ridge,,10000.0,-11.651468732388375,-9.450060398721016,-13.921538934161278,-13.449171350323635
41,2012-07-17,72,1,3,3,ridge,,10000.0,-11.500314383218642,-8.561757537563716,-13.926746225587989,-13.45206108481127
53,2012-06-22,85,1,3,3,ridge,,10000.0,-11.59685403803788,-14.890521382506938,-13.909654065456037,-13.43506664487889
53,2012-06-29,86,1,3,3,ridge,,10000.0,-14.273258986856678,-15.844986252295593,-13.906654321229947,-13.433387843974337
53,2012-07-08,87,1,3,3,ridge,,10000.0,-11.837654265802229,-9.263246005952729,-13.905814218916085,-13.432914588500582
53,2012-07-10,88,1,3,3,ridge,,10000.0,-13.121221982705292,-10.563549725135724,-13.905144250467655,-13.432535826506587
53,2012-07-19,89,1,3,3,ridge,,10000.0,-9.430559470207992,-7.124290756308986,-13.90508454362125,-13.43250200530727
62,2012-06-22,100,1,3,3,ridge,,10000.0,-10.947069858107426,-10.084005244347887,-13.902677222200994,-13.433902072903386
62,2012-06-25,101,1,3,3,ridge,,10000.0,-12.930932965823189,-11.69193923190518,-13.900184987955068,-13.432492120528098
62,2012-06-29,102,1,3,3,ridge,,10000.0,-13.647540229966118,-12.451741540356156,-13.899750815121932,-13.432244210453774
62,2012-07-08,103,1,3,3,ridge,,10000.0,-13.005404455519416,-9.79925558948652,-13.900647535435114,-13.43275533440259
62,2012-07-10,104,1,3,3,ridge,,10000.0,-14.217439125925395,-11.423573357529008,-13.90017937101504,-13.432488918770765
62,2012-07-17,105,1,3,3,ridge,,10000.0,-12.70807262304178,-10.388332622162803,-13.901889497428025,-13.433458382818625
62,2012-07-19,106,1,3,3,ridge,,10000.0,-15.750405278939866,-14.123873702288767,-13.900542095469484,-13.432695408204673
83,2012-06-29,124,1,3,3,ridge,,10000.0,-13.150595982099484,-13.185851612534412,-13.918414518854918,-13.445029985692516
83,2012-07-14,125,1,3,3,ridge,,10000.0,-10.781364360016564,-10.279583356930988,-13.918665101919254,-13.445171758033062
11,2012-06-22,14,1,3,4,ridge,,10000.0,-15.919724111874036,-17.420730792104454,-13.211063906204775,-12.429641664458385
11,2012-06-27,15,1,3,4,ridge,,10000.0,-16.04746594426725,-17.275701316646803,-13.21033264092178,-12.429369866920101
11,2012-06-29,16,1,3,4,ridge,,10000.0,-17.025781539812208,-18.04468787035671,-13.209767148906497,-12.429158299248257
11,2012-07-10,17,1,3,4,ridge,,10000.0,-17.604639607278372,-17.842659591269815,-13.209433810108528,-12.429032938234034
11,2012-07-17,18,1,3,4,ridge,,10000.0,-14.18453518805826,-15.072913856790963,-13.211001134476339,-12.429618405067172
21,2012-06-22,45,1,3,4,ridge,,10000.0,-12.060684803223303,-12.00798502229204,-13.23148544333221,-12.444593660321503
21,2012-06-25,46,1,3,4,ridge,,10000.0,-11.883841971912686,-12.210536948445432,-13.230342221988304,-12.44418198016157
21,2012-06-29,47,1,3,4,ridge,,10000.0,-12.329567928959571,-12.661731465224886,-13.228300228325244,-12.443441941449944
21,2012-07-08,48,1,3,4,ridge,,10000.0,-12.336402358206886,-12.252348442564678,-13.226918040824208,-12.442936561755513
21,2012-07-10,49,1,3,4,ridge,,10000.0,-12.541026866239491,-12.812605872689588,-13.227294797773707,-12.443074745605246
21,2012-07-17,50,1,3,4,ridge,,10000.0,-12.042182130233446,-11.668944707481812,-13.229066493824869,-12.443720450572908
42,2012-06-22,73,1,3,4,ridge,,10000.0,-14.561620721902148,-14.201966799335745,-13.237506962598957,-12.447622303457434
42,2012-06-25,74,1,3,4,ridge,,10000.0,-16.153608446963226,-15.565011635602495,-13.235320275132144,-12.446843155611306
42,2012-07-08,75,1,3,4,ridge,,10000.0,-17.86890291137946,-17.776520095428644,-13.228928451732056,-12.444538348820329
42,2012-07-10,76,1,3,4,ridge,,10000.0,-18.21143906581935,-18.30617756824163,-13.226129137905124,-12.443504378886482
42,2012-07-14,77,1,3,4,ridge,,10000.0,-16.095384428093947,-16.335096559717847,-13.232792316537287,-12.445937739640097
42,2012-07-17,78,1,3,4,ridge,,10000.0,-14.801847473829469,-15.583307282953209,-13.237974084765295,-12.447788384222177
61,2012-06-22,93,1,3,4,ridge,,10000.0,-11.307138591209124,-10.699103847173708,-13.22265636413778,-12.439681259355448
61,2012-06-25,94,1,3,4,ridge,,10000.0,-13.358854538113189,-12.281835560024907,-13.219894916481215,-12.438646102559256
61,2012-06-29,95,1,3,4,ridge,,10000.0,-14.258735753179286,-12.929838363897248,-13.21939809674394,-12.438455705804378
61,2012-07-08,96,1,3,4,ridge,,10000.0,-12.653243854103511,-10.41345274290406,-13.221439851300477,-12.439229193605774
61,2012-07-10,97,1,3,4,ridge,,10000.0,-14.196530364341184,-11.545773452581232,-13.220173801474145,-12.438752283766817
61,2012-07-17,98,1,3,4,ridge,,10000.0,-12.879880314149483,-11.29771365776737,-13.221504241152722,-12.439253256187339
61,2012-07-19,99,1,3,4,ridge,,10000.0,-15.889663878319602,-12.719370404847758,-13.220234298846243,-12.438775256937506
102,2012-06-22,0,1,3,1,ridge_vwc,,0.0001,-9.99305662822514,-8.79817877926706,-13.016464698882952,-12.224449341979541
102,2012-06-25,1,1,3,1,ridge_vwc,,0.0001,-12.531601150465749,-11.66376412888952,-12.734207979058272,-12.34070548800738
102,2012-06-29,2,1,3,1,ridge_vwc,,0.0001,-16.257897492533367,-15.208138461464548,-12.592987003022868,-12.66047045787887
102,2012-07-08,3,1,3,1,ridge_vwc,,0.0001,-10.129457779827602,-9.071938641334588,-12.71259013049607,-12.774679549438934
102,2012-07-10,4,1,3,1,ridge_vwc,,0.0001,-14.95434368762578,-14.112183043981709,-12.660293545040963,-12.698558329701115
102,2012-07-17,5,1,3,1,ridge_vwc,,0.0001,-5.014295508188514,-4.452412337847899,-12.68488094781785,-12.64635983559788
102,2012-07-19,6,1,3,1,ridge_vwc,,0.0001,-10.3251467740893,-11.06628687788346,-12.73596282336242,-12.717686291848082
103,2012-06-22,7,1,3,1,ridge_vwc,,0.0001,-13.28404803220713,-14.50588749676858,-12.879128847378372,-11.06127686162592
103,2012-06-27,8,1,3,1,ridge_vwc,,0.0001,-17.302172301136643,-16.600968273984137,-12.254718907537196,-11.352615178146864
103,2012-06-29,9,1,3,1,ridge_vwc,,0.0001,-18.92242109331228,-19.84632772841422,-12.257842222715878,-11.604530865257956
103,2012-07-05,10,1,3,1,ridge_vwc,,0.0001,-15.574795029478718,-16.124130866471255,-12.245508722111161,-11.505954607021918
103,2012-07-08,11,1,3,1,ridge_vwc,,0.0001,-15.86824246394819,-13.95091862281008,-12.31991919545407,-11.658994517324395
103,2012-07-14,12,1,3,1,ridge_vwc,,0.0001,-17.84275788106028,-18.72912571156667,-12.45036036082414,-11.724694220188441
103,2012-07-17,13,1,3,1,ridge_vwc,,0.0001,-12.595339414809716,-16.21757943788777,-12.303812095080085,-11.526831894591437
111,2012-06-27,19,1,3,1,ridge_vwc,,0.0001,-15.147228418373352,-9.881794018641486,-13.241525586130889,-14.533803695923936
111,2012-07-08,20,1,3,1,ridge_vwc,,0.0001,-10.432732239997303,-7.011457229997938,-13.177044372155853,-14.072732220032247
111,2012-07-10,21,1,3,1,ridge_vwc,,0.0001,-12.332899347459149,-7.340003351417149,-13.30222955752437,-14.417586071272124
111,2012-07-19,22,1,3,1,ridge_vwc,,0.0001,-13.429778660777457,-11.904793601312772,-13.32705124071436,-14.314449949610472
112,2012-06-22,23,1,3,1,ridge_vwc,,0.0001,-16.789512402971386,-18.984197687028864,-11.991246444816145,-11.369189688273849
112,2012-06-25,24,1,3,1,ridge_vwc,,0.0001,-17.713046799178723,-19.529406845749364,-11.95516359046886,-11.417524870815821
112,2012-07-05,25,1,3,1,ridge_vwc,,0.0001,-15.269240391706376,-15.832742511880692,-11.94108904852839,-11.427948421823256
112,2012-07-08,26,1,3,1,ridge_vwc,,0.0001,-15.868211803986831,-15.9439617824927,-11.94114311910603,-11.427236561307547
52,2012-06-22,79,1,3,1,ridge_vwc,,0.0001,-13.45495696239713,-15.738081907796053,-13.502885917582706,-12.38164092619656
52,2012-06-29,80,1,3,1,ridge_vwc,,0.0001,-16.041356891502684,-16.29966966543719,-13.847359103686356,-12.684972494952895
52,2012-07-08,81,1,3,1,ridge_vwc,,0.0001,-13.337191112994962,-11.304804238666236,-13.859499651189322,-12.411744666530419
52,2012-07-10,82,1,3,1,ridge_vwc,,0.0001,-14.71139542756748,-12.827360988564674,-14.114573777390712,-12.611190472160692
52,2012-07-17,83,1,3,1,ridge_vwc,,0.0001,-8.618950020440854,-7.762089915864024,-13.79808446088648,-11.856879176142376
52,2012-07-19,84,1,3,1,ridge_vwc,,0.0001,-13.32401009971738,-12.996658395943411,-14.06655000979287,-12.0828601896163
12,2012-06-22,33,1,3,2,ridge_vwc,,0.0001,-12.945592837955164,-13.621175265774452,-13.22535098114071,-11.825040904208873
12,2012-06-27,34,1,3,2,ridge_vwc,,0.0001,-12.863896772641066,-14.252905240550222,-13.333011646801863,-11.836724766166023
12,2012-06-29,35,1,3,2,ridge_vwc,,0.0001,-14.492924226367006,-14.921340450348202,-13.283601427041352,-11.833258727358334
12,2012-07-08,36,1,3,2,ridge_vwc,,0.0001,-14.914279673093365,-14.773522086284936,-13.414263022878757,-11.844770831107102
12,2012-07-10,37,1,3,2,ridge_vwc,,0.0001,-15.09795788808382,-15.53251252603237,-13.299455960873509,-11.835421098336646
12,2012-07-17,38,1,3,2,ridge_vwc,,0.0001,-13.089522506330766,-13.652175532794685,-13.151325181038068,-11.797515424742066
31,2012-06-22,56,1,3,2,ridge_vwc,,0.0001,-12.261406145930293,-7.675525079895581,-13.616925360869844,-13.590993088959307
31,2012-06-27,57,1,3,2,ridge_vwc,,0.0001,-15.56720520685795,-10.869677151623607,-13.287319866198038,-12.808846468630493
31,2012-07-05,58,1,3,2,ridge_vwc,,0.0001,-14.630903606681327,-11.607199044191669,-13.45075633871541,-13.152790772863714
31,2012-07-08,59,1,3,2,ridge_vwc,,0.0001,-15.85527387686205,-13.88497530384446,-13.5272293649435,-13.126453525707316
31,2012-07-14,60,1,3,2,ridge_vwc,,0.0001,-12.061582027927042,-8.958668222109942,-13.374187199240552,-13.075542540798974
32,2012-06-22,61,1,3,2,ridge_vwc,,0.0001,-15.06141043899014,-15.128490659381375,-12.278134893656897,-10.186716725626034
32,2012-06-25,62,1,3,2,ridge_vwc,,0.0001,-16.76615352729908,-16.21045729230626,-12.170097645333026,-10.069398282185418
32,2012-07-08,63,1,3,2,ridge_vwc,,0.0001,-19.51691196321064,-18.66502996569921,-12.484107255326895,-10.019947415422953
32,2012-07-10,64,1,3,2,ridge_vwc,,0.0001,-20.20667659920886,-19.288993971916742,-12.485800640529408,-10.01995009625969
32,2012-07-14,65,1,3,2,ridge_vwc,,0.0001,-17.739515725707594,-17.16765829163566,-12.181360689974973,-10.107417574224574
32,2012-07-17,66,1,3,2,ridge_vwc,,0.0001,-16.639945346572592,-14.987927440241748,-12.204702139600021,-10.186390919226904
54,2012-06-22,90,1,3,2,ridge_vwc,,0.0001,-10.417640310145606,-12.93767695335395,-13.622496122503605,-13.187920263947301
54,2012-06-29,91,1,3,2,ridge_vwc,,0.0001,-13.54880158174925,-13.941944979578206,-13.811867608096952,-12.865139363414269
54,2012-07-10,92,1,3,2,ridge_vwc,,0.0001,-11.65562649391276,-9.922527219399468,-13.607302216583458,-12.074269597851355
71,2012-06-22,107,1,3,2,ridge_vwc,,0.0001,-9.441352711283985,-15.826503794261775,-13.96040988387768,-13.54168914593699
71,2012-06-27,108,1,3,2,ridge_vwc,,0.0001,-11.830891628824627,-14.88965576948976,-14.058997691186896,-13.436018956875573
71,2012-06-29,109,1,3,2,ridge_vwc,,0.0001,-11.77120523725996,-14.980783625920942,-14.184946158715135,-13.448808024449118
71,2012-07-05,110,1,3,2,ridge_vwc,,0.0001,-9.126432085488725,-7.106911469422197,-13.763447689011407,-12.930085682153013
71,2012-07-08,111,1,3,2,ridge_vwc,,0.0001,-8.240456830553434,-5.994288299384496,-13.741545456648222,-12.928987396309415
71,2012-07-14,112,1,3,2,ridge_vwc,,0.0001,-12.231283617180784,-7.335724658361975,-13.90483703659808,-12.509454832391603
71,2012-07-17,113,1,3,2,ridge_vwc,,0.0001,-7.863112808923288,-5.020162935449686,-13.455903073457634,-12.482314315572133
13,2012-06-22,39,1,3,3,ridge_vwc,,0.0001,-10.95121562728075,-10.836542679634643,-13.659035358565239,-13.546278529976737
13,2012-06-27,40,1,3,3,ridge_vwc,,0.0001,-12.223609920228132,-12.934752148036708,-13.662524736201439,-13.651223488164185
13,2012-06-29,41,1,3,3,ridge_vwc,,0.0001,-11.448270309198136,-11.2433082687523,-13.616740737518555,-13.650603768260531
13,2012-07-08,42,1,3,3,ridge_vwc,,0.0001,-11.321650078114684,-11.1656550129835,-13.543162389133387,-13.684241706969196
13,2012-07-10,43,1,3,3,ridge_vwc,,0.0001,-11.727868729384712,-11.935053682323652,-13.485196234504462,-13.663689950036243
13,2012-07-17,44,1,3,3,ridge_vwc,,0.0001,-11.82663223841094,-11.483975197550755,-13.642797869653904,-13.644649932516755
41,2012-06-22,67,1,3,3,ridge_vwc,,0.0001,-9.893244615306044,-8.032288058491003,-15.022684318055388,-12.287745430814107
41,2012-06-27,68,1,3,3,ridge_vwc,,0.0001,-12.472382986190222,-8.801892289617859,-15.250366096461002,-12.582685873779699
41,2012-07-05,69,1,3,3,ridge_vwc,,0.0001,-12.028670241841908,-9.29119256932756,-15.326528037104,-14.611987325392093
41,2012-07-08,70,1,3,3,ridge_vwc,,0.0001,-13.748748630293996,-9.894634362662554,-15.234441391394602,-14.586297256092584
41,2012-07-14,71,1,3,3,ridge_vwc,,0.0001,-11.651468732388375,-9.450060398721016,-15.313701034087037,-14.517404871229104
41,2012-07-17,72,1,3,3,ridge_vwc,,0.0001,-11.500314383218642,-8.561757537563716,-15.197201830003628,-14.362493899919151
53,2012-06-22,85,1,3,3,ridge_vwc,,0.0001,-11.59685403803788,-14.890521382506938,-13.856787401239297,-13.601901873490048
53,2012-06-29,86,1,3,3,ridge_vwc,,0.0001,-14.273258986856678,-15.844986252295593,-13.392254830511707,-12.611913354780162
53,2012-07-08,87,1,3,3,ridge_vwc,,0.0001,-11.837654265802229,-9.263246005952729,-12.760757398496233,-5.243821995001955
53,2012-07-10,88,1,3,3,ridge_vwc,,0.0001,-13.121221982705292,-10.563549725135724,-12.536393839154224,-5.141020901625716
53,2012-07-19,89,1,3,3,ridge_vwc,,0.0001,-9.430559470207992,-7.124290756308986,-12.789262331432967,-10.030071684788695
62,2012-06-22,100,1,3,3,ridge_vwc,,0.0001,-10.947069858107426,-10.084005244347887,-12.942606195781872,-13.247010026147183
62,2012-06-25,101,1,3,3,ridge_vwc,,0.0001,-12.930932965823189,-11.69193923190518,-12.07415936424485,-12.84725018157537
62,2012-06-29,102,1,3,3,ridge_vwc,,0.0001,-13.647540229966118,-12.451741540356156,-11.816775438306994,-12.243686831915348
62,2012-07-08,103,1,3,3,ridge_vwc,,0.0001,-13.005404455519416,-9.79925558948652,-12.155459030385385,-10.588549908076676
62,2012-07-10,104,1,3,3,ridge_vwc,,0.0001,-14.217439125925395,-11.423573357529008,-11.938848533566107,-10.486035939274796
62,2012-07-17,105,1,3,3,ridge_vwc,,0.0001,-12.70807262304178,-10.388332622162803,-12.166091995163624,-3.019595370237102
62,2012-07-19,106,1,3,3,ridge_vwc,,0.0001,-15.750405278939866,-14.123873702288767,-11.672613855313532,-2.7911827903978104
83,2012-06-29,124,1,3,3,ridge_vwc,,0.0001,-13.150595982099484,-13.185851612534412,-14.68532412970129,-14.909906913304617
83,2012-07-14,125,1,3,3,ridge_vwc,,0.0001,-10.781364360016564,-10.279583356930988,-14.621580730703547,-12.255489916071731
11,2012-06-22,14,1,3,4,ridge_vwc,,0.0001,-15.919724111874036,-17.420730792104454,-11.683239136327124,-11.736444099453692
11,2012-06-27,15,1,3,4,ridge_vwc,,0.0001,-16.04746594426725,-17.275701316646803,-11.545048370236415,-11.692008320339061
11,2012-06-29,16,1,3,4,ridge_vwc,,0.0001,-17.025781539812208,-18.04468787035671,-11.412731109905682,-11.646156088191274
11,2012-07-10,17,1,3,4,ridge_vwc,,0.0001,-17.604639607278372,-17.842659591269815,-11.323195899801213,-11.5850711823957
11,2012-07-17,18,1,3,4,ridge_vwc,,0.0001,-14.18453518805826,-15.072913856790963,-11.67444970303656,-11.603211865093401
21,2012-06-22,45,1,3,4,ridge_vwc,,0.0001,-12.060684803223303,-12.00798502229204,-14.304465235757295,-13.651045321999723
21,2012-06-25,46,1,3,4,ridge_vwc,,0.0001,-11.883841971912686,-12.210536948445432,-14.331124196323156,-13.729907175830391
21,2012-06-29,47,1,3,4,ridge_vwc,,0.0001,-12.329567928959571,-12.661731465224886,-14.292740502785762,-13.79575236514599
21,2012-07-08,48,1,3,4,ridge_vwc,,0.0001,-12.336402358206886,-12.252348442564678,-14.184649984733676,-13.811942921988466
21,2012-07-10,49,1,3,4,ridge_vwc,,0.0001,-12.541026866239491,-12.812605872689588,-14.22194383719943,-13.81282797677249
21,2012-07-17,50,1,3,4,ridge_vwc,,0.0001,-12.042182130233446,-11.668944707481812,-14.322615208564857,-13.730279350713229
42,2012-06-22,73,1,3,4,ridge_vwc,,0.0001,-14.561620721902148,-14.201966799335745,-13.901957063047966,-12.558560924404508
42,2012-06-25,74,1,3,4,ridge_vwc,,0.0001,-16.153608446963226,-15.565011635602495,-14.105041534711146,-12.798107055258129
42,2012-07-08,75,1,3,4,ridge_vwc,,0.0001,-17.86890291137946,-17.776520095428644,-14.202150592272941,-12.872481555125349
42,2012-07-10,76,1,3,4,ridge_vwc,,0.0001,-18.21143906581935,-18.30617756824163,-13.791854902395503,-12.788219664228086
42,2012-07-14,77,1,3,4,ridge_vwc,,0.0001,-16.095384428093947,-16.335096559717847,-14.25759582237118,-12.771618821220883
42,2012-07-17,78,1,3,4,ridge_vwc,,0.0001,-14.801847473829469,-15.583307282953209,-13.855364068070767,-12.25005245063532
61,2012-06-22,93,1,3,4,ridge_vwc,,0.0001,-11.307138591209124,-10.699103847173708,-13.48952290261422,-12.275840876676407
61,2012-06-25,94,1,3,4,ridge_vwc,,0.0001,-13.358854538113189,-12.281835560024907,-12.806402204985845,-12.03036450167673
61,2012-06-29,95,1,3,4,ridge_vwc,,0.0001,-14.258735753179286,-12.929838363897248,-12.601461418698115,-12.366779829750742
61,2012-07-08,96,1,3,4,ridge_vwc,,0.0001,-12.653243854103511,-10.41345274290406,-13.266471989069036,-11.817495143003484
61,2012-07-10,97,1,3,4,ridge_vwc,,0.0001,-14.196530364341184,-11.545773452581232,-12.910749672232093,-11.680146527819847
61,2012-07-17,98,1,3,4,ridge_vwc,,0.0001,-12.879880314149483,-11.29771365776737,-13.277977822969156,-12.048598747960334
61,2012-07-19,99,1,3,4,ridge_vwc,,0.0001,-15.889663878319602,-12.719370404847758,-12.92807569778767,-11.914860166082558
102,2012-06-22,0,1,3,1,ridge_vwc,,0.01,-9.99305662822514,-8.79817877926706,-13.006871048279107,-12.219482752121193
102,2012-06-25,1,1,3,1,ridge_vwc,,0.01,-12.531601150465749,-11.66376412888952,-12.731033013486869,-12.339036686504324
102,2012-06-29,2,1,3,1,ridge_vwc,,0.01,-16.257897492533367,-15.208138461464548,-12.595721994670747,-12.661826121971613
102,2012-07-08,3,1,3,1,ridge_vwc,,0.01,-10.129457779827602,-9.071938641334588,-12.715067110858575,-12.775899903592384
102,2012-07-10,4,1,3,1,ridge_vwc,,0.01,-14.95434368762578,-14.112183043981709,-12.663069300062716,-12.699937360273923
102,2012-07-17,5,1,3,1,ridge_vwc,,0.01,-5.014295508188514,-4.452412337847899,-12.68765302032047,-12.647744914602876
102,2012-07-19,6,1,3,1,ridge_vwc,,0.01,-10.3251467740893,-11.06628687788346,-12.73841546357028,-12.718902361393303
103,2012-06-22,7,1,3,1,ridge_vwc,,0.01,-13.28404803220713,-14.50588749676858,-12.865070482109108,-11.05411678432202
103,2012-06-27,8,1,3,1,ridge_vwc,,0.01,-17.302172301136643,-16.600968273984137,-12.255281131171404,-11.352965717145326
103,2012-06-29,9,1,3,1,ridge_vwc,,0.01,-18.92242109331228,-19.84632772841422,-12.260642132826167,-11.606017671939494
103,2012-07-05,10,1,3,1,ridge_vwc,,0.01,-15.574795029478718,-16.124130866471255,-12.248216547614133,-11.507403075237459
103,2012-07-08,11,1,3,1,ridge_vwc,,0.01,-15.86824246394819,-13.95091862281008,-12.32260976266441,-11.660424390443824
103,2012-07-14,12,1,3,1,ridge_vwc,,0.01,-17.84275788106028,-18.72912571156667,-12.452251114166826,-11.725713395434934
103,2012-07-17,13,1,3,1,ridge_vwc,,0.01,-12.595339414809716,-16.21757943788777,-12.306680951851918,-11.52836727476152
111,2012-06-27,19,1,3,1,ridge_vwc,,0.01,-15.147228418373352,-9.881794018641486,-13.244082675459424,-14.534901677234199
111,2012-07-08,20,1,3,1,ridge_vwc,,0.01,-10.432732239997303,-7.011457229997938,-13.178739226355422,-14.073425909420491
111,2012-07-10,21,1,3,1,ridge_vwc,,0.01,-12.332899347459149,-7.340003351417149,-13.304692164944298,-14.418653222290608
111,2012-07-19,22,1,3,1,ridge_vwc,,0.01,-13.429778660777457,-11.904793601312772,-13.329556741515704,-14.315552907010115
112,2012-06-22,23,1,3,1,ridge_vwc,,0.01,-16.789512402971386,-18.984197687028864,-11.990684472996787,-11.36893546723333
112,2012-06-25,24,1,3,1,ridge_vwc,,0.01,-17.713046799178723,-19.529406845749364,-11.955727376151248,-11.417847268074897
112,2012-07-05,25,1,3,1,ridge_vwc,,0.01,-15.269240391706376,-15.832742511880692,-11.943193089846849,-11.42906909158685
112,2012-07-08,26,1,3,1,ridge_vwc,,0.01,-15.868211803986831,-15.9439617824927,-11.943239643104588,-11.428353405347522
52,2012-06-22,79,1,3,1,ridge_vwc,,0.01,-13.45495696239713,-15.738081907796053,-13.504689582499887,-12.3826149366082
52,2012-06-29,80,1,3,1,ridge_vwc,,0.01,-16.041356891502684,-16.29966966543719,-13.845613311638616,-12.684100654983368
52,2012-07-08,81,1,3,1,ridge_vwc,,0.01,-13.337191112994962,-11.304804238666236,-13.858312652038318,-12.411194084139634
52,2012-07-10,82,1,3,1,ridge_vwc,,0.01,-14.71139542756748,-12.827360988564674,-14.11036274557485,-12.609070077321556
52,2012-07-17,83,1,3,1,ridge_vwc,,0.01,-8.618950020440854,-7.762089915864024,-13.79876181496846,-11.857352209652843
52,2012-07-19,84,1,3,1,ridge_vwc,,0.01,-13.32401009971738,-12.996658395943411,-14.064191044208396,-12.081755400452497
12,2012-06-22,33,1,3,2,ridge_vwc,,0.01,-12.945592837955164,-13.621175265774452,-13.223950196679048,-11.824826314603971
12,2012-06-27,34,1,3,2,ridge_vwc,,0.01,-12.863896772641066,-14.252905240550222,-13.3306840464672,-11.836284689516628
12,2012-06-29,35,1,3,2,ridge_vwc,,0.01,-14.492924226367006,-14.921340450348202,-13.281708523051607,-11.8329241210877
12,2012-07-08,36,1,3,2,ridge_vwc,,0.01,-14.914279673093365,-14.773522086284936,-13.411207671565496,-11.844154103389604
12,2012-07-10,37,1,3,2,ridge_vwc,,0.01,-15.09795788808382,-15.53251252603237,-13.297426632526486,-11.835053258885448
12,2012-07-17,38,1,3,2,ridge_vwc,,0.01,-13.089522506330766,-13.652175532794685,-13.150496861765255,-11.79744270326298
31,2012-06-22,56,1,3,2,ridge_vwc,,0.01,-12.261406145930293,-7.675525079895581,-13.614808111383066,-13.59041867974468
31,2012-06-27,57,1,3,2,ridge_vwc,,0.01,-15.56720520685795,-10.869677151623607,-13.28875327509474,-12.80919758821427
31,2012-07-05,58,1,3,2,ridge_vwc,,0.01,-14.630903606681327,-11.607199044191669,-13.452920075680838,-13.153263819130812
31,2012-07-08,59,1,3,2,ridge_vwc,,0.01,-15.85527387686205,-13.88497530384446,-13.52911125398974,-13.126856825033599
31,2012-07-14,60,1,3,2,ridge_vwc,,0.01,-12.061582027927042,-8.958668222109942,-13.375027723249914,-13.07572344254905
32,2012-06-22,61,1,3,2,ridge_vwc,,0.01,-15.06141043899014,-15.128490659381375,-12.27608018185454,-10.186582462032012
32,2012-06-25,62,1,3,2,ridge_vwc,,0.01,-16.76615352729908,-16.21045729230626,-12.170346702372802,-10.06981826668399
32,2012-07-08,63,1,3,2,ridge_vwc,,0.01,-19.51691196321064,-18.66502996569921,-12.484165325518088,-10.020299234157463
32,2012-07-10,64,1,3,2,ridge_vwc,,0.01,-20.20667659920886,-19.288993971916742,-12.48584524463333,-10.020298642728342
32,2012-07-14,65,1,3,2,ridge_vwc,,0.01,-17.739515725707594,-17.16765829163566,-12.18271716221729,-10.10808936730852
32,2012-07-17,66,1,3,2,ridge_vwc,,0.01,-16.639945346572592,-14.987927440241748,-12.20489956894837,-10.186784816739742
54,2012-06-22,90,1,3,2,ridge_vwc,,0.01,-10.417640310145606,-12.93767695335395,-13.622473571239007,-13.18787747742349
54,2012-06-29,91,1,3,2,ridge_vwc,,0.01,-13.54880158174925,-13.941944979578206,-13.809668281491723,-12.864605642521378
54,2012-07-10,92,1,3,2,ridge_vwc,,0.01,-11.65562649391276,-9.922527219399468,-13.605358554503642,-12.073887940848616
71,2012-06-22,107,1,3,2,ridge_vwc,,0.01,-9.441352711283985,-15.826503794261775,-13.958995085505558,-13.541256204125933
71,2012-06-27,108,1,3,2,ridge_vwc,,0.01,-11.830891628824627,-14.88965576948976,-14.05648343602775,-13.435332398878714
71,2012-06-29,109,1,3,2,ridge_vwc,,0.01,-11.77120523725996,-14.980783625920942,-14.181275086563211,-13.447840957831206
71,2012-07-05,110,1,3,2,ridge_vwc,,0.01,-9.126432085488725,-7.106911469422197,-13.762579719043435,-12.929854696983945
71,2012-07-08,111,1,3,2,ridge_vwc,,0.01,-8.240456830553434,-5.994288299384496,-13.740864773207065,-12.928801871297585
71,2012-07-14,112,1,3,2,ridge_vwc,,0.01,-12.231283617180784,-7.335724658361975,-13.901807858261737,-12.50875007146343
71,2012-07-17,113,1,3,2,ridge_vwc,,0.01,-7.863112808923288,-5.020162935449686,-13.456769821352907,-12.482555010240256
13,2012-06-22,39,1,3,3,ridge_vwc,,0.01,-10.95121562728075,-10.836542679634643,-13.655284798007415,-13.544372217476043
13,2012-06-27,40,1,3,3,ridge_vwc,,0.01,-12.223609920228132,-12.934752148036708,-13.65871815605688,-13.649271948715587
13,2012-06-29,41,1,3,3,ridge_vwc,,0.01,-11.448270309198136,-11.2433082687523,-13.612661751240854,-13.648508115916586
13,2012-07-08,42,1,3,3,ridge_vwc,,0.01,-11.321650078114684,-11.1656550129835,-13.539447691311246,-13.682317529223242
13,2012-07-10,43,1,3,3,ridge_vwc,,0.01,-11.727868729384712,-11.935053682323652,-13.481879850970188,-13.661965253393344
13,2012-07-17,44,1,3,3,ridge_vwc,,0.01,-11.82663223841094,-11.483975197550755,-13.638738604040572,-13.642568373227247
41,2012-06-22,67,1,3,3,ridge_vwc,,0.01,-9.893244615306044,-8.032288058491003,-15.02242765637773,-12.28786822838673
41,2012-06-27,68,1,3,3,ridge_vwc,,0.01,-12.472382986190222,-8.801892289617859,-15.244630916487456,-12.579995759195228
41,2012-07-05,69,1,3,3,ridge_vwc,,0.01,-12.028670241841908,-9.29119256932756,-15.321131961233014,-14.60914848728496
41,2012-07-08,70,1,3,3,ridge_vwc,,0.01,-13.748748630293996,-9.894634362662554,-15.22941644440308,-14.58364085743216
41,2012-07-14,71,1,3,3,ridge_vwc,,0.01,-11.651468732388375,-9.450060398721016,-15.308257128678916,-14.514555551412613
41,2012-07-17,72,1,3,3,ridge_vwc,,0.01,-11.500314383218642,-8.561757537563716,-15.196829806782109,-14.362240589675974
53,2012-06-22,85,1,3,3,ridge_vwc,,0.01,-11.59685403803788,-14.890521382506938,-13.852442830891485,-13.599687847770252
53,2012-06-29,86,1,3,3,ridge_vwc,,0.01,-14.273258986856678,-15.844986252295593,-13.390746320652214,-12.611250959278156
53,2012-07-08,87,1,3,3,ridge_vwc,,0.01,-11.837654265802229,-9.263246005952729,-12.757507937473411,-5.243397975159919
53,2012-07-10,88,1,3,3,ridge_vwc,,0.01,-13.121221982705292,-10.563549725135724,-12.535560375029698,-5.141818296001089
53,2012-07-19,89,1,3,3,ridge_vwc,,0.01,-9.430559470207992,-7.124290756308986,-12.791387100739568,-10.03161009281564
62,2012-06-22,100,1,3,3,ridge_vwc,,0.01,-10.947069858107426,-10.084005244347887,-12.941918393549637,-13.246647712376381
62,2012-06-25,101,1,3,3,ridge_vwc,,0.01,-12.930932965823189,-11.69193923190518,-12.082892610855149,-12.851651286477987
62,2012-06-29,102,1,3,3,ridge_vwc,,0.01,-13.647540229966118,-12.451741540356156,-11.827881093064017,-12.24936480185703
62,2012-07-08,103,1,3,3,ridge_vwc,,0.01,-13.005404455519416,-9.79925558948652,-12.160461701237683,-10.591427453040083
62,2012-07-10,104,1,3,3,ridge_vwc,,0.01,-14.217439125925395,-11.423573357529008,-11.94630648095193,-10.490155782440953
62,2012-07-17,105,1,3,3,ridge_vwc,,0.01,-12.70807262304178,-10.388332622162803,-12.161906814473642,-3.01902497888301
62,2012-07-19,106,1,3,3,ridge_vwc,,0.01,-15.750405278939866,-14.123873702288767,-11.673829255473057,-2.7933434029091337
83,2012-06-29,124,1,3,3,ridge_vwc,,0.01,-13.150595982099484,-13.185851612534412,-14.68789165196068,-14.910986714237719
83,2012-07-14,125,1,3,3,ridge_vwc,,0.01,-10.781364360016564,-10.279583356930988,-14.621704937904049,-12.255749455905246
11,2012-06-22,14,1,3,4,ridge_vwc,,0.01,-15.919724111874036,-17.420730792104454,-11.682866755281632,-11.736226839983656
11,2012-06-27,15,1,3,4,ridge_vwc,,0.01,-16.04746594426725,-17.275701316646803,-11.545868828580225,-11.692470867802802
11,2012-06-29,16,1,3,4,ridge_vwc,,0.01,-17.025781539812208,-18.04468787035671,-11.414756326565522,-11.64730624432752
11,2012-07-10,17,1,3,4,ridge_vwc,,0.01,-17.604639607278372,-17.842659591269815,-11.326047204121538,-11.586696871403076
11,2012-07-17,18,1,3,4,ridge_vwc,,0.01,-14.18453518805826,-15.072913856790963,-11.674090936862825,-11.603018964971628
21,2012-06-22,45,1,3,4,ridge_vwc,,0.01,-12.060684803223303,-12.00798502229204,-14.302178545765134,-13.649645164353766
21,2012-06-25,46,1,3,4,ridge_vwc,,0.01,-11.883841971912686,-12.210536948445432,-14.32802654073752,-13.728030265169762
21,2012-06-29,47,1,3,4,ridge_vwc,,0.01,-12.329567928959571,-12.661731465224886,-14.289133106118268,-13.793566946551646
21,2012-07-08,48,1,3,4,ridge_vwc,,0.01,-12.336402358206886,-12.252348442564678,-14.181611936207267,-13.810071937345148
21,2012-07-10,49,1,3,4,ridge_vwc,,0.01,-12.541026866239491,-12.812605872689588,-14.218664477514599,-13.810821668496837
21,2012-07-17,50,1,3,4,ridge_vwc,,0.01,-12.042182130233446,-11.668944707481812,-14.319007524611628,-13.728106014879723
42,2012-06-22,73,1,3,4,ridge_vwc,,0.01,-14.561620721902148,-14.201966799335745,-13.905825063702618,-12.560833374382282
42,2012-06-25,74,1,3,4,ridge_vwc,,0.01,-16.153608446963226,-15.565011635602495,-14.105679748464762,-12.798502351363489
42,2012-07-08,75,1,3,4,ridge_vwc,,0.01,-17.86890291137946,-17.776520095428644,-14.198687329390046,-12.870503804711491
42,2012-07-10,76,1,3,4,ridge_vwc,,0.01,-18.21143906581935,-18.30617756824163,-13.79165470631639,-12.788092727317318
42,2012-07-14,77,1,3,4,ridge_vwc,,0.01,-16.095384428093947,-16.335096559717847,-14.255300867490611,-12.770337618801275
42,2012-07-17,78,1,3,4,ridge_vwc,,0.01,-14.801847473829469,-15.583307282953209,-13.859850626503858,-12.252718052652217
61,2012-06-22,93,1,3,4,ridge_vwc,,0.01,-11.307138591209124,-10.699103847173708,-13.487208166872891,-12.27454455215923
61,2012-06-25,94,1,3,4,ridge_vwc,,0.01,-13.358854538113189,-12.281835560024907,-12.810378769466636,-12.032660646855115
61,2012-06-29,95,1,3,4,ridge_vwc,,0.01,-14.258735753179286,-12.929838363897248,-12.607654454802047,-12.370290284162417
61,2012-07-08,96,1,3,4,ridge_vwc,,0.01,-12.653243854103511,-10.41345274290406,-13.265903732419417,-11.817243416123155
61,2012-07-10,97,1,3,4,ridge_vwc,,0.01,-14.196530364341184,-11.545773452581232,-12.913535201265148,-11.681811764943715
61,2012-07-17,98,1,3,4,ridge_vwc,,0.01,-12.879880314149483,-11.29771365776737,-13.27740700121527,-12.048316503411472
61,2012-07-19,99,1,3,4,ridge_vwc,,0.01,-15.889663878319602,-12.719370404847758,-12.93079266596402,-11.91645690080766
102,2012-06-22,0,1,3,1,ridge_vwc,,1.0,-9.99305662822514,-8.79817877926706,-12.633356560803614,-12.025902016801215
102,2012-06-25,1,1,3,1,ridge_vwc,,1.0,-12.531601150465749,-11.66376412888952,-12.613682905324481,-12.275744119836403
102,2012-06-29,2,1,3,1,ridge_vwc,,1.0,-16.257897492533367,-15.208138461464548,-12.711875958703432,-12.71608689332992
102,2012-07-08,3,1,3,1,ridge_vwc,,1.0,-10.129457779827602,-9.071938641334588,-12.81894213997916,-12.82362008617461
102,2012-07-10,4,1,3,1,ridge_vwc,,1.0,-14.95434368762578,-14.112183043981709,-12.7796715373538,-12.754651724414877
102,2012-07-17,5,1,3,1,ridge_vwc,,1.0,-5.014295508188514,-4.452412337847899,-12.80383831165651,-12.703029170734698
102,2012-07-19,6,1,3,1,ridge_vwc,,1.0,-10.3251467740893,-11.06628687788346,-12.841092674968673,-12.766823522286154
103,2012-06-22,7,1,3,1,ridge_vwc,,1.0,-13.28404803220713,-14.50588749676858,-12.313405531674809,-10.779849939686345
103,2012-06-27,8,1,3,1,ridge_vwc,,1.0,-17.302172301136643,-16.600968273984137,-12.286758785373534,-11.375174877406403
103,2012-06-29,9,1,3,1,ridge_vwc,,1.0,-18.92242109331228,-19.84632772841422,-12.379341153951717,-11.671237915702118
103,2012-07-05,10,1,3,1,ridge_vwc,,1.0,-15.574795029478718,-16.124130866471255,-12.363717584188016,-11.57188969212223
103,2012-07-08,11,1,3,1,ridge_vwc,,1.0,-15.86824246394819,-13.95091862281008,-12.435911017816048,-11.72281228369814
103,2012-07-14,12,1,3,1,ridge_vwc,,1.0,-17.84275788106028,-18.72912571156667,-12.531943144403707,-11.771009921688725
103,2012-07-17,13,1,3,1,ridge_vwc,,1.0,-12.595339414809716,-16.21757943788777,-12.427532414441531,-11.595975460849429
111,2012-06-27,19,1,3,1,ridge_vwc,,1.0,-15.147228418373352,-9.881794018641486,-13.350820938809365,-14.567910279102856
111,2012-07-08,20,1,3,1,ridge_vwc,,1.0,-10.432732239997303,-7.011457229997938,-13.253688375021534,-14.09412474364233
111,2012-07-10,21,1,3,1,ridge_vwc,,1.0,-12.332899347459149,-7.340003351417149,-13.40702079736367,-14.451162891378965
111,2012-07-19,22,1,3,1,ridge_vwc,,1.0,-13.429778660777457,-11.904793601312772,-13.433407280117834,-14.350195844992852
112,2012-06-22,23,1,3,1,ridge_vwc,,1.0,-16.789512402971386,-18.984197687028864,-11.981187778999125,-11.367661959295411
112,2012-06-25,24,1,3,1,ridge_vwc,,1.0,-17.713046799178723,-19.529406845749364,-11.990883375958921,-11.439106072662467
112,2012-07-05,25,1,3,1,ridge_vwc,,1.0,-15.269240391706376,-15.832742511880692,-12.039008535096162,-11.481854701218673
112,2012-07-08,26,1,3,1,ridge_vwc,,1.0,-15.868211803986831,-15.9439617824927,-12.038760750931747,-11.480992990194583
52,2012-06-22,79,1,3,1,ridge_vwc,,1.0,-13.45495696239713,-15.738081907796053,-13.570943541195176,-12.420925432648822
52,2012-06-29,80,1,3,1,ridge_vwc,,1.0,-16.041356891502684,-16.29966966543719,-13.766401738185165,-12.646184030756451
52,2012-07-08,81,1,3,1,ridge_vwc,,1.0,-13.337191112994962,-11.304804238666236,-13.801456282126784,-12.388026144637049
52,2012-07-10,82,1,3,1,ridge_vwc,,1.0,-14.71139542756748,-12.827360988564674,-13.930314884438541,-12.521621124261607
52,2012-07-17,83,1,3,1,ridge_vwc,,1.0,-8.618950020440854,-7.762089915864024,-13.817305374222705,-11.879046798029043
52,2012-07-19,84,1,3,1,ridge_vwc,,1.0,-13.32401009971738,-12.996658395943411,-13.958789097958562,-12.038614498623494
12,2012-06-22,33,1,3,2,ridge_vwc,,1.0,-12.945592837955164,-13.621175265774452,-13.160672679530547,-11.821776815862199
12,2012-06-27,34,1,3,2,ridge_vwc,,1.0,-12.863896772641066,-14.252905240550222,-13.223227965146911,-11.82243075873851
12,2012-06-29,35,1,3,2,ridge_vwc,,1.0,-14.492924226367006,-14.921340450348202,-13.194967500689073,-11.824107954217727
12,2012-07-08,36,1,3,2,ridge_vwc,,1.0,-14.914279673093365,-14.773522086284936,-13.269075596332012,-11.82185947522556
12,2012-07-10,37,1,3,2,ridge_vwc,,1.0,-15.09795788808382,-15.53251252603237,-13.204182343022707,-11.824642461811257
12,2012-07-17,38,1,3,2,ridge_vwc,,1.0,-13.089522506330766,-13.652175532794685,-13.11455031035998,-11.801332986727083
31,2012-06-22,56,1,3,2,ridge_vwc,,1.0,-12.261406145930293,-7.675525079895581,-13.513352883379673,-13.55973634798615
31,2012-06-27,57,1,3,2,ridge_vwc,,1.0,-15.56720520685795,-10.869677151623607,-13.356709862343289,-12.826054898127657
31,2012-07-05,58,1,3,2,ridge_vwc,,1.0,-14.630903606681327,-11.607199044191669,-13.554473195400924,-13.172845907643884
31,2012-07-08,59,1,3,2,ridge_vwc,,1.0,-15.85527387686205,-13.88497530384446,-13.617076506943752,-13.143003548611155
31,2012-07-14,60,1,3,2,ridge_vwc,,1.0,-12.061582027927042,-8.958668222109942,-13.41447987247354,-13.083042487435764
32,2012-06-22,61,1,3,2,ridge_vwc,,1.0,-15.06141043899014,-15.128490659381375,-12.187325176814035,-10.200886019681707
32,2012-06-25,62,1,3,2,ridge_vwc,,1.0,-16.76615352729908,-16.21045729230626,-12.19083340402442,-10.1102355954131
32,2012-07-08,63,1,3,2,ridge_vwc,,1.0,-19.51691196321064,-18.66502996569921,-12.494429155216505,-10.056096866690591
32,2012-07-10,64,1,3,2,ridge_vwc,,1.0,-20.20667659920886,-19.288993971916742,-12.495466786422803,-10.055939595763604
32,2012-07-14,65,1,3,2,ridge_vwc,,1.0,-17.739515725707594,-17.16765829163566,-12.255403505325297,-10.159543223732681
32,2012-07-17,66,1,3,2,ridge_vwc,,1.0,-16.639945346572592,-14.987927440241748,-12.222734948969343,-10.225218581974397
54,2012-06-22,90,1,3,2,ridge_vwc,,1.0,-10.417640310145606,-12.93767695335395,-13.620975319509837,-13.183813737851464
54,2012-06-29,91,1,3,2,ridge_vwc,,1.0,-13.54880158174925,-13.941944979578206,-13.704893259238322,-12.839101735336568
54,2012-07-10,92,1,3,2,ridge_vwc,,1.0,-11.65562649391276,-9.922527219399468,-13.513984868314296,-12.060532971807723
71,2012-06-22,107,1,3,2,ridge_vwc,,1.0,-9.441352711283985,-15.826503794261775,-13.88979260830962,-13.51557579920583
71,2012-06-27,108,1,3,2,ridge_vwc,,1.0,-11.830891628824627,-14.88965576948976,-13.935067670385408,-13.398251954501902
71,2012-06-29,109,1,3,2,ridge_vwc,,1.0,-11.77120523725996,-14.980783625920942,-14.0047517988127,-13.397375057218225
71,2012-07-05,110,1,3,2,ridge_vwc,,1.0,-9.126432085488725,-7.106911469422197,-13.720372197907261,-12.917580028115745
71,2012-07-08,111,1,3,2,ridge_vwc,,1.0,-8.240456830553434,-5.994288299384496,-13.707584386212782,-12.918700030645335
71,2012-07-14,112,1,3,2,ridge_vwc,,1.0,-12.231283617180784,-7.335724658361975,-13.757313002474312,-12.476595425396335
71,2012-07-17,113,1,3,2,ridge_vwc,,1.0,-7.863112808923288,-5.020162935449686,-13.497953290111433,-12.495574057482017
13,2012-06-22,39,1,3,3,ridge_vwc,,1.0,-10.95121562728075,-10.836542679634643,-13.496319852981843,-13.463235100686587
13,2012-06-27,40,1,3,3,ridge_vwc,,1.0,-12.223609920228132,-12.934752148036708,-13.497121860123087,-13.56514561796234
13,2012-06-29,41,1,3,3,ridge_vwc,,1.0,-11.448270309198136,-11.2433082687523,-13.439368934096677,-13.557860174093472
13,2012-07-08,42,1,3,3,ridge_vwc,,1.0,-11.321650078114684,-11.1656550129835,-13.381912326666267,-13.5983636225133
13,2012-07-10,43,1,3,3,ridge_vwc,,1.0,-11.727868729384712,-11.935053682323652,-13.34165743652143,-13.58655158056319
13,2012-07-17,44,1,3,3,ridge_vwc,,1.0,-11.82663223841094,-11.483975197550755,-13.466273949087455,-13.552742472125885
41,2012-06-22,67,1,3,3,ridge_vwc,,1.0,-9.893244615306044,-8.032288058491003,-15.008643731281296,-12.305779886082114
41,2012-06-27,68,1,3,3,ridge_vwc,,1.0,-12.472382986190222,-8.801892289617859,-14.993460036622718,-12.47402784428918
41,2012-07-05,69,1,3,3,ridge_vwc,,1.0,-12.028670241841908,-9.29119256932756,-15.080466993848631,-14.47697577210268
41,2012-07-08,70,1,3,3,ridge_vwc,,1.0,-13.748748630293996,-9.894634362662554,-15.004946876316811,-14.459121972713088
41,2012-07-14,71,1,3,3,ridge_vwc,,1.0,-11.651468732388375,-9.450060398721016,-15.065732519317377,-14.382793833356832
41,2012-07-17,72,1,3,3,ridge_vwc,,1.0,-11.500314383218642,-8.561757537563716,-15.173711278842324,-14.34417983241292
53,2012-06-22,85,1,3,3,ridge_vwc,,1.0,-11.59685403803788,-14.890521382506938,-13.666414741043104,-13.504191639805478
53,2012-06-29,86,1,3,3,ridge_vwc,,1.0,-14.273258986856678,-15.844986252295593,-13.32973421140773,-12.590359851132852
53,2012-07-08,87,1,3,3,ridge_vwc,,1.0,-11.837654265802229,-9.263246005952729,-12.636823404066964,-5.302495741515033
53,2012-07-10,88,1,3,3,ridge_vwc,,1.0,-13.121221982705292,-10.563549725135724,-12.51967436331448,-5.2537315333500505
53,2012-07-19,89,1,3,3,ridge_vwc,,1.0,-9.430559470207992,-7.124290756308986,-12.893152432549643,-10.128570879390463
62,2012-06-22,100,1,3,3,ridge_vwc,,1.0,-10.947069858107426,-10.084005244347887,-12.917755823195316,-13.233016888092317
62,2012-06-25,101,1,3,3,ridge_vwc,,1.0,-12.930932965823189,-11.69193923190518,-12.467375341858691,-13.044022915014923
62,2012-06-29,102,1,3,3,ridge_vwc,,1.0,-13.647540229966118,-12.451741540356156,-12.316319554632221,-12.501751281666536
62,2012-07-08,103,1,3,3,ridge_vwc,,1.0,-13.005404455519416,-9.79925558948652,-12.388280402118044,-10.740509533405898
62,2012-07-10,104,1,3,3,ridge_vwc,,1.0,-14.217439125925395,-11.423573357529008,-12.280608347444963,-10.693002895165487
62,2012-07-17,105,1,3,3,ridge_vwc,,1.0,-12.70807262304178,-10.388332622162803,-12.008123994135811,-3.0935760318544006
62,2012-07-19,106,1,3,3,ridge_vwc,,1.0,-15.750405278939866,-14.123873702288767,-11.754293488548907,-2.9860193090095635
83,2012-06-29,124,1,3,3,ridge_vwc,,1.0,-13.150595982099484,-13.185851612534412,-14.790434908402597,-14.941224325820892
83,2012-07-14,125,1,3,3,ridge_vwc,,1.0,-10.781364360016564,-10.279583356930988,-14.624132921603474,-12.276364088883904
11,2012-06-22,14,1,3,4,ridge_vwc,,1.0,-15.919724111874036,-17.420730792104454,-11.676798315493821,-11.732390776168229
11,2012-06-27,15,1,3,4,ridge_vwc,,1.0,-16.04746594426725,-17.275701316646803,-11.596038597858957,-11.720378016694367
11,2012-06-29,16,1,3,4,ridge_vwc,,1.0,-17.025781539812208,-18.04468787035671,-11.521731655820155,-11.707376200261328
11,2012-07-10,17,1,3,4,ridge_vwc,,1.0,-17.604639607278372,-17.842659591269815,-11.471988755153498,-11.669228717946057
11,2012-07-17,18,1,3,4,ridge_vwc,,1.0,-14.18453518805826,-15.072913856790963,-11.668724624781035,-11.601218175626137
21,2012-06-22,45,1,3,4,ridge_vwc,,1.0,-12.060684803223303,-12.00798502229204,-14.188294273394852,-13.575752056307001
21,2012-06-25,46,1,3,4,ridge_vwc,,1.0,-11.883841971912686,-12.210536948445432,-14.17583839139826,-13.631080056251525
21,2012-06-29,47,1,3,4,ridge_vwc,,1.0,-12.329567928959571,-12.661731465224886,-14.11282312458043,-13.681227557190724
21,2012-07-08,48,1,3,4,ridge_vwc,,1.0,-12.336402358206886,-12.252348442564678,-14.032097695627264,-13.711867426898928
21,2012-07-10,49,1,3,4,ridge_vwc,,1.0,-12.541026866239491,-12.812605872689588,-14.05778359284461,-13.70641831076129
21,2012-07-17,50,1,3,4,ridge_vwc,,1.0,-12.042182130233446,-11.668944707481812,-14.142736451320816,-13.616996475144829
42,2012-06-22,73,1,3,4,ridge_vwc,,1.0,-14.561620721902148,-14.201966799335745,-14.084063278209802,-12.668100365649176
42,2012-06-25,74,1,3,4,ridge_vwc,,1.0,-16.153608446963226,-15.565011635602495,-14.131469821127572,-12.816126264980596
42,2012-07-08,75,1,3,4,ridge_vwc,,1.0,-17.86890291137946,-17.776520095428644,-14.03088826717161,-12.775357937398732
42,2012-07-10,76,1,3,4,ridge_vwc,,1.0,-18.21143906581935,-18.30617756824163,-13.777657572705563,-12.778888652529263
42,2012-07-14,77,1,3,4,ridge_vwc,,1.0,-16.095384428093947,-16.335096559717847,-14.142741458572823,-12.709397398935582
42,2012-07-17,78,1,3,4,ridge_vwc,,1.0,-14.801847473829469,-15.583307282953209,-14.067408852026738,-12.380544665615005
61,2012-06-22,93,1,3,4,ridge_vwc,,1.0,-11.307138591209124,-10.699103847173708,-13.37696467795227,-12.21457285693647
61,2012-06-25,94,1,3,4,ridge_vwc,,1.0,-13.358854538113189,-12.281835560024907,-12.996784682591088,-12.14082143113337
61,2012-06-29,95,1,3,4,ridge_vwc,,1.0,-14.258735753179286,-12.929838363897248,-12.898388902308868,-12.532512150690499
61,2012-07-08,96,1,3,4,ridge_vwc,,1.0,-12.653243854103511,-10.41345274290406,-13.238179555608735,-11.808713378042103
61,2012-07-10,97,1,3,4,ridge_vwc,,1.0,-14.196530364341184,-11.545773452581232,-13.043958729044066,-11.76310055945289
61,2012-07-17,98,1,3,4,ridge_vwc,,1.0,-12.879880314149483,-11.29771365776737,-13.249456136356896,-12.036789827907365
61,2012-07-19,99,1,3,4,ridge_vwc,,1.0,-15.889663878319602,-12.719370404847758,-13.057876228841957,-11.992955004233476
102,2012-06-22,0,1,3,1,ridge_vwc,,100.0,-9.99305662822514,-8.79817877926706,-13.169515675560692,-12.36416962805231
102,2012-06-25,1,1,3,1,ridge_vwc,,100.0,-12.531601150465749,-11.66376412888952,-13.160793289123948,-12.49658297606164
102,2012-06-29,2,1,3,1,ridge_vwc,,100.0,-16.257897492533367,-15.208138461464548,-13.151455589942968,-12.698627338912447
102,2012-07-08,3,1,3,1,ridge_vwc,,100.0,-10.129457779827602,-9.071938641334588,-13.156216095822776,-12.733559834052654
102,2012-07-10,4,1,3,1,ridge_vwc,,100.0,-14.95434368762578,-14.112183043981709,-13.157085921447946,-12.708330572792962
102,2012-07-17,5,1,3,1,ridge_vwc,,100.0,-5.014295508188514,-4.452412337847899,-13.163968780342358,-12.68284675673894
102,2012-07-19,6,1,3,1,ridge_vwc,,100.0,-10.3251467740893,-11.06628687788346,-13.163196200673113,-12.705947782537043
103,2012-06-22,7,1,3,1,ridge_vwc,,100.0,-13.28404803220713,-14.50588749676858,-12.96123450940861,-11.727239758501165
103,2012-06-27,8,1,3,1,ridge_vwc,,100.0,-17.302172301136643,-16.600968273984137,-12.941659577908142,-12.03844403209236
103,2012-06-29,9,1,3,1,ridge_vwc,,100.0,-18.92242109331228,-19.84632772841422,-12.935310976041867,-12.165996859098733
103,2012-07-05,10,1,3,1,ridge_vwc,,100.0,-15.574795029478718,-16.124130866471255,-12.94064888020031,-12.123531028461683
103,2012-07-08,11,1,3,1,ridge_vwc,,100.0,-15.86824246394819,-13.95091862281008,-12.938272655922542,-12.182220814008971
103,2012-07-14,12,1,3,1,ridge_vwc,,100.0,-17.84275788106028,-18.72912571156667,-12.94506096480598,-12.19047316966005
103,2012-07-17,13,1,3,1,ridge_vwc,,100.0,-12.595339414809716,-16.21757943788777,-12.9471052009183,-12.127646159986854
111,2012-06-27,19,1,3,1,ridge_vwc,,100.0,-15.147228418373352,-9.881794018641486,-13.491661309144236,-13.615308307577244
111,2012-07-08,20,1,3,1,ridge_vwc,,100.0,-10.432732239997303,-7.011457229997938,-13.513474096023273,-13.413974375535304
111,2012-07-10,21,1,3,1,ridge_vwc,,100.0,-12.332899347459149,-7.340003351417149,-13.507252078285765,-13.557238697640544
111,2012-07-19,22,1,3,1,ridge_vwc,,100.0,-13.429778660777457,-11.904793601312772,-13.518209575617293,-13.509849484830845
112,2012-06-22,23,1,3,1,ridge_vwc,,100.0,-16.789512402971386,-18.984197687028864,-12.839992934136761,-12.047891079065188
112,2012-06-25,24,1,3,1,ridge_vwc,,100.0,-17.713046799178723,-19.529406845749364,-12.838025844934823,-12.081874603631857
112,2012-07-05,25,1,3,1,ridge_vwc,,100.0,-15.269240391706376,-15.832742511880692,-12.843810832653315,-12.100228118367061
112,2012-07-08,26,1,3,1,ridge_vwc,,100.0,-15.868211803986831,-15.9439617824927,-12.843830056687262,-12.099851375023517
52,2012-06-22,79,1,3,1,ridge_vwc,,100.0,-13.45495696239713,-15.738081907796053,-13.376640034278774,-12.487163571371227
52,2012-06-29,80,1,3,1,ridge_vwc,,100.0,-16.041356891502684,-16.29966966543719,-13.377160651790913,-12.554210430236804
52,2012-07-08,81,1,3,1,ridge_vwc,,100.0,-13.337191112994962,-11.304804238666236,-13.402013001276492,-12.438000222818289
52,2012-07-10,82,1,3,1,ridge_vwc,,100.0,-14.71139542756748,-12.827360988564674,-13.40214435227307,-12.473498575701587
52,2012-07-17,83,1,3,1,ridge_vwc,,100.0,-8.618950020440854,-7.762089915864024,-13.445859183507045,-12.217104451444728
52,2012-07-19,84,1,3,1,ridge_vwc,,100.0,-13.32401009971738,-12.996658395943411,-13.445588523142101,-12.262651956121818
12,2012-06-22,33,1,3,2,ridge_vwc,,100.0,-12.945592837955164,-13.621175265774452,-13.341765954966668,-12.367236450395803
12,2012-06-27,34,1,3,2,ridge_vwc,,100.0,-12.863896772641066,-14.252905240550222,-13.355268124896579,-12.355924334156155
12,2012-06-29,35,1,3,2,ridge_vwc,,100.0,-14.492924226367006,-14.921340450348202,-13.349486102567395,-12.361949801077047
12,2012-07-08,36,1,3,2,ridge_vwc,,100.0,-14.914279673093365,-14.773522086284936,-13.36403129752404,-12.347465700085591
12,2012-07-10,37,1,3,2,ridge_vwc,,100.0,-15.09795788808382,-15.53251252603237,-13.351462485971513,-12.36051427894407
12,2012-07-17,38,1,3,2,ridge_vwc,,100.0,-13.089522506330766,-13.652175532794685,-13.329822709011227,-12.36591032740404
31,2012-06-22,56,1,3,2,ridge_vwc,,100.0,-12.261406145930293,-7.675525079895581,-13.404867223813692,-13.214347031202744
31,2012-06-27,57,1,3,2,ridge_vwc,,100.0,-15.56720520685795,-10.869677151623607,-13.425852817013316,-12.845830084503694
31,2012-07-05,58,1,3,2,ridge_vwc,,100.0,-14.630903606681327,-11.607199044191669,-13.544959191847813,-12.963046852675648
31,2012-07-08,59,1,3,2,ridge_vwc,,100.0,-15.85527387686205,-13.88497530384446,-13.575087882393596,-12.930440814057711
31,2012-07-14,60,1,3,2,ridge_vwc,,100.0,-12.061582027927042,-8.958668222109942,-13.43585900425811,-12.968822805531406
32,2012-06-22,61,1,3,2,ridge_vwc,,100.0,-15.06141043899014,-15.128490659381375,-12.843983659720497,-11.789038685265327
32,2012-06-25,62,1,3,2,ridge_vwc,,100.0,-16.76615352729908,-16.21045729230626,-12.904657734574329,-11.721625513603325
32,2012-07-08,63,1,3,2,ridge_vwc,,100.0,-19.51691196321064,-18.66502996569921,-13.076008348001814,-11.601988896914577
32,2012-07-10,64,1,3,2,ridge_vwc,,100.0,-20.20667659920886,-19.288993971916742,-13.076284079891515,-11.601697128404727
32,2012-07-14,65,1,3,2,ridge_vwc,,100.0,-17.739515725707594,-17.16765829163566,-12.9666940878088,-11.7191565202474
32,2012-07-17,66,1,3,2,ridge_vwc,,100.0,-16.639945346572592,-14.987927440241748,-12.917757702605547,-11.773102210016491
54,2012-06-22,90,1,3,2,ridge_vwc,,100.0,-10.417640310145606,-12.93767695335395,-13.56321420252481,-12.980294999105046
54,2012-06-29,91,1,3,2,ridge_vwc,,100.0,-13.54880158174925,-13.941944979578206,-13.570688939491442,-12.789880174219633
54,2012-07-10,92,1,3,2,ridge_vwc,,100.0,-11.65562649391276,-9.922527219399468,-13.494117218301541,-12.43442219995249
71,2012-06-22,107,1,3,2,ridge_vwc,,100.0,-9.441352711283985,-15.826503794261775,-13.655920006954604,-13.07960205558029
71,2012-06-27,108,1,3,2,ridge_vwc,,100.0,-11.830891628824627,-14.88965576948976,-13.65940202125008,-13.01256622568713
71,2012-06-29,109,1,3,2,ridge_vwc,,100.0,-11.77120523725996,-14.980783625920942,-13.671498954596746,-13.000110736956126
71,2012-07-05,110,1,3,2,ridge_vwc,,100.0,-9.126432085488725,-7.106911469422197,-13.59248941041639,-12.810729801496164
71,2012-07-08,111,1,3,2,ridge_vwc,,100.0,-8.240456830553434,-5.994288299384496,-13.589633690379168,-12.813722463785549
71,2012-07-14,112,1,3,2,ridge_vwc,,100.0,-12.231283617180784,-7.335724658361975,-13.576707008813585,-12.583613576497621
71,2012-07-17,113,1,3,2,ridge_vwc,,100.0,-7.863112808923288,-5.020162935449686,-13.52126525674496,-12.641555555416721
13,2012-06-22,39,1,3,3,ridge_vwc,,100.0,-10.95121562728075,-10.836542679634643,-13.664029607681451,-13.466545836854827
13,2012-06-27,40,1,3,3,ridge_vwc,,100.0,-12.223609920228132,-12.934752148036708,-13.656061903063879,-13.501893496262953
13,2012-06-29,41,1,3,3,ridge_vwc,,100.0,-11.448270309198136,-11.2433082687523,-13.609918506307732,-13.481945175206688
13,2012-07-08,42,1,3,3,ridge_vwc,,100.0,-11.321650078114684,-11.1656550129835,-13.574607166524002,-13.487678194144001
13,2012-07-10,43,1,3,3,ridge_vwc,,100.0,-11.727868729384712,-11.935053682323652,-13.555901444954543,-13.479495131101595
13,2012-07-17,44,1,3,3,ridge_vwc,,100.0,-11.82663223841094,-11.483975197550755,-13.629660084292187,-13.486762299079034
41,2012-06-22,67,1,3,3,ridge_vwc,,100.0,-9.893244615306044,-8.032288058491003,-14.59971023497439,-13.086339371973363
41,2012-06-27,68,1,3,3,ridge_vwc,,100.0,-12.472382986190222,-8.801892289617859,-14.45612317630015,-13.066670333018255
41,2012-07-05,69,1,3,3,ridge_vwc,,100.0,-12.028670241841908,-9.29119256932756,-14.381447234900788,-13.798028229128374
41,2012-07-08,70,1,3,3,ridge_vwc,,100.0,-13.748748630293996,-9.894634362662554,-14.33774897600277,-13.779017807092458
41,2012-07-14,71,1,3,3,ridge_vwc,,100.0,-11.651468732388375,-9.450060398721016,-14.376762811930389,-13.760687761113198
41,2012-07-17,72,1,3,3,ridge_vwc,,100.0,-11.500314383218642,-8.561757537563716,-14.56742261456181,-13.842364685260133
53,2012-06-22,85,1,3,3,ridge_vwc,,100.0,-11.59685403803788,-14.890521382506938,-13.7187727433431,-13.449206270091189
53,2012-06-29,86,1,3,3,ridge_vwc,,100.0,-14.273258986856678,-15.844986252295593,-13.609751554753172,-13.086599318841234
53,2012-07-08,87,1,3,3,ridge_vwc,,100.0,-11.837654265802229,-9.263246005952729,-13.605356451251021,-10.32970428657984
53,2012-07-10,88,1,3,3,ridge_vwc,,100.0,-13.121221982705292,-10.563549725135724,-13.579674386134522,-10.318115285805673
53,2012-07-19,89,1,3,3,ridge_vwc,,100.0,-9.430559470207992,-7.124290756308986,-13.558819471246151,-12.165641532862477
62,2012-06-22,100,1,3,3,ridge_vwc,,100.0,-10.947069858107426,-10.084005244347887,-13.38946380363252,-13.354326949077159
62,2012-06-25,101,1,3,3,ridge_vwc,,100.0,-12.930932965823189,-11.69193923190518,-13.293765572968368,-13.311063986502276
62,2012-06-29,102,1,3,3,ridge_vwc,,100.0,-13.647540229966118,-12.451741540356156,-13.278586759305027,-13.116882460174512
62,2012-07-08,103,1,3,3,ridge_vwc,,100.0,-13.005404455519416,-9.79925558948652,-13.320717591479255,-12.428928682475746
62,2012-07-10,104,1,3,3,ridge_vwc,,100.0,-14.217439125925395,-11.423573357529008,-13.302483417183335,-12.420560378682747
62,2012-07-17,105,1,3,3,ridge_vwc,,100.0,-12.70807262304178,-10.388332622162803,-13.397925274628998,-9.51676139750918
62,2012-07-19,106,1,3,3,ridge_vwc,,100.0,-15.750405278939866,-14.123873702288767,-13.346071659381522,-9.493263538629526
83,2012-06-29,124,1,3,3,ridge_vwc,,100.0,-13.150595982099484,-13.185851612534412,-14.279995369938169,-13.95126481160807
83,2012-07-14,125,1,3,3,ridge_vwc,,100.0,-10.781364360016564,-10.279583356930988,-14.299824407222143,-12.93886852117827
11,2012-06-22,14,1,3,4,ridge_vwc,,100.0,-15.919724111874036,-17.420730792104454,-12.549841958548958,-12.162853380439165
11,2012-06-27,15,1,3,4,ridge_vwc,,100.0,-16.04746594426725,-17.275701316646803,-12.524732139740067,-12.160101949554122
11,2012-06-29,16,1,3,4,ridge_vwc,,100.0,-17.025781539812208,-18.04468787035671,-12.50522337658515,-12.159291270170506
11,2012-07-10,17,1,3,4,ridge_vwc,,100.0,-17.604639607278372,-17.842659591269815,-12.493324152010656,-12.146676774416969
11,2012-07-17,18,1,3,4,ridge_vwc,,100.0,-14.18453518805826,-15.072913856790963,-12.546073724442545,-12.10472019286008
21,2012-06-22,45,1,3,4,ridge_vwc,,100.0,-12.060684803223303,-12.00798502229204,-13.625264201315893,-12.917056045892782
21,2012-06-25,46,1,3,4,ridge_vwc,,100.0,-11.883841971912686,-12.210536948445432,-13.587359635386829,-12.917312483056168
21,2012-06-29,47,1,3,4,ridge_vwc,,100.0,-12.329567928959571,-12.661731465224886,-13.518898028861038,-12.906243885880153
21,2012-07-08,48,1,3,4,ridge_vwc,,100.0,-12.336402358206886,-12.252348442564678,-13.472371319947143,-12.906834116513508
21,2012-07-10,49,1,3,4,ridge_vwc,,100.0,-12.541026866239491,-12.812605872689588,-13.485103524318381,-12.907046509605326
21,2012-07-17,50,1,3,4,ridge_vwc,,100.0,-12.042182130233446,-11.668944707481812,-13.544051170573688,-12.888520660826225
42,2012-06-22,73,1,3,4,ridge_vwc,,100.0,-14.561620721902148,-14.201966799335745,-13.810632460881036,-12.696641080100699
42,2012-06-25,74,1,3,4,ridge_vwc,,100.0,-16.153608446963226,-15.565011635602495,-13.73892454080975,-12.69811155664558
42,2012-07-08,75,1,3,4,ridge_vwc,,100.0,-17.86890291137946,-17.776520095428644,-13.522552361797544,-12.5507867838001
42,2012-07-10,76,1,3,4,ridge_vwc,,100.0,-18.21143906581935,-18.30617756824163,-13.427256610361669,-12.548350441789527
42,2012-07-14,77,1,3,4,ridge_vwc,,100.0,-16.095384428093947,-16.335096559717847,-13.652424878559222,-12.586518408875886
42,2012-07-17,78,1,3,4,ridge_vwc,,100.0,-14.801847473829469,-15.583307282953209,-13.822762675761071,-12.583542955594224
61,2012-06-22,93,1,3,4,ridge_vwc,,100.0,-11.307138591209124,-10.699103847173708,-13.217802885823314,-12.28497372936869
61,2012-06-25,94,1,3,4,ridge_vwc,,100.0,-13.358854538113189,-12.281835560024907,-13.12234342395573,-12.28077669119568
61,2012-06-29,95,1,3,4,ridge_vwc,,100.0,-14.258735753179286,-12.929838363897248,-13.110059409092898,-12.468602672821453
61,2012-07-08,96,1,3,4,ridge_vwc,,100.0,-12.653243854103511,-10.41345274290406,-13.17124480575221,-12.108993239219336
61,2012-07-10,97,1,3,4,ridge_vwc,,100.0,-14.196530364341184,-11.545773452581232,-13.127257245552988,-12.10679497778174
61,2012-07-17,98,1,3,4,ridge_vwc,,100.0,-12.879880314149483,-11.29771365776737,-13.176277487962569,-12.209685009453741
61,2012-07-19,99,1,3,4,ridge_vwc,,100.0,-15.889663878319602,-12.719370404847758,-13.13219076941464,-12.207524537496827
102,2012-06-22,0,1,3,1,ridge_vwc,,10000.0,-9.99305662822514,-8.79817877926706,-13.381694807746777,-12.631219065098694
102,2012-06-25,1,1,3,1,ridge_vwc,,10000.0,-12.531601150465749,-11.66376412888952,-13.37967572746682,-12.632952835193054
102,2012-06-29,2,1,3,1,ridge_vwc,,10000.0,-16.257897492533367,-15.208138461464548,-13.376493489259943,-12.635529197084658
102,2012-07-08,3,1,3,1,ridge_vwc,,10000.0,-10.129457779827602,-9.071938641334588,-13.375593100368093,-12.635794334548564
102,2012-07-10,4,1,3,1,ridge_vwc,,10000.0,-14.95434368762578,-14.112183043981709,-13.375969768326945,-12.635467325451732
102,2012-07-17,5,1,3,1,ridge_vwc,,10000.0,-5.014295508188514,-4.452412337847899,-13.375986363806916,-12.63495460514922
102,2012-07-19,6,1,3,1,ridge_vwc,,10000.0,-10.3251467740893,-11.06628687788346,-13.375641712161784,-12.635253928665222
103,2012-06-22,7,1,3,1,ridge_vwc,,10000.0,-13.28404803220713,-14.50588749676858,-13.378505876390987,-12.61936306565463
103,2012-06-27,8,1,3,1,ridge_vwc,,10000.0,-17.302172301136643,-16.600968273984137,-13.37372029440727,-12.623415606435486
103,2012-06-29,9,1,3,1,ridge_vwc,,10000.0,-18.92242109331228,-19.84632772841422,-13.37179616279128,-12.625077092684114
103,2012-07-05,10,1,3,1,ridge_vwc,,10000.0,-15.574795029478718,-16.124130866471255,-13.372210457536438,-12.624414551616349
103,2012-07-08,11,1,3,1,ridge_vwc,,10000.0,-15.86824246394819,-13.95091862281008,-13.371330651454418,-12.62517674392875
103,2012-07-14,12,1,3,1,ridge_vwc,,10000.0,-17.84275788106028,-18.72912571156667,-13.37079176073457,-12.625073620801139
103,2012-07-17,13,1,3,1,ridge_vwc,,10000.0,-12.595339414809716,-16.21757943788777,-13.371728519671269,-12.62425980118379
111,2012-06-27,19,1,3,1,ridge_vwc,,10000.0,-15.147228418373352,-9.881794018641486,-13.382731830442298,-12.652976354778621
111,2012-07-08,20,1,3,1,ridge_vwc,,10000.0,-10.432732239997303,-7.011457229997938,-13.384930645915766,-12.649949807219722
111,2012-07-10,21,1,3,1,ridge_vwc,,10000.0,-12.332899347459149,-7.340003351417149,-13.382778724318674,-12.651812125818687
111,2012-07-19,22,1,3,1,ridge_vwc,,10000.0,-13.429778660777457,-11.904793601312772,-13.38292286143302,-12.650915248808245
112,2012-06-22,23,1,3,1,ridge_vwc,,10000.0,-16.789512402971386,-18.984197687028864,-13.372465620983512,-12.623827759781909
112,2012-06-25,24,1,3,1,ridge_vwc,,10000.0,-17.713046799178723,-19.529406845749364,-13.37195018378286,-12.624271584670078
112,2012-07-05,25,1,3,1,ridge_vwc,,10000.0,-15.269240391706376,-15.832742511880692,-13.371208402593306,-12.624285335693536
112,2012-07-08,26,1,3,1,ridge_vwc,,10000.0,-15.868211803986831,-15.9439617824927,-13.37121409055336,-12.624280426295623
52,2012-06-22,79,1,3,1,ridge_vwc,,10000.0,-13.45495696239713,-15.738081907796053,-13.378896706852402,-12.630848312430441
52,2012-06-29,80,1,3,1,ridge_vwc,,10000.0,-16.041356891502684,-16.29966966543719,-13.377822851885568,-12.631667839572152
52,2012-07-08,81,1,3,1,ridge_vwc,,10000.0,-13.337191112994962,-11.304804238666236,-13.378285344158876,-12.629524875002367
52,2012-07-10,82,1,3,1,ridge_vwc,,10000.0,-14.71139542756748,-12.827360988564674,-13.377769109419699,-12.629979283875944
52,2012-07-17,83,1,3,1,ridge_vwc,,10000.0,-8.618950020440854,-7.762089915864024,-13.379346329047245,-12.625545763843707
52,2012-07-19,84,1,3,1,ridge_vwc,,10000.0,-13.32401009971738,-12.996658395943411,-13.378679498890744,-12.62613065856765
12,2012-06-22,33,1,3,2,ridge_vwc,,10000.0,-12.945592837955164,-13.621175265774452,-13.47843762520075,-12.779244325415217
12,2012-06-27,34,1,3,2,ridge_vwc,,10000.0,-12.863896772641066,-14.252905240550222,-13.478754229230313,-12.778824635879111
12,2012-06-29,35,1,3,2,ridge_vwc,,10000.0,-14.492924226367006,-14.921340450348202,-13.47861726883287,-12.779029540769903
12,2012-07-08,36,1,3,2,ridge_vwc,,10000.0,-14.914279673093365,-14.773522086284936,-13.478960044160234,-12.77852926042676
12,2012-07-10,37,1,3,2,ridge_vwc,,10000.0,-15.09795788808382,-15.53251252603237,-13.478663270203384,-12.778972875305628
12,2012-07-17,38,1,3,2,ridge_vwc,,10000.0,-13.089522506330766,-13.652175532794685,-13.478172067220164,-12.779372945943535
31,2012-06-22,56,1,3,2,ridge_vwc,,10000.0,-12.261406145930293,-7.675525079895581,-13.477787234734906,-12.797421273454699
31,2012-06-27,57,1,3,2,ridge_vwc,,10000.0,-15.56720520685795,-10.869677151623607,-13.478864169777804,-12.789141197199267
31,2012-07-05,58,1,3,2,ridge_vwc,,10000.0,-14.630903606681327,-11.607199044191669,-13.48142436058542,-12.790047134717563
31,2012-07-08,59,1,3,2,ridge_vwc,,10000.0,-15.85527387686205,-13.88497530384446,-13.482161189035217,-12.78893535181216
31,2012-07-14,60,1,3,2,ridge_vwc,,10000.0,-12.061582027927042,-8.958668222109942,-13.478900960229222,-12.791667937370448
32,2012-06-22,61,1,3,2,ridge_vwc,,10000.0,-15.06141043899014,-15.128490659381375,-13.468142083160329,-12.773079397941741
32,2012-06-25,62,1,3,2,ridge_vwc,,10000.0,-16.76615352729908,-16.21045729230626,-13.469659464361875,-12.770776644766613
32,2012-07-08,63,1,3,2,ridge_vwc,,10000.0,-19.51691196321064,-18.66502996569921,-13.473765609690956,-12.765862630738406
32,2012-07-10,64,1,3,2,ridge_vwc,,10000.0,-20.20667659920886,-19.288993971916742,-13.473772225859435,-12.765852697855195
32,2012-07-14,65,1,3,2,ridge_vwc,,10000.0,-17.739515725707594,-17.16765829163566,-13.471096900238296,-12.769869429183789
32,2012-07-17,66,1,3,2,ridge_vwc,,10000.0,-16.639945346572592,-14.987927440241748,-13.469881227645407,-12.771711168603359
54,2012-06-22,90,1,3,2,ridge_vwc,,10000.0,-10.417640310145606,-12.93767695335395,-13.482271654667114,-12.790282242408956
54,2012-06-29,91,1,3,2,ridge_vwc,,10000.0,-13.54880158174925,-13.941944979578206,-13.48270776143301,-12.786086018503271
54,2012-07-10,92,1,3,2,ridge_vwc,,10000.0,-11.65562649391276,-9.922527219399468,-13.481493610654773,-12.779444948696282
71,2012-06-22,107,1,3,2,ridge_vwc,,10000.0,-9.441352711283985,-15.826503794261775,-13.483996386365808,-12.791162670707777
71,2012-06-27,108,1,3,2,ridge_vwc,,10000.0,-11.830891628824627,-14.88965576948976,-13.484165828134751,-12.789676830459982
71,2012-06-29,109,1,3,2,ridge_vwc,,10000.0,-11.77120523725996,-14.980783625920942,-13.48444948276931,-12.789253633186254
71,2012-07-05,110,1,3,2,ridge_vwc,,10000.0,-9.126432085488725,-7.106911469422197,-13.48295548859904,-12.78621105547864
71,2012-07-08,111,1,3,2,ridge_vwc,,10000.0,-8.240456830553434,-5.994288299384496,-13.482887524257885,-12.78631286637074
71,2012-07-14,112,1,3,2,ridge_vwc,,10000.0,-12.231283617180784,-7.335724658361975,-13.482914292192884,-12.781538043014354
71,2012-07-17,113,1,3,2,ridge_vwc,,10000.0,-7.863112808923288,-5.020162935449686,-13.48159784855326,-12.783508852656935
13,2012-06-22,39,1,3,3,ridge_vwc,,10000.0,-10.95121562728075,-10.836542679634643,-13.90849589663926,-13.441618296298143
13,2012-06-27,40,1,3,3,ridge_vwc,,10000.0,-12.223609920228132,-12.934752148036708,-13.908218873435272,-13.44211756909276
13,2012-06-29,41,1,3,3,ridge_vwc,,10000.0,-11.448270309198136,-11.2433082687523,-13.906968205634096,-13.441422263444668
13,2012-07-08,42,1,3,3,ridge_vwc,,10000.0,-11.321650078114684,-11.1656550129835,-13.905983763677735,-13.441229136498961
13,2012-07-10,43,1,3,3,ridge_vwc,,10000.0,-11.727868729384712,-11.935053682323652,-13.905481928454371,-13.440948998566197
13,2012-07-17,44,1,3,3,ridge_vwc,,10000.0,-11.82663223841094,-11.483975197550755,-13.90750816973919,-13.441659760201695
41,2012-06-22,67,1,3,3,ridge_vwc,,10000.0,-9.893244615306044,-8.032288058491003,-13.929249291773733,-13.436630840807121
41,2012-06-27,68,1,3,3,ridge_vwc,,10000.0,-12.472382986190222,-8.801892289617859,-13.925245236599613,-13.435114575759041
41,2012-07-05,69,1,3,3,ridge_vwc,,10000.0,-12.028670241841908,-9.29119256932756,-13.922028519389029,-13.446187314274969
41,2012-07-08,70,1,3,3,ridge_vwc,,10000.0,-13.748748630293996,-9.894634362662554,-13.920850509535208,-13.44553098812196
41,2012-07-14,71,1,3,3,ridge_vwc,,10000.0,-11.651468732388375,-9.450060398721016,-13.921956867485184,-13.445552721944237
41,2012-07-17,72,1,3,3,ridge_vwc,,10000.0,-11.500314383218642,-8.561757537563716,-13.927164552534705,-13.448439048293327
53,2012-06-22,85,1,3,3,ridge_vwc,,10000.0,-11.59685403803788,-14.890521382506938,-13.909011115651825,-13.44063355298351
53,2012-06-29,86,1,3,3,ridge_vwc,,10000.0,-14.273258986856678,-15.844986252295593,-13.90658639828841,-13.433975947075483
53,2012-07-08,87,1,3,3,ridge_vwc,,10000.0,-11.837654265802229,-9.263246005952729,-13.910781031749865,-13.389910001770156
53,2012-07-10,88,1,3,3,ridge_vwc,,10000.0,-13.121221982705292,-10.563549725135724,-13.910111006702337,-13.389531729833047
53,2012-07-19,89,1,3,3,ridge_vwc,,10000.0,-9.430559470207992,-7.124290756308986,-13.90665776259429,-13.418880466900998
62,2012-06-22,100,1,3,3,ridge_vwc,,10000.0,-10.947069858107426,-10.084005244347887,-13.902115587958761,-13.438764919418688
62,2012-06-25,101,1,3,3,ridge_vwc,,10000.0,-12.930932965823189,-11.69193923190518,-13.899623142326483,-13.437356797308205
62,2012-06-29,102,1,3,3,ridge_vwc,,10000.0,-13.647540229966118,-12.451741540356156,-13.899530916403197,-13.434148178619726
62,2012-07-08,103,1,3,3,ridge_vwc,,10000.0,-13.005404455519416,-9.79925558948652,-13.901720296630684,-13.423466953016012
62,2012-07-10,104,1,3,3,ridge_vwc,,10000.0,-14.217439125925395,-11.423573357529008,-13.901252091171276,-13.423200892718611
62,2012-07-17,105,1,3,3,ridge_vwc,,10000.0,-12.70807262304178,-10.388332622162803,-13.908348106708083,-13.377537245413741
62,2012-07-19,106,1,3,3,ridge_vwc,,10000.0,-15.750405278939866,-14.123873702288767,-13.907000589869376,-13.37677526547669
83,2012-06-29,124,1,3,3,ridge_vwc,,10000.0,-13.150595982099484,-13.185851612534412,-13.918198255932825,-13.446902473724762
83,2012-07-14,125,1,3,3,ridge_vwc,,10000.0,-10.781364360016564,-10.279583356930988,-13.92031536587889,-13.430883134331037
11,2012-06-22,14,1,3,4,ridge_vwc,,10000.0,-15.919724111874036,-17.420730792104454,-13.211275180326487,-12.434732859286237
11,2012-06-27,15,1,3,4,ridge_vwc,,10000.0,-16.04746594426725,-17.275701316646803,-13.210542628588536,-12.434430061298045
11,2012-06-29,16,1,3,4,ridge_vwc,,10000.0,-17.025781539812208,-18.04468787035671,-13.209977236666903,-12.434220905640835
11,2012-07-10,17,1,3,4,ridge_vwc,,10000.0,-17.604639607278372,-17.842659591269815,-13.209635040059032,-12.433882092853164
11,2012-07-17,18,1,3,4,ridge_vwc,,10000.0,-14.18453518805826,-15.072913856790963,-13.211169484056976,-12.433675222377596
21,2012-06-22,45,1,3,4,ridge_vwc,,10000.0,-12.060684803223303,-12.00798502229204,-13.231660671736172,-12.448816240620113
21,2012-06-25,46,1,3,4,ridge_vwc,,10000.0,-11.883841971912686,-12.210536948445432,-13.23051765166417,-12.448409410625752
21,2012-06-29,47,1,3,4,ridge_vwc,,10000.0,-12.329567928959571,-12.661731465224886,-13.228467906568014,-12.447482581143124
21,2012-07-08,48,1,3,4,ridge_vwc,,10000.0,-12.336402358206886,-12.252348442564678,-13.227086838421382,-12.447004175179844
21,2012-07-10,49,1,3,4,ridge_vwc,,10000.0,-12.541026866239491,-12.812605872689588,-13.22746352887085,-12.447140756539781
21,2012-07-17,50,1,3,4,ridge_vwc,,10000.0,-12.042182130233446,-11.668944707481812,-13.229220835020453,-12.447439699718593
42,2012-06-22,73,1,3,4,ridge_vwc,,10000.0,-14.561620721902148,-14.201966799335745,-13.23749293236084,-12.44728420868677
42,2012-06-25,74,1,3,4,ridge_vwc,,10000.0,-16.153608446963226,-15.565011635602495,-13.235306629316097,-12.44651432448177
42,2012-07-08,75,1,3,4,ridge_vwc,,10000.0,-17.86890291137946,-17.776520095428644,-13.228806211401473,-12.441592652803362
42,2012-07-10,76,1,3,4,ridge_vwc,,10000.0,-18.21143906581935,-18.30617756824163,-13.226007392161197,-12.440570601210506
42,2012-07-14,77,1,3,4,ridge_vwc,,10000.0,-16.095384428093947,-16.335096559717847,-13.232695756905272,-12.443610886284334
42,2012-07-17,78,1,3,4,ridge_vwc,,10000.0,-14.801847473829469,-15.583307282953209,-13.23787661388222,-12.445439571922083
61,2012-06-22,93,1,3,4,ridge_vwc,,10000.0,-11.307138591209124,-10.699103847173708,-13.222508262062734,-12.43611235790951
61,2012-06-25,94,1,3,4,ridge_vwc,,10000.0,-13.358854538113189,-12.281835560024907,-13.219747303325992,-12.435088982897375
61,2012-06-29,95,1,3,4,ridge_vwc,,10000.0,-14.258735753179286,-12.929838363897248,-13.219390368256587,-12.438269467970244
61,2012-07-08,96,1,3,4,ridge_vwc,,10000.0,-12.653243854103511,-10.41345274290406,-13.221162869288007,-12.432554597692823
61,2012-07-10,97,1,3,4,ridge_vwc,,10000.0,-14.196530364341184,-11.545773452581232,-13.219897043774681,-12.432083093254256
61,2012-07-17,98,1,3,4,ridge_vwc,,10000.0,-12.879880314149483,-11.29771365776737,-13.221301631309526,-12.434370849495076
61,2012-07-19,99,1,3,4,ridge_vwc,,10000.0,-15.889663878319602,-12.719370404847758,-13.220031913980288,-12.433898271652067
102,2012-06-22,0,1,4,1,ridge,,0.0001,-9.99305662822514,-8.79817877926706,-12.377899297930423,-8.030172663340911
102,2012-06-25,1,1,4,1,ridge,,0.0001,-12.531601150465749,-11.66376412888952,-12.088895090334182,-9.527073552958875
102,2012-06-29,2,1,4,1,ridge,,0.0001,-16.257897492533367,-15.208138461464548,-12.388315073677761,-11.727822177515002
102,2012-07-08,3,1,4,1,ridge,,0.0001,-10.129457779827602,-9.071938641334588,-12.86161466467282,-12.328281756630481
102,2012-07-10,4,1,4,1,ridge,,0.0001,-14.95434368762578,-14.112183043981709,-12.653368931236058,-12.113018006563204
102,2012-07-17,5,1,4,1,ridge,,0.0001,-5.014295508188514,-4.452412337847899,-12.700744409246314,-12.166992558630017
102,2012-07-19,6,1,4,1,ridge,,0.0001,-10.3251467740893,-11.06628687788346,-12.89935879064645,-12.361989566041617
103,2012-06-22,7,1,4,1,ridge,,0.0001,-13.28404803220713,-14.50588749676858,-11.459749134684419,-5.49252245902114
103,2012-06-27,8,1,4,1,ridge,,0.0001,-17.302172301136643,-16.600968273984137,-10.884895196649861,-9.02258861924865
103,2012-06-29,9,1,4,1,ridge,,0.0001,-18.92242109331228,-19.84632772841422,-11.28917481859736,-10.283193923593197
103,2012-07-05,10,1,4,1,ridge,,0.0001,-15.574795029478718,-16.124130866471255,-11.166522865099754,-10.067567107413511
103,2012-07-08,11,1,4,1,ridge,,0.0001,-15.86824246394819,-13.95091862281008,-11.533681085206258,-10.59947970346347
103,2012-07-14,12,1,4,1,ridge,,0.0001,-17.84275788106028,-18.72912571156667,-11.958362230704877,-10.965172903809304
103,2012-07-17,13,1,4,1,ridge,,0.0001,-12.595339414809716,-16.21757943788777,-11.39927614201704,-10.439873198471831
111,2012-06-27,19,1,4,1,ridge,,0.0001,-15.147228418373352,-9.881794018641486,-14.614362418180987,-14.703858803222465
111,2012-07-08,20,1,4,1,ridge,,0.0001,-10.432732239997303,-7.011457229997938,-13.976264562890343,-13.480509922515626
111,2012-07-10,21,1,4,1,ridge,,0.0001,-12.332899347459149,-7.340003351417149,-14.732378942027943,-14.816157700623627
111,2012-07-19,22,1,4,1,ridge,,0.0001,-13.429778660777457,-11.904793601312772,-14.748228469545177,-14.830137962769692
112,2012-06-22,23,1,4,1,ridge,,0.0001,-16.789512402971386,-18.984197687028864,-10.757119767867213,-8.592210304969637
112,2012-06-25,24,1,4,1,ridge,,0.0001,-17.713046799178723,-19.529406845749364,-10.773197366601075,-8.952411536561204
112,2012-07-05,25,1,4,1,ridge,,0.0001,-15.269240391706376,-15.832742511880692,-10.877564451280723,-9.547882677401597
112,2012-07-08,26,1,4,1,ridge,,0.0001,-15.868211803986831,-15.9439617824927,-10.876527478248493,-9.544117583440812
52,2012-06-22,79,1,4,1,ridge,,0.0001,-13.45495696239713,-15.738081907796053,-13.028694119487193,-12.165067789507793
52,2012-06-29,80,1,4,1,ridge,,0.0001,-16.041356891502684,-16.29966966543719,-14.1078844467856,-12.678745889440993
52,2012-07-08,81,1,4,1,ridge,,0.0001,-13.337191112994962,-11.304804238666236,-14.005804706094711,-12.646852191297778
52,2012-07-10,82,1,4,1,ridge,,0.0001,-14.71139542756748,-12.827360988564674,-14.749325353206862,-12.830059052696516
52,2012-07-17,83,1,4,1,ridge,,0.0001,-8.618950020440854,-7.762089915864024,-13.568649827233195,-12.47775082128277
52,2012-07-19,84,1,4,1,ridge,,0.0001,-13.32401009971738,-12.996658395943411,-14.376651818080921,-12.751605415365265
21,2012-06-22,45,1,4,2,ridge,,0.0001,-12.060684803223303,-12.00798502229204,-13.50572913425042,-12.550304498544572
21,2012-06-25,46,1,4,2,ridge,,0.0001,-11.883841971912686,-12.210536948445432,-13.581782452206179,-12.659813192620968
21,2012-06-29,47,1,4,2,ridge,,0.0001,-12.329567928959571,-12.661731465224886,-13.727342218661258,-12.811223081787679
21,2012-07-08,48,1,4,2,ridge,,0.0001,-12.336402358206886,-12.252348442564678,-13.835079279013096,-12.871814206553095
21,2012-07-10,49,1,4,2,ridge,,0.0001,-12.541026866239491,-12.812605872689588,-13.804830017235465,-12.859311478050477
21,2012-07-17,50,1,4,2,ridge,,0.0001,-12.042182130233446,-11.668944707481812,-13.671054483756516,-12.761983724779421
22,2012-06-22,51,1,4,2,ridge,,0.0001,-14.06874113337972,-14.071044446046743,-14.165821386731658,-12.812478810962933
22,2012-06-25,52,1,4,2,ridge,,0.0001,-14.018031173978704,-14.77165243150176,-14.269478180016417,-12.967476432044013
22,2012-06-29,53,1,4,2,ridge,,0.0001,-14.73472458342086,-15.474752085663306,-14.383483246188879,-13.093731851269645
22,2012-07-14,54,1,4,2,ridge,,0.0001,-14.429262660073372,-14.834682689018504,-14.364327333620977,-13.075869476522229
22,2012-07-17,55,1,4,2,ridge,,0.0001,-13.95505270639354,-12.9206874664521,-14.300122843785413,-13.00608145890943
72,2012-06-22,114,1,4,2,ridge,,0.0001,-9.156246315375464,-7.121824880330802,-13.429600465467436,-12.785705580716103
72,2012-06-27,115,1,4,2,ridge,,0.0001,-11.598774165532014,-9.739787261661805,-13.544685761705688,-12.716826630461199
72,2012-06-29,116,1,4,2,ridge,,0.0001,-11.694497047916627,-10.620512155280064,-13.617804613695895,-12.646783561305936
72,2012-07-05,117,1,4,2,ridge,,0.0001,-9.279994157479894,-6.1840522735730685,-13.344688765355338,-12.803672495991268
72,2012-07-08,118,1,4,2,ridge,,0.0001,-7.434985480666953,-4.951473364462895,-13.299336959099985,-12.801772559826384
72,2012-07-14,119,1,4,2,ridge,,0.0001,-11.38639094380066,-6.363423342248725,-13.625319733398998,-12.638441931584234
72,2012-07-17,120,1,4,2,ridge,,0.0001,-7.896576091932785,-5.316371130913266,-13.484848433277543,-12.75900068324898
81,2012-06-22,121,1,4,2,ridge,,0.0001,-9.587343732140498,-5.953072410726956,-13.787162763077735,-12.972034177110686
81,2012-06-27,122,1,4,2,ridge,,0.0001,-13.63439663913034,-8.63444576538804,-14.023868024658967,-12.919690229631962
81,2012-07-17,123,1,4,2,ridge,,0.0001,-8.981462326670332,-6.7381420816219775,-13.837420613473094,-12.979132610153645
91,2012-06-22,126,1,4,2,ridge,,0.0001,-13.79430023004177,-12.721885004018873,-13.899535502655677,-12.727592303968155
91,2012-06-25,127,1,4,2,ridge,,0.0001,-16.252064078644956,-15.095063986983767,-14.077927165961693,-12.703356300244405
91,2012-07-05,128,1,4,2,ridge,,0.0001,-11.946673251406857,-15.864027780720509,-13.940885890687694,-12.732999057663143
91,2012-07-08,129,1,4,2,ridge,,0.0001,-14.420474970996455,-14.377502817334353,-14.01057925506812,-12.72704573033294
91,2012-07-17,130,1,4,2,ridge,,0.0001,-12.823625166801548,-13.726729371774091,-13.912462230311961,-12.729997455585943
91,2012-07-19,131,1,4,2,ridge,,0.0001,-14.006013749198562,-15.882035691137462,-14.078606112136686,-12.703028030261462
11,2012-06-22,14,1,4,3,ridge,,0.0001,-15.919724111874036,-17.420730792104454,-11.75932593043819,-8.679980236047106
11,2012-06-27,15,1,4,3,ridge,,0.0001,-16.04746594426725,-17.275701316646803,-11.666544690266472,-8.31811428773274
11,2012-06-29,16,1,4,3,ridge,,0.0001,-17.025781539812208,-18.04468787035671,-11.581465547156741,-7.979625692027843
11,2012-07-10,17,1,4,3,ridge,,0.0001,-17.604639607278372,-17.842659591269815,-11.525068312867557,-7.7526160469191705
11,2012-07-17,18,1,4,3,ridge,,0.0001,-14.18453518805826,-15.072913856790963,-11.752051546887238,-8.651953460135703
113,2012-06-22,27,1,4,3,ridge,,0.0001,-13.904265705279988,-12.764677230796163,-12.307346389290046,-8.947014158610468
113,2012-06-25,28,1,4,3,ridge,,0.0001,-16.669071704883304,-15.628078749949356,-12.309187699661111,-9.088007680209861
113,2012-07-05,29,1,4,3,ridge,,0.0001,-13.78856756792369,-13.696217585568537,-12.258584678734584,-9.003916983524409
113,2012-07-08,30,1,4,3,ridge,,0.0001,-14.418687481499695,-13.97967004287996,-12.205055812136097,-8.839147698780565
113,2012-07-14,31,1,4,3,ridge,,0.0001,-16.398165435484163,-15.965865563125584,-12.070270948487382,-8.357097297880166
113,2012-07-17,32,1,4,3,ridge,,0.0001,-13.772013528373366,-13.330322847631932,-12.205064251858962,-8.839175615146647
32,2012-06-22,61,1,4,3,ridge,,0.0001,-15.06141043899014,-15.128490659381375,-12.960261789652723,-10.039935132425697
32,2012-06-25,62,1,4,3,ridge,,0.0001,-16.76615352729908,-16.21045729230626,-13.012660994709863,-10.460494687602978
32,2012-07-08,63,1,4,3,ridge,,0.0001,-19.51691196321064,-18.66502996569921,-12.660603392168014,-9.399377582994681
32,2012-07-10,64,1,4,3,ridge,,0.0001,-20.20667659920886,-19.288993971916742,-12.658935645078667,-9.392862346190675
32,2012-07-14,65,1,4,3,ridge,,0.0001,-17.739515725707594,-17.16765829163566,-12.999595930131168,-10.558410042122397
32,2012-07-17,66,1,4,3,ridge,,0.0001,-16.639945346572592,-14.987927440241748,-13.012995790590619,-10.46530952863079
54,2012-06-22,90,1,4,3,ridge,,0.0001,-10.417640310145606,-12.93767695335395,-11.837226584293564,-8.54853180177594
54,2012-06-29,91,1,4,3,ridge,,0.0001,-13.54880158174925,-13.941944979578206,-11.556260762899399,-7.434222218083703
54,2012-07-10,92,1,4,3,ridge,,0.0001,-11.65562649391276,-9.922527219399468,-11.523426580886666,-7.300680096024751
62,2012-06-22,100,1,4,3,ridge,,0.0001,-10.947069858107426,-10.084005244347887,-13.088844341513337,-13.246891226669868
62,2012-06-25,101,1,4,3,ridge,,0.0001,-12.930932965823189,-11.69193923190518,-12.658935930486724,-11.51398758804146
62,2012-06-29,102,1,4,3,ridge,,0.0001,-13.647540229966118,-12.451741540356156,-12.550191820738206,-11.063059440357419
62,2012-07-08,103,1,4,3,ridge,,0.0001,-13.005404455519416,-9.79925558948652,-12.76146646630116,-11.935736407709962
62,2012-07-10,104,1,4,3,ridge,,0.0001,-14.217439125925395,-11.423573357529008,-12.657610411511351,-11.508511909658099
62,2012-07-17,105,1,4,3,ridge,,0.0001,-12.70807262304178,-10.388332622162803,-12.981977941180698,-12.826923340851707
62,2012-07-19,106,1,4,3,ridge,,0.0001,-15.750405278939866,-14.123873702288767,-12.739202167175865,-11.844475345071146
13,2012-06-22,39,1,4,4,ridge,,0.0001,-10.95121562728075,-10.836542679634643,-12.926589564226969,-12.813071675121774
13,2012-06-27,40,1,4,4,ridge,,0.0001,-12.223609920228132,-12.934752148036708,-12.92312122391689,-12.796055290973259
13,2012-06-29,41,1,4,4,ridge,,0.0001,-11.448270309198136,-11.2433082687523,-12.913216649219136,-12.666100850738049
13,2012-07-08,42,1,4,4,ridge,,0.0001,-11.321650078114684,-11.1656550129835,-12.92033241360214,-12.53278220293795
13,2012-07-10,43,1,4,4,ridge,,0.0001,-11.727868729384712,-11.935053682323652,-12.930102417218437,-12.447670912679046
13,2012-07-17,44,1,4,4,ridge,,0.0001,-11.82663223841094,-11.483975197550755,-12.91497644066388,-12.727404290885863
31,2012-06-22,56,1,4,4,ridge,,0.0001,-12.261406145930293,-7.675525079895581,-13.105746322171905,-12.99942010336528
31,2012-06-27,57,1,4,4,ridge,,0.0001,-15.56720520685795,-10.869677151623607,-12.896021084342621,-13.000062321854315
31,2012-07-05,58,1,4,4,ridge,,0.0001,-14.630903606681327,-11.607199044191669,-12.82069639246471,-12.743213255173302
31,2012-07-08,59,1,4,4,ridge,,0.0001,-15.85527387686205,-13.88497530384446,-12.836023731171329,-12.529910884407439
31,2012-07-14,60,1,4,4,ridge,,0.0001,-12.061582027927042,-8.958668222109942,-12.924701158781735,-13.017437546006873
41,2012-06-22,67,1,4,4,ridge,,0.0001,-9.893244615306044,-8.032288058491003,-14.648051246361199,-14.852833971655407
41,2012-06-27,68,1,4,4,ridge,,0.0001,-12.472382986190222,-8.801892289617859,-14.490129095940189,-14.748836222256127
41,2012-07-05,69,1,4,4,ridge,,0.0001,-12.028670241841908,-9.29119256932756,-14.465409464146788,-14.584315713848635
41,2012-07-08,70,1,4,4,ridge,,0.0001,-13.748748630293996,-9.894634362662554,-14.473076135382263,-14.421145283839206
41,2012-07-14,71,1,4,4,ridge,,0.0001,-11.651468732388375,-9.450060398721016,-14.465236434777974,-14.567992439680875
41,2012-07-17,72,1,4,4,ridge,,0.0001,-11.500314383218642,-8.561757537563716,-14.613092727836921,-14.853390486430477
61,2012-06-22,93,1,4,4,ridge,,0.0001,-11.307138591209124,-10.699103847173708,-13.613985881749189,-12.988485367199766
61,2012-06-25,94,1,4,4,ridge,,0.0001,-13.358854538113189,-12.281835560024907,-13.858210034332561,-12.064896054846898
61,2012-06-29,95,1,4,4,ridge,,0.0001,-14.258735753179286,-12.929838363897248,-13.934246994312886,-11.82151297019747
61,2012-07-08,96,1,4,4,ridge,,0.0001,-12.653243854103511,-10.41345274290406,-13.691038701856648,-12.65507334148279
61,2012-07-10,97,1,4,4,ridge,,0.0001,-14.196530364341184,-11.545773452581232,-13.820900597277715,-12.18859061809347
61,2012-07-17,98,1,4,4,ridge,,0.0001,-12.879880314149483,-11.29771365776737,-13.685919872400609,-12.675223753708599
61,2012-07-19,99,1,4,4,ridge,,0.0001,-15.889663878319602,-12.719370404847758,-13.813272466754823,-12.214303919063399
102,2012-06-22,0,1,4,1,ridge,,0.01,-9.99305662822514,-8.79817877926706,-12.356401775127773,-8.036572838426597
102,2012-06-25,1,1,4,1,ridge,,0.01,-12.531601150465749,-11.66376412888952,-12.081290610668939,-9.529664146785896
102,2012-06-29,2,1,4,1,ridge,,0.01,-16.257897492533367,-15.208138461464548,-12.393726625146577,-11.726630544818422
102,2012-07-08,3,1,4,1,ridge,,0.01,-10.129457779827602,-9.071938641334588,-12.866571530407352,-12.327041422273673
102,2012-07-10,4,1,4,1,ridge,,0.01,-14.95434368762578,-14.112183043981709,-12.658883348764407,-12.111698292366986
102,2012-07-17,5,1,4,1,ridge,,0.01,-5.014295508188514,-4.452412337847899,-12.706168533881119,-12.165680596971026
102,2012-07-19,6,1,4,1,ridge,,0.01,-10.3251467740893,-11.06628687788346,-12.904175817794078,-12.360774555409982
103,2012-06-22,7,1,4,1,ridge,,0.01,-13.28404803220713,-14.50588749676858,-11.429362335862725,-5.501622743764079
103,2012-06-27,8,1,4,1,ridge,,0.01,-17.302172301136643,-16.600968273984137,-10.886180248827818,-9.022972840890564
103,2012-06-29,9,1,4,1,ridge,,0.01,-18.92242109331228,-19.84632772841422,-11.295534374046037,-10.281996102710181
103,2012-07-05,10,1,4,1,ridge,,0.01,-15.574795029478718,-16.124130866471255,-11.172561716028223,-10.066505566207475
103,2012-07-08,11,1,4,1,ridge,,0.01,-15.86824246394819,-13.95091862281008,-11.539850235646949,-10.59824417919939
103,2012-07-14,12,1,4,1,ridge,,0.01,-17.84275788106028,-18.72912571156667,-11.96285880924787,-10.964250274843941
103,2012-07-17,13,1,4,1,ridge,,0.01,-12.595339414809716,-16.21757943788777,-11.405654111633455,-10.438629030121037
111,2012-06-27,19,1,4,1,ridge,,0.01,-15.147228418373352,-9.881794018641486,-14.618396908001486,-14.70245639630049
111,2012-07-08,20,1,4,1,ridge,,0.01,-10.432732239997303,-7.011457229997938,-13.977888654944632,-13.480025723721491
111,2012-07-10,21,1,4,1,ridge,,0.01,-12.332899347459149,-7.340003351417149,-14.73602662521493,-14.814820253168879
111,2012-07-19,22,1,4,1,ridge,,0.01,-13.429778660777457,-11.904793601312772,-14.751816157949381,-14.828811508428561
112,2012-06-22,23,1,4,1,ridge,,0.01,-16.789512402971386,-18.984197687028864,-10.756003810149178,-8.59331855731124
112,2012-06-25,24,1,4,1,ridge,,0.01,-17.713046799178723,-19.529406845749364,-10.77454862736236,-8.952818064370822
112,2012-07-05,25,1,4,1,ridge,,0.01,-15.269240391706376,-15.832742511880692,-10.882198670398243,-9.547324453618932
112,2012-07-08,26,1,4,1,ridge,,0.01,-15.868211803986831,-15.9439617824927,-10.881144796964488,-9.543564512904272
52,2012-06-22,79,1,4,1,ridge,,0.01,-13.45495696239713,-15.738081907796053,-13.032411400185936,-12.164071601338696
52,2012-06-29,80,1,4,1,ridge,,0.01,-16.041356891502684,-16.29966966543719,-14.104314886348867,-12.679401077563412
52,2012-07-08,81,1,4,1,ridge,,0.01,-13.337191112994962,-11.304804238666236,-14.003046376233913,-12.647316782372451
52,2012-07-10,82,1,4,1,ridge,,0.01,-14.71139542756748,-12.827360988564674,-14.740299525665375,-12.832013052634906
52,2012-07-17,83,1,4,1,ridge,,0.01,-8.618950020440854,-7.762089915864024,-13.569128004244442,-12.47746617580942
52,2012-07-19,84,1,4,1,ridge,,0.01,-13.32401009971738,-12.996658395943411,-14.370865155829804,-12.752785326525235
21,2012-06-22,45,1,4,2,ridge,,0.01,-12.060684803223303,-12.00798502229204,-13.50611136099959,-12.548953254055302
21,2012-06-25,46,1,4,2,ridge,,0.01,-11.883841971912686,-12.210536948445432,-13.582246700916816,-12.65807788453133
21,2012-06-29,47,1,4,2,ridge,,0.01,-12.329567928959571,-12.661731465224886,-13.727836678957,-12.809282531784097
21,2012-07-08,48,1,4,2,ridge,,0.01,-12.336402358206886,-12.252348442564678,-13.83548393814831,-12.870190512360809
21,2012-07-10,49,1,4,2,ridge,,0.01,-12.541026866239491,-12.812605872689588,-13.805269715449962,-12.85755775549072
21,2012-07-17,50,1,4,2,ridge,,0.01,-12.042182130233446,-11.668944707481812,-13.671557548448387,-12.760037754180955
22,2012-06-22,51,1,4,2,ridge,,0.01,-14.06874113337972,-14.071044446046743,-14.165998247873528,-12.811614749377197
22,2012-06-25,52,1,4,2,ridge,,0.01,-14.018031173978704,-14.77165243150176,-14.269779346189942,-12.966036613887804
22,2012-06-29,53,1,4,2,ridge,,0.01,-14.73472458342086,-15.474752085663306,-14.383824783598945,-13.092061451141339
22,2012-07-14,54,1,4,2,ridge,,0.01,-14.429262660073372,-14.834682689018504,-14.364669391191123,-13.074207295955036
22,2012-07-17,55,1,4,2,ridge,,0.01,-13.95505270639354,-12.9206874664521,-14.30044503184547,-13.004537155792192
72,2012-06-22,114,1,4,2,ridge,,0.01,-9.156246315375464,-7.121824880330802,-13.42966086238582,-12.785717616967725
72,2012-06-27,115,1,4,2,ridge,,0.01,-11.598774165532014,-9.739787261661805,-13.544359121615141,-12.718393790308044
72,2012-06-29,116,1,4,2,ridge,,0.01,-11.694497047916627,-10.620512155280064,-13.61717480677687,-12.649578091208639
72,2012-07-05,117,1,4,2,ridge,,0.01,-9.279994157479894,-6.1840522735730685,-13.344963139672009,-12.802836315152673
72,2012-07-08,118,1,4,2,ridge,,0.01,-7.434985480666953,-4.951473364462895,-13.299700570586209,-12.800588031693248
72,2012-07-14,119,1,4,2,ridge,,0.01,-11.38639094380066,-6.363423342248725,-13.624656277415287,-12.641373015436391
72,2012-07-17,120,1,4,2,ridge,,0.01,-7.896576091932785,-5.316371130913266,-13.484736889420581,-12.759701345296858
81,2012-06-22,121,1,4,2,ridge,,0.01,-9.587343732140498,-5.953072410726956,-13.787480523044334,-12.97077752322988
81,2012-06-27,122,1,4,2,ridge,,0.01,-13.63439663913034,-8.63444576538804,-14.023584367080193,-12.920818684352788
81,2012-07-17,123,1,4,2,ridge,,0.01,-8.981462326670332,-6.7381420816219775,-13.837650362142016,-12.978216518320199
91,2012-06-22,126,1,4,2,ridge,,0.01,-13.79430023004177,-12.721885004018873,-13.899963593298091,-12.725866392517771
91,2012-06-25,127,1,4,2,ridge,,0.01,-16.252064078644956,-15.095063986983767,-14.07793514894636,-12.703289378064472
91,2012-07-05,128,1,4,2,ridge,,0.01,-11.946673251406857,-15.864027780720509,-13.941240623980908,-12.731557297132465
91,2012-07-08,129,1,4,2,ridge,,0.01,-14.420474970996455,-14.377502817334353,-14.010777521486153,-12.726220086951107
91,2012-07-17,130,1,4,2,ridge,,0.01,-12.823625166801548,-13.726729371774091,-13.912868946154909,-12.72835386335135
91,2012-07-19,131,1,4,2,ridge,,0.01,-14.006013749198562,-15.882035691137462,-14.078611981929411,-12.702969571486815
11,2012-06-22,14,1,4,3,ridge,,0.01,-15.919724111874036,-17.420730792104454,-11.759541987829532,-8.680726719145657
11,2012-06-27,15,1,4,3,ridge,,0.01,-16.04746594426725,-17.275701316646803,-11.667339536183661,-8.321401741396254
11,2012-06-29,16,1,4,3,ridge,,0.01,-17.025781539812208,-18.04468787035671,-11.582837313903012,-7.985446783949069
11,2012-07-10,17,1,4,3,ridge,,0.01,-17.604639607278372,-17.842659591269815,-11.526840755066102,-7.76019708310554
11,2012-07-17,18,1,4,3,ridge,,0.01,-14.18453518805826,-15.072913856790963,-11.752310593324642,-8.65288862687116
113,2012-06-22,27,1,4,3,ridge,,0.01,-13.904265705279988,-12.764677230796163,-12.308840338355616,-8.95364928526492
113,2012-06-25,28,1,4,3,ridge,,0.01,-16.669071704883304,-15.628078749949356,-12.309742662984197,-9.090503098418633
113,2012-07-05,29,1,4,3,ridge,,0.01,-13.78856756792369,-13.696217585568537,-12.258670188625667,-9.004336685799135
113,2012-07-08,30,1,4,3,ridge,,0.01,-14.418687481499695,-13.97967004287996,-12.205170236385268,-8.83968861200089
113,2012-07-14,31,1,4,3,ridge,,0.01,-16.398165435484163,-15.965865563125584,-12.070923715583701,-8.35999593902838
113,2012-07-17,32,1,4,3,ridge,,0.01,-13.772013528373366,-13.330322847631932,-12.205178658118218,-8.839716450039306
32,2012-06-22,61,1,4,3,ridge,,0.01,-15.06141043899014,-15.128490659381375,-12.963356298699683,-10.053812876401764
32,2012-06-25,62,1,4,3,ridge,,0.01,-16.76615352729908,-16.21045729230626,-13.013930123232967,-10.466330591418037
32,2012-07-08,63,1,4,3,ridge,,0.01,-19.51691196321064,-18.66502996569921,-12.6619062827665,-9.40532110070141
32,2012-07-10,64,1,4,3,ridge,,0.01,-20.20667659920886,-19.288993971916742,-12.660249013452017,-9.398851864329105
32,2012-07-14,65,1,4,3,ridge,,0.01,-17.739515725707594,-17.16765829163566,-12.999914677308452,-10.560054248887967
32,2012-07-17,66,1,4,3,ridge,,0.01,-16.639945346572592,-14.987927440241748,-13.014238507975985,-10.471029026758382
54,2012-06-22,90,1,4,3,ridge,,0.01,-10.417640310145606,-12.93767695335395,-11.837605891283259,-8.550061609953973
54,2012-06-29,91,1,4,3,ridge,,0.01,-13.54880158174925,-13.941944979578206,-11.558520918885403,-7.444011648343893
54,2012-07-10,92,1,4,3,ridge,,0.01,-11.65562649391276,-9.922527219399468,-11.525929561326874,-7.311536276485615
62,2012-06-22,100,1,4,3,ridge,,0.01,-10.947069858107426,-10.084005244347887,-13.087897561636264,-13.242621490566426
62,2012-06-25,101,1,4,3,ridge,,0.01,-12.930932965823189,-11.69193923190518,-12.661060358266234,-11.523208236762144
62,2012-06-29,102,1,4,3,ridge,,0.01,-13.647540229966118,-12.451741540356156,-12.553180402931154,-11.07607734846652
62,2012-07-08,103,1,4,3,ridge,,0.01,-13.005404455519416,-9.79925558948652,-12.762799777556314,-11.941481088245563
62,2012-07-10,104,1,4,3,ridge,,0.01,-14.217439125925395,-11.423573357529008,-12.659745228325281,-11.517778207649272
62,2012-07-17,105,1,4,3,ridge,,0.01,-12.70807262304178,-10.388332622162803,-12.98171976696728,-12.825677101622615
62,2012-07-19,106,1,4,3,ridge,,0.01,-15.750405278939866,-14.123873702288767,-12.740705043909687,-11.850965020156547
13,2012-06-22,39,1,4,4,ridge,,0.01,-10.95121562728075,-10.836542679634643,-12.927948423247464,-12.810271296647672
13,2012-06-27,40,1,4,4,ridge,,0.01,-12.223609920228132,-12.934752148036708,-12.924510470712482,-12.793177915900984
13,2012-06-29,41,1,4,4,ridge,,0.01,-11.448270309198136,-11.2433082687523,-12.91467587876985,-12.663022260322496
13,2012-07-08,42,1,4,4,ridge,,0.01,-11.321650078114684,-11.1656550129835,-12.92169456947567,-12.529900174371361
13,2012-07-10,43,1,4,4,ridge,,0.01,-11.727868729384712,-11.935053682323652,-12.931351507914606,-12.445036297960176
13,2012-07-17,44,1,4,4,ridge,,0.01,-11.82663223841094,-11.483975197550755,-12.916431124847486,-12.724352684835221
31,2012-06-22,56,1,4,4,ridge,,0.01,-12.261406145930293,-7.675525079895581,-13.104572779618039,-13.002714818263167
31,2012-06-27,57,1,4,4,ridge,,0.01,-15.56720520685795,-10.869677151623607,-12.896897592146344,-12.99846497415918
31,2012-07-05,58,1,4,4,ridge,,0.01,-14.630903606681327,-11.607199044191669,-12.822256123110177,-12.739917855210281
31,2012-07-08,59,1,4,4,ridge,,0.01,-15.85527387686205,-13.88497530384446,-12.837389614045808,-12.527021932931309
31,2012-07-14,60,1,4,4,ridge,,0.01,-12.061582027927042,-8.958668222109942,-12.925300925789177,-13.01650518519513
41,2012-06-22,67,1,4,4,ridge,,0.01,-9.893244615306044,-8.032288058491003,-14.64713855892647,-14.854771567987434
41,2012-06-27,68,1,4,4,ridge,,0.01,-12.472382986190222,-8.801892289617859,-14.490738518174101,-14.74711408637242
41,2012-07-05,69,1,4,4,ridge,,0.01,-12.028670241841908,-9.29119256932756,-14.46622654022233,-14.582054725853066
41,2012-07-08,70,1,4,4,ridge,,0.01,-13.748748630293996,-9.894634362662554,-14.473784590505577,-14.419100555974932
41,2012-07-14,71,1,4,4,ridge,,0.01,-11.651468732388375,-9.450060398721016,-14.466051832349104,-14.565731160375243
41,2012-07-17,72,1,4,4,ridge,,0.01,-11.500314383218642,-8.561757537563716,-14.612521850400181,-14.854512535299815
61,2012-06-22,93,1,4,4,ridge,,0.01,-11.307138591209124,-10.699103847173708,-13.614517115666679,-12.98720291679825
61,2012-06-25,94,1,4,4,ridge,,0.01,-13.358854538113189,-12.281835560024907,-13.856163483642577,-12.06952209624337
61,2012-06-29,95,1,4,4,ridge,,0.01,-14.258735753179286,-12.929838363897248,-13.931406991883241,-11.827968434148262
61,2012-07-08,96,1,4,4,ridge,,0.01,-12.653243854103511,-10.41345274290406,-13.690747969307495,-12.655664662133587
61,2012-07-10,97,1,4,4,ridge,,0.01,-14.196530364341184,-11.545773452581232,-13.81924425555772,-12.192318027384221
61,2012-07-17,98,1,4,4,ridge,,0.01,-12.879880314149483,-11.29771365776737,-13.685683332648455,-12.675691053223474
61,2012-07-19,99,1,4,4,ridge,,0.01,-15.889663878319602,-12.719370404847758,-13.811695992890053,-12.217847500722922
102,2012-06-22,0,1,4,1,ridge,,1.0,-9.99305662822514,-8.79817877926706,-11.427950468345463,-8.36808337155268
102,2012-06-25,1,1,4,1,ridge,,1.0,-12.531601150465749,-11.66376412888952,-11.764123851730137,-9.67614314991133
102,2012-06-29,2,1,4,1,ridge,,1.0,-16.257897492533367,-15.208138461464548,-12.642045602124139,-11.680651427196036
102,2012-07-08,3,1,4,1,ridge,,1.0,-10.129457779827602,-9.071938641334588,-13.08901860352375,-12.27157450862248
102,2012-07-10,4,1,4,1,ridge,,1.0,-14.95434368762578,-14.112183043981709,-12.908349257828068,-12.055395449614268
102,2012-07-17,5,1,4,1,ridge,,1.0,-5.014295508188514,-4.452412337847899,-12.95108622921154,-12.109055678669225
102,2012-07-19,6,1,4,1,ridge,,1.0,-10.3251467740893,-11.06628687788346,-13.120029538677983,-12.306002716355362
103,2012-06-22,7,1,4,1,ridge,,1.0,-13.28404803220713,-14.50588749676858,-10.118194361383976,-5.975292042150491
103,2012-06-27,8,1,4,1,ridge,,1.0,-17.302172301136643,-16.600968273984137,-10.967490255186659,-9.072012944038772
103,2012-06-29,9,1,4,1,ridge,,1.0,-18.92242109331228,-19.84632772841422,-11.593671342442889,-10.246367659526705
103,2012-07-05,10,1,4,1,ridge,,1.0,-15.574795029478718,-16.124130866471255,-11.458223407703409,-10.039482012164655
103,2012-07-08,11,1,4,1,ridge,,1.0,-15.86824246394819,-13.95091862281008,-11.826567417519309,-10.557090868001303
103,2012-07-14,12,1,4,1,ridge,,1.0,-17.84275788106028,-18.72912571156667,-12.171053173658962,-10.932307508006653
103,2012-07-17,13,1,4,1,ridge,,1.0,-12.595339414809716,-16.21757943788777,-11.703204033663473,-10.399052983416617
111,2012-06-27,19,1,4,1,ridge,,1.0,-15.147228418373352,-9.881794018641486,-14.78692748355472,-14.621729737247575
111,2012-07-08,20,1,4,1,ridge,,1.0,-10.432732239997303,-7.011457229997938,-14.04906727131074,-13.454464494225201
111,2012-07-10,21,1,4,1,ridge,,1.0,-12.332899347459149,-7.340003351417149,-14.886147215221882,-14.735560069510939
111,2012-07-19,22,1,4,1,ridge,,1.0,-13.429778660777457,-11.904793601312772,-14.899112357674493,-14.749861052285555
112,2012-06-22,23,1,4,1,ridge,,1.0,-16.789512402971386,-18.984197687028864,-10.734282153999077,-8.680088341351464
112,2012-06-25,24,1,4,1,ridge,,1.0,-17.713046799178723,-19.529406845749364,-10.860530528457808,-9.004470105835589
112,2012-07-05,25,1,4,1,ridge,,1.0,-15.269240391706376,-15.832742511880692,-11.110444965879264,-9.549467254642767
112,2012-07-08,26,1,4,1,ridge,,1.0,-15.868211803986831,-15.9439617824927,-11.108665046489861,-9.54597892851695
52,2012-06-22,79,1,4,1,ridge,,1.0,-13.45495696239713,-15.738081907796053,-13.195837884497681,-12.1169729788542
52,2012-06-29,80,1,4,1,ridge,,1.0,-16.041356891502684,-16.29966966543719,-13.935394119178971,-12.698266294541405
52,2012-07-08,81,1,4,1,ridge,,1.0,-13.337191112994962,-11.304804238666236,-13.870896759466161,-12.65823302014474
52,2012-07-10,82,1,4,1,ridge,,1.0,-14.71139542756748,-12.827360988564674,-14.324630015235794,-12.905855027547744
52,2012-07-17,83,1,4,1,ridge,,1.0,-8.618950020440854,-7.762089915864024,-13.584059607426292,-12.457670740712834
52,2012-07-19,84,1,4,1,ridge,,1.0,-13.32401009971738,-12.996658395943411,-14.101577661546301,-12.793717584324106
21,2012-06-22,45,1,4,2,ridge,,1.0,-12.060684803223303,-12.00798502229204,-13.526112537555493,-12.488810455449002
21,2012-06-25,46,1,4,2,ridge,,1.0,-11.883841971912686,-12.210536948445432,-13.605616253423273,-12.579543238442842
21,2012-06-29,47,1,4,2,ridge,,1.0,-12.329567928959571,-12.661731465224886,-13.751773018668205,-12.720450485057066
21,2012-07-08,48,1,4,2,ridge,,1.0,-12.336402358206886,-12.252348442564678,-13.854637396626057,-12.79577001293926
21,2012-07-10,49,1,4,2,ridge,,1.0,-12.541026866239491,-12.812605872689588,-13.826221800782793,-12.77716077766612
21,2012-07-17,50,1,4,2,ridge,,1.0,-12.042182130233446,-11.668944707481812,-13.69621568508392,-12.671202476986423
22,2012-06-22,51,1,4,2,ridge,,1.0,-14.06874113337972,-14.071044446046743,-14.172301432419655,-12.772376662224486
22,2012-06-25,52,1,4,2,ridge,,1.0,-14.018031173978704,-14.77165243150176,-14.28125385451397,-12.899273262843264
22,2012-06-29,53,1,4,2,ridge,,1.0,-14.73472458342086,-15.474752085663306,-14.396518216383953,-13.01395067116592
22,2012-07-14,54,1,4,2,ridge,,1.0,-14.429262660073372,-14.834682689018504,-14.37749677280779,-12.996568464434478
22,2012-07-17,55,1,4,2,ridge,,1.0,-13.95505270639354,-12.9206874664521,-14.312718902579565,-12.93272579481909
72,2012-06-22,114,1,4,2,ridge,,1.0,-9.156246315375464,-7.121824880330802,-13.435496790769722,-12.787443358769
72,2012-06-27,115,1,4,2,ridge,,1.0,-11.598774165532014,-9.739787261661805,-13.53158345449752,-12.792699966619486
72,2012-06-29,116,1,4,2,ridge,,1.0,-11.694497047916627,-10.620512155280064,-13.58991826244605,-12.781247003398716
72,2012-07-05,117,1,4,2,ridge,,1.0,-9.279994157479894,-6.1840522735730685,-13.36121071254688,-12.765073174684456
72,2012-07-08,118,1,4,2,ridge,,1.0,-7.434985480666953,-4.951473364462895,-13.320347205484518,-12.746654363129451
72,2012-07-14,119,1,4,2,ridge,,1.0,-11.38639094380066,-6.363423342248725,-13.595795915503675,-12.779426724362336
72,2012-07-17,120,1,4,2,ridge,,1.0,-7.896576091932785,-5.316371130913266,-13.482281007895812,-12.79354734168932
81,2012-06-22,121,1,4,2,ridge,,1.0,-9.587343732140498,-5.953072410726956,-13.802916082997388,-12.912524016408419
81,2012-06-27,122,1,4,2,ridge,,1.0,-13.63439663913034,-8.63444576538804,-14.009767536908736,-12.973613490006944
81,2012-07-17,123,1,4,2,ridge,,1.0,-8.981462326670332,-6.7381420816219775,-13.848715592501083,-12.93574568800065
91,2012-06-22,126,1,4,2,ridge,,1.0,-13.79430023004177,-12.721885004018873,-13.919826468320547,-12.647966199611208
91,2012-06-25,127,1,4,2,ridge,,1.0,-16.252064078644956,-15.095063986983767,-14.077289583518105,-12.70256865217667
91,2012-07-05,128,1,4,2,ridge,,1.0,-11.946673251406857,-15.864027780720509,-13.957463925585232,-12.666828122307612
91,2012-07-08,129,1,4,2,ridge,,1.0,-14.420474970996455,-14.377502817334353,-14.01934391702061,-12.690138519550064
91,2012-07-17,130,1,4,2,ridge,,1.0,-12.823625166801548,-13.726729371774091,-13.931666291344799,-12.654265112528531
91,2012-07-19,131,1,4,2,ridge,,1.0,-14.006013749198562,-15.882035691137462,-14.077864508605197,-12.702643612887575
11,2012-06-22,14,1,4,3,ridge,,1.0,-15.919724111874036,-17.420730792104454,-11.776610582888,-8.735633901201549
11,2012-06-27,15,1,4,3,ridge,,1.0,-16.04746594426725,-17.275701316646803,-11.713790566734069,-8.505113177497275
11,2012-06-29,16,1,4,3,ridge,,1.0,-17.025781539812208,-18.04468787035671,-11.65853792290272,-8.297465661208275
11,2012-07-10,17,1,4,3,ridge,,1.0,-17.604639607278372,-17.842659591269815,-11.622841567733813,-8.161296847918063
11,2012-07-17,18,1,4,3,ridge,,1.0,-14.18453518805826,-15.072913856790963,-11.771563513760716,-8.71736684112399
113,2012-06-22,27,1,4,3,ridge,,1.0,-13.904265705279988,-12.764677230796163,-12.386940734736298,-9.303540981467705
113,2012-06-25,28,1,4,3,ridge,,1.0,-16.669071704883304,-15.628078749949356,-12.340939137633788,-9.233062183730569
113,2012-07-05,29,1,4,3,ridge,,1.0,-13.78856756792369,-13.696217585568537,-12.266681453467193,-9.043803150630824
113,2012-07-08,30,1,4,3,ridge,,1.0,-14.418687481499695,-13.97967004287996,-12.21490061692494,-8.886125850890277
113,2012-07-14,31,1,4,3,ridge,,1.0,-16.398165435484163,-15.965865563125584,-12.108232466948746,-8.526768285729679
113,2012-07-17,32,1,4,3,ridge,,1.0,-13.772013528373366,-13.330322847631932,-12.214908096840599,-8.886149624509864
32,2012-06-22,61,1,4,3,ridge,,1.0,-15.06141043899014,-15.128490659381375,-13.117886278698432,-10.76002846598849
32,2012-06-25,62,1,4,3,ridge,,1.0,-16.76615352729908,-16.21045729230626,-13.077028381320744,-10.768957971359558
32,2012-07-08,63,1,4,3,ridge,,1.0,-19.51691196321064,-18.66502996569921,-12.728499905639179,-9.719263035356757
32,2012-07-10,64,1,4,3,ridge,,1.0,-20.20667659920886,-19.288993971916742,-12.727374483856366,-9.715125404750392
32,2012-07-14,65,1,4,3,ridge,,1.0,-17.739515725707594,-17.16765829163566,-13.015616503109998,-10.652996512712228
32,2012-07-17,66,1,4,3,ridge,,1.0,-16.639945346572592,-14.987927440241748,-13.076016030814898,-10.76782159599786
54,2012-06-22,90,1,4,3,ridge,,1.0,-10.417640310145606,-12.93767695335395,-11.862436421696543,-8.645557422887897
54,2012-06-29,91,1,4,3,ridge,,1.0,-13.54880158174925,-13.941944979578206,-11.678727965279851,-7.957848509363702
54,2012-07-10,92,1,4,3,ridge,,1.0,-11.65562649391276,-9.922527219399468,-11.658432387411832,-7.879344774340264
62,2012-06-22,100,1,4,3,ridge,,1.0,-10.947069858107426,-10.084005244347887,-13.039633566711625,-13.01989770959883
62,2012-06-25,101,1,4,3,ridge,,1.0,-12.930932965823189,-11.69193923190518,-12.768386726107684,-11.983270093862956
62,2012-06-29,102,1,4,3,ridge,,1.0,-13.647540229966118,-12.451741540356156,-12.704222871528662,-11.72812253613385
62,2012-07-08,103,1,4,3,ridge,,1.0,-13.005404455519416,-9.79925558948652,-12.830089606074855,-12.225753299082514
62,2012-07-10,104,1,4,3,ridge,,1.0,-14.217439125925395,-11.423573357529008,-12.76759725313946,-11.980148325437336
62,2012-07-17,105,1,4,3,ridge,,1.0,-12.70807262304178,-10.388332622162803,-12.968395036110964,-12.756157819888077
62,2012-07-19,106,1,4,3,ridge,,1.0,-15.750405278939866,-14.123873702288767,-12.816577662096844,-12.172918602670794
13,2012-06-22,39,1,4,4,ridge,,1.0,-10.95121562728075,-10.836542679634643,-13.00064262359834,-12.676480710655147
13,2012-06-27,40,1,4,4,ridge,,1.0,-12.223609920228132,-12.934752148036708,-12.998591478580282,-12.655539356691135
13,2012-06-29,41,1,4,4,ridge,,1.0,-11.448270309198136,-11.2433082687523,-12.991498017178388,-12.515237606700927
13,2012-07-08,42,1,4,4,ridge,,1.0,-11.321650078114684,-11.1656550129835,-12.993150556396545,-12.391752408638848
13,2012-07-10,43,1,4,4,ridge,,1.0,-11.727868729384712,-11.935053682323652,-12.996907301849939,-12.319105792685644
13,2012-07-17,44,1,4,4,ridge,,1.0,-11.82663223841094,-11.483975197550755,-12.993338868995608,-12.577974977215213
31,2012-06-22,56,1,4,4,ridge,,1.0,-12.261406145930293,-7.675525079895581,-13.055834444882564,-13.171796170221162
31,2012-06-27,57,1,4,4,ridge,,1.0,-15.56720520685795,-10.869677151623607,-12.94744591810608,-12.924202359492485
31,2012-07-05,58,1,4,4,ridge,,1.0,-14.630903606681327,-11.607199044191669,-12.904611795358969,-12.580918499774715
31,2012-07-08,59,1,4,4,ridge,,1.0,-15.85527387686205,-13.88497530384446,-12.909293487737461,-12.388015428359093
31,2012-07-14,60,1,4,4,ridge,,1.0,-12.061582027927042,-8.958668222109942,-12.96253341485415,-12.975339175755536
41,2012-06-22,67,1,4,4,ridge,,1.0,-9.893244615306044,-8.032288058491003,-14.600528415313548,-14.944827482485701
41,2012-06-27,68,1,4,4,ridge,,1.0,-12.472382986190222,-8.801892289617859,-14.517325123808341,-14.655015149952654
41,2012-07-05,69,1,4,4,ridge,,1.0,-12.028670241841908,-9.29119256932756,-14.502049264501043,-14.462978249793249
41,2012-07-08,70,1,4,4,ridge,,1.0,-13.748748630293996,-9.894634362662554,-14.503533052580888,-14.310609323640072
41,2012-07-14,71,1,4,4,ridge,,1.0,-11.651468732388375,-9.450060398721016,-14.501711858478961,-14.446622974197368
41,2012-07-17,72,1,4,4,ridge,,1.0,-11.500314383218642,-8.561757537563716,-14.582468260274371,-14.904001463727612
61,2012-06-22,93,1,4,4,ridge,,1.0,-11.307138591209124,-10.699103847173708,-13.639965266233006,-12.923349026994691
61,2012-06-25,94,1,4,4,ridge,,1.0,-13.358854538113189,-12.281835560024907,-13.752163941359486,-12.29859853200008
61,2012-06-29,95,1,4,4,ridge,,1.0,-14.258735753179286,-12.929838363897248,-13.787766950897026,-12.14778863096085
61,2012-07-08,96,1,4,4,ridge,,1.0,-12.653243854103511,-10.41345274290406,-13.674725661005562,-12.684665577350511
61,2012-07-10,97,1,4,4,ridge,,1.0,-14.196530364341184,-11.545773452581232,-13.734759340302093,-12.37682451781322
61,2012-07-17,98,1,4,4,ridge,,1.0,-12.879880314149483,-11.29771365776737,-13.672386064333386,-12.69854407297719
61,2012-07-19,99,1,4,4,ridge,,1.0,-15.889663878319602,-12.719370404847758,-13.731207298294283,-12.393237024510615
102,2012-06-22,0,1,4,1,ridge,,100.0,-9.99305662822514,-8.79817877926706,-12.691059428526659,-11.307456205451286
102,2012-06-25,1,1,4,1,ridge,,100.0,-12.531601150465749,-11.66376412888952,-12.879645805234635,-11.599692993801689
102,2012-06-29,2,1,4,1,ridge,,100.0,-16.257897492533367,-15.208138461464548,-13.186133784605952,-12.064013631617197
102,2012-07-08,3,1,4,1,ridge,,100.0,-10.129457779827602,-9.071938641334588,-13.285559083506637,-12.209446647812753
102,2012-07-10,4,1,4,1,ridge,,100.0,-14.95434368762578,-14.112183043981709,-13.248358953865822,-12.155462865552337
102,2012-07-17,5,1,4,1,ridge,,100.0,-5.014295508188514,-4.452412337847899,-13.25749111659401,-12.168766925124899
102,2012-07-19,6,1,4,1,ridge,,100.0,-10.3251467740893,-11.06628687788346,-13.291591411502917,-12.218145708808931
103,2012-06-22,7,1,4,1,ridge,,100.0,-13.28404803220713,-14.50588749676858,-12.09916758634132,-10.460481768765488
103,2012-06-27,8,1,4,1,ridge,,100.0,-17.302172301136643,-16.600968273984137,-12.548206541332087,-11.154756390606746
103,2012-06-29,9,1,4,1,ridge,,100.0,-18.92242109331228,-19.84632772841422,-12.733157907634379,-11.43186547468678
103,2012-07-05,10,1,4,1,ridge,,100.0,-15.574795029478718,-16.124130866471255,-12.699363102009949,-11.381904853247558
103,2012-07-08,11,1,4,1,ridge,,100.0,-15.86824246394819,-13.95091862281008,-12.785335477024518,-11.508241044324908
103,2012-07-14,12,1,4,1,ridge,,100.0,-17.84275788106028,-18.72912571156667,-12.85139298159756,-11.603343974224737
103,2012-07-17,13,1,4,1,ridge,,100.0,-12.595339414809716,-16.21757943788777,-12.758560545143336,-11.469172283599065
111,2012-06-27,19,1,4,1,ridge,,100.0,-15.147228418373352,-9.881794018641486,-14.010139598157545,-13.21967612373955
111,2012-07-08,20,1,4,1,ridge,,100.0,-10.432732239997303,-7.011457229997938,-13.82073715086694,-12.938991923909816
111,2012-07-10,21,1,4,1,ridge,,100.0,-12.332899347459149,-7.340003351417149,-14.02992463412373,-13.248287374527221
111,2012-07-19,22,1,4,1,ridge,,100.0,-13.429778660777457,-11.904793601312772,-14.032434410003509,-13.251904641425499
112,2012-06-22,23,1,4,1,ridge,,100.0,-16.789512402971386,-18.984197687028864,-12.47502089338059,-11.07601982728691
112,2012-06-25,24,1,4,1,ridge,,100.0,-17.713046799178723,-19.529406845749364,-12.523855675622256,-11.150439853342398
112,2012-07-05,25,1,4,1,ridge,,100.0,-15.269240391706376,-15.832742511880692,-12.607726424000909,-11.277191985876676
112,2012-07-08,26,1,4,1,ridge,,100.0,-15.868211803986831,-15.9439617824927,-12.607180903450638,-11.276372496508118
52,2012-06-22,79,1,4,1,ridge,,100.0,-13.45495696239713,-15.738081907796053,-13.234938139010767,-12.0552135284434
52,2012-06-29,80,1,4,1,ridge,,100.0,-16.041356891502684,-16.29966966543719,-13.347203217765687,-12.211906476190757
52,2012-07-08,81,1,4,1,ridge,,100.0,-13.337191112994962,-11.304804238666236,-13.338817492438865,-12.200498583760922
52,2012-07-10,82,1,4,1,ridge,,100.0,-14.71139542756748,-12.827360988564674,-13.393328698269547,-12.273551442677151
52,2012-07-17,83,1,4,1,ridge,,100.0,-8.618950020440854,-7.762089915864024,-13.29855577078719,-12.1449956870234
52,2012-07-19,84,1,4,1,ridge,,100.0,-13.32401009971738,-12.996658395943411,-13.367795362441857,-12.239670037296525
21,2012-06-22,45,1,4,2,ridge,,100.0,-12.060684803223303,-12.00798502229204,-13.72286775734526,-12.69942622411037
21,2012-06-25,46,1,4,2,ridge,,100.0,-11.883841971912686,-12.210536948445432,-13.763411013832028,-12.738955015660386
21,2012-06-29,47,1,4,2,ridge,,100.0,-12.329567928959571,-12.661731465224886,-13.835553773202935,-12.808794244879403
21,2012-07-08,48,1,4,2,ridge,,100.0,-12.336402358206886,-12.252348442564678,-13.884125532093215,-12.855340810712361
21,2012-07-10,49,1,4,2,ridge,,100.0,-12.541026866239491,-12.812605872689588,-13.870910769725818,-12.84272271232561
21,2012-07-17,50,1,4,2,ridge,,100.0,-12.042182130233446,-11.668944707481812,-13.808529029159445,-12.782718191418164
22,2012-06-22,51,1,4,2,ridge,,100.0,-14.06874113337972,-14.071044446046743,-14.014108222269146,-12.835638956844754
22,2012-06-25,52,1,4,2,ridge,,100.0,-14.018031173978704,-14.77165243150176,-14.069904931001906,-12.89008872653337
22,2012-06-29,53,1,4,2,ridge,,100.0,-14.73472458342086,-15.474752085663306,-14.127127272559855,-12.945554604677119
22,2012-07-14,54,1,4,2,ridge,,100.0,-14.429262660073372,-14.834682689018504,-14.117826581989545,-12.936569898649694
22,2012-07-17,55,1,4,2,ridge,,100.0,-13.95505270639354,-12.9206874664521,-14.085723860959513,-12.905464552677028
72,2012-06-22,114,1,4,2,ridge,,100.0,-9.156246315375464,-7.121824880330802,-13.689979510514839,-12.880614678267508
72,2012-06-27,115,1,4,2,ridge,,100.0,-11.598774165532014,-9.739787261661805,-13.729340604717585,-12.916981340408901
72,2012-06-29,116,1,4,2,ridge,,100.0,-11.694497047916627,-10.620512155280064,-13.751884955105778,-12.937459704885653
72,2012-07-05,117,1,4,2,ridge,,100.0,-9.279994157479894,-6.1840522735730685,-13.65785874617409,-12.850498881144402
72,2012-07-08,118,1,4,2,ridge,,100.0,-7.434985480666953,-4.951473364462895,-13.639625253422611,-12.833264737556426
72,2012-07-14,119,1,4,2,ridge,,100.0,-11.38639094380066,-6.363423342248725,-13.754094944979633,-12.939450245670587
72,2012-07-17,120,1,4,2,ridge,,100.0,-7.896576091932785,-5.316371130913266,-13.709471518634894,-12.898708747705998
81,2012-06-22,121,1,4,2,ridge,,100.0,-9.587343732140498,-5.953072410726956,-13.859304318762744,-12.90946845901108
81,2012-06-27,122,1,4,2,ridge,,100.0,-13.63439663913034,-8.63444576538804,-13.948634526862186,-12.993195444931903
81,2012-07-17,123,1,4,2,ridge,,100.0,-8.981462326670332,-6.7381420816219775,-13.879978290444159,-12.929066034492145
91,2012-06-22,126,1,4,2,ridge,,100.0,-13.79430023004177,-12.721885004018873,-13.915858366369301,-12.798103139354701
91,2012-06-25,127,1,4,2,ridge,,100.0,-16.252064078644956,-15.095063986983767,-13.984607599107994,-12.862724168197943
91,2012-07-05,128,1,4,2,ridge,,100.0,-11.946673251406857,-15.864027780720509,-13.932827538519245,-12.81418399340831
91,2012-07-08,129,1,4,2,ridge,,100.0,-14.420474970996455,-14.377502817334353,-13.96001571754554,-12.839781248311061
91,2012-07-17,130,1,4,2,ridge,,100.0,-12.823625166801548,-13.726729371774091,-13.921230188985858,-12.803201708282598
91,2012-07-19,131,1,4,2,ridge,,100.0,-14.006013749198562,-15.882035691137462,-13.984847129183658,-12.862946518336598
11,2012-06-22,14,1,4,3,ridge,,100.0,-15.919724111874036,-17.420730792104454,-12.377011801829479,-10.392751535619617
11,2012-06-27,15,1,4,3,ridge,,100.0,-16.04746594426725,-17.275701316646803,-12.360249529905214,-10.343496283911541
11,2012-06-29,16,1,4,3,ridge,,100.0,-17.025781539812208,-18.04468787035671,-12.347206271049187,-10.305014462371396
11,2012-07-10,17,1,4,3,ridge,,100.0,-17.604639607278372,-17.842659591269815,-12.339479803272138,-10.2821468399729
11,2012-07-17,18,1,4,3,ridge,,100.0,-14.18453518805826,-15.072913856790963,-12.375577116803083,-10.388543780823243
113,2012-06-22,27,1,4,3,ridge,,100.0,-13.904265705279988,-12.764677230796163,-12.711711184639535,-10.906822571627671
113,2012-06-25,28,1,4,3,ridge,,100.0,-16.669071704883304,-15.628078749949356,-12.665296527679876,-10.773542849220366
113,2012-07-05,29,1,4,3,ridge,,100.0,-13.78856756792369,-13.696217585568537,-12.616582888929944,-10.63303059863412
113,2012-07-08,30,1,4,3,ridge,,100.0,-14.418687481499695,-13.97967004287996,-12.591539188683715,-10.560462730521689
113,2012-07-14,31,1,4,3,ridge,,100.0,-16.398165435484163,-15.965865563125584,-12.551943277100383,-10.445125283203797
113,2012-07-17,32,1,4,3,ridge,,100.0,-13.772013528373366,-13.330322847631932,-12.591542460296578,-10.56047222788822
32,2012-06-22,61,1,4,3,ridge,,100.0,-15.06141043899014,-15.128490659381375,-13.10511469434444,-11.810716140819073
32,2012-06-25,62,1,4,3,ridge,,100.0,-16.76615352729908,-16.21045729230626,-13.039054607020377,-11.621622436562324
32,2012-07-08,63,1,4,3,ridge,,100.0,-19.51691196321064,-18.66502996569921,-12.866459884272258,-11.121705784980415
32,2012-07-10,64,1,4,3,ridge,,100.0,-20.20667659920886,-19.288993971916742,-12.866162312590923,-11.120831134703918
32,2012-07-14,65,1,4,3,ridge,,100.0,-17.739515725707594,-17.16765829163566,-12.984685759503098,-11.465319420618759
32,2012-07-17,66,1,4,3,ridge,,100.0,-16.639945346572592,-14.987927440241748,-13.037889197608258,-11.618279428466565
54,2012-06-22,90,1,4,3,ridge,,100.0,-10.417640310145606,-12.93767695335395,-12.423590860438066,-10.397443296755496
54,2012-06-29,91,1,4,3,ridge,,100.0,-13.54880158174925,-13.941944979578206,-12.379288072274454,-10.26683203885847
54,2012-07-10,92,1,4,3,ridge,,100.0,-11.65562649391276,-9.922527219399468,-12.375271259925178,-10.25490147640456
62,2012-06-22,100,1,4,3,ridge,,100.0,-10.947069858107426,-10.084005244347887,-12.951745037206326,-12.235152432670867
62,2012-06-25,101,1,4,3,ridge,,100.0,-12.930932965823189,-11.69193923190518,-12.893699690665818,-12.063283922008376
62,2012-06-29,102,1,4,3,ridge,,100.0,-13.647540229966118,-12.451741540356156,-12.883417391815689,-12.03244727667196
62,2012-07-08,103,1,4,3,ridge,,100.0,-13.005404455519416,-9.79925558948652,-12.904586994746667,-12.095783497839369
62,2012-07-10,104,1,4,3,ridge,,100.0,-14.217439125925395,-11.423573357529008,-12.893567076342421,-12.062887135984347
62,2012-07-17,105,1,4,3,ridge,,100.0,-12.70807262304178,-10.388332622162803,-12.933544440044347,-12.181597167850965
62,2012-07-19,106,1,4,3,ridge,,100.0,-15.750405278939866,-14.123873702288767,-12.902110751845223,-12.088404369817729
13,2012-06-22,39,1,4,4,ridge,,100.0,-10.95121562728075,-10.836542679634643,-13.468036068462997,-12.918070944738988
13,2012-06-27,40,1,4,4,ridge,,100.0,-12.223609920228132,-12.934752148036708,-13.46112820451427,-12.896947641583385
13,2012-06-29,41,1,4,4,ridge,,100.0,-11.448270309198136,-11.2433082687523,-13.419255061609112,-12.768656753844008
13,2012-07-08,42,1,4,4,ridge,,100.0,-11.321650078114684,-11.1656550129835,-13.387635385281012,-12.671454191960066
13,2012-07-10,43,1,4,4,ridge,,100.0,-11.727868729384712,-11.935053682323652,-13.370879496438867,-12.619810544277767
13,2012-07-17,44,1,4,4,ridge,,100.0,-11.82663223841094,-11.483975197550755,-13.437096631940094,-12.823374732884371
31,2012-06-22,56,1,4,4,ridge,,100.0,-12.261406145930293,-7.675525079895581,-13.638731487123492,-13.56873563883947
31,2012-06-27,57,1,4,4,ridge,,100.0,-15.56720520685795,-10.869677151623607,-13.501278994299351,-13.151569972413252
31,2012-07-05,58,1,4,4,ridge,,100.0,-14.630903606681327,-11.607199044191669,-13.381934805235886,-12.786976074111752
31,2012-07-08,59,1,4,4,ridge,,100.0,-15.85527387686205,-13.88497530384446,-13.333932276910366,-12.639309581351231
31,2012-07-14,60,1,4,4,ridge,,100.0,-12.061582027927042,-8.958668222109942,-13.524829147720013,-13.223206351329466
41,2012-06-22,67,1,4,4,ridge,,100.0,-9.893244615306044,-8.032288058491003,-14.300849538887913,-14.301253389997704
41,2012-06-27,68,1,4,4,ridge,,100.0,-12.472382986190222,-8.801892289617859,-14.168908699099637,-13.899845537851213
41,2012-07-05,69,1,4,4,ridge,,100.0,-12.028670241841908,-9.29119256932756,-14.107904663364632,-13.713171445854297
41,2012-07-08,70,1,4,4,ridge,,100.0,-13.748748630293996,-9.894634362662554,-14.068520875203992,-13.592127842572943
41,2012-07-14,71,1,4,4,ridge,,100.0,-11.651468732388375,-9.450060398721016,-14.103347934486159,-13.699190320444938
41,2012-07-17,72,1,4,4,ridge,,100.0,-11.500314383218642,-8.561757537563716,-14.27806030794628,-14.232092685919188
61,2012-06-22,93,1,4,4,ridge,,100.0,-11.307138591209124,-10.699103847173708,-13.61528289134532,-12.882782579810202
61,2012-06-25,94,1,4,4,ridge,,100.0,-13.358854538113189,-12.281835560024907,-13.524149021025947,-12.597625894669871
61,2012-06-29,95,1,4,4,ridge,,100.0,-14.258735753179286,-12.929838363897248,-13.507797821480846,-12.545743047966484
61,2012-07-08,96,1,4,4,ridge,,100.0,-12.653243854103511,-10.41345274290406,-13.575092519439776,-12.757712554884744
61,2012-07-10,97,1,4,4,ridge,,100.0,-14.196530364341184,-11.545773452581232,-13.53333513443459,-12.626652822515553
61,2012-07-17,98,1,4,4,ridge,,100.0,-12.879880314149483,-11.29771365776737,-13.577218333145225,-12.76435127817777
61,2012-07-19,99,1,4,4,ridge,,100.0,-15.889663878319602,-12.719370404847758,-13.535328491678978,-12.632941114424714
102,2012-06-22,0,1,4,1,ridge,,10000.0,-9.99305662822514,-8.79817877926706,-13.31475446297099,-12.213113930851883
102,2012-06-25,1,1,4,1,ridge,,10000.0,-12.531601150465749,-11.66376412888952,-13.314183526896743,-12.213299757693692
102,2012-06-29,2,1,4,1,ridge,,10000.0,-16.257897492533367,-15.208138461464548,-13.313291096949019,-12.213531260097655
102,2012-07-08,3,1,4,1,ridge,,10000.0,-10.129457779827602,-9.071938641334588,-13.313018928187493,-12.213571878200028
102,2012-07-10,4,1,4,1,ridge,,10000.0,-14.95434368762578,-14.112183043981709,-13.31311932441278,-12.213559537181998
102,2012-07-17,5,1,4,1,ridge,,10000.0,-5.014295508188514,-4.452412337847899,-13.313094505744912,-12.213562910147532
102,2012-07-19,6,1,4,1,ridge,,10000.0,-10.3251467740893,-11.06628687788346,-13.313002831273334,-12.21357351500942
103,2012-06-22,7,1,4,1,ridge,,10000.0,-13.28404803220713,-14.50588749676858,-13.306511738394038,-12.201091912531592
103,2012-06-27,8,1,4,1,ridge,,10000.0,-17.302172301136643,-16.600968273984137,-13.305157516164451,-12.20152399618571
103,2012-06-29,9,1,4,1,ridge,,10000.0,-18.92242109331228,-19.84632772841422,-13.3046292810837,-12.201643201301335
103,2012-07-05,10,1,4,1,ridge,,10000.0,-15.574795029478718,-16.124130866471255,-13.304723553328266,-12.201625891374745
103,2012-07-08,11,1,4,1,ridge,,10000.0,-15.86824246394819,-13.95091862281008,-13.304486270475495,-12.201664872770866
103,2012-07-14,12,1,4,1,ridge,,10000.0,-17.84275788106028,-18.72912571156667,-13.304310523510285,-12.201681755371158
103,2012-07-17,13,1,4,1,ridge,,10000.0,-12.595339414809716,-16.21757943788777,-13.304559244526171,-12.2016545712238
111,2012-06-27,19,1,4,1,ridge,,10000.0,-15.147228418373352,-9.881794018641486,-13.326481175556784,-12.232083240196795
111,2012-07-08,20,1,4,1,ridge,,10000.0,-10.432732239997303,-7.011457229997938,-13.327011795182752,-12.231981707577653
111,2012-07-10,21,1,4,1,ridge,,10000.0,-12.332899347459149,-7.340003351417149,-13.326428114044989,-12.232089138302012
111,2012-07-19,22,1,4,1,ridge,,10000.0,-13.429778660777457,-11.904793601312772,-13.326421423580411,-12.23208980592745
112,2012-06-22,23,1,4,1,ridge,,10000.0,-16.789512402971386,-18.984197687028864,-13.304915112745066,-12.2014356572295
112,2012-06-25,24,1,4,1,ridge,,10000.0,-17.713046799178723,-19.529406845749364,-13.304771458056907,-12.201475443543572
112,2012-07-05,25,1,4,1,ridge,,10000.0,-15.269240391706376,-15.832742511880692,-13.304528277495395,-12.201536738299017
112,2012-07-08,26,1,4,1,ridge,,10000.0,-15.868211803986831,-15.9439617824927,-13.30452984270853,-12.201536372448592
52,2012-06-22,79,1,4,1,ridge,,10000.0,-13.45495696239713,-15.738081907796053,-13.311450007514866,-12.210123184330167
52,2012-06-29,80,1,4,1,ridge,,10000.0,-16.041356891502684,-16.29966966543719,-13.311167798866263,-12.210119111086385
52,2012-07-08,81,1,4,1,ridge,,10000.0,-13.337191112994962,-11.304804238666236,-13.311187889175123,-12.210121383298842
52,2012-07-10,82,1,4,1,ridge,,10000.0,-14.71139542756748,-12.827360988564674,-13.311060977612367,-12.21009928379827
52,2012-07-17,83,1,4,1,ridge,,10000.0,-8.618950020440854,-7.762089915864024,-13.311286787732026,-12.210127438748124
52,2012-07-19,84,1,4,1,ridge,,10000.0,-13.32401009971738,-12.996658395943411,-13.311119298869643,-12.210111872387468
21,2012-06-22,45,1,4,2,ridge,,10000.0,-12.060684803223303,-12.00798502229204,-13.886319853751127,-12.925344459648716
21,2012-06-25,46,1,4,2,ridge,,10000.0,-11.883841971912686,-12.210536948445432,-13.88712551397736,-12.926206188697028
21,2012-06-29,47,1,4,2,ridge,,10000.0,-12.329567928959571,-12.661731465224886,-13.888558520124729,-12.927734015434963
21,2012-07-08,48,1,4,2,ridge,,10000.0,-12.336402358206886,-12.252348442564678,-13.889522765193794,-12.92875739152157
21,2012-07-10,49,1,4,2,ridge,,10000.0,-12.541026866239491,-12.812605872689588,-13.889260479972233,-12.928479472223074
21,2012-07-17,50,1,4,2,ridge,,10000.0,-12.042182130233446,-11.668944707481812,-13.88802181581458,-12.927162642995205
22,2012-06-22,51,1,4,2,ridge,,10000.0,-14.06874113337972,-14.071044446046743,-13.891506647466636,-12.927640069417393
22,2012-06-25,52,1,4,2,ridge,,10000.0,-14.018031173978704,-14.77165243150176,-13.892615476497488,-12.928826550295925
22,2012-06-29,53,1,4,2,ridge,,10000.0,-14.73472458342086,-15.474752085663306,-13.893752194524419,-12.930039179834276
22,2012-07-14,54,1,4,2,ridge,,10000.0,-14.429262660073372,-14.834682689018504,-13.893567472865884,-12.929842422610303
22,2012-07-17,55,1,4,2,ridge,,10000.0,-13.95505270639354,-12.9206874664521,-13.892929768544748,-12.929162249456642
72,2012-06-22,114,1,4,2,ridge,,10000.0,-9.156246315375464,-7.121824880330802,-13.886179649286435,-12.929453965280397
72,2012-06-27,115,1,4,2,ridge,,10000.0,-11.598774165532014,-9.739787261661805,-13.88695944949086,-12.930268247102871
72,2012-06-29,116,1,4,2,ridge,,10000.0,-11.694497047916627,-10.620512155280064,-13.887405672087887,-12.930730735253341
72,2012-07-05,117,1,4,2,ridge,,10000.0,-9.279994157479894,-6.1840522735730685,-13.885542773476049,-12.928784595361497
72,2012-07-08,118,1,4,2,ridge,,10000.0,-7.434985480666953,-4.951473364462895,-13.885181084557718,-12.928403083111315
72,2012-07-14,119,1,4,2,ridge,,10000.0,-11.38639094380066,-6.363423342248725,-13.887449394693185,-12.930775884317544
72,2012-07-17,120,1,4,2,ridge,,10000.0,-7.896576091932785,-5.316371130913266,-13.886565914265795,-12.929858149193977
81,2012-06-22,121,1,4,2,ridge,,10000.0,-9.587343732140498,-5.953072410726956,-13.889097573880022,-12.92969960011849
81,2012-06-27,122,1,4,2,ridge,,10000.0,-13.63439663913034,-8.63444576538804,-13.890868740219755,-12.931560864296666
81,2012-07-17,123,1,4,2,ridge,,10000.0,-8.981462326670332,-6.7381420816219775,-13.889507740233707,-12.930132806155253
91,2012-06-22,126,1,4,2,ridge,,10000.0,-13.79430023004177,-12.721885004018873,-13.89012806050579,-12.927905586804641
91,2012-06-25,127,1,4,2,ridge,,10000.0,-16.252064078644956,-15.095063986983767,-13.891491381055728,-12.929340075052114
91,2012-07-05,128,1,4,2,ridge,,10000.0,-11.946673251406857,-15.864027780720509,-13.890464718903377,-12.928261108357036
91,2012-07-08,129,1,4,2,ridge,,10000.0,-14.420474970996455,-14.377502817334353,-13.891003918786675,-12.928828866398955
91,2012-07-17,130,1,4,2,ridge,,10000.0,-12.823625166801548,-13.726729371774091,-13.890234643684584,-12.928018220360526
91,2012-07-19,131,1,4,2,ridge,,10000.0,-14.006013749198562,-15.882035691137462,-13.891496127721743,-12.929345041905506
11,2012-06-22,14,1,4,3,ridge,,10000.0,-15.919724111874036,-17.420730792104454,-12.914657656016674,-11.835749637346836
11,2012-06-27,15,1,4,3,ridge,,10000.0,-16.04746594426725,-17.275701316646803,-12.914330275716484,-11.834823463897918
11,2012-06-29,16,1,4,3,ridge,,10000.0,-17.025781539812208,-18.04468787035671,-12.914076801974476,-11.834104952017768
11,2012-07-10,17,1,4,3,ridge,,10000.0,-17.604639607278372,-17.842659591269815,-12.913927243059877,-11.833680337260205
11,2012-07-17,18,1,4,3,ridge,,10000.0,-14.18453518805826,-15.072913856790963,-12.914629569696196,-11.835670253563318
113,2012-06-22,27,1,4,3,ridge,,10000.0,-13.904265705279988,-12.764677230796163,-12.921209764316828,-11.846929395608084
113,2012-06-25,28,1,4,3,ridge,,10000.0,-16.669071704883304,-15.628078749949356,-12.920277715731126,-11.84432117661325
113,2012-07-05,29,1,4,3,ridge,,10000.0,-13.78856756792369,-13.696217585568537,-12.919304685768058,-11.841592631144103
113,2012-07-08,30,1,4,3,ridge,,10000.0,-14.418687481499695,-13.97967004287996,-12.9188071657921,-11.840194526176886
113,2012-07-14,31,1,4,3,ridge,,10000.0,-16.398165435484163,-15.965865563125584,-12.918025499568444,-11.837992480629552
113,2012-07-17,32,1,4,3,ridge,,10000.0,-13.772013528373366,-13.330322847631932,-12.918807230643417,-11.840194708575872
32,2012-06-22,61,1,4,3,ridge,,10000.0,-15.06141043899014,-15.128490659381375,-12.928691349699402,-11.864403213599243
32,2012-06-25,62,1,4,3,ridge,,10000.0,-16.76615352729908,-16.21045729230626,-12.927359890771509,-11.860682644807275
32,2012-07-08,63,1,4,3,ridge,,10000.0,-19.51691196321064,-18.66502996569921,-12.923929448685882,-11.851044423634292
32,2012-07-10,64,1,4,3,ridge,,10000.0,-20.20667659920886,-19.288993971916742,-12.923923638915747,-11.851027985254223
32,2012-07-14,65,1,4,3,ridge,,10000.0,-17.739515725707594,-17.16765829163566,-12.926269616913006,-11.857630016878069
32,2012-07-17,66,1,4,3,ridge,,10000.0,-16.639945346572592,-14.987927440241748,-12.927336459813315,-11.860617107269814
54,2012-06-22,90,1,4,3,ridge,,10000.0,-10.417640310145606,-12.93767695335395,-12.915554854617247,-11.836199917020192
54,2012-06-29,91,1,4,3,ridge,,10000.0,-13.54880158174925,-13.941944979578206,-12.91469311376728,-11.833758064592319
54,2012-07-10,92,1,4,3,ridge,,10000.0,-11.65562649391276,-9.922527219399468,-12.914615708359058,-11.833537910045601
62,2012-06-22,100,1,4,3,ridge,,10000.0,-10.947069858107426,-10.084005244347887,-12.925365764479572,-11.869120595197407
62,2012-06-25,101,1,4,3,ridge,,10000.0,-12.930932965823189,-11.69193923190518,-12.924242812177066,-11.865931712326576
62,2012-06-29,102,1,4,3,ridge,,10000.0,-13.647540229966118,-12.451741540356156,-12.92404710550601,-11.865372323019686
62,2012-07-08,103,1,4,3,ridge,,10000.0,-13.005404455519416,-9.79925558948652,-12.92445127869882,-11.866526143332795
62,2012-07-10,104,1,4,3,ridge,,10000.0,-14.217439125925395,-11.423573357529008,-12.92424028048366,-11.865924484703871
62,2012-07-17,105,1,4,3,ridge,,10000.0,-12.70807262304178,-10.388332622162803,-12.925010896870177,-11.868115982339122
62,2012-07-19,106,1,4,3,ridge,,10000.0,-15.750405278939866,-14.123873702288767,-12.924403760248271,-11.866390765999418
13,2012-06-22,39,1,4,4,ridge,,10000.0,-10.95121562728075,-10.836542679634643,-13.655472586218448,-13.024694189833545
13,2012-06-27,40,1,4,4,ridge,,10000.0,-12.223609920228132,-12.934752148036708,-13.655150589983492,-13.02400293323991
13,2012-06-29,41,1,4,4,ridge,,10000.0,-11.448270309198136,-11.2433082687523,-13.653199175838921,-13.019812245339315
13,2012-07-08,42,1,4,4,ridge,,10000.0,-11.321650078114684,-11.1656550129835,-13.651726153328104,-13.016647043156494
13,2012-07-10,43,1,4,4,ridge,,10000.0,-11.727868729384712,-11.935053682323652,-13.650945795500427,-13.014969457817552
13,2012-07-17,44,1,4,4,ridge,,10000.0,-11.82663223841094,-11.483975197550755,-13.654030553966154,-13.021597955640939
31,2012-06-22,56,1,4,4,ridge,,10000.0,-12.261406145930293,-7.675525079895581,-13.664424175890707,-13.045607099330585
31,2012-06-27,57,1,4,4,ridge,,10000.0,-15.56720520685795,-10.869677151623607,-13.658011807373489,-13.03185911783618
31,2012-07-05,58,1,4,4,ridge,,10000.0,-14.630903606681327,-11.607199044191669,-13.652448237409537,-13.019917300609867
31,2012-07-08,59,1,4,4,ridge,,10000.0,-15.85527387686205,-13.88497530384446,-13.65021217973184,-13.015111924341193
31,2012-07-14,60,1,4,4,ridge,,10000.0,-12.061582027927042,-8.958668222109942,-13.659110184989327,-13.034214942709017
41,2012-06-22,67,1,4,4,ridge,,10000.0,-9.893244615306044,-8.032288058491003,-13.675713249437745,-13.05816737813185
41,2012-06-27,68,1,4,4,ridge,,10000.0,-12.472382986190222,-8.801892289617859,-13.66955964114898,-13.04496862882897
41,2012-07-05,69,1,4,4,ridge,,10000.0,-12.028670241841908,-9.29119256932756,-13.666716282693857,-13.038863794697697
41,2012-07-08,70,1,4,4,ridge,,10000.0,-13.748748630293996,-9.894634362662554,-13.664881519122524,-13.034921443414037
41,2012-07-14,71,1,4,4,ridge,,10000.0,-11.651468732388375,-9.450060398721016,-13.666503959505208,-13.038407712093756
41,2012-07-17,72,1,4,4,ridge,,10000.0,-11.500314383218642,-8.561757537563716,-13.674650090016351,-13.05588801083204
61,2012-06-22,93,1,4,4,ridge,,10000.0,-11.307138591209124,-10.699103847173708,-13.654644891070928,-13.01874007585555
61,2012-06-25,94,1,4,4,ridge,,10000.0,-13.358854538113189,-12.281835560024907,-13.650407782403517,-13.009606835231402
61,2012-06-29,95,1,4,4,ridge,,10000.0,-14.258735753179286,-12.929838363897248,-13.64964877480949,-13.007966636529433
61,2012-07-08,96,1,4,4,ridge,,10000.0,-12.653243854103511,-10.41345274290406,-13.652775156954826,-13.01471372599786
61,2012-07-10,97,1,4,4,ridge,,10000.0,-14.196530364341184,-11.545773452581232,-13.650834396859262,-13.010528045235136
61,2012-07-17,98,1,4,4,ridge,,10000.0,-12.879880314149483,-11.29771365776737,-13.652874014670758,-13.01492674326991
61,2012-07-19,99,1,4,4,ridge,,10000.0,-15.889663878319602,-12.719370404847758,-13.650926988442755,-13.01072792283561
102,2012-06-22,0,1,4,1,ridge_vwc,,0.0001,-9.99305662822514,-8.79817877926706,-11.994532781298808,-8.445458528599449
102,2012-06-25,1,1,4,1,ridge_vwc,,0.0001,-12.531601150465749,-11.66376412888952,-11.866442941329835,-9.768047214377154
102,2012-06-29,2,1,4,1,ridge_vwc,,0.0001,-16.257897492533367,-15.208138461464548,-12.297389884862227,-11.826317857426817
102,2012-07-08,3,1,4,1,ridge_vwc,,0.0001,-10.129457779827602,-9.071938641334588,-12.772328990299073,-12.425001415048444
102,2012-07-10,4,1,4,1,ridge_vwc,,0.0001,-14.95434368762578,-14.112183043981709,-12.580572982184675,-12.19187499426975
102,2012-07-17,5,1,4,1,ridge_vwc,,0.0001,-5.014295508188514,-4.452412337847899,-12.654135823977724,-12.217481805400471
102,2012-07-19,6,1,4,1,ridge_vwc,,0.0001,-10.3251467740893,-11.06628687788346,-12.836230544739715,-12.430373911273373
103,2012-06-22,7,1,4,1,ridge_vwc,,0.0001,-13.28404803220713,-14.50588749676858,-10.871987175175704,-6.129221866327965
103,2012-06-27,8,1,4,1,ridge_vwc,,0.0001,-17.302172301136643,-16.600968273984137,-10.663136339656864,-9.262811264706171
103,2012-06-29,9,1,4,1,ridge_vwc,,0.0001,-18.92242109331228,-19.84632772841422,-11.100181303149194,-10.487923163592432
103,2012-07-05,10,1,4,1,ridge_vwc,,0.0001,-15.574795029478718,-16.124130866471255,-10.998432809140743,-10.249652452121305
103,2012-07-08,11,1,4,1,ridge_vwc,,0.0001,-15.86824246394819,-13.95091862281008,-11.348231387311952,-10.800370065325657
103,2012-07-14,12,1,4,1,ridge_vwc,,0.0001,-17.84275788106028,-18.72912571156667,-11.767563275461647,-11.171857905709846
103,2012-07-17,13,1,4,1,ridge_vwc,,0.0001,-12.595339414809716,-16.21757943788777,-11.256793317591764,-10.594219236685676
111,2012-06-27,19,1,4,1,ridge_vwc,,0.0001,-15.147228418373352,-9.881794018641486,-14.633996447826933,-14.682590031338918
111,2012-07-08,20,1,4,1,ridge_vwc,,0.0001,-10.432732239997303,-7.011457229997938,-14.06973836741541,-13.379253427472005
111,2012-07-10,21,1,4,1,ridge_vwc,,0.0001,-12.332899347459149,-7.340003351417149,-14.80857015402282,-14.733622758145087
111,2012-07-19,22,1,4,1,ridge_vwc,,0.0001,-13.429778660777457,-11.904793601312772,-14.868757246487109,-14.699573880489705
112,2012-06-22,23,1,4,1,ridge_vwc,,0.0001,-16.789512402971386,-18.984197687028864,-10.570523054876235,-8.79434318316077
112,2012-06-25,24,1,4,1,ridge_vwc,,0.0001,-17.713046799178723,-19.529406845749364,-10.611738441580034,-9.127313638002441
112,2012-07-05,25,1,4,1,ridge_vwc,,0.0001,-15.269240391706376,-15.832742511880692,-10.782396169438355,-9.650974733059797
112,2012-07-08,26,1,4,1,ridge_vwc,,0.0001,-15.868211803986831,-15.9439617824927,-10.781234285766313,-9.64734494988095
52,2012-06-22,79,1,4,1,ridge_vwc,,0.0001,-13.45495696239713,-15.738081907796053,-12.693940911609362,-12.527692769913168
52,2012-06-29,80,1,4,1,ridge_vwc,,0.0001,-16.041356891502684,-16.29966966543719,-13.648478586001868,-13.176402184718718
52,2012-07-08,81,1,4,1,ridge_vwc,,0.0001,-13.337191112994962,-11.304804238666236,-13.663388691783629,-13.0177779884461
52,2012-07-10,82,1,4,1,ridge_vwc,,0.0001,-14.71139542756748,-12.827360988564674,-14.303037393460674,-13.313505241857989
52,2012-07-17,83,1,4,1,ridge_vwc,,0.0001,-8.618950020440854,-7.762089915864024,-13.463793556855777,-12.591337493781124
52,2012-07-19,84,1,4,1,ridge_vwc,,0.0001,-13.32401009971738,-12.996658395943411,-14.164662062020293,-12.9812455781137
21,2012-06-22,45,1,4,2,ridge_vwc,,0.0001,-12.060684803223303,-12.00798502229204,-13.535070721321002,-12.998004665775962
21,2012-06-25,46,1,4,2,ridge_vwc,,0.0001,-11.883841971912686,-12.210536948445432,-13.611565779671642,-13.114253528616427
21,2012-06-29,47,1,4,2,ridge_vwc,,0.0001,-12.329567928959571,-12.661731465224886,-13.758930292226559,-13.29320061707517
21,2012-07-08,48,1,4,2,ridge_vwc,,0.0001,-12.336402358206886,-12.252348442564678,-13.871477295352602,-13.427182870248375
21,2012-07-10,49,1,4,2,ridge_vwc,,0.0001,-12.541026866239491,-12.812605872689588,-13.839731683276302,-13.391848511086526
21,2012-07-17,50,1,4,2,ridge_vwc,,0.0001,-12.042182130233446,-11.668944707481812,-13.698496860248968,-13.180705333646163
22,2012-06-22,51,1,4,2,ridge_vwc,,0.0001,-14.06874113337972,-14.071044446046743,-14.205224064500818,-13.413693236896439
22,2012-06-25,52,1,4,2,ridge_vwc,,0.0001,-14.018031173978704,-14.77165243150176,-14.309238689319784,-13.574150727524403
22,2012-06-29,53,1,4,2,ridge_vwc,,0.0001,-14.73472458342086,-15.474752085663306,-14.426168364678913,-13.74503045486291
22,2012-07-14,54,1,4,2,ridge_vwc,,0.0001,-14.429262660073372,-14.834682689018504,-14.404133088045048,-13.683234131663726
22,2012-07-17,55,1,4,2,ridge_vwc,,0.0001,-13.95505270639354,-12.9206874664521,-14.338591987642507,-13.593051826144174
72,2012-06-22,114,1,4,2,ridge_vwc,,0.0001,-9.156246315375464,-7.121824880330802,-13.46229630816305,-13.284585692667289
72,2012-06-27,115,1,4,2,ridge_vwc,,0.0001,-11.598774165532014,-9.739787261661805,-13.578390042597022,-13.231093706579665
72,2012-06-29,116,1,4,2,ridge_vwc,,0.0001,-11.694497047916627,-10.620512155280064,-13.659390053579902,-13.281303035173359
72,2012-07-05,117,1,4,2,ridge_vwc,,0.0001,-9.279994157479894,-6.1840522735730685,-13.316349724791664,-12.371269396287973
72,2012-07-08,118,1,4,2,ridge_vwc,,0.0001,-7.434985480666953,-4.951473364462895,-13.26803808302535,-12.324207661272636
72,2012-07-14,119,1,4,2,ridge_vwc,,0.0001,-11.38639094380066,-6.363423342248725,-13.593210671765114,-12.148515049696343
72,2012-07-17,120,1,4,2,ridge_vwc,,0.0001,-7.896576091932785,-5.316371130913266,-13.43819414625186,-12.047139663147535
81,2012-06-22,121,1,4,2,ridge_vwc,,0.0001,-9.587343732140498,-5.953072410726956,-13.783512881528505,-12.916343509253009
81,2012-06-27,122,1,4,2,ridge_vwc,,0.0001,-13.63439663913034,-8.63444576538804,-14.022995755212001,-12.906380957153335
81,2012-07-17,123,1,4,2,ridge_vwc,,0.0001,-8.981462326670332,-6.7381420816219775,-13.845533133177092,-13.102915158773474
91,2012-06-22,126,1,4,2,ridge_vwc,,0.0001,-13.79430023004177,-12.721885004018873,-13.872822819834795,-12.32000451611811
91,2012-06-25,127,1,4,2,ridge_vwc,,0.0001,-16.252064078644956,-15.095063986983767,-14.064205588476216,-12.493989556715878
91,2012-07-05,128,1,4,2,ridge_vwc,,0.0001,-11.946673251406857,-15.864027780720509,-13.93249454154052,-12.604962070180145
91,2012-07-08,129,1,4,2,ridge_vwc,,0.0001,-14.420474970996455,-14.377502817334353,-14.007113726847269,-12.67416796471354
91,2012-07-17,130,1,4,2,ridge_vwc,,0.0001,-12.823625166801548,-13.726729371774091,-13.92362456875493,-12.900314786260282
91,2012-07-19,131,1,4,2,ridge_vwc,,0.0001,-14.006013749198562,-15.882035691137462,-14.102054646116063,-13.060810741832082
11,2012-06-22,14,1,4,3,ridge_vwc,,0.0001,-15.919724111874036,-17.420730792104454,-12.111343794364844,-9.754485563121769
11,2012-06-27,15,1,4,3,ridge_vwc,,0.0001,-16.04746594426725,-17.275701316646803,-12.089708237708196,-9.60978591166113
11,2012-06-29,16,1,4,3,ridge_vwc,,0.0001,-17.025781539812208,-18.04468787035671,-12.073758320381305,-9.482308542862846
11,2012-07-10,17,1,4,3,ridge_vwc,,0.0001,-17.604639607278372,-17.842659591269815,-12.037324989051672,-9.316237055380482
11,2012-07-17,18,1,4,3,ridge_vwc,,0.0001,-14.18453518805826,-15.072913856790963,-11.985219056916122,-9.36367794147899
113,2012-06-22,27,1,4,3,ridge_vwc,,0.0001,-13.904265705279988,-12.764677230796163,-12.538384687359475,-9.652239397081852
113,2012-06-25,28,1,4,3,ridge_vwc,,0.0001,-16.669071704883304,-15.628078749949356,-12.536368590711517,-9.781458503756962
113,2012-07-05,29,1,4,3,ridge_vwc,,0.0001,-13.78856756792369,-13.696217585568537,-12.47306544868454,-9.65860174098411
113,2012-07-08,30,1,4,3,ridge_vwc,,0.0001,-14.418687481499695,-13.97967004287996,-12.46217890913114,-9.623994622039763
113,2012-07-14,31,1,4,3,ridge_vwc,,0.0001,-16.398165435484163,-15.965865563125584,-12.34709415854897,-9.202077182000652
113,2012-07-17,32,1,4,3,ridge_vwc,,0.0001,-13.772013528373366,-13.330322847631932,-12.373321506399755,-9.352766926412341
32,2012-06-22,61,1,4,3,ridge_vwc,,0.0001,-15.06141043899014,-15.128490659381375,-12.26399563401145,-7.91464045290845
32,2012-06-25,62,1,4,3,ridge_vwc,,0.0001,-16.76615352729908,-16.21045729230626,-12.270072373434644,-8.193804524539248
32,2012-07-08,63,1,4,3,ridge_vwc,,0.0001,-19.51691196321064,-18.66502996569921,-12.327578083451415,-8.382845455121684
32,2012-07-10,64,1,4,3,ridge_vwc,,0.0001,-20.20667659920886,-19.288993971916742,-12.327263309937301,-8.380460057916611
32,2012-07-14,65,1,4,3,ridge_vwc,,0.0001,-17.739515725707594,-17.16765829163566,-12.39260137135363,-8.70560950627318
32,2012-07-17,66,1,4,3,ridge_vwc,,0.0001,-16.639945346572592,-14.987927440241748,-12.397699884640328,-8.587169819196692
54,2012-06-22,90,1,4,3,ridge_vwc,,0.0001,-10.417640310145606,-12.93767695335395,-12.131969199467818,-9.44820918345178
54,2012-06-29,91,1,4,3,ridge_vwc,,0.0001,-13.54880158174925,-13.941944979578206,-11.7225449778084,-7.941790989552011
54,2012-07-10,92,1,4,3,ridge_vwc,,0.0001,-11.65562649391276,-9.922527219399468,-10.864382367820737,-5.289002308375266
62,2012-06-22,100,1,4,3,ridge_vwc,,0.0001,-10.947069858107426,-10.084005244347887,-13.489596174956501,-14.470152952839932
62,2012-06-25,101,1,4,3,ridge_vwc,,0.0001,-12.930932965823189,-11.69193923190518,-13.409398177644936,-13.804711340935818
62,2012-06-29,102,1,4,3,ridge_vwc,,0.0001,-13.647540229966118,-12.451741540356156,-13.190581492293804,-13.017795787582838
62,2012-07-08,103,1,4,3,ridge_vwc,,0.0001,-13.005404455519416,-9.79925558948652,-12.478407344386321,-11.071721919973784
62,2012-07-10,104,1,4,3,ridge_vwc,,0.0001,-14.217439125925395,-11.423573357529008,-12.459185165425371,-10.902835306865263
62,2012-07-17,105,1,4,3,ridge_vwc,,0.0001,-12.70807262304178,-10.388332622162803,-9.389446173142051,-1.8610181467710234
62,2012-07-19,106,1,4,3,ridge_vwc,,0.0001,-15.750405278939866,-14.123873702288767,-9.344225184210247,-1.481589743752636
13,2012-06-22,39,1,4,4,ridge_vwc,,0.0001,-10.95121562728075,-10.836542679634643,-12.926576013501947,-12.809974444720629
13,2012-06-27,40,1,4,4,ridge_vwc,,0.0001,-12.223609920228132,-12.934752148036708,-12.923239089397368,-12.822995292251683
13,2012-06-29,41,1,4,4,ridge_vwc,,0.0001,-11.448270309198136,-11.2433082687523,-12.913489899783128,-12.728556546107706
13,2012-07-08,42,1,4,4,ridge_vwc,,0.0001,-11.321650078114684,-11.1656550129835,-12.920838549224818,-12.64846742533579
13,2012-07-10,43,1,4,4,ridge_vwc,,0.0001,-11.727868729384712,-11.935053682323652,-12.930721805239532,-12.589241744211607
13,2012-07-17,44,1,4,4,ridge_vwc,,0.0001,-11.82663223841094,-11.483975197550755,-12.915163489286527,-12.770157182681531
31,2012-06-22,56,1,4,4,ridge_vwc,,0.0001,-12.261406145930293,-7.675525079895581,-13.104348481987447,-12.679921839718817
31,2012-06-27,57,1,4,4,ridge_vwc,,0.0001,-15.56720520685795,-10.869677151623607,-12.892650117107287,-12.229574972532344
31,2012-07-05,58,1,4,4,ridge_vwc,,0.0001,-14.630903606681327,-11.607199044191669,-12.818906033389524,-12.333998652398577
31,2012-07-08,59,1,4,4,ridge_vwc,,0.0001,-15.85527387686205,-13.88497530384446,-12.834510730344345,-12.18409085255234
31,2012-07-14,60,1,4,4,ridge_vwc,,0.0001,-12.061582027927042,-8.958668222109942,-12.922037739362722,-12.408671329955126
41,2012-06-22,67,1,4,4,ridge_vwc,,0.0001,-9.893244615306044,-8.032288058491003,-14.644853920913686,-14.122035172084562
41,2012-06-27,68,1,4,4,ridge_vwc,,0.0001,-12.472382986190222,-8.801892289617859,-14.48707069546302,-14.049790900154381
41,2012-07-05,69,1,4,4,ridge_vwc,,0.0001,-12.028670241841908,-9.29119256932756,-14.464756359249277,-14.435038362221789
41,2012-07-08,70,1,4,4,ridge_vwc,,0.0001,-13.748748630293996,-9.894634362662554,-14.472632334609603,-14.319707667546371
41,2012-07-14,71,1,4,4,ridge_vwc,,0.0001,-11.651468732388375,-9.450060398721016,-14.464501076950441,-14.399914892856621
41,2012-07-17,72,1,4,4,ridge_vwc,,0.0001,-11.500314383218642,-8.561757537563716,-14.612105218063581,-14.627679663816894
61,2012-06-22,93,1,4,4,ridge_vwc,,0.0001,-11.307138591209124,-10.699103847173708,-13.612444992424916,-12.636290982569353
61,2012-06-25,94,1,4,4,ridge_vwc,,0.0001,-13.358854538113189,-12.281835560024907,-13.857995753164337,-12.015918738311603
61,2012-06-29,95,1,4,4,ridge_vwc,,0.0001,-14.258735753179286,-12.929838363897248,-13.935500779521107,-12.10808521319487
61,2012-07-08,96,1,4,4,ridge_vwc,,0.0001,-12.653243854103511,-10.41345274290406,-13.68894362152478,-12.176209923708594
61,2012-07-10,97,1,4,4,ridge_vwc,,0.0001,-14.196530364341184,-11.545773452581232,-13.81948015433928,-11.863926141077467
61,2012-07-17,98,1,4,4,ridge_vwc,,0.0001,-12.879880314149483,-11.29771365776737,-13.684386732689893,-12.324800664611596
61,2012-07-19,99,1,4,4,ridge_vwc,,0.0001,-15.889663878319602,-12.719370404847758,-13.812405240531453,-12.016085785376639
102,2012-06-22,0,1,4,1,ridge_vwc,,0.01,-9.99305662822514,-8.79817877926706,-11.975033540831285,-8.447732377807153
102,2012-06-25,1,1,4,1,ridge_vwc,,0.01,-12.531601150465749,-11.66376412888952,-11.859136492258518,-9.76917225675111
102,2012-06-29,2,1,4,1,ridge_vwc,,0.01,-16.257897492533367,-15.208138461464548,-12.301388649793315,-11.826181676767355
102,2012-07-08,3,1,4,1,ridge_vwc,,0.01,-10.129457779827602,-9.071938641334588,-12.775946272829751,-12.42474604423986
102,2012-07-10,4,1,4,1,ridge_vwc,,0.01,-14.95434368762578,-14.112183043981709,-12.584737351439717,-12.19163634531775
102,2012-07-17,5,1,4,1,ridge_vwc,,0.01,-5.014295508188514,-4.452412337847899,-12.658356300533539,-12.21722777387791
102,2012-07-19,6,1,4,1,ridge_vwc,,0.01,-10.3251467740893,-11.06628687788346,-12.839863584523343,-12.430110661121327
103,2012-06-22,7,1,4,1,ridge_vwc,,0.01,-13.28404803220713,-14.50588749676858,-10.844218398446325,-6.132476312948373
103,2012-06-27,8,1,4,1,ridge_vwc,,0.01,-17.302172301136643,-16.600968273984137,-10.663156065194038,-9.263418982879148
103,2012-06-29,9,1,4,1,ridge_vwc,,0.01,-18.92242109331228,-19.84632772841422,-11.104504731315178,-10.48794838937124
103,2012-07-05,10,1,4,1,ridge_vwc,,0.01,-15.574795029478718,-16.124130866471255,-11.002603451098944,-10.24974044430672
103,2012-07-08,11,1,4,1,ridge_vwc,,0.01,-15.86824246394819,-13.95091862281008,-11.352407726512011,-10.800329116500018
103,2012-07-14,12,1,4,1,ridge_vwc,,0.01,-17.84275788106028,-18.72912571156667,-11.770327847526461,-11.171821158884397
103,2012-07-17,13,1,4,1,ridge_vwc,,0.01,-12.595339414809716,-16.21757943788777,-11.261361778273573,-10.594193033583036
111,2012-06-27,19,1,4,1,ridge_vwc,,0.01,-15.147228418373352,-9.881794018641486,-14.637340455852279,-14.68203303717376
111,2012-07-08,20,1,4,1,ridge_vwc,,0.01,-10.432732239997303,-7.011457229997938,-14.071504516723536,-13.379096880817908
111,2012-07-10,21,1,4,1,ridge_vwc,,0.01,-12.332899347459149,-7.340003351417149,-14.811877755044929,-14.73304386804355
111,2012-07-19,22,1,4,1,ridge_vwc,,0.01,-13.429778660777457,-11.904793601312772,-14.872238255425456,-14.698982409733862
112,2012-06-22,23,1,4,1,ridge_vwc,,0.01,-16.789512402971386,-18.984197687028864,-10.568750626130853,-8.795199380003623
112,2012-06-25,24,1,4,1,ridge_vwc,,0.01,-17.713046799178723,-19.529406845749364,-10.612111489067418,-9.127944288721544
112,2012-07-05,25,1,4,1,ridge_vwc,,0.01,-15.269240391706376,-15.832742511880692,-10.785786236915449,-9.65126832774487
112,2012-07-08,26,1,4,1,ridge_vwc,,0.01,-15.868211803986831,-15.9439617824927,-10.78460992904791,-9.647640385662688
52,2012-06-22,79,1,4,1,ridge_vwc,,0.01,-13.45495696239713,-15.738081907796053,-12.69532627811713,-12.527488768941856
52,2012-06-29,80,1,4,1,ridge_vwc,,0.01,-16.041356891502684,-16.29966966543719,-13.643231949729726,-13.17650238487674
52,2012-07-08,81,1,4,1,ridge_vwc,,0.01,-13.337191112994962,-11.304804238666236,-13.659398572936805,-13.017809287531996
52,2012-07-10,82,1,4,1,ridge_vwc,,0.01,-14.71139542756748,-12.827360988564674,-14.29336668014125,-13.313858907570157
52,2012-07-17,83,1,4,1,ridge_vwc,,0.01,-8.618950020440854,-7.762089915864024,-13.463664325272395,-12.591168350683834
52,2012-07-19,84,1,4,1,ridge_vwc,,0.01,-13.32401009971738,-12.996658395943411,-14.158835610166527,-12.981377963483578
21,2012-06-22,45,1,4,2,ridge_vwc,,0.01,-12.060684803223303,-12.00798502229204,-13.535467911913212,-12.997834275615617
21,2012-06-25,46,1,4,2,ridge_vwc,,0.01,-11.883841971912686,-12.210536948445432,-13.612065767263203,-13.114031072047302
21,2012-06-29,47,1,4,2,ridge_vwc,,0.01,-12.329567928959571,-12.661731465224886,-13.759467370131418,-13.29293665752957
21,2012-07-08,48,1,4,2,ridge_vwc,,0.01,-12.336402358206886,-12.252348442564678,-13.871894709420479,-13.426935214847813
21,2012-07-10,49,1,4,2,ridge_vwc,,0.01,-12.541026866239491,-12.812605872689588,-13.84019522923728,-13.391591891636264
21,2012-07-17,50,1,4,2,ridge_vwc,,0.01,-12.042182130233446,-11.668944707481812,-13.699052498369776,-13.180453669006123
22,2012-06-22,51,1,4,2,ridge_vwc,,0.01,-14.06874113337972,-14.071044446046743,-14.205362020155496,-13.413512784551262
22,2012-06-25,52,1,4,2,ridge_vwc,,0.01,-14.018031173978704,-14.77165243150176,-14.309532844937362,-13.573893823709312
22,2012-06-29,53,1,4,2,ridge_vwc,,0.01,-14.73472458342086,-15.474752085663306,-14.426508957833844,-13.744730621691911
22,2012-07-14,54,1,4,2,ridge_vwc,,0.01,-14.429262660073372,-14.834682689018504,-14.404480283585764,-13.682942092488684
22,2012-07-17,55,1,4,2,ridge_vwc,,0.01,-13.95505270639354,-12.9206874664521,-14.33891589941533,-13.592782089125144
72,2012-06-22,114,1,4,2,ridge_vwc,,0.01,-9.156246315375464,-7.121824880330802,-13.462284739856468,-13.284558216102534
72,2012-06-27,115,1,4,2,ridge_vwc,,0.01,-11.598774165532014,-9.739787261661805,-13.577898162663066,-13.231227844010158
72,2012-06-29,116,1,4,2,ridge_vwc,,0.01,-11.694497047916627,-10.620512155280064,-13.658505696490366,-13.281554649053552
72,2012-07-05,117,1,4,2,ridge_vwc,,0.01,-9.279994157479894,-6.1840522735730685,-13.316738176749578,-12.3712580201615
72,2012-07-08,118,1,4,2,ridge_vwc,,0.01,-7.434985480666953,-4.951473364462895,-13.268542903049124,-12.324166749280518
72,2012-07-14,119,1,4,2,ridge_vwc,,0.01,-11.38639094380066,-6.363423342248725,-13.592449193006635,-12.148905457058282
72,2012-07-17,120,1,4,2,ridge_vwc,,0.01,-7.896576091932785,-5.316371130913266,-13.438147428318905,-12.047317763356386
81,2012-06-22,121,1,4,2,ridge_vwc,,0.01,-9.587343732140498,-5.953072410726956,-13.7839119004793,-12.916210931014431
81,2012-06-27,122,1,4,2,ridge_vwc,,0.01,-13.63439663913034,-8.63444576538804,-14.022647138532314,-12.906487841835029
81,2012-07-17,123,1,4,2,ridge_vwc,,0.01,-8.981462326670332,-6.7381420816219775,-13.845797778648713,-13.102795889219877
91,2012-06-22,126,1,4,2,ridge_vwc,,0.01,-13.79430023004177,-12.721885004018873,-13.873409777744536,-12.31984104277301
91,2012-06-25,127,1,4,2,ridge_vwc,,0.01,-16.252064078644956,-15.095063986983767,-14.064245954162082,-12.493972562980034
91,2012-07-05,128,1,4,2,ridge_vwc,,0.01,-11.946673251406857,-15.864027780720509,-13.932950473324784,-12.604795426967291
91,2012-07-08,129,1,4,2,ridge_vwc,,0.01,-14.420474970996455,-14.377502817334353,-14.007365968274224,-12.674055188718205
91,2012-07-17,130,1,4,2,ridge_vwc,,0.01,-12.823625166801548,-13.726729371774091,-13.924100741245915,-12.900095416684415
91,2012-07-19,131,1,4,2,ridge_vwc,,0.01,-14.006013749198562,-15.882035691137462,-14.102009431041987,-13.060731996999966
11,2012-06-22,14,1,4,3,ridge_vwc,,0.01,-15.919724111874036,-17.420730792104454,-12.111497731278847,-9.755475285651947
11,2012-06-27,15,1,4,3,ridge_vwc,,0.01,-16.04746594426725,-17.275701316646803,-12.089968365737551,-9.6119609585175
11,2012-06-29,16,1,4,3,ridge_vwc,,0.01,-17.025781539812208,-18.04468787035671,-12.07412400882591,-9.485662879124218
11,2012-07-10,17,1,4,3,ridge_vwc,,0.01,-17.604639607278372,-17.842659591269815,-12.03776429981444,-9.320377183964343
11,2012-07-17,18,1,4,3,ridge_vwc,,0.01,-14.18453518805826,-15.072913856790963,-11.985382775846695,-9.364608775555539
113,2012-06-22,27,1,4,3,ridge_vwc,,0.01,-13.904265705279988,-12.764677230796163,-12.538722235417923,-9.655627428630664
113,2012-06-25,28,1,4,3,ridge_vwc,,0.01,-16.669071704883304,-15.628078749949356,-12.536538501630586,-9.783057509055489
113,2012-07-05,29,1,4,3,ridge_vwc,,0.01,-13.78856756792369,-13.696217585568537,-12.473153904002356,-9.659294219325608
113,2012-07-08,30,1,4,3,ridge_vwc,,0.01,-14.418687481499695,-13.97967004287996,-12.462274158909796,-9.624793209153665
113,2012-07-14,31,1,4,3,ridge_vwc,,0.01,-16.398165435484163,-15.965865563125584,-12.347290945772329,-9.203923876000133
113,2012-07-17,32,1,4,3,ridge_vwc,,0.01,-13.772013528373366,-13.330322847631932,-12.373418097358616,-9.353460292891185
32,2012-06-22,61,1,4,3,ridge_vwc,,0.01,-15.06141043899014,-15.128490659381375,-12.264557081182783,-7.91992680896169
32,2012-06-25,62,1,4,3,ridge_vwc,,0.01,-16.76615352729908,-16.21045729230626,-12.270306445040816,-8.195566448390936
32,2012-07-08,63,1,4,3,ridge_vwc,,0.01,-19.51691196321064,-18.66502996569921,-12.327826968360851,-8.38516083640789
32,2012-07-10,64,1,4,3,ridge_vwc,,0.01,-20.20667659920886,-19.288993971916742,-12.327514115729224,-8.38279697387755
32,2012-07-14,65,1,4,3,ridge_vwc,,0.01,-17.739515725707594,-17.16765829163566,-12.392664295814155,-8.705726001179233
32,2012-07-17,66,1,4,3,ridge_vwc,,0.01,-16.639945346572592,-14.987927440241748,-12.39792730113827,-8.589032217787462
54,2012-06-22,90,1,4,3,ridge_vwc,,0.01,-10.417640310145606,-12.93767695335395,-12.132143514392858,-9.449475511022467
54,2012-06-29,91,1,4,3,ridge_vwc,,0.01,-13.54880158174925,-13.941944979578206,-11.723068942918658,-7.946483212575236
54,2012-07-10,92,1,4,3,ridge_vwc,,0.01,-11.65562649391276,-9.922527219399468,-10.86496356586401,-5.293179510458243
62,2012-06-22,100,1,4,3,ridge_vwc,,0.01,-10.947069858107426,-10.084005244347887,-13.489402506436234,-14.468675822397763
62,2012-06-25,101,1,4,3,ridge_vwc,,0.01,-12.930932965823189,-11.69193923190518,-13.409765752120004,-13.809490145088915
62,2012-06-29,102,1,4,3,ridge_vwc,,0.01,-13.647540229966118,-12.451741540356156,-13.191109619850488,-13.024087927004697
62,2012-07-08,103,1,4,3,ridge_vwc,,0.01,-13.005404455519416,-9.79925558948652,-12.478644973425787,-11.07377265021253
62,2012-07-10,104,1,4,3,ridge_vwc,,0.01,-14.217439125925395,-11.423573357529008,-12.459569009766147,-10.906510717490923
62,2012-07-17,105,1,4,3,ridge_vwc,,0.01,-12.70807262304178,-10.388332622162803,-9.389440402987068,-1.856124341692011
62,2012-07-19,106,1,4,3,ridge_vwc,,0.01,-15.750405278939866,-14.123873702288767,-9.344541120461926,-1.4802795681332377
13,2012-06-22,39,1,4,4,ridge_vwc,,0.01,-10.95121562728075,-10.836542679634643,-12.927940833117352,-12.808222238448355
13,2012-06-27,40,1,4,4,ridge_vwc,,0.01,-12.223609920228132,-12.934752148036708,-12.924614335924883,-12.821217733661491
13,2012-06-29,41,1,4,4,ridge_vwc,,0.01,-11.448270309198136,-11.2433082687523,-12.914911661421893,-12.726674973695141
13,2012-07-08,42,1,4,4,ridge_vwc,,0.01,-11.321650078114684,-11.1656550129835,-12.922127418356599,-12.646753579456947
13,2012-07-10,43,1,4,4,ridge_vwc,,0.01,-11.727868729384712,-11.935053682323652,-12.93187998971247,-12.587707101391553
13,2012-07-17,44,1,4,4,ridge_vwc,,0.01,-11.82663223841094,-11.483975197550755,-12.9165938343561,-12.76827831560142
31,2012-06-22,56,1,4,4,ridge_vwc,,0.01,-12.261406145930293,-7.675525079895581,-13.10338420604374,-12.68184331906024
31,2012-06-27,57,1,4,4,ridge_vwc,,0.01,-15.56720520685795,-10.869677151623607,-12.894043485998226,-12.227960448032976
31,2012-07-05,58,1,4,4,ridge_vwc,,0.01,-14.630903606681327,-11.607199044191669,-12.820743551777415,-12.331578782484602
31,2012-07-08,59,1,4,4,ridge_vwc,,0.01,-15.85527387686205,-13.88497530384446,-12.836111511100516,-12.18198077009527
31,2012-07-14,60,1,4,4,ridge_vwc,,0.01,-12.061582027927042,-8.958668222109942,-12.92304549447681,-12.407621021691918
41,2012-06-22,67,1,4,4,ridge_vwc,,0.01,-9.893244615306044,-8.032288058491003,-14.644426574667342,-14.122634766481758
41,2012-06-27,68,1,4,4,ridge_vwc,,0.01,-12.472382986190222,-8.801892289617859,-14.488149034906113,-14.04804808294797
41,2012-07-05,69,1,4,4,ridge_vwc,,0.01,-12.028670241841908,-9.29119256932756,-14.465675885361133,-14.433398004320345
41,2012-07-08,70,1,4,4,ridge_vwc,,0.01,-13.748748630293996,-9.894634362662554,-14.473410991838314,-14.318242546797292
41,2012-07-14,71,1,4,4,ridge_vwc,,0.01,-11.651468732388375,-9.450060398721016,-14.465431478920014,-14.398258368507708
41,2012-07-17,72,1,4,4,ridge_vwc,,0.01,-11.500314383218642,-8.561757537563716,-14.611683431686146,-14.628170072746695
61,2012-06-22,93,1,4,4,ridge_vwc,,0.01,-11.307138591209124,-10.699103847173708,-13.613213111851973,-12.63516946423037
61,2012-06-25,94,1,4,4,ridge_vwc,,0.01,-13.358854538113189,-12.281835560024907,-13.855975763252658,-12.018844440062406
61,2012-06-29,95,1,4,4,ridge_vwc,,0.01,-14.258735753179286,-12.929838363897248,-13.932460825838618,-12.112465152302514
61,2012-07-08,96,1,4,4,ridge_vwc,,0.01,-12.653243854103511,-10.41345274290406,-13.688971884030702,-12.176186438992206
61,2012-07-10,97,1,4,4,ridge_vwc,,0.01,-14.196530364341184,-11.545773452581232,-13.818035676778564,-11.866045852772453
61,2012-07-17,98,1,4,4,ridge_vwc,,0.01,-12.879880314149483,-11.29771365776737,-13.684383574677366,-12.324803823519538
61,2012-07-19,99,1,4,4,ridge_vwc,,0.01,-15.889663878319602,-12.719370404847758,-13.810956428012826,-12.018191967363164
102,2012-06-22,0,1,4,1,ridge_vwc,,1.0,-9.99305662822514,-8.79817877926706,-11.180604338704669,-8.592271851072397
102,2012-06-25,1,1,4,1,ridge_vwc,,1.0,-12.531601150465749,-11.66376412888952,-11.573094097607925,-9.8492878446833
102,2012-06-29,2,1,4,1,ridge_vwc,,1.0,-16.257897492533367,-15.208138461464548,-12.479677840035965,-11.827817593727243
102,2012-07-08,3,1,4,1,ridge_vwc,,1.0,-10.129457779827602,-9.071938641334588,-12.932328312070997,-12.413594754693476
102,2012-07-10,4,1,4,1,ridge_vwc,,1.0,-14.95434368762578,-14.112183043981709,-12.766320548659019,-12.184126796261973
102,2012-07-17,5,1,4,1,ridge_vwc,,1.0,-5.014295508188514,-4.452412337847899,-12.841374457246832,-12.208495744207752
102,2012-07-19,6,1,4,1,ridge_vwc,,1.0,-10.3251467740893,-11.06628687788346,-12.996127743498505,-12.418304271715817
103,2012-06-22,7,1,4,1,ridge_vwc,,1.0,-13.28404803220713,-14.50588749676858,-9.716034587909729,-6.339799820259321
103,2012-06-27,8,1,4,1,ridge_vwc,,1.0,-17.302172301136643,-16.600968273984137,-10.692571119767551,-9.321192921303794
103,2012-06-29,9,1,4,1,ridge_vwc,,1.0,-18.92242109331228,-19.84632772841422,-11.307169163316958,-10.506046224178617
103,2012-07-05,10,1,4,1,ridge_vwc,,1.0,-15.574795029478718,-16.124130866471255,-11.200254784883704,-10.273298459576761
103,2012-07-08,11,1,4,1,ridge_vwc,,1.0,-15.86824246394819,-13.95091862281008,-11.545801324505444,-10.811570384559253
103,2012-07-14,12,1,4,1,ridge_vwc,,1.0,-17.84275788106028,-18.72912571156667,-11.899714891282454,-11.178241887694831
103,2012-07-17,13,1,4,1,ridge_vwc,,1.0,-12.595339414809716,-16.21757943788777,-11.472282521223885,-10.608354591804048
111,2012-06-27,19,1,4,1,ridge_vwc,,1.0,-15.147228418373352,-9.881794018641486,-14.765404223934878,-14.641237893107899
111,2012-07-08,20,1,4,1,ridge_vwc,,1.0,-10.432732239997303,-7.011457229997938,-14.141350366299198,-13.370821355030419
111,2012-07-10,21,1,4,1,ridge_vwc,,1.0,-12.332899347459149,-7.340003351417149,-14.93629426836517,-14.690108007605161
111,2012-07-19,22,1,4,1,ridge_vwc,,1.0,-13.429778660777457,-11.904793601312772,-15.003163201009826,-14.655551913937732
112,2012-06-22,23,1,4,1,ridge_vwc,,1.0,-16.789512402971386,-18.984197687028864,-10.52459802419239,-8.870140905784325
112,2012-06-25,24,1,4,1,ridge_vwc,,1.0,-17.713046799178723,-19.529406845749364,-10.656596819138665,-9.189310629847304
112,2012-07-05,25,1,4,1,ridge_vwc,,1.0,-15.269240391706376,-15.832742511880692,-10.953528873549683,-9.691692161103328
112,2012-07-08,26,1,4,1,ridge_vwc,,1.0,-15.868211803986831,-15.9439617824927,-10.951768014853368,-9.688186558831699
52,2012-06-22,79,1,4,1,ridge_vwc,,1.0,-13.45495696239713,-15.738081907796053,-12.75933268779616,-12.51261060816776
52,2012-06-29,80,1,4,1,ridge_vwc,,1.0,-16.041356891502684,-16.29966966543719,-13.419354472018027,-13.165992003599042
52,2012-07-08,81,1,4,1,ridge_vwc,,1.0,-13.337191112994962,-11.304804238666236,-13.487720001999834,-13.00553505704511
52,2012-07-10,82,1,4,1,ridge_vwc,,1.0,-14.71139542756748,-12.827360988564674,-13.877379837892365,-13.311231644392976
52,2012-07-17,83,1,4,1,ridge_vwc,,1.0,-8.618950020440854,-7.762089915864024,-13.455307664272425,-12.57436835151755
52,2012-07-19,84,1,4,1,ridge_vwc,,1.0,-13.32401009971738,-12.996658395943411,-13.904693092567351,-12.972168940019003
21,2012-06-22,45,1,4,2,ridge_vwc,,1.0,-12.060684803223303,-12.00798502229204,-13.555361750466997,-12.987385724858093
21,2012-06-25,46,1,4,2,ridge_vwc,,1.0,-11.883841971912686,-12.210536948445432,-13.63617120306256,-13.100375791930018
21,2012-06-29,47,1,4,2,ridge_vwc,,1.0,-12.329567928959571,-12.661731465224886,-13.784371606026397,-13.276118411016014
21,2012-07-08,48,1,4,2,ridge_vwc,,1.0,-12.336402358206886,-12.252348442564678,-13.890664699101206,-13.40988301803028
21,2012-07-10,49,1,4,2,ridge_vwc,,1.0,-12.541026866239491,-12.812605872689588,-13.861258555049123,-13.37438912874715
21,2012-07-17,50,1,4,2,ridge_vwc,,1.0,-12.042182130233446,-11.668944707481812,-13.725186996745853,-13.16504070643502
22,2012-06-22,51,1,4,2,ridge_vwc,,1.0,-14.06874113337972,-14.071044446046743,-14.209064932180095,-13.399038714736474
22,2012-06-25,52,1,4,2,ridge_vwc,,1.0,-14.018031173978704,-14.77165243150176,-14.319709862966535,-13.554785424235302
22,2012-06-29,53,1,4,2,ridge_vwc,,1.0,-14.73472458342086,-15.474752085663306,-14.43808132401281,-13.72242572128895
22,2012-07-14,54,1,4,2,ridge_vwc,,1.0,-14.429262660073372,-14.834682689018504,-14.416503554237437,-13.661468973686102
22,2012-07-17,55,1,4,2,ridge_vwc,,1.0,-13.95505270639354,-12.9206874664521,-14.350279532191372,-13.57297553707853
72,2012-06-22,114,1,4,2,ridge_vwc,,1.0,-9.156246315375464,-7.121824880330802,-13.464439348781331,-13.280791460192626
72,2012-06-27,115,1,4,2,ridge_vwc,,1.0,-11.598774165532014,-9.739787261661805,-13.557549239472152,-13.235306688322238
72,2012-06-29,116,1,4,2,ridge_vwc,,1.0,-11.694497047916627,-10.620512155280064,-13.619799860493002,-13.290601762506578
72,2012-07-05,117,1,4,2,ridge_vwc,,1.0,-9.279994157479894,-6.1840522735730685,-13.338358285103007,-12.375536020165024
72,2012-07-08,118,1,4,2,ridge_vwc,,1.0,-7.434985480666953,-4.951473364462895,-13.295754067348152,-12.32744545966079
72,2012-07-14,119,1,4,2,ridge_vwc,,1.0,-11.38639094380066,-6.363423342248725,-13.560243626960318,-12.173410696093677
72,2012-07-17,120,1,4,2,ridge_vwc,,1.0,-7.896576091932785,-5.316371130913266,-13.43941840184166,-12.062921344139145
81,2012-06-22,121,1,4,2,ridge_vwc,,1.0,-9.587343732140498,-5.953072410726956,-13.80275758560165,-12.909822306724125
81,2012-06-27,122,1,4,2,ridge_vwc,,1.0,-13.63439663913034,-8.63444576538804,-14.00610803197667,-12.911234421451171
81,2012-07-17,123,1,4,2,ridge_vwc,,1.0,-8.981462326670332,-6.7381420816219775,-13.858090504000135,-13.09554824543929
91,2012-06-22,126,1,4,2,ridge_vwc,,1.0,-13.79430023004177,-12.721885004018873,-13.900229014482717,-12.313912566903543
91,2012-06-25,127,1,4,2,ridge_vwc,,1.0,-16.252064078644956,-15.095063986983767,-14.06502039641292,-12.493430947004732
91,2012-07-05,128,1,4,2,ridge_vwc,,1.0,-11.946673251406857,-15.864027780720509,-13.95333555363252,-12.596456855744929
91,2012-07-08,129,1,4,2,ridge_vwc,,1.0,-14.420474970996455,-14.377502817334353,-14.018025184724927,-12.66765971604901
91,2012-07-17,130,1,4,2,ridge_vwc,,1.0,-12.823625166801548,-13.726729371774091,-13.945316995354265,-12.886951833013455
91,2012-07-19,131,1,4,2,ridge_vwc,,1.0,-14.006013749198562,-15.882035691137462,-14.098407072072803,-13.052807364172207
11,2012-06-22,14,1,4,3,ridge_vwc,,1.0,-15.919724111874036,-17.420730792104454,-12.123241702471605,-9.814887308765496
11,2012-06-27,15,1,4,3,ridge_vwc,,1.0,-16.04746594426725,-17.275701316646803,-12.106792552816383,-9.728744607843895
11,2012-06-29,16,1,4,3,ridge_vwc,,1.0,-17.025781539812208,-18.04468787035671,-12.09599052787953,-9.659496326937568
11,2012-07-10,17,1,4,3,ridge_vwc,,1.0,-17.604639607278372,-17.842659591269815,-12.063377123617563,-9.532926436201286
11,2012-07-17,18,1,4,3,ridge_vwc,,1.0,-14.18453518805826,-15.072913856790963,-11.998648654484445,-9.424407836830408
113,2012-06-22,27,1,4,3,ridge_vwc,,1.0,-13.904265705279988,-12.764677230796163,-12.558126028660626,-9.83653499543449
113,2012-06-25,28,1,4,3,ridge_vwc,,1.0,-16.669071704883304,-15.628078749949356,-12.547435572751052,-9.875999210036314
113,2012-07-05,29,1,4,3,ridge_vwc,,1.0,-13.78856756792369,-13.696217585568537,-12.480161173146351,-9.708482984300394
113,2012-07-08,30,1,4,3,ridge_vwc,,1.0,-14.418687481499695,-13.97967004287996,-12.46942600250245,-9.678603427704614
113,2012-07-14,31,1,4,3,ridge_vwc,,1.0,-16.398165435484163,-15.965865563125584,-12.359844267969251,-9.310174270630538
113,2012-07-17,32,1,4,3,ridge_vwc,,1.0,-13.772013528373366,-13.330322847631932,-12.381387712556704,-9.404492272935014
32,2012-06-22,61,1,4,3,ridge_vwc,,1.0,-15.06141043899014,-15.128490659381375,-12.298939343047339,-8.210196033236262
32,2012-06-25,62,1,4,3,ridge_vwc,,1.0,-16.76615352729908,-16.21045729230626,-12.288258871570854,-8.313084470438106
32,2012-07-08,63,1,4,3,ridge_vwc,,1.0,-19.51691196321064,-18.66502996569921,-12.344120574755962,-8.522478675224306
32,2012-07-10,64,1,4,3,ridge_vwc,,1.0,-20.20667659920886,-19.288993971916742,-12.343899029607966,-8.521155309936399
32,2012-07-14,65,1,4,3,ridge_vwc,,1.0,-17.739515725707594,-17.16765829163566,-12.40079923830708,-8.7387320667941
32,2012-07-17,66,1,4,3,ridge_vwc,,1.0,-16.639945346572592,-14.987927440241748,-12.414466323470256,-8.708053342119467
54,2012-06-22,90,1,4,3,ridge_vwc,,1.0,-10.417640310145606,-12.93767695335395,-12.144879660136574,-9.524958637343131
54,2012-06-29,91,1,4,3,ridge_vwc,,1.0,-13.54880158174925,-13.941944979578206,-11.755519155763086,-8.19694173936417
54,2012-07-10,92,1,4,3,ridge_vwc,,1.0,-11.65562649391276,-9.922527219399468,-10.907385508778711,-5.5409225808027465
62,2012-06-22,100,1,4,3,ridge_vwc,,1.0,-10.947069858107426,-10.084005244347887,-13.475100670470628,-14.375746417523477
62,2012-06-25,101,1,4,3,ridge_vwc,,1.0,-12.930932965823189,-11.69193923190518,-13.422357004304187,-14.019439414254528
62,2012-06-29,102,1,4,3,ridge_vwc,,1.0,-13.647540229966118,-12.451741540356156,-13.213124134533833,-13.312612188625813
62,2012-07-08,103,1,4,3,ridge_vwc,,1.0,-13.005404455519416,-9.79925558948652,-12.49303489386751,-11.176316517058321
62,2012-07-10,104,1,4,3,ridge_vwc,,1.0,-14.217439125925395,-11.423573357529008,-12.480995633214473,-11.087799781287705
62,2012-07-17,105,1,4,3,ridge_vwc,,1.0,-12.70807262304178,-10.388332622162803,-9.418700522705599,-1.7040055953392947
62,2012-07-19,106,1,4,3,ridge_vwc,,1.0,-15.750405278939866,-14.123873702288767,-9.38923011823735,-1.5016998152182683
13,2012-06-22,39,1,4,4,ridge_vwc,,1.0,-10.95121562728075,-10.836542679634643,-12.999216915370809,-12.72893586163458
13,2012-06-27,40,1,4,4,ridge_vwc,,1.0,-12.223609920228132,-12.934752148036708,-12.996285702048631,-12.74037428557557
13,2012-06-29,41,1,4,4,ridge_vwc,,1.0,-11.448270309198136,-11.2433082687523,-12.98810328255354,-12.640137858970544
13,2012-07-08,42,1,4,4,ridge_vwc,,1.0,-11.321650078114684,-11.1656550129835,-12.988368706071153,-12.567687902266291
13,2012-07-10,43,1,4,4,ridge_vwc,,1.0,-11.727868729384712,-11.935053682323652,-12.991527912754965,-12.517026139713838
13,2012-07-17,44,1,4,4,ridge_vwc,,1.0,-11.82663223841094,-11.483975197550755,-12.990506644089953,-12.68217917704021
31,2012-06-22,56,1,4,4,ridge_vwc,,1.0,-12.261406145930293,-7.675525079895581,-13.066338501441715,-12.785327282641804
31,2012-06-27,57,1,4,4,ridge_vwc,,1.0,-15.56720520685795,-10.869677151623607,-12.968159646713612,-12.162095681230177
31,2012-07-05,58,1,4,4,ridge_vwc,,1.0,-14.630903606681327,-11.607199044191669,-12.914358266254103,-12.222322966377096
31,2012-07-08,59,1,4,4,ridge_vwc,,1.0,-15.85527387686205,-13.88497530384446,-12.91747728107145,-12.086914469110045
31,2012-07-14,60,1,4,4,ridge_vwc,,1.0,-12.061582027927042,-8.958668222109942,-12.979041187835135,-12.367979473868225
41,2012-06-22,67,1,4,4,ridge_vwc,,1.0,-9.893244615306044,-8.032288058491003,-14.622069248653322,-14.152289680401843
41,2012-06-27,68,1,4,4,ridge_vwc,,1.0,-12.472382986190222,-8.801892289617859,-14.536154413407926,-13.962241404449347
41,2012-07-05,69,1,4,4,ridge_vwc,,1.0,-12.028670241841908,-9.29119256932756,-14.505196426625783,-14.347186770707898
41,2012-07-08,70,1,4,4,ridge_vwc,,1.0,-13.748748630293996,-9.894634362662554,-14.505455937731597,-14.239861867078691
41,2012-07-14,71,1,4,4,ridge_vwc,,1.0,-11.651468732388375,-9.450060398721016,-14.505387275833169,-14.31139574571939
41,2012-07-17,72,1,4,4,ridge_vwc,,1.0,-11.500314383218642,-8.561757537563716,-14.589432314980552,-14.647777550596198
61,2012-06-22,93,1,4,4,ridge_vwc,,1.0,-11.307138591209124,-10.699103847173708,-13.64920729198946,-12.583313213881546
61,2012-06-25,94,1,4,4,ridge_vwc,,1.0,-13.358854538113189,-12.281835560024907,-13.755904961844747,-12.160957610399063
61,2012-06-29,95,1,4,4,ridge_vwc,,1.0,-14.258735753179286,-12.929838363897248,-13.783022521827718,-12.3223473087716
61,2012-07-08,96,1,4,4,ridge_vwc,,1.0,-12.653243854103511,-10.41345274290406,-13.688476769021335,-12.178730047785093
61,2012-07-10,97,1,4,4,ridge_vwc,,1.0,-14.196530364341184,-11.545773452581232,-13.745778337632958,-11.97140975098306
61,2012-07-17,98,1,4,4,ridge_vwc,,1.0,-12.879880314149483,-11.29771365776737,-13.682470811050793,-12.32750257834621
61,2012-07-19,99,1,4,4,ridge_vwc,,1.0,-15.889663878319602,-12.719370404847758,-13.738585680783807,-12.121769020049314
102,2012-06-22,0,1,4,1,ridge_vwc,,100.0,-9.99305662822514,-8.79817877926706,-12.629394785562125,-11.40125816888825
102,2012-06-25,1,1,4,1,ridge_vwc,,100.0,-12.531601150465749,-11.66376412888952,-12.807385441346193,-11.709612774174111
102,2012-06-29,2,1,4,1,ridge_vwc,,100.0,-16.257897492533367,-15.208138461464548,-13.10050795845655,-12.194264456524193
102,2012-07-08,3,1,4,1,ridge_vwc,,100.0,-10.129457779827602,-9.071938641334588,-13.206866406257411,-12.329151024246652
102,2012-07-10,4,1,4,1,ridge_vwc,,100.0,-14.95434368762578,-14.112183043981709,-13.171841853823977,-12.271857834782201
102,2012-07-17,5,1,4,1,ridge_vwc,,100.0,-5.014295508188514,-4.452412337847899,-13.192739986229606,-12.267263938501547
102,2012-07-19,6,1,4,1,ridge_vwc,,100.0,-10.3251467740893,-11.06628687788346,-13.224843503177683,-12.319680146619891
103,2012-06-22,7,1,4,1,ridge_vwc,,100.0,-13.28404803220713,-14.50588749676858,-12.027009259933193,-10.57024633351454
103,2012-06-27,8,1,4,1,ridge_vwc,,100.0,-17.302172301136643,-16.600968273984137,-12.45221922857977,-11.300768723904188
103,2012-06-29,9,1,4,1,ridge_vwc,,100.0,-18.92242109331228,-19.84632772841422,-12.626557463536944,-11.594022109005456
103,2012-07-05,10,1,4,1,ridge_vwc,,100.0,-15.574795029478718,-16.124130866471255,-12.602216808979284,-11.529680184277042
103,2012-07-08,11,1,4,1,ridge_vwc,,100.0,-15.86824246394819,-13.95091862281008,-12.683198034677497,-11.663608726224735
103,2012-07-14,12,1,4,1,ridge_vwc,,100.0,-17.84275788106028,-18.72912571156667,-12.759487416633181,-11.743147304463756
103,2012-07-17,13,1,4,1,ridge_vwc,,100.0,-12.595339414809716,-16.21757943788777,-12.672096806591782,-11.600697709715627
111,2012-06-27,19,1,4,1,ridge_vwc,,100.0,-15.147228418373352,-9.881794018641486,-13.94466333719818,-13.319276178831604
111,2012-07-08,20,1,4,1,ridge_vwc,,100.0,-10.432732239997303,-7.011457229997938,-13.793936668528762,-12.979759821744311
111,2012-07-10,21,1,4,1,ridge_vwc,,100.0,-12.332899347459149,-7.340003351417149,-13.99102395155872,-13.307461647306754
111,2012-07-19,22,1,4,1,ridge_vwc,,100.0,-13.429778660777457,-11.904793601312772,-14.012436386715223,-13.282324891330752
112,2012-06-22,23,1,4,1,ridge_vwc,,100.0,-16.789512402971386,-18.984197687028864,-12.39103716433898,-11.203772755093395
112,2012-06-25,24,1,4,1,ridge_vwc,,100.0,-17.713046799178723,-19.529406845749364,-12.437098864267245,-11.282411090917076
112,2012-07-05,25,1,4,1,ridge_vwc,,100.0,-15.269240391706376,-15.832742511880692,-12.531610612423968,-11.392976530005496
112,2012-07-08,26,1,4,1,ridge_vwc,,100.0,-15.868211803986831,-15.9439617824927,-12.531096345572799,-11.392109498671246
52,2012-06-22,79,1,4,1,ridge_vwc,,100.0,-13.45495696239713,-15.738081907796053,-13.113380588958465,-12.240122356538793
52,2012-06-29,80,1,4,1,ridge_vwc,,100.0,-16.041356891502684,-16.29966966543719,-13.221876160198702,-12.402549339043652
52,2012-07-08,81,1,4,1,ridge_vwc,,100.0,-13.337191112994962,-11.304804238666236,-13.2569644394335,-12.325010406356395
52,2012-07-10,82,1,4,1,ridge_vwc,,100.0,-14.71139542756748,-12.827360988564674,-13.308146381710829,-12.40312761727549
52,2012-07-17,83,1,4,1,ridge_vwc,,100.0,-8.618950020440854,-7.762089915864024,-13.294533821211376,-12.15111372726362
52,2012-07-19,84,1,4,1,ridge_vwc,,100.0,-13.32401009971738,-12.996658395943411,-13.359588579212735,-12.252153890982923
21,2012-06-22,45,1,4,2,ridge_vwc,,100.0,-12.060684803223303,-12.00798502229204,-13.727560116426309,-12.89053535136666
21,2012-06-25,46,1,4,2,ridge_vwc,,100.0,-11.883841971912686,-12.210536948445432,-13.76832742118266,-12.93918912003876
21,2012-06-29,47,1,4,2,ridge_vwc,,100.0,-12.329567928959571,-12.661731465224886,-13.840640345088719,-13.015958764266767
21,2012-07-08,48,1,4,2,ridge_vwc,,100.0,-12.336402358206886,-12.252348442564678,-13.889513355126073,-13.074774605065246
21,2012-07-10,49,1,4,2,ridge_vwc,,100.0,-12.541026866239491,-12.812605872689588,-13.876223048902338,-13.059079776998384
21,2012-07-17,50,1,4,2,ridge_vwc,,100.0,-12.042182130233446,-11.668944707481812,-13.81308408302759,-12.968235189224712
22,2012-06-22,51,1,4,2,ridge_vwc,,100.0,-14.06874113337972,-14.071044446046743,-14.0194087602783,-13.051517830439362
22,2012-06-25,52,1,4,2,ridge_vwc,,100.0,-14.018031173978704,-14.77165243150176,-14.075513344707288,-13.118506677933667
22,2012-06-29,53,1,4,2,ridge_vwc,,100.0,-14.73472458342086,-15.474752085663306,-14.133155126907173,-13.191055420715784
22,2012-07-14,54,1,4,2,ridge_vwc,,100.0,-14.429262660073372,-14.834682689018504,-14.12343977850972,-13.16518264323287
22,2012-07-17,55,1,4,2,ridge_vwc,,100.0,-13.95505270639354,-12.9206874664521,-14.091157816196755,-13.12677720693084
72,2012-06-22,114,1,4,2,ridge_vwc,,100.0,-9.156246315375464,-7.121824880330802,-13.695124296694452,-13.090150133615964
72,2012-06-27,115,1,4,2,ridge_vwc,,100.0,-11.598774165532014,-9.739787261661805,-13.73323846896825,-13.075732497820571
72,2012-06-29,116,1,4,2,ridge_vwc,,100.0,-11.694497047916627,-10.620512155280064,-13.755921614254293,-13.101863663231356
72,2012-07-05,117,1,4,2,ridge_vwc,,100.0,-9.279994157479894,-6.1840522735730685,-13.654413226566266,-12.710170693590449
72,2012-07-08,118,1,4,2,ridge_vwc,,100.0,-7.434985480666953,-4.951473364462895,-13.636073833597404,-12.688623474687818
72,2012-07-14,119,1,4,2,ridge_vwc,,100.0,-11.38639094380066,-6.363423342248725,-13.746669037096273,-12.637009884615187
72,2012-07-17,120,1,4,2,ridge_vwc,,100.0,-7.896576091932785,-5.316371130913266,-13.701772847968812,-12.585159378057268
81,2012-06-22,121,1,4,2,ridge_vwc,,100.0,-9.587343732140498,-5.953072410726956,-13.85921972925978,-12.90602332068998
81,2012-06-27,122,1,4,2,ridge_vwc,,100.0,-13.63439663913034,-8.63444576538804,-13.94671739605628,-12.915115061733484
81,2012-07-17,123,1,4,2,ridge_vwc,,100.0,-8.981462326670332,-6.7381420816219775,-13.881351661069274,-12.985000300611187
91,2012-06-22,126,1,4,2,ridge_vwc,,100.0,-13.79430023004177,-12.721885004018873,-13.910250942246174,-12.569725491391928
91,2012-06-25,127,1,4,2,ridge_vwc,,100.0,-16.252064078644956,-15.095063986983767,-13.979402878887589,-12.650747735500874
91,2012-07-05,128,1,4,2,ridge_vwc,,100.0,-11.946673251406857,-15.864027780720509,-13.929747203851843,-12.688728959005267
91,2012-07-08,129,1,4,2,ridge_vwc,,100.0,-14.420474970996455,-14.377502817334353,-13.957094245597677,-12.72079633163776
91,2012-07-17,130,1,4,2,ridge_vwc,,100.0,-12.823625166801548,-13.726729371774091,-13.92136638836489,-12.80874879963048
91,2012-07-19,131,1,4,2,ridge_vwc,,100.0,-14.006013749198562,-15.882035691137462,-13.985356462716789,-12.883690516252681
11,2012-06-22,14,1,4,3,ridge_vwc,,100.0,-15.919724111874036,-17.420730792104454,-12.535010884892861,-10.90200179586385
11,2012-06-27,15,1,4,3,ridge_vwc,,100.0,-16.04746594426725,-17.275701316646803,-12.523235531406641,-10.868819988780587
11,2012-06-29,16,1,4,3,ridge_vwc,,100.0,-17.025781539812208,-18.04468787035671,-12.515277001445183,-10.846726866862154
11,2012-07-10,17,1,4,3,ridge_vwc,,100.0,-17.604639607278372,-17.842659591269815,-12.500790662403382,-10.8020713572554
11,2012-07-17,18,1,4,3,ridge_vwc,,100.0,-14.18453518805826,-15.072913856790963,-12.48708953358522,-10.747961862028088
113,2012-06-22,27,1,4,3,ridge_vwc,,100.0,-13.904265705279988,-12.764677230796163,-12.805380234943868,-11.208729312600191
113,2012-06-25,28,1,4,3,ridge_vwc,,100.0,-16.669071704883304,-15.628078749949356,-12.777127842773991,-11.133988778468492
113,2012-07-05,29,1,4,3,ridge_vwc,,100.0,-13.78856756792369,-13.696217585568537,-12.72794893862402,-10.99197692091328
113,2012-07-08,30,1,4,3,ridge_vwc,,100.0,-14.418687481499695,-13.97967004287996,-12.712692748807227,-10.95095538925227
113,2012-07-14,31,1,4,3,ridge_vwc,,100.0,-16.398165435484163,-15.965865563125584,-12.655047953716318,-10.777444195320518
113,2012-07-17,32,1,4,3,ridge_vwc,,100.0,-13.772013528373366,-13.330322847631932,-12.679182317140002,-10.842946145077837
32,2012-06-22,61,1,4,3,ridge_vwc,,100.0,-15.06141043899014,-15.128490659381375,-12.781180000069398,-10.766635224884105
32,2012-06-25,62,1,4,3,ridge_vwc,,100.0,-16.76615352729908,-16.21045729230626,-12.740980663940318,-10.660893866861374
32,2012-07-08,63,1,4,3,ridge_vwc,,100.0,-19.51691196321064,-18.66502996569921,-12.684684288879971,-10.53582093384848
32,2012-07-10,64,1,4,3,ridge_vwc,,100.0,-20.20667659920886,-19.288993971916742,-12.684502782444127,-10.535320375973821
32,2012-07-14,65,1,4,3,ridge_vwc,,100.0,-17.739515725707594,-17.16765829163566,-12.756016315003665,-10.728289990678807
32,2012-07-17,66,1,4,3,ridge_vwc,,100.0,-16.639945346572592,-14.987927440241748,-12.788404478978158,-10.814159838491662
54,2012-06-22,90,1,4,3,ridge_vwc,,100.0,-10.417640310145606,-12.93767695335395,-12.551007393454887,-10.808122278811384
54,2012-06-29,91,1,4,3,ridge_vwc,,100.0,-13.54880158174925,-13.941944979578206,-12.389455080848826,-10.29960154398482
54,2012-07-10,92,1,4,3,ridge_vwc,,100.0,-11.65562649391276,-9.922527219399468,-12.06565626501144,-9.256974693044137
62,2012-06-22,100,1,4,3,ridge_vwc,,100.0,-10.947069858107426,-10.084005244347887,-13.115384335445905,-12.762581792379612
62,2012-06-25,101,1,4,3,ridge_vwc,,100.0,-12.930932965823189,-11.69193923190518,-13.079955662849486,-12.663609572433353
62,2012-06-29,102,1,4,3,ridge_vwc,,100.0,-13.647540229966118,-12.451741540356156,-12.998714369773962,-12.404063458818225
62,2012-07-08,103,1,4,3,ridge_vwc,,100.0,-13.005404455519416,-9.79925558948652,-12.72833362308874,-11.527697445405026
62,2012-07-10,104,1,4,3,ridge_vwc,,100.0,-14.217439125925395,-11.423573357529008,-12.72160250687361,-11.508624414601034
62,2012-07-17,105,1,4,3,ridge_vwc,,100.0,-12.70807262304178,-10.388332622162803,-11.565536457576526,-7.772341065975638
62,2012-07-19,106,1,4,3,ridge_vwc,,100.0,-15.750405278939866,-14.123873702288767,-11.546348299286654,-7.718617100116667
13,2012-06-22,39,1,4,4,ridge_vwc,,100.0,-10.95121562728075,-10.836542679634643,-13.467503637107484,-12.999043761042822
13,2012-06-27,40,1,4,4,ridge_vwc,,100.0,-12.223609920228132,-12.934752148036708,-13.46050356571652,-12.99194347926801
13,2012-06-29,41,1,4,4,ridge_vwc,,100.0,-11.448270309198136,-11.2433082687523,-13.4185488184463,-12.876063083873161
13,2012-07-08,42,1,4,4,ridge_vwc,,100.0,-11.321650078114684,-11.1656550129835,-13.38682438954889,-12.79479142174611
13,2012-07-10,43,1,4,4,ridge_vwc,,100.0,-11.727868729384712,-11.935053682323652,-13.370035596596022,-12.748151871748407
13,2012-07-17,44,1,4,4,ridge_vwc,,100.0,-11.82663223841094,-11.483975197550755,-13.436432790735001,-12.924332520960409
31,2012-06-22,56,1,4,4,ridge_vwc,,100.0,-12.261406145930293,-7.675525079895581,-13.639652146637651,-13.428720606016096
31,2012-06-27,57,1,4,4,ridge_vwc,,100.0,-15.56720520685795,-10.869677151623607,-13.503211183118234,-12.857720317099714
31,2012-07-05,58,1,4,4,ridge_vwc,,100.0,-14.630903606681327,-11.607199044191669,-13.382716765201513,-12.668054639455459
31,2012-07-08,59,1,4,4,ridge_vwc,,100.0,-15.85527387686205,-13.88497530384446,-13.334620202652145,-12.5346889872728
31,2012-07-14,60,1,4,4,ridge_vwc,,100.0,-12.061582027927042,-8.958668222109942,-13.526310795320745,-12.997875559371701
41,2012-06-22,67,1,4,4,ridge_vwc,,100.0,-9.893244615306044,-8.032288058491003,-14.303207478679573,-13.942655002377329
41,2012-06-27,68,1,4,4,ridge_vwc,,100.0,-12.472382986190222,-8.801892289617859,-14.170927469640212,-13.592828427666468
41,2012-07-05,69,1,4,4,ridge_vwc,,100.0,-12.028670241841908,-9.29119256932756,-14.108253578296893,-13.660108033222684
41,2012-07-08,70,1,4,4,ridge_vwc,,100.0,-13.748748630293996,-9.894634362662554,-14.068792728691015,-13.55078402944404
41,2012-07-14,71,1,4,4,ridge_vwc,,100.0,-11.651468732388375,-9.450060398721016,-14.103759681189906,-13.636571374620155
41,2012-07-17,72,1,4,4,ridge_vwc,,100.0,-11.500314383218642,-8.561757537563716,-14.278810607487378,-14.11798620761919
61,2012-06-22,93,1,4,4,ridge_vwc,,100.0,-11.307138591209124,-10.699103847173708,-13.61627368238319,-12.732101858485128
61,2012-06-25,94,1,4,4,ridge_vwc,,100.0,-13.358854538113189,-12.281835560024907,-13.5249573786681,-12.474689868855467
61,2012-06-29,95,1,4,4,ridge_vwc,,100.0,-14.258735753179286,-12.929838363897248,-13.507796140086725,-12.545998756455328
61,2012-07-08,96,1,4,4,ridge_vwc,,100.0,-12.653243854103511,-10.41345274290406,-13.576720677345909,-12.510100295235361
61,2012-07-10,97,1,4,4,ridge_vwc,,100.0,-14.196530364341184,-11.545773452581232,-13.534879375481081,-12.391802742234763
61,2012-07-17,98,1,4,4,ridge_vwc,,100.0,-12.879880314149483,-11.29771365776737,-13.578437454150382,-12.578945854209897
61,2012-07-19,99,1,4,4,ridge_vwc,,100.0,-15.889663878319602,-12.719370404847758,-13.536463482694579,-12.460330282885359
102,2012-06-22,0,1,4,1,ridge_vwc,,10000.0,-9.99305662822514,-8.79817877926706,-13.313697120450449,-12.21665795360167
102,2012-06-25,1,1,4,1,ridge_vwc,,10000.0,-12.531601150465749,-11.66376412888952,-13.313122896964451,-12.216854799258869
102,2012-06-29,2,1,4,1,ridge_vwc,,10000.0,-16.257897492533367,-15.208138461464548,-13.31226860591551,-12.216958466905112
102,2012-07-08,3,1,4,1,ridge_vwc,,10000.0,-10.129457779827602,-9.071938641334588,-13.312129497013201,-12.21655309219154
102,2012-07-10,4,1,4,1,ridge_vwc,,10000.0,-14.95434368762578,-14.112183043981709,-13.312230536204677,-12.216538596066007
102,2012-07-17,5,1,4,1,ridge_vwc,,10000.0,-5.014295508188514,-4.452412337847899,-13.312335866807343,-12.216105731987561
102,2012-07-19,6,1,4,1,ridge_vwc,,10000.0,-10.3251467740893,-11.06628687788346,-13.31224360310719,-12.216118311838093
103,2012-06-22,7,1,4,1,ridge_vwc,,10000.0,-13.28404803220713,-14.50588749676858,-13.305452075684839,-12.204643712138202
103,2012-06-27,8,1,4,1,ridge_vwc,,10000.0,-17.302172301136643,-16.600968273984137,-13.304105250890125,-12.205051000915565
103,2012-06-29,9,1,4,1,ridge_vwc,,10000.0,-18.92242109331228,-19.84632772841422,-13.303573806025742,-12.205180964651024
103,2012-07-05,10,1,4,1,ridge_vwc,,10000.0,-15.574795029478718,-16.124130866471255,-13.303748118066064,-12.204895375664863
103,2012-07-08,11,1,4,1,ridge_vwc,,10000.0,-15.86824246394819,-13.95091862281008,-13.303509346902022,-12.2049393456138
103,2012-07-14,12,1,4,1,ridge_vwc,,10000.0,-17.84275788106028,-18.72912571156667,-13.303481985729633,-12.204458865613722
103,2012-07-17,13,1,4,1,ridge_vwc,,10000.0,-12.595339414809716,-16.21757943788777,-13.30373231044183,-12.204426306163557
111,2012-06-27,19,1,4,1,ridge_vwc,,10000.0,-15.147228418373352,-9.881794018641486,-13.325456429542895,-12.235518005294601
111,2012-07-08,20,1,4,1,ridge_vwc,,10000.0,-10.432732239997303,-7.011457229997938,-13.326284186186811,-12.23442052261107
111,2012-07-10,21,1,4,1,ridge_vwc,,10000.0,-12.332899347459149,-7.340003351417149,-13.325696880852096,-12.234540100994487
111,2012-07-19,22,1,4,1,ridge_vwc,,10000.0,-13.429778660777457,-11.904793601312772,-13.325891983524977,-12.233864394166034
112,2012-06-22,23,1,4,1,ridge_vwc,,10000.0,-16.789512402971386,-18.984197687028864,-13.303870285898787,-12.204937729680823
112,2012-06-25,24,1,4,1,ridge_vwc,,10000.0,-17.713046799178723,-19.529406845749364,-13.303725781815015,-12.20498036301686
112,2012-07-05,25,1,4,1,ridge_vwc,,10000.0,-15.269240391706376,-15.832742511880692,-13.303644608522173,-12.2044986384246
112,2012-07-08,26,1,4,1,ridge_vwc,,10000.0,-15.868211803986831,-15.9439617824927,-13.303646183205903,-12.20449824083044
52,2012-06-22,79,1,4,1,ridge_vwc,,10000.0,-13.45495696239713,-15.738081907796053,-13.310430586422942,-12.213540101243279
52,2012-06-29,80,1,4,1,ridge_vwc,,10000.0,-16.041356891502684,-16.29966966543719,-13.310177610721977,-12.213438044394886
52,2012-07-08,81,1,4,1,ridge_vwc,,10000.0,-13.337191112994962,-11.304804238666236,-13.310653071054023,-12.211913997850283
52,2012-07-10,82,1,4,1,ridge_vwc,,10000.0,-14.71139542756748,-12.827360988564674,-13.310525226412548,-12.211895025862457
52,2012-07-17,83,1,4,1,ridge_vwc,,10000.0,-8.618950020440854,-7.762089915864024,-13.311551617288096,-12.209239777509412
52,2012-07-19,84,1,4,1,ridge_vwc,,10000.0,-13.32401009971738,-12.996658395943411,-13.311382940409256,-12.209228193167135
21,2012-06-22,45,1,4,2,ridge_vwc,,10000.0,-12.060684803223303,-12.00798502229204,-13.886313286300231,-12.928512350359874
21,2012-06-25,46,1,4,2,ridge_vwc,,10000.0,-11.883841971912686,-12.210536948445432,-13.887118938003818,-12.929378190411002
21,2012-06-29,47,1,4,2,ridge_vwc,,10000.0,-12.329567928959571,-12.661731465224886,-13.888552274195426,-12.930746816251496
21,2012-07-08,48,1,4,2,ridge_vwc,,10000.0,-12.336402358206886,-12.252348442564678,-13.88951647163913,-12.931793165016856
21,2012-07-10,49,1,4,2,ridge_vwc,,10000.0,-12.541026866239491,-12.812605872689588,-13.88925418924307,-12.931513882803426
21,2012-07-17,50,1,4,2,ridge_vwc,,10000.0,-12.042182130233446,-11.668944707481812,-13.888016137626652,-12.929901586777536
22,2012-06-22,51,1,4,2,ridge_vwc,,10000.0,-14.06874113337972,-14.071044446046743,-13.891499478470415,-12.93109812291512
22,2012-06-25,52,1,4,2,ridge_vwc,,10000.0,-14.018031173978704,-14.77165243150176,-13.89260829578098,-12.93229025721803
22,2012-06-29,53,1,4,2,ridge_vwc,,10000.0,-14.73472458342086,-15.474752085663306,-13.893744853445277,-12.933580239644817
22,2012-07-14,54,1,4,2,ridge_vwc,,10000.0,-14.429262660073372,-14.834682689018504,-13.893560670415686,-12.9331236681254
22,2012-07-17,55,1,4,2,ridge_vwc,,10000.0,-13.95505270639354,-12.9206874664521,-13.89292297287764,-12.932440223063956
72,2012-06-22,114,1,4,2,ridge_vwc,,10000.0,-9.156246315375464,-7.121824880330802,-13.886172597082963,-12.932855682358142
72,2012-06-27,115,1,4,2,ridge_vwc,,10000.0,-11.598774165532014,-9.739787261661805,-13.886954584977698,-12.932614704853496
72,2012-06-29,116,1,4,2,ridge_vwc,,10000.0,-11.694497047916627,-10.620512155280064,-13.887400802566845,-12.93307960861722
72,2012-07-05,117,1,4,2,ridge_vwc,,10000.0,-9.279994157479894,-6.1840522735730685,-13.885548166976614,-12.926182974029938
72,2012-07-08,118,1,4,2,ridge_vwc,,10000.0,-7.434985480666953,-4.951473364462895,-13.885186481988374,-12.925799566052323
72,2012-07-14,119,1,4,2,ridge_vwc,,10000.0,-11.38639094380066,-6.363423342248725,-13.88746151595278,-12.924929045675912
72,2012-07-17,120,1,4,2,ridge_vwc,,10000.0,-7.896576091932785,-5.316371130913266,-13.886578045400677,-12.924006547085646
81,2012-06-22,121,1,4,2,ridge_vwc,,10000.0,-9.587343732140498,-5.953072410726956,-13.889098489935947,-12.929257729276463
81,2012-06-27,122,1,4,2,ridge_vwc,,10000.0,-13.63439663913034,-8.63444576538804,-13.890873128122895,-12.92944430525138
81,2012-07-17,123,1,4,2,ridge_vwc,,10000.0,-8.981462326670332,-6.7381420816219775,-13.889506670243845,-12.930648928925576
91,2012-06-22,126,1,4,2,ridge_vwc,,10000.0,-13.79430023004177,-12.721885004018873,-13.890139448533434,-12.92241243161106
91,2012-06-25,127,1,4,2,ridge_vwc,,10000.0,-16.252064078644956,-15.095063986983767,-13.891502754200538,-12.923854098777316
91,2012-07-05,128,1,4,2,ridge_vwc,,10000.0,-11.946673251406857,-15.864027780720509,-13.890472507134728,-12.924504359179513
91,2012-07-08,129,1,4,2,ridge_vwc,,10000.0,-14.420474970996455,-14.377502817334353,-13.891011701139783,-12.925074952664149
91,2012-07-17,130,1,4,2,ridge_vwc,,10000.0,-12.823625166801548,-13.726729371774091,-13.890237572737488,-12.926605355667952
91,2012-07-19,131,1,4,2,ridge_vwc,,10000.0,-14.006013749198562,-15.882035691137462,-13.891499042993525,-12.92793882470699
11,2012-06-22,14,1,4,3,ridge_vwc,,10000.0,-15.919724111874036,-17.420730792104454,-12.917580281362314,-11.845314756340466
11,2012-06-27,15,1,4,3,ridge_vwc,,10000.0,-16.04746594426725,-17.275701316646803,-12.917230620365794,-11.844315663003963
11,2012-06-29,16,1,4,3,ridge_vwc,,10000.0,-17.025781539812208,-18.04468787035671,-12.916979277106059,-11.843604123730302
11,2012-07-10,17,1,4,3,ridge_vwc,,10000.0,-17.604639607278372,-17.842659591269815,-12.916673302983614,-11.842667595915636
11,2012-07-17,18,1,4,3,ridge_vwc,,10000.0,-14.18453518805826,-15.072913856790963,-12.916793225344025,-11.84275142931634
113,2012-06-22,27,1,4,3,ridge_vwc,,10000.0,-13.904265705279988,-12.764677230796163,-12.923994368648481,-11.856042801752386
113,2012-06-25,28,1,4,3,ridge_vwc,,10000.0,-16.669071704883304,-15.628078749949356,-12.923070188466086,-11.853460334335331
113,2012-07-05,29,1,4,3,ridge_vwc,,10000.0,-13.78856756792369,-13.696217585568537,-12.921790440129328,-11.849727966140073
113,2012-07-08,30,1,4,3,ridge_vwc,,10000.0,-14.418687481499695,-13.97967004287996,-12.92129711428349,-11.848343587651248
113,2012-07-14,31,1,4,3,ridge_vwc,,10000.0,-16.398165435484163,-15.965865563125584,-12.91998122930151,-11.844393159951673
113,2012-07-17,32,1,4,3,ridge_vwc,,10000.0,-13.772013528373366,-13.330322847631932,-12.920756375867281,-11.846573838227211
32,2012-06-22,61,1,4,3,ridge_vwc,,10000.0,-15.06141043899014,-15.128490659381375,-12.92464631724012,-11.851164699513316
32,2012-06-25,62,1,4,3,ridge_vwc,,10000.0,-16.76615352729908,-16.21045729230626,-12.92332610399991,-11.847480935418552
32,2012-07-08,63,1,4,3,ridge_vwc,,10000.0,-19.51691196321064,-18.66502996569921,-12.920712757755648,-11.840516891749541
32,2012-07-10,64,1,4,3,ridge_vwc,,10000.0,-20.20667659920886,-19.288993971916742,-12.920706996848311,-11.84050061328681
32,2012-07-14,65,1,4,3,ridge_vwc,,10000.0,-17.739515725707594,-17.16765829163566,-12.923021775211815,-11.847000535274924
32,2012-07-17,66,1,4,3,ridge_vwc,,10000.0,-16.639945346572592,-14.987927440241748,-12.924079613463533,-11.849958155404465
54,2012-06-22,90,1,4,3,ridge_vwc,,10000.0,-10.417640310145606,-12.93767695335395,-12.917953683981446,-11.844050765350174
54,2012-06-29,91,1,4,3,ridge_vwc,,10000.0,-13.54880158174925,-13.941944979578206,-12.914928352426733,-11.834527949713898
54,2012-07-10,92,1,4,3,ridge_vwc,,10000.0,-11.65562649391276,-9.922527219399468,-12.909665907797807,-11.81733828615822
62,2012-06-22,100,1,4,3,ridge_vwc,,10000.0,-10.947069858107426,-10.084005244347887,-12.927518509905932,-11.876166064161412
62,2012-06-25,101,1,4,3,ridge_vwc,,10000.0,-12.930932965823189,-11.69193923190518,-12.926404990381679,-11.873008052728329
62,2012-06-29,102,1,4,3,ridge_vwc,,10000.0,-13.647540229966118,-12.451741540356156,-12.925001297038927,-11.868495184993314
62,2012-07-08,103,1,4,3,ridge_vwc,,10000.0,-13.005404455519416,-9.79925558948652,-12.920830134835123,-11.854674924701236
62,2012-07-10,104,1,4,3,ridge_vwc,,10000.0,-14.217439125925395,-11.423573357529008,-12.920620906477899,-11.854079058433543
62,2012-07-17,105,1,4,3,ridge_vwc,,10000.0,-12.70807262304178,-10.388332622162803,-12.902335311429963,-11.793903708326852
62,2012-07-19,106,1,4,3,ridge_vwc,,10000.0,-15.750405278939866,-14.123873702288767,-12.901733273613699,-11.79219517927235
13,2012-06-22,39,1,4,4,ridge_vwc,,10000.0,-10.95121562728075,-10.836542679634643,-13.655807916593231,-13.027276126131577
13,2012-06-27,40,1,4,4,ridge_vwc,,10000.0,-12.223609920228132,-12.934752148036708,-13.655520386331874,-13.02685024647656
13,2012-06-29,41,1,4,4,ridge_vwc,,10000.0,-11.448270309198136,-11.2433082687523,-13.653569941006365,-13.022667018171903
13,2012-07-08,42,1,4,4,ridge_vwc,,10000.0,-11.321650078114684,-11.1656550129835,-13.652116317445127,-13.019651181676869
13,2012-07-10,43,1,4,4,ridge_vwc,,10000.0,-11.727868729384712,-11.935053682323652,-13.651336347666142,-13.017976584188347
13,2012-07-17,44,1,4,4,ridge_vwc,,10000.0,-11.82663223841094,-11.483975197550755,-13.654397602400904,-13.024424110824267
31,2012-06-22,56,1,4,4,ridge_vwc,,10000.0,-12.261406145930293,-7.675525079895581,-13.664273549779747,-13.044447326603256
31,2012-06-27,57,1,4,4,ridge_vwc,,10000.0,-15.56720520685795,-10.869677151623607,-13.657308607436114,-13.026444703933885
31,2012-07-05,58,1,4,4,ridge_vwc,,10000.0,-14.630903606681327,-11.607199044191669,-13.652147783609001,-13.017603902743696
31,2012-07-08,59,1,4,4,ridge_vwc,,10000.0,-15.85527387686205,-13.88497530384446,-13.649912837280223,-13.012807083505125
31,2012-07-14,60,1,4,4,ridge_vwc,,10000.0,-12.061582027927042,-8.958668222109942,-13.658622444966886,-13.030459501023293
41,2012-06-22,67,1,4,4,ridge_vwc,,10000.0,-9.893244615306044,-8.032288058491003,-13.674842770764334,-13.051464971631976
41,2012-06-27,68,1,4,4,ridge_vwc,,10000.0,-12.472382986190222,-8.801892289617859,-13.668728939161854,-13.038572490051493
41,2012-07-05,69,1,4,4,ridge_vwc,,10000.0,-12.028670241841908,-9.29119256932756,-13.66656248457155,-13.037679598500695
41,2012-07-08,70,1,4,4,ridge_vwc,,10000.0,-13.748748630293996,-9.894634362662554,-13.664728632677669,-13.033744266840927
41,2012-07-14,71,1,4,4,ridge_vwc,,10000.0,-11.651468732388375,-9.450060398721016,-13.666319030673776,-13.03698381942451
41,2012-07-17,72,1,4,4,ridge_vwc,,10000.0,-11.500314383218642,-8.561757537563716,-13.674461121715796,-13.05443301554658
61,2012-06-22,93,1,4,4,ridge_vwc,,10000.0,-11.307138591209124,-10.699103847173708,-13.654176241079933,-13.015131621287104
61,2012-06-25,94,1,4,4,ridge_vwc,,10000.0,-13.358854538113189,-12.281835560024907,-13.649941248091897,-13.006014670715349
61,2012-06-29,95,1,4,4,ridge_vwc,,10000.0,-14.258735753179286,-12.929838363897248,-13.649520865597378,-13.006981776634705
61,2012-07-08,96,1,4,4,ridge_vwc,,10000.0,-12.653243854103511,-10.41345274290406,-13.65199508703313,-13.008707437879353
61,2012-07-10,97,1,4,4,ridge_vwc,,10000.0,-14.196530364341184,-11.545773452581232,-13.65005529681901,-13.004529224892577
61,2012-07-17,98,1,4,4,ridge_vwc,,10000.0,-12.879880314149483,-11.29771365776737,-13.652273870275888,-13.01030582398045
61,2012-07-19,99,1,4,4,ridge_vwc,,10000.0,-15.889663878319602,-12.719370404847758,-13.650327816927645,-13.006114494408147
102,2012-06-22,0,1,5,1,ridge,,0.0001,-9.99305662822514,-8.79817877926706,-13.018510173851316,-11.313532153499951
102,2012-06-25,1,1,5,1,ridge,,0.0001,-12.531601150465749,-11.66376412888952,-13.090162571624056,-11.703348973554336
102,2012-06-29,2,1,5,1,ridge,,0.0001,-16.257897492533367,-15.208138461464548,-12.86335235979116,-11.914779828856075
102,2012-07-08,3,1,5,1,ridge,,0.0001,-10.129457779827602,-9.071938641334588,-12.621887926268887,-11.776923522264402
102,2012-07-10,4,1,5,1,ridge,,0.0001,-14.95434368762578,-14.112183043981709,-12.726139185242412,-11.845603618266459
102,2012-07-17,5,1,5,1,ridge,,0.0001,-5.014295508188514,-4.452412337847899,-12.702218788743496,-11.83079949155788
102,2012-07-19,6,1,5,1,ridge,,0.0001,-10.3251467740893,-11.06628687788346,-12.603208478837482,-11.763604777919804
111,2012-06-27,19,1,5,1,ridge,,0.0001,-15.147228418373352,-9.881794018641486,-12.836814243415695,-12.301827062021502
111,2012-07-08,20,1,5,1,ridge,,0.0001,-10.432732239997303,-7.011457229997938,-13.179183855812328,-12.419814066337821
111,2012-07-10,21,1,5,1,ridge,,0.0001,-12.332899347459149,-7.340003351417149,-12.778127503997746,-12.26131479570333
111,2012-07-19,22,1,5,1,ridge,,0.0001,-13.429778660777457,-11.904793601312772,-12.770290713495976,-12.255693391233832
112,2012-06-22,23,1,5,1,ridge,,0.0001,-16.789512402971386,-18.984197687028864,-12.577865322107787,-10.969995083094785
112,2012-06-25,24,1,5,1,ridge,,0.0001,-17.713046799178723,-19.529406845749364,-12.555843325974033,-11.021043231518334
112,2012-07-05,25,1,5,1,ridge,,0.0001,-15.269240391706376,-15.832742511880692,-12.483765547654299,-11.066591382780395
112,2012-07-08,26,1,5,1,ridge,,0.0001,-15.868211803986831,-15.9439617824927,-12.484394203432698,-11.06649167427605
32,2012-06-22,61,1,5,1,ridge,,0.0001,-15.06141043899014,-15.128490659381375,-15.379560098840113,-15.266021172431424
32,2012-06-25,62,1,5,1,ridge,,0.0001,-16.76615352729908,-16.21045729230626,-15.383146139756617,-15.511905690492352
32,2012-07-08,63,1,5,1,ridge,,0.0001,-19.51691196321064,-18.66502996569921,-14.65559060049003,-15.243245550785925
32,2012-07-10,64,1,5,1,ridge,,0.0001,-20.20667659920886,-19.288993971916742,-14.652737515967349,-15.240805832567721
32,2012-07-14,65,1,5,1,ridge,,0.0001,-17.739515725707594,-17.16765829163566,-15.30141109615002,-15.609573619125436
32,2012-07-17,66,1,5,1,ridge,,0.0001,-16.639945346572592,-14.987927440241748,-15.382320783114647,-15.515144874448575
61,2012-06-22,93,1,5,1,ridge,,0.0001,-11.307138591209124,-10.699103847173708,-12.847423030316644,-12.18188151083015
61,2012-06-25,94,1,5,1,ridge,,0.0001,-13.358854538113189,-12.281835560024907,-12.119205405374888,-11.514797597360896
61,2012-06-29,95,1,5,1,ridge,,0.0001,-14.258735753179286,-12.929838363897248,-11.92758077714891,-11.320735905782021
61,2012-07-08,96,1,5,1,ridge,,0.0001,-12.653243854103511,-10.41345274290406,-12.58427838823134,-11.958450516488455
61,2012-07-10,97,1,5,1,ridge,,0.0001,-14.196530364341184,-11.545773452581232,-12.216626129012164,-11.61133719431748
61,2012-07-17,98,1,5,1,ridge,,0.0001,-12.879880314149483,-11.29771365776737,-12.60017120023246,-11.972676804127438
61,2012-07-19,99,1,5,1,ridge,,0.0001,-15.889663878319602,-12.719370404847758,-12.236880691979076,-11.631205869268905
103,2012-06-22,7,1,5,2,ridge,,0.0001,-13.28404803220713,-14.50588749676858,-13.426213169002617,-12.923182059861773
103,2012-06-27,8,1,5,2,ridge,,0.0001,-17.302172301136643,-16.600968273984137,-12.604131555554549,-12.260058455837914
103,2012-06-29,9,1,5,2,ridge,,0.0001,-18.92242109331228,-19.84632772841422,-12.277459960447851,-11.823757023333549
103,2012-07-05,10,1,5,2,ridge,,0.0001,-15.574795029478718,-16.124130866471255,-12.336242480904803,-11.91589579208848
103,2012-07-08,11,1,5,2,ridge,,0.0001,-15.86824246394819,-13.95091862281008,-12.187728624688477,-11.667464549036474
103,2012-07-14,12,1,5,2,ridge,,0.0001,-17.84275788106028,-18.72912571156667,-12.076270099033964,-11.440290432054896
103,2012-07-17,13,1,5,2,ridge,,0.0001,-12.595339414809716,-16.21757943788777,-12.233607977894472,-11.749940749301066
21,2012-06-22,45,1,5,2,ridge,,0.0001,-12.060684803223303,-12.00798502229204,-13.754168963456925,-13.719236079070503
21,2012-06-25,46,1,5,2,ridge,,0.0001,-11.883841971912686,-12.210536948445432,-13.651185984112736,-13.593212213444197
21,2012-06-29,47,1,5,2,ridge,,0.0001,-12.329567928959571,-12.661731465224886,-13.469476852392093,-13.328440875838197
21,2012-07-08,48,1,5,2,ridge,,0.0001,-12.336402358206886,-12.252348442564678,-13.348601619927603,-13.111612932363842
21,2012-07-10,49,1,5,2,ridge,,0.0001,-12.541026866239491,-12.812605872689588,-13.38134670953062,-13.174318563942634
21,2012-07-17,50,1,5,2,ridge,,0.0001,-12.042182130233446,-11.668944707481812,-13.537280356070289,-13.434599759337521
31,2012-06-22,56,1,5,2,ridge,,0.0001,-12.261406145930293,-7.675525079895581,-12.529260515845234,-11.860351991911351
31,2012-06-27,57,1,5,2,ridge,,0.0001,-15.56720520685795,-10.869677151623607,-12.149848655144087,-11.517952479734166
31,2012-07-05,58,1,5,2,ridge,,0.0001,-14.630903606681327,-11.607199044191669,-11.826596673197228,-11.10341638069523
31,2012-07-08,59,1,5,2,ridge,,0.0001,-15.85527387686205,-13.88497530384446,-11.699217282097745,-10.88658186334771
31,2012-07-14,60,1,5,2,ridge,,0.0001,-12.061582027927042,-8.958668222109942,-12.21443496364494,-11.584581114756121
41,2012-06-22,67,1,5,2,ridge,,0.0001,-9.893244615306044,-8.032288058491003,-15.63541524568119,-15.908374534207102
41,2012-06-27,68,1,5,2,ridge,,0.0001,-12.472382986190222,-8.801892289617859,-15.273727011301876,-15.532054478608803
41,2012-07-05,69,1,5,2,ridge,,0.0001,-12.028670241841908,-9.29119256932756,-15.109290553538603,-15.305024474403815
41,2012-07-08,70,1,5,2,ridge,,0.0001,-13.748748630293996,-9.894634362662554,-15.00449792720353,-15.132512301731886
41,2012-07-14,71,1,5,2,ridge,,0.0001,-11.651468732388375,-9.450060398721016,-15.097104670178261,-15.28622876889413
41,2012-07-17,72,1,5,2,ridge,,0.0001,-11.500314383218642,-8.561757537563716,-15.572499045659065,-15.851810657840373
54,2012-06-22,90,1,5,2,ridge,,0.0001,-10.417640310145606,-12.93767695335395,-11.63619601177005,-10.204105627179851
54,2012-06-29,91,1,5,2,ridge,,0.0001,-13.54880158174925,-13.941944979578206,-11.475379708211385,-9.772082684272169
54,2012-07-10,92,1,5,2,ridge,,0.0001,-11.65562649391276,-9.922527219399468,-11.461345464085227,-9.726661549301149
113,2012-06-22,27,1,5,3,ridge,,0.0001,-13.904265705279988,-12.764677230796163,-13.591423831596632,-12.268134932712005
113,2012-06-25,28,1,5,3,ridge,,0.0001,-16.669071704883304,-15.628078749949356,-13.726974065174007,-12.411953130940649
113,2012-07-05,29,1,5,3,ridge,,0.0001,-13.78856756792369,-13.696217585568537,-13.765825068628093,-12.502045499391354
113,2012-07-08,30,1,5,3,ridge,,0.0001,-14.418687481499695,-13.97967004287996,-13.731638961704993,-12.516494090008095
113,2012-07-14,31,1,5,3,ridge,,0.0001,-16.398165435484163,-15.965865563125584,-13.578867202183893,-12.481249944953502
113,2012-07-17,32,1,5,3,ridge,,0.0001,-13.772013528373366,-13.330322847631932,-13.731646275821268,-12.516493878393222
22,2012-06-22,51,1,5,3,ridge,,0.0001,-14.06874113337972,-14.071044446046743,-15.371032789159672,-14.457502896142168
22,2012-06-25,52,1,5,3,ridge,,0.0001,-14.018031173978704,-14.77165243150176,-15.431354123464375,-14.541241713104109
22,2012-06-29,53,1,5,3,ridge,,0.0001,-14.73472458342086,-15.474752085663306,-15.42688801743951,-14.588556091317168
22,2012-07-14,54,1,5,3,ridge,,0.0001,-14.429262660073372,-14.834682689018504,-15.43300637260479,-14.584001014765104
22,2012-07-17,55,1,5,3,ridge,,0.0001,-13.95505270639354,-12.9206874664521,-15.43762831197434,-14.55868730995162
72,2012-06-22,114,1,5,3,ridge,,0.0001,-9.156246315375464,-7.121824880330802,-12.323083070436287,-12.024073655690568
72,2012-06-27,115,1,5,3,ridge,,0.0001,-11.598774165532014,-9.739787261661805,-12.004161627006738,-11.872982170634721
72,2012-06-29,116,1,5,3,ridge,,0.0001,-11.694497047916627,-10.620512155280064,-11.759448626040534,-11.750367988657425
72,2012-07-05,117,1,5,3,ridge,,0.0001,-9.279994157479894,-6.1840522735730685,-12.505775846926031,-12.102275971274434
72,2012-07-08,118,1,5,3,ridge,,0.0001,-7.434985480666953,-4.951473364462895,-12.584942574834024,-12.132400329730432
72,2012-07-14,119,1,5,3,ridge,,0.0001,-11.38639094380066,-6.363423342248725,-11.73246727149823,-11.736608439064875
72,2012-07-17,120,1,5,3,ridge,,0.0001,-7.896576091932785,-5.316371130913266,-12.180168433774167,-11.957983485409123
81,2012-06-22,121,1,5,3,ridge,,0.0001,-9.587343732140498,-5.953072410726956,-13.611573248130682,-13.026577739885084
81,2012-06-27,122,1,5,3,ridge,,0.0001,-13.63439663913034,-8.63444576538804,-13.098670797569753,-12.806288729495229
81,2012-07-17,123,1,5,3,ridge,,0.0001,-8.981462326670332,-6.7381420816219775,-13.531838430552206,-12.998251747102694
91,2012-06-22,126,1,5,3,ridge,,0.0001,-13.79430023004177,-12.721885004018873,-15.12417624808062,-14.757424644973247
91,2012-06-25,127,1,5,3,ridge,,0.0001,-16.252064078644956,-15.095063986983767,-14.761992416148123,-14.606813270972225
91,2012-07-05,128,1,5,3,ridge,,0.0001,-11.946673251406857,-15.864027780720509,-15.057878884320887,-14.733679856547742
91,2012-07-08,129,1,5,3,ridge,,0.0001,-14.420474970996455,-14.377502817334353,-14.922011551940296,-14.678399869608313
91,2012-07-17,130,1,5,3,ridge,,0.0001,-12.823625166801548,-13.726729371774091,-15.104595645866775,-14.750725793241344
91,2012-07-19,131,1,5,3,ridge,,0.0001,-14.006013749198562,-15.882035691137462,-14.760235981379253,-14.606000991414904
12,2012-06-22,33,1,5,4,ridge,,0.0001,-12.945592837955164,-13.621175265774452,-14.42621462584429,-12.819086526771775
12,2012-06-27,34,1,5,4,ridge,,0.0001,-12.863896772641066,-14.252905240550222,-14.347070448923288,-12.57128553502679
12,2012-06-29,35,1,5,4,ridge,,0.0001,-14.492924226367006,-14.921340450348202,-14.384033787585128,-12.686948342763602
12,2012-07-08,36,1,5,4,ridge,,0.0001,-14.914279673093365,-14.773522086284936,-14.286186433558642,-12.380987352315799
12,2012-07-10,37,1,5,4,ridge,,0.0001,-15.09795788808382,-15.53251252603237,-14.372450823396061,-12.650691817318739
12,2012-07-17,38,1,5,4,ridge,,0.0001,-13.089522506330766,-13.652175532794685,-14.47518668230821,-12.97274995343739
42,2012-06-22,73,1,5,4,ridge,,0.0001,-14.561620721902148,-14.201966799335745,-14.15533737499388,-13.110554794129373
42,2012-06-25,74,1,5,4,ridge,,0.0001,-16.153608446963226,-15.565011635602495,-14.244744365265039,-13.376014957992414
42,2012-07-08,75,1,5,4,ridge,,0.0001,-17.86890291137946,-17.776520095428644,-14.267229339394753,-13.41329759816864
42,2012-07-10,76,1,5,4,ridge,,0.0001,-18.21143906581935,-18.30617756824163,-14.062138487743459,-12.764922058877925
42,2012-07-14,77,1,5,4,ridge,,0.0001,-16.095384428093947,-16.335096559717847,-14.3072734738952,-13.556632334085577
42,2012-07-17,78,1,5,4,ridge,,0.0001,-14.801847473829469,-15.583307282953209,-14.133076286461629,-13.044068714550779
53,2012-06-22,85,1,5,4,ridge,,0.0001,-11.59685403803788,-14.890521382506938,-13.09729040155672,-11.409463049508986
53,2012-06-29,86,1,5,4,ridge,,0.0001,-14.273258986856678,-15.844986252295593,-12.939208029116742,-10.905324823436992
53,2012-07-08,87,1,5,4,ridge,,0.0001,-11.837654265802229,-9.263246005952729,-12.853185812419804,-10.635034529774506
53,2012-07-10,88,1,5,4,ridge,,0.0001,-13.121221982705292,-10.563549725135724,-12.76639186731764,-10.363225845163852
53,2012-07-19,89,1,5,4,ridge,,0.0001,-9.430559470207992,-7.124290756308986,-12.757761538765953,-10.3362338948055
71,2012-06-22,107,1,5,4,ridge,,0.0001,-9.441352711283985,-15.826503794261775,-12.530022251546514,-10.567804519785057
71,2012-06-27,108,1,5,4,ridge,,0.0001,-11.830891628824627,-14.88965576948976,-12.429999048105266,-10.254933010238654
71,2012-06-29,109,1,5,4,ridge,,0.0001,-11.77120523725996,-14.980783625920942,-12.334624276140008,-9.957187230227074
71,2012-07-05,110,1,5,4,ridge,,0.0001,-9.126432085488725,-7.106911469422197,-12.539575662344244,-10.5977309760565
71,2012-07-08,111,1,5,4,ridge,,0.0001,-8.240456830553434,-5.994288299384496,-12.555832672710757,-10.64867799715413
71,2012-07-14,112,1,5,4,ridge,,0.0001,-12.231283617180784,-7.335724658361975,-12.332257529754992,-9.949804258243532
71,2012-07-17,113,1,5,4,ridge,,0.0001,-7.863112808923288,-5.020162935449686,-12.66683113878854,-10.997489254417285
83,2012-06-29,124,1,5,4,ridge,,0.0001,-13.150595982099484,-13.185851612534412,-14.635677408418495,-12.713003646794647
83,2012-07-14,125,1,5,4,ridge,,0.0001,-10.781364360016564,-10.279583356930988,-14.6695835089861,-12.819129015814394
102,2012-06-22,0,1,5,1,ridge,,0.01,-9.99305662822514,-8.79817877926706,-13.024639238573052,-11.321057771910459
102,2012-06-25,1,1,5,1,ridge,,0.01,-12.531601150465749,-11.66376412888952,-13.091061744863868,-11.704512936427285
102,2012-06-29,2,1,5,1,ridge,,0.01,-16.257897492533367,-15.208138461464548,-12.8600578500914,-11.910820299001195
102,2012-07-08,3,1,5,1,ridge,,0.01,-10.129457779827602,-9.071938641334588,-12.61933896255292,-11.773852748474942
102,2012-07-10,4,1,5,1,ridge,,0.01,-14.95434368762578,-14.112183043981709,-12.723136824234926,-11.84198901622987
102,2012-07-17,5,1,5,1,ridge,,0.01,-5.014295508188514,-4.452412337847899,-12.69930675769121,-11.827292988982203
102,2012-07-19,6,1,5,1,ridge,,0.01,-10.3251467740893,-11.06628687788346,-12.600755293051984,-11.760649147227253
111,2012-06-27,19,1,5,1,ridge,,0.01,-15.147228418373352,-9.881794018641486,-12.833393098592035,-12.297677446522075
111,2012-07-08,20,1,5,1,ridge,,0.01,-10.432732239997303,-7.011457229997938,-13.175817819158974,-12.415758383000597
111,2012-07-10,21,1,5,1,ridge,,0.01,-12.332899347459149,-7.340003351417149,-12.77498814683912,-12.257503649598728
111,2012-07-19,22,1,5,1,ridge,,0.01,-13.429778660777457,-11.904793601312772,-12.76719202210668,-12.251931140421652
112,2012-06-22,23,1,5,1,ridge,,0.01,-16.789512402971386,-18.984197687028864,-12.5766488346182,-10.968614340646383
112,2012-06-25,24,1,5,1,ridge,,0.01,-17.713046799178723,-19.529406845749364,-12.553781543689263,-11.018631635744043
112,2012-07-05,25,1,5,1,ridge,,0.01,-15.269240391706376,-15.832742511880692,-12.480681737688704,-11.062929841456857
112,2012-07-08,26,1,5,1,ridge,,0.01,-15.868211803986831,-15.9439617824927,-12.48131503599339,-11.062835834403389
32,2012-06-22,61,1,5,1,ridge,,0.01,-15.06141043899014,-15.128490659381375,-15.383667732551187,-15.270959443011126
32,2012-06-25,62,1,5,1,ridge,,0.01,-16.76615352729908,-16.21045729230626,-15.383742372418848,-15.51256919220231
32,2012-07-08,63,1,5,1,ridge,,0.01,-19.51691196321064,-18.66502996569921,-14.656327125418098,-15.244022820155482
32,2012-07-10,64,1,5,1,ridge,,0.01,-20.20667659920886,-19.288993971916742,-14.653494489872529,-15.241607774435813
32,2012-07-14,65,1,5,1,ridge,,0.01,-17.739515725707594,-17.16765829163566,-15.300187782303164,-15.608015457403772
32,2012-07-17,66,1,5,1,ridge,,0.01,-16.639945346572592,-14.987927440241748,-15.382866300734435,-15.515746567059358
61,2012-06-22,93,1,5,1,ridge,,0.01,-11.307138591209124,-10.699103847173708,-12.846074252239044,-12.180244875349022
61,2012-06-25,94,1,5,1,ridge,,0.01,-13.358854538113189,-12.281835560024907,-12.123712986056134,-11.52023385708008
61,2012-06-29,95,1,5,1,ridge,,0.01,-14.258735753179286,-12.929838363897248,-11.933895325886526,-11.32835708558968
61,2012-07-08,96,1,5,1,ridge,,0.01,-12.653243854103511,-10.41345274290406,-12.584792853794006,-11.959061708686963
61,2012-07-10,97,1,5,1,ridge,,0.01,-14.196530364341184,-11.545773452581232,-12.220245493437258,-11.615699708240959
61,2012-07-17,98,1,5,1,ridge,,0.01,-12.879880314149483,-11.29771365776737,-12.600562625695089,-11.973139443713315
61,2012-07-19,99,1,5,1,ridge,,0.01,-15.889663878319602,-12.719370404847758,-12.240318298719714,-11.635348685200517
103,2012-06-22,7,1,5,2,ridge,,0.01,-13.28404803220713,-14.50588749676858,-13.426024613702982,-12.930305066597152
103,2012-06-27,8,1,5,2,ridge,,0.01,-17.302172301136643,-16.600968273984137,-12.60430466746949,-12.259274454093225
103,2012-06-29,9,1,5,2,ridge,,0.01,-18.92242109331228,-19.84632772841422,-12.27766115380812,-11.821863150558247
103,2012-07-05,10,1,5,2,ridge,,0.01,-15.574795029478718,-16.124130866471255,-12.336447741751806,-11.91404135021887
103,2012-07-08,11,1,5,2,ridge,,0.01,-15.86824246394819,-13.95091862281008,-12.1879131407794,-11.665694452778279
103,2012-07-14,12,1,5,2,ridge,,0.01,-17.84275788106028,-18.72912571156667,-12.07641179089109,-11.43906261970467
103,2012-07-17,13,1,5,2,ridge,,0.01,-12.595339414809716,-16.21757943788777,-12.233802737082765,-11.748077208692205
21,2012-06-22,45,1,5,2,ridge,,0.01,-12.060684803223303,-12.00798502229204,-13.754195529701907,-13.718133124201698
21,2012-06-25,46,1,5,2,ridge,,0.01,-11.883841971912686,-12.210536948445432,-13.651229112100424,-13.591623894212997
21,2012-06-29,47,1,5,2,ridge,,0.01,-12.329567928959571,-12.661731465224886,-13.46952082371491,-13.326494882720212
21,2012-07-08,48,1,5,2,ridge,,0.01,-12.336402358206886,-12.252348442564678,-13.348618916655832,-13.109907644172008
21,2012-07-10,49,1,5,2,ridge,,0.01,-12.541026866239491,-12.812605872689588,-13.381373887098507,-13.172501415611741
21,2012-07-17,50,1,5,2,ridge,,0.01,-12.042182130233446,-11.668944707481812,-13.537328938893138,-13.432700657730337
31,2012-06-22,56,1,5,2,ridge,,0.01,-12.261406145930293,-7.675525079895581,-12.5293686951206,-11.863121749529464
31,2012-06-27,57,1,5,2,ridge,,0.01,-15.56720520685795,-10.869677151623607,-12.150099427124712,-11.517500451191783
31,2012-07-05,58,1,5,2,ridge,,0.01,-14.630903606681327,-11.607199044191669,-11.826886741657786,-11.101663842015927
31,2012-07-08,59,1,5,2,ridge,,0.01,-15.85527387686205,-13.88497530384446,-11.699487043980113,-10.884945846834832
31,2012-07-14,60,1,5,2,ridge,,0.01,-12.061582027927042,-8.958668222109942,-12.214667045474197,-11.58457940712733
41,2012-06-22,67,1,5,2,ridge,,0.01,-9.893244615306044,-8.032288058491003,-15.635158264023296,-15.909411824407028
41,2012-06-27,68,1,5,2,ridge,,0.01,-12.472382986190222,-8.801892289617859,-15.273572558056953,-15.530607507813402
41,2012-07-05,69,1,5,2,ridge,,0.01,-12.028670241841908,-9.29119256932756,-15.109145277354123,-15.303105964602212
41,2012-07-08,70,1,5,2,ridge,,0.01,-13.748748630293996,-9.894634362662554,-15.004339875732608,-15.13062057757979
41,2012-07-14,71,1,5,2,ridge,,0.01,-11.651468732388375,-9.450060398721016,-15.096958754944861,-15.284298497017913
41,2012-07-17,72,1,5,2,ridge,,0.01,-11.500314383218642,-8.561757537563716,-15.572265853218951,-15.852311168109015
54,2012-06-22,90,1,5,2,ridge,,0.01,-10.417640310145606,-12.93767695335395,-11.636478373007787,-10.203423211011073
54,2012-06-29,91,1,5,2,ridge,,0.01,-13.54880158174925,-13.941944979578206,-11.475530518203477,-9.773408697587648
54,2012-07-10,92,1,5,2,ridge,,0.01,-11.65562649391276,-9.922527219399468,-11.461479628186334,-9.728253614822865
113,2012-06-22,27,1,5,3,ridge,,0.01,-13.904265705279988,-12.764677230796163,-13.589396582518628,-12.267099416977308
113,2012-06-25,28,1,5,3,ridge,,0.01,-16.669071704883304,-15.628078749949356,-13.722722815727794,-12.409611882794394
113,2012-07-05,29,1,5,3,ridge,,0.01,-13.78856756792369,-13.696217585568537,-13.760577887504937,-12.499107843813752
113,2012-07-08,30,1,5,3,ridge,,0.01,-14.418687481499695,-13.97967004287996,-13.726580625778348,-12.513655179153357
113,2012-07-14,31,1,5,3,ridge,,0.01,-16.398165435484163,-15.965865563125584,-13.575384951210223,-12.47930603759982
113,2012-07-17,32,1,5,3,ridge,,0.01,-13.772013528373366,-13.330322847631932,-13.726587878367596,-12.513654933321593
22,2012-06-22,51,1,5,3,ridge,,0.01,-14.06874113337972,-14.071044446046743,-15.369199110041707,-14.456347956628285
22,2012-06-25,52,1,5,3,ridge,,0.01,-14.018031173978704,-14.77165243150176,-15.428385951710984,-14.539415982059683
22,2012-06-29,53,1,5,3,ridge,,0.01,-14.73472458342086,-15.474752085663306,-15.423611290617709,-14.586536757678985
22,2012-07-14,54,1,5,3,ridge,,0.01,-14.429262660073372,-14.834682689018504,-15.429710292631832,-14.58197296017113
22,2012-07-17,55,1,5,3,ridge,,0.01,-13.95505270639354,-12.9206874664521,-15.434478058289914,-14.556752097024486
72,2012-06-22,114,1,5,3,ridge,,0.01,-9.156246315375464,-7.121824880330802,-12.324874354608422,-12.02509129811326
72,2012-06-27,115,1,5,3,ridge,,0.01,-11.598774165532014,-9.739787261661805,-12.009811717296826,-11.876220572891501
72,2012-06-29,116,1,5,3,ridge,,0.01,-11.694497047916627,-10.620512155280064,-11.768108630906731,-11.755340775785006
72,2012-07-05,117,1,5,3,ridge,,0.01,-9.279994157479894,-6.1840522735730685,-12.505417880089855,-12.102059417749517
72,2012-07-08,118,1,5,3,ridge,,0.01,-7.434985480666953,-4.951473364462895,-12.583680872699425,-12.131666066034533
72,2012-07-14,119,1,5,3,ridge,,0.01,-11.38639094380066,-6.363423342248725,-11.741460904814307,-11.74177354759669
72,2012-07-17,120,1,5,3,ridge,,0.01,-7.896576091932785,-5.316371130913266,-12.183677061318999,-11.959988942241335
81,2012-06-22,121,1,5,3,ridge,,0.01,-9.587343732140498,-5.953072410726956,-13.60974683705282,-13.025471320931599
81,2012-06-27,122,1,5,3,ridge,,0.01,-13.63439663913034,-8.63444576538804,-13.102883742807172,-12.80865062527488
81,2012-07-17,123,1,5,3,ridge,,0.01,-8.981462326670332,-6.7381420816219775,-13.530907462342686,-12.997657595600662
91,2012-06-22,126,1,5,3,ridge,,0.01,-13.79430023004177,-12.721885004018873,-15.123671077825104,-14.756920526604622
91,2012-06-25,127,1,5,3,ridge,,0.01,-16.252064078644956,-15.095063986983767,-14.76571563908237,-14.608735809929298
91,2012-07-05,128,1,5,3,ridge,,0.01,-11.946673251406857,-15.864027780720509,-15.058119662771858,-14.733602549838345
91,2012-07-08,129,1,5,3,ridge,,0.01,-14.420474970996455,-14.377502817334353,-14.923829597969995,-14.67922734044415
91,2012-07-17,130,1,5,3,ridge,,0.01,-12.823625166801548,-13.726729371774091,-15.10430848417665,-14.750346303965431
91,2012-07-19,131,1,5,3,ridge,,0.01,-14.006013749198562,-15.882035691137462,-14.763980310813366,-14.607935670820428
12,2012-06-22,33,1,5,4,ridge,,0.01,-12.945592837955164,-13.621175265774452,-14.427304207525562,-12.822809852284527
12,2012-06-27,34,1,5,4,ridge,,0.01,-12.863896772641066,-14.252905240550222,-14.348893331823351,-12.577310861812348
12,2012-06-29,35,1,5,4,ridge,,0.01,-14.492924226367006,-14.921340450348202,-14.385511717226603,-12.691890978101458
12,2012-07-08,36,1,5,4,ridge,,0.01,-14.914279673093365,-14.773522086284936,-14.288585150645382,-12.388819425481502
12,2012-07-10,37,1,5,4,ridge,,0.01,-15.09795788808382,-15.53251252603237,-14.374036422284872,-12.655972423547835
12,2012-07-17,38,1,5,4,ridge,,0.01,-13.089522506330766,-13.652175532794685,-14.47583429099948,-12.975084890296174
42,2012-06-22,73,1,5,4,ridge,,0.01,-14.561620721902148,-14.201966799335745,-14.157208862717281,-13.116475586797765
42,2012-06-25,74,1,5,4,ridge,,0.01,-16.153608446963226,-15.565011635602495,-14.245273580448906,-13.377762808630816
42,2012-07-08,75,1,5,4,ridge,,0.01,-17.86890291137946,-17.776520095428644,-14.26637438907585,-13.410793500063631
42,2012-07-10,76,1,5,4,ridge,,0.01,-18.21143906581935,-18.30617756824163,-14.062962427469396,-12.76770594054572
42,2012-07-14,77,1,5,4,ridge,,0.01,-16.095384428093947,-16.335096559717847,-14.30668502535869,-13.554914278824025
42,2012-07-17,78,1,5,4,ridge,,0.01,-14.801847473829469,-15.583307282953209,-14.135268126860291,-13.050986118137406
53,2012-06-22,85,1,5,4,ridge,,0.01,-11.59685403803788,-14.890521382506938,-13.095987305056402,-11.405343431953213
53,2012-06-29,86,1,5,4,ridge,,0.01,-14.273258986856678,-15.844986252295593,-12.939043654648701,-10.9048057719685
53,2012-07-08,87,1,5,4,ridge,,0.01,-11.837654265802229,-9.263246005952729,-12.853784591776199,-10.636913880696087
53,2012-07-10,88,1,5,4,ridge,,0.01,-13.121221982705292,-10.563549725135724,-12.767792830118857,-10.367623592821962
53,2012-07-19,89,1,5,4,ridge,,0.01,-9.430559470207992,-7.124290756308986,-12.759243518325825,-10.340885889154759
71,2012-06-22,107,1,5,4,ridge,,0.01,-9.441352711283985,-15.826503794261775,-12.53088737476387,-10.57043151201039
71,2012-06-27,108,1,5,4,ridge,,0.01,-11.830891628824627,-14.88965576948976,-12.431801642301519,-10.260502089497471
71,2012-06-29,109,1,5,4,ridge,,0.01,-11.77120523725996,-14.980783625920942,-12.337341561039036,-9.965625274680365
71,2012-07-05,110,1,5,4,ridge,,0.01,-9.126432085488725,-7.106911469422197,-12.540352789954902,-10.600081688544279
71,2012-07-08,111,1,5,4,ridge,,0.01,-8.240456830553434,-5.994288299384496,-12.556460813308721,-10.650560875007326
71,2012-07-14,112,1,5,4,ridge,,0.01,-12.231283617180784,-7.335724658361975,-12.334997713736735,-9.958314111226859
71,2012-07-17,113,1,5,4,ridge,,0.01,-7.863112808923288,-5.020162935449686,-12.66647607758993,-10.996282047079179
83,2012-06-29,124,1,5,4,ridge,,0.01,-13.150595982099484,-13.185851612534412,-14.63746039204997,-12.718978205331496
83,2012-07-14,125,1,5,4,ridge,,0.01,-10.781364360016564,-10.279583356930988,-14.671051101252974,-12.824113586500893
102,2012-06-22,0,1,5,1,ridge,,1.0,-9.99305662822514,-8.79817877926706,-13.298908747151183,-11.663381216943122
102,2012-06-25,1,1,5,1,ridge,,1.0,-12.531601150465749,-11.66376412888952,-13.135198624072537,-11.765372789498539
102,2012-06-29,2,1,5,1,ridge,,1.0,-16.257897492533367,-15.208138461464548,-12.71927274109317,-11.743312929508757
102,2012-07-08,3,1,5,1,ridge,,1.0,-10.129457779827602,-9.071938641334588,-12.511046361152793,-11.644296861177848
102,2012-07-10,4,1,5,1,ridge,,1.0,-14.95434368762578,-14.112183043981709,-12.595026353469253,-11.68895312054829
102,2012-07-17,5,1,5,1,ridge,,1.0,-5.014295508188514,-4.452412337847899,-12.57514030628257,-11.67890539764479
102,2012-07-19,6,1,5,1,ridge,,1.0,-10.3251467740893,-11.06628687788346,-12.496653657682678,-11.636084702453907
111,2012-06-27,19,1,5,1,ridge,,1.0,-15.147228418373352,-9.881794018641486,-12.686882791664006,-12.119594692039348
111,2012-07-08,20,1,5,1,ridge,,1.0,-10.432732239997303,-7.011457229997938,-13.03219835778441,-12.243864963518444
111,2012-07-10,21,1,5,1,ridge,,1.0,-12.332899347459149,-7.340003351417149,-12.640802990756727,-12.094071145476978
111,2012-07-19,22,1,5,1,ridge,,1.0,-13.429778660777457,-11.904793601312772,-12.634786410727735,-12.09061880753433
112,2012-06-22,23,1,5,1,ridge,,1.0,-16.789512402971386,-18.984197687028864,-12.530865930523655,-10.922304789774113
112,2012-06-25,24,1,5,1,ridge,,1.0,-17.713046799178723,-19.529406845749364,-12.47075722866972,-10.926514114832312
112,2012-07-05,25,1,5,1,ridge,,1.0,-15.269240391706376,-15.832742511880692,-12.352567921974195,-10.91499989618047
112,2012-07-08,26,1,5,1,ridge,,1.0,-15.868211803986831,-15.9439617824927,-12.353406446853073,-10.915162245250746
32,2012-06-22,61,1,5,1,ridge,,1.0,-15.06141043899014,-15.128490659381375,-15.552496618182861,-15.471843578096957
32,2012-06-25,62,1,5,1,ridge,,1.0,-16.76615352729908,-16.21045729230626,-15.397997473433385,-15.524057611958387
32,2012-07-08,63,1,5,1,ridge,,1.0,-19.51691196321064,-18.66502996569921,-14.675770270855836,-15.25624450610459
32,2012-07-10,64,1,5,1,ridge,,1.0,-20.20667659920886,-19.288993971916742,-14.673833964779535,-15.25490581697753
32,2012-07-14,65,1,5,1,ridge,,1.0,-17.739515725707594,-17.16765829163566,-15.234231951127146,-15.52057701221938
32,2012-07-17,66,1,5,1,ridge,,1.0,-16.639945346572592,-14.987927440241748,-15.394887706973737,-15.524491310679906
61,2012-06-22,93,1,5,1,ridge,,1.0,-11.307138591209124,-10.699103847173708,-12.787516758879757,-12.109013911091193
61,2012-06-25,94,1,5,1,ridge,,1.0,-13.358854538113189,-12.281835560024907,-12.321974921474714,-11.758094337627435
61,2012-06-29,95,1,5,1,ridge,,1.0,-14.258735753179286,-12.929838363897248,-12.211443291542286,-11.661897763995636
61,2012-07-08,96,1,5,1,ridge,,1.0,-12.653243854103511,-10.41345274290406,-12.607901638975733,-11.985874938740892
61,2012-07-10,97,1,5,1,ridge,,1.0,-14.196530364341184,-11.545773452581232,-12.379538714476789,-11.806558850037913
61,2012-07-17,98,1,5,1,ridge,,1.0,-12.879880314149483,-11.29771365776737,-12.618276527746003,-11.993464340874334
61,2012-07-19,99,1,5,1,ridge,,1.0,-15.889663878319602,-12.719370404847758,-12.39163769768085,-11.816592835842867
103,2012-06-22,7,1,5,2,ridge,,1.0,-13.28404803220713,-14.50588749676858,-13.429087433142206,-13.249158057260027
103,2012-06-27,8,1,5,2,ridge,,1.0,-17.302172301136643,-16.600968273984137,-12.618624416346638,-12.230739222509296
103,2012-06-29,9,1,5,2,ridge,,1.0,-18.92242109331228,-19.84632772841422,-12.291418675169567,-11.743415873261789
103,2012-07-05,10,1,5,2,ridge,,1.0,-15.574795029478718,-16.124130866471255,-12.350703595029536,-11.83762426862324
103,2012-07-08,11,1,5,2,ridge,,1.0,-15.86824246394819,-13.95091862281008,-12.200454110943271,-11.592126389307262
103,2012-07-14,12,1,5,2,ridge,,1.0,-17.84275788106028,-18.72912571156667,-12.08647889339657,-11.388405241899354
103,2012-07-17,13,1,5,2,ridge,,1.0,-12.595339414809716,-16.21757943788777,-12.247040453386148,-11.670706536226637
21,2012-06-22,45,1,5,2,ridge,,1.0,-12.060684803223303,-12.00798502229204,-13.753689209236208,-13.664820716248336
21,2012-06-25,46,1,5,2,ridge,,1.0,-11.883841971912686,-12.210536948445432,-13.650881248339816,-13.516701332514527
21,2012-06-29,47,1,5,2,ridge,,1.0,-12.329567928959571,-12.661731465224886,-13.46821675635736,-13.23507106102349
21,2012-07-08,48,1,5,2,ridge,,1.0,-12.336402358206886,-12.252348442564678,-13.345492774407731,-13.028264357250626
21,2012-07-10,49,1,5,2,ridge,,1.0,-12.541026866239491,-12.812605872689588,-13.378856945606257,-13.086185329103671
21,2012-07-17,50,1,5,2,ridge,,1.0,-12.042182130233446,-11.668944707481812,-13.536596187013387,-13.343679715542965
31,2012-06-22,56,1,5,2,ridge,,1.0,-12.261406145930293,-7.675525079895581,-12.547791175456572,-11.998260343291678
31,2012-06-27,57,1,5,2,ridge,,1.0,-15.56720520685795,-10.869677151623607,-12.172657973418913,-11.510850315269009
31,2012-07-05,58,1,5,2,ridge,,1.0,-14.630903606681327,-11.607199044191669,-11.849390114322063,-11.036852657549046
31,2012-07-08,59,1,5,2,ridge,,1.0,-15.85527387686205,-13.88497530384446,-11.720410101042345,-10.82449422032674
31,2012-07-14,60,1,5,2,ridge,,1.0,-12.061582027927042,-8.958668222109942,-12.236764637863516,-11.597810535474528
41,2012-06-22,67,1,5,2,ridge,,1.0,-9.893244615306044,-8.032288058491003,-15.613932235305523,-15.938323170449872
41,2012-06-27,68,1,5,2,ridge,,1.0,-12.472382986190222,-8.801892289617859,-15.254834811603155,-15.449811611922213
41,2012-07-05,69,1,5,2,ridge,,1.0,-12.028670241841908,-9.29119256932756,-15.089908610581615,-15.20096478696904
41,2012-07-08,70,1,5,2,ridge,,1.0,-13.748748630293996,-9.894634362662554,-14.98397427221111,-15.029070287358364
41,2012-07-14,71,1,5,2,ridge,,1.0,-11.651468732388375,-9.450060398721016,-15.077627671997567,-15.181580852073152
41,2012-07-17,72,1,5,2,ridge,,1.0,-11.500314383218642,-8.561757537563716,-15.551731947514789,-15.857600795531768
54,2012-06-22,90,1,5,2,ridge,,1.0,-10.417640310145606,-12.93767695335395,-11.661093442994087,-10.192382977865089
54,2012-06-29,91,1,5,2,ridge,,1.0,-13.54880158174925,-13.941944979578206,-11.493538320903859,-9.848594055416726
54,2012-07-10,92,1,5,2,ridge,,1.0,-11.65562649391276,-9.922527219399468,-11.478685883579097,-9.814900674798752
113,2012-06-22,27,1,5,3,ridge,,1.0,-13.904265705279988,-12.764677230796163,-13.51060179233275,-12.234909698140093
113,2012-06-25,28,1,5,3,ridge,,1.0,-16.669071704883304,-15.628078749949356,-13.547103242151595,-12.319495929136096
113,2012-07-05,29,1,5,3,ridge,,1.0,-13.78856756792369,-13.696217585568537,-13.5408440614149,-12.381472119319202
113,2012-07-08,30,1,5,3,ridge,,1.0,-14.418687481499695,-13.97967004287996,-13.514284812411946,-12.399298595088622
113,2012-07-14,31,1,5,3,ridge,,1.0,-16.398165435484163,-15.965865563125584,-13.429746327273477,-12.401899823586248
113,2012-07-17,32,1,5,3,ridge,,1.0,-13.772013528373366,-13.330322847631932,-13.514289509504632,-12.399297004415562
22,2012-06-22,51,1,5,3,ridge,,1.0,-14.06874113337972,-14.071044446046743,-15.278263656204377,-14.394461342674806
22,2012-06-25,52,1,5,3,ridge,,1.0,-14.018031173978704,-14.77165243150176,-15.287753917582087,-14.44734237974862
22,2012-06-29,53,1,5,3,ridge,,1.0,-14.73472458342086,-15.474752085663306,-15.26874169943887,-14.484743937104618
22,2012-07-14,54,1,5,3,ridge,,1.0,-14.429262660073372,-14.834682689018504,-15.274168804501912,-14.480033148961931
22,2012-07-17,55,1,5,3,ridge,,1.0,-13.95505270639354,-12.9206874664521,-15.285752164379426,-14.459587251363253
72,2012-06-22,114,1,5,3,ridge,,1.0,-9.156246315375464,-7.121824880330802,-12.405270919830933,-12.069833345086177
72,2012-06-27,115,1,5,3,ridge,,1.0,-11.598774165532014,-9.739787261661805,-12.25531300795191,-12.015415053902299
72,2012-06-29,116,1,5,3,ridge,,1.0,-11.694497047916627,-10.620512155280064,-12.142533504276178,-11.968502060525909
72,2012-07-05,117,1,5,3,ridge,,1.0,-9.279994157479894,-6.1840522735730685,-12.494030492646832,-12.094560001931772
72,2012-07-08,118,1,5,3,ridge,,1.0,-7.434985480666953,-4.951473364462895,-12.533780477727763,-12.102369372624239
72,2012-07-14,119,1,5,3,ridge,,1.0,-11.38639094380066,-6.363423342248725,-12.130181031483678,-11.963143915348061
72,2012-07-17,120,1,5,3,ridge,,1.0,-7.896576091932785,-5.316371130913266,-12.337518831089607,-12.046695730663977
81,2012-06-22,121,1,5,3,ridge,,1.0,-9.587343732140498,-5.953072410726956,-13.528628990059248,-12.973636053333463
81,2012-06-27,122,1,5,3,ridge,,1.0,-13.63439663913034,-8.63444576538804,-13.279693064843588,-12.903646245796397
81,2012-07-17,123,1,5,3,ridge,,1.0,-8.981462326670332,-6.7381420816219775,-13.487904504445789,-12.967326005771138
91,2012-06-22,126,1,5,3,ridge,,1.0,-13.79430023004177,-12.721885004018873,-15.083494617830699,-14.712907212176916
91,2012-06-25,127,1,5,3,ridge,,1.0,-16.252064078644956,-15.095063986983767,-14.906017782888258,-14.667301910709172
91,2012-07-05,128,1,5,3,ridge,,1.0,-11.946673251406857,-15.864027780720509,-15.049699156937812,-14.707511965066253
91,2012-07-08,129,1,5,3,ridge,,1.0,-14.420474970996455,-14.377502817334353,-14.982704418106664,-14.691345348315759
91,2012-07-17,130,1,5,3,ridge,,1.0,-12.823625166801548,-13.726729371774091,-15.073405841629008,-14.711556225231302
91,2012-07-19,131,1,5,3,ridge,,1.0,-14.006013749198562,-15.882035691137462,-14.905185111669825,-14.667017527921681
12,2012-06-22,33,1,5,4,ridge,,1.0,-12.945592837955164,-13.621175265774452,-14.47219956831847,-12.994296419851448
12,2012-06-27,34,1,5,4,ridge,,1.0,-12.863896772641066,-14.252905240550222,-14.42848620941239,-12.858082477651033
12,2012-06-29,35,1,5,4,ridge,,1.0,-14.492924226367006,-14.921340450348202,-14.448778281757196,-12.921259791006165
12,2012-07-08,36,1,5,4,ridge,,1.0,-14.914279673093365,-14.773522086284936,-14.395444623029046,-12.755379481168985
12,2012-07-10,37,1,5,4,ridge,,1.0,-15.09795788808382,-15.53251252603237,-14.442398151030346,-12.901386491831678
12,2012-07-17,38,1,5,4,ridge,,1.0,-13.089522506330766,-13.652175532794685,-14.499836886645241,-13.080674345757258
42,2012-06-22,73,1,5,4,ridge,,1.0,-14.561620721902148,-14.201966799335745,-14.243992980470336,-13.39444378587941
42,2012-06-25,74,1,5,4,ridge,,1.0,-16.153608446963226,-15.565011635602495,-14.267671962261806,-13.456963516469369
42,2012-07-08,75,1,5,4,ridge,,1.0,-17.86890291137946,-17.776520095428644,-14.221279469537045,-13.286623813794538
42,2012-07-10,76,1,5,4,ridge,,1.0,-18.21143906581935,-18.30617756824163,-14.096931020223474,-12.894292482500049
42,2012-07-14,77,1,5,4,ridge,,1.0,-16.095384428093947,-16.335096559717847,-14.275283934209263,-13.468881836542181
42,2012-07-17,78,1,5,4,ridge,,1.0,-14.801847473829469,-15.583307282953209,-14.237404292310043,-13.376414231679643
53,2012-06-22,85,1,5,4,ridge,,1.0,-11.59685403803788,-14.890521382506938,-13.038300176551717,-11.220743837320018
53,2012-06-29,86,1,5,4,ridge,,1.0,-14.273258986856678,-15.844986252295593,-12.934683131433799,-10.890719570776973
53,2012-07-08,87,1,5,4,ridge,,1.0,-11.837654265802229,-9.263246005952729,-12.885476529284043,-10.736645659612645
53,2012-07-10,88,1,5,4,ridge,,1.0,-13.121221982705292,-10.563549725135724,-12.837438182700941,-10.586910993943755
53,2012-07-19,89,1,5,4,ridge,,1.0,-9.430559470207992,-7.124290756308986,-12.832724121031452,-10.572244736128827
71,2012-06-22,107,1,5,4,ridge,,1.0,-9.441352711283985,-15.826503794261775,-12.576153694240054,-10.704131042991232
71,2012-06-27,108,1,5,4,ridge,,1.0,-11.830891628824627,-14.88965576948976,-12.521444372030397,-10.533887852553857
71,2012-06-29,109,1,5,4,ridge,,1.0,-11.77120523725996,-14.980783625920942,-12.470317301537657,-10.375252007464194
71,2012-07-05,110,1,5,4,ridge,,1.0,-9.126432085488725,-7.106911469422197,-12.58145631765696,-10.720665804428407
71,2012-07-08,111,1,5,4,ridge,,1.0,-8.240456830553434,-5.994288299384496,-12.59051753098772,-10.74893715376596
71,2012-07-14,112,1,5,4,ridge,,1.0,-12.231283617180784,-7.335724658361975,-12.469058616565958,-10.371351126215936
71,2012-07-17,113,1,5,4,ridge,,1.0,-7.863112808923288,-5.020162935449686,-12.654087677010665,-10.948018076980507
83,2012-06-29,124,1,5,4,ridge,,1.0,-13.150595982099484,-13.185851612534412,-14.71393468537088,-12.997327953710862
83,2012-07-14,125,1,5,4,ridge,,1.0,-10.781364360016564,-10.279583356930988,-14.732599957946025,-13.055463126444092
102,2012-06-22,0,1,5,1,ridge,,100.0,-9.99305662822514,-8.79817877926706,-13.63478619767186,-12.547884204667593
102,2012-06-25,1,1,5,1,ridge,,100.0,-12.531601150465749,-11.66376412888952,-13.343565303181416,-12.36038093663032
102,2012-06-29,2,1,5,1,ridge,,100.0,-16.257897492533367,-15.208138461464548,-12.870657519372251,-12.05285023302432
102,2012-07-08,3,1,5,1,ridge,,100.0,-10.129457779827602,-9.071938641334588,-12.717431362871219,-11.951715744802831
102,2012-07-10,4,1,5,1,ridge,,100.0,-14.95434368762578,-14.112183043981709,-12.774745755064119,-11.989668931610044
102,2012-07-17,5,1,5,1,ridge,,100.0,-5.014295508188514,-4.452412337847899,-12.760673941644754,-11.980365555819064
102,2012-07-19,6,1,5,1,ridge,,100.0,-10.3251467740893,-11.06628687788346,-12.708139296559768,-11.94554681431431
111,2012-06-27,19,1,5,1,ridge,,100.0,-15.147228418373352,-9.881794018641486,-12.813609749621298,-12.205615065358943
111,2012-07-08,20,1,5,1,ridge,,100.0,-10.432732239997303,-7.011457229997938,-13.105631683206852,-12.397313064577096
111,2012-07-10,21,1,5,1,ridge,,100.0,-12.332899347459149,-7.340003351417149,-12.783130454515188,-12.185403053400512
111,2012-07-19,22,1,5,1,ridge,,100.0,-13.429778660777457,-11.904793601312772,-12.779264522731529,-12.182835911660442
112,2012-06-22,23,1,5,1,ridge,,100.0,-16.789512402971386,-18.984197687028864,-12.958555400308994,-11.8569071131184
112,2012-06-25,24,1,5,1,ridge,,100.0,-17.713046799178723,-19.529406845749364,-12.883188191490962,-11.80802146464243
112,2012-07-05,25,1,5,1,ridge,,100.0,-15.269240391706376,-15.832742511880692,-12.753787587869684,-11.723783626569176
112,2012-07-08,26,1,5,1,ridge,,100.0,-15.868211803986831,-15.9439617824927,-12.754629071145237,-11.724332840002592
32,2012-06-22,61,1,5,1,ridge,,100.0,-15.06141043899014,-15.128490659381375,-14.569451986413624,-14.162298115731561
32,2012-06-25,62,1,5,1,ridge,,100.0,-16.76615352729908,-16.21045729230626,-14.336430291093471,-14.011789175403187
32,2012-07-08,63,1,5,1,ridge,,100.0,-19.51691196321064,-18.66502996569921,-13.73316936120143,-13.615597948009166
32,2012-07-10,64,1,5,1,ridge,,100.0,-20.20667659920886,-19.288993971916742,-13.732141322366406,-13.614908455893783
32,2012-07-14,65,1,5,1,ridge,,100.0,-17.739515725707594,-17.16765829163566,-14.14528667983657,-13.887577256035321
32,2012-07-17,66,1,5,1,ridge,,100.0,-16.639945346572592,-14.987927440241748,-14.332326098564327,-14.009130381878297
61,2012-06-22,93,1,5,1,ridge,,100.0,-11.307138591209124,-10.699103847173708,-12.835045719233873,-12.148221466790813
61,2012-06-25,94,1,5,1,ridge,,100.0,-13.358854538113189,-12.281835560024907,-12.615469695730196,-11.999899257679845
61,2012-06-29,95,1,5,1,ridge,,100.0,-14.258735753179286,-12.929838363897248,-12.575565173608446,-11.97241747631471
61,2012-07-08,96,1,5,1,ridge,,100.0,-12.653243854103511,-10.41345274290406,-12.73869544416508,-12.083638382211001
61,2012-07-10,97,1,5,1,ridge,,100.0,-14.196530364341184,-11.545773452581232,-12.63780275844788,-12.015192521343053
61,2012-07-17,98,1,5,1,ridge,,100.0,-12.879880314149483,-11.29771365776737,-12.743808215964702,-12.087082580926127
61,2012-07-19,99,1,5,1,ridge,,100.0,-15.889663878319602,-12.719370404847758,-12.642641579959106,-12.01849847772903
103,2012-06-22,7,1,5,2,ridge,,100.0,-13.28404803220713,-14.50588749676858,-13.968642424891659,-13.803099478299583
103,2012-06-27,8,1,5,2,ridge,,100.0,-17.302172301136643,-16.600968273984137,-13.118982338990385,-12.576488150041575
103,2012-06-29,9,1,5,2,ridge,,100.0,-18.92242109331228,-19.84632772841422,-12.773240906991724,-12.076329244415117
103,2012-07-05,10,1,5,2,ridge,,100.0,-15.574795029478718,-16.124130866471255,-12.836094668318985,-12.167334489030388
103,2012-07-08,11,1,5,2,ridge,,100.0,-15.86824246394819,-13.95091862281008,-12.676560561064386,-11.936256789372095
103,2012-07-14,12,1,5,2,ridge,,100.0,-17.84275788106028,-18.72912571156667,-12.554919646029775,-11.759832142007134
103,2012-07-17,13,1,5,2,ridge,,100.0,-12.595339414809716,-16.21757943788777,-12.726113290972156,-12.008064449427504
21,2012-06-22,45,1,5,2,ridge,,100.0,-12.060684803223303,-12.00798502229204,-13.621050313721991,-13.200734099981123
21,2012-06-25,46,1,5,2,ridge,,100.0,-11.883841971912686,-12.210536948445432,-13.512596319559435,-13.04390864139724
21,2012-06-29,47,1,5,2,ridge,,100.0,-12.329567928959571,-12.661731465224886,-13.319243217878729,-12.764070346886898
21,2012-07-08,48,1,5,2,ridge,,100.0,-12.336402358206886,-12.252348442564678,-13.188711886711983,-12.574917949549004
21,2012-07-10,49,1,5,2,ridge,,100.0,-12.541026866239491,-12.812605872689588,-13.224259020347432,-12.626451769918315
21,2012-07-17,50,1,5,2,ridge,,100.0,-12.042182130233446,-11.668944707481812,-13.391737124790621,-12.869032758272823
31,2012-06-22,56,1,5,2,ridge,,100.0,-12.261406145930293,-7.675525079895581,-13.37239569996273,-12.909718664330342
31,2012-06-27,57,1,5,2,ridge,,100.0,-15.56720520685795,-10.869677151623607,-12.978549366048762,-12.340926045368587
31,2012-07-05,58,1,5,2,ridge,,100.0,-14.630903606681327,-11.607199044191669,-12.637234444371783,-11.847270707791242
31,2012-07-08,59,1,5,2,ridge,,100.0,-15.85527387686205,-13.88497530384446,-12.500226719620152,-11.648799886619878
31,2012-07-14,60,1,5,2,ridge,,100.0,-12.061582027927042,-8.958668222109942,-13.045984428073961,-12.438365207359187
41,2012-06-22,67,1,5,2,ridge,,100.0,-9.893244615306044,-8.032288058491003,-14.690547738609792,-14.560900180230455
41,2012-06-27,68,1,5,2,ridge,,100.0,-12.472382986190222,-8.801892289617859,-14.312756312905627,-14.014997954823595
41,2012-07-05,69,1,5,2,ridge,,100.0,-12.028670241841908,-9.29119256932756,-14.138372896777636,-13.762687082119935
41,2012-07-08,70,1,5,2,ridge,,100.0,-13.748748630293996,-9.894634362662554,-14.025934921753315,-13.59984188221835
41,2012-07-14,71,1,5,2,ridge,,100.0,-11.651468732388375,-9.450060398721016,-14.125357347028775,-13.743843772875719
41,2012-07-17,72,1,5,2,ridge,,100.0,-11.500314383218642,-8.561757537563716,-14.625248012674144,-14.466595632317851
54,2012-06-22,90,1,5,2,ridge,,100.0,-10.417640310145606,-12.93767695335395,-12.549558301052237,-11.484376820579312
54,2012-06-29,91,1,5,2,ridge,,100.0,-13.54880158174925,-13.941944979578206,-12.369157117202935,-11.222139704192427
54,2012-07-10,92,1,5,2,ridge,,100.0,-11.65562649391276,-9.922527219399468,-12.353051396400206,-11.198685526006468
113,2012-06-22,27,1,5,3,ridge,,100.0,-13.904265705279988,-12.764677230796163,-13.73029997159688,-12.7660322391889
113,2012-06-25,28,1,5,3,ridge,,100.0,-16.669071704883304,-15.628078749949356,-13.65689669185058,-12.730935951589702
113,2012-07-05,29,1,5,3,ridge,,100.0,-13.78856756792369,-13.696217585568537,-13.57960096060165,-12.693740619070397
113,2012-07-08,30,1,5,3,ridge,,100.0,-14.418687481499695,-13.97967004287996,-13.53972876442869,-12.674429590930005
113,2012-07-14,31,1,5,3,ridge,,100.0,-16.398165435484163,-15.965865563125584,-13.476442882812274,-12.643553138437472
113,2012-07-17,32,1,5,3,ridge,,100.0,-13.772013528373366,-13.330322847631932,-13.539733980248906,-12.674432123582259
22,2012-06-22,51,1,5,3,ridge,,100.0,-14.06874113337972,-14.071044446046743,-14.325706090376924,-13.495806450758039
22,2012-06-25,52,1,5,3,ridge,,100.0,-14.018031173978704,-14.77165243150176,-14.27031985360742,-13.469228544436655
22,2012-06-29,53,1,5,3,ridge,,100.0,-14.73472458342086,-15.474752085663306,-14.212819216151027,-13.441482344921333
22,2012-07-14,54,1,5,3,ridge,,100.0,-14.429262660073372,-14.834682689018504,-14.222221988572946,-13.44603187389227
22,2012-07-17,55,1,5,3,ridge,,100.0,-13.95505270639354,-12.9206874664521,-14.254503149844684,-13.461613580185256
72,2012-06-22,114,1,5,3,ridge,,100.0,-9.156246315375464,-7.121824880330802,-12.89488521054066,-12.341060348687868
72,2012-06-27,115,1,5,3,ridge,,100.0,-11.598774165532014,-9.739787261661805,-12.852002913986276,-12.319645199049335
72,2012-06-29,116,1,5,3,ridge,,100.0,-11.694497047916627,-10.620512155280064,-12.826787637384975,-12.30692187224527
72,2012-07-05,117,1,5,3,ridge,,100.0,-9.279994157479894,-6.1840522735730685,-12.929061760940609,-12.357964175611896
72,2012-07-08,118,1,5,3,ridge,,100.0,-7.434985480666953,-4.951473364462895,-12.948203525996695,-12.367378712230426
72,2012-07-14,119,1,5,3,ridge,,100.0,-11.38639094380066,-6.363423342248725,-12.824284272774396,-12.30565255153289
72,2012-07-17,120,1,5,3,ridge,,100.0,-7.896576091932785,-5.316371130913266,-12.873807796544753,-12.330566122444843
81,2012-06-22,121,1,5,3,ridge,,100.0,-9.587343732140498,-5.953072410726956,-13.400214949095394,-12.752428128723219
81,2012-06-27,122,1,5,3,ridge,,100.0,-13.63439663913034,-8.63444576538804,-13.305116630726006,-12.705381789343516
81,2012-07-17,123,1,5,3,ridge,,100.0,-8.981462326670332,-6.7381420816219775,-13.378616855133668,-12.741827457709581
91,2012-06-22,126,1,5,3,ridge,,100.0,-13.79430023004177,-12.721885004018873,-14.016236797535885,-13.409376468732969
91,2012-06-25,127,1,5,3,ridge,,100.0,-16.252064078644956,-15.095063986983767,-13.943391532266515,-13.37340931072444
91,2012-07-05,128,1,5,3,ridge,,100.0,-11.946673251406857,-15.864027780720509,-13.998500134164065,-13.40066917265732
91,2012-07-08,129,1,5,3,ridge,,100.0,-14.420474970996455,-14.377502817334353,-13.969769746731973,-13.386499604601594
91,2012-07-17,130,1,5,3,ridge,,100.0,-12.823625166801548,-13.726729371774091,-14.010636845276636,-13.406630431050951
91,2012-07-19,131,1,5,3,ridge,,100.0,-14.006013749198562,-15.882035691137462,-13.943132517514163,-13.373280349514543
12,2012-06-22,33,1,5,4,ridge,,100.0,-12.945592837955164,-13.621175265774452,-13.919292366978445,-12.689157482428971
12,2012-06-27,34,1,5,4,ridge,,100.0,-12.863896772641066,-14.252905240550222,-13.901098746999072,-12.65332201593939
12,2012-06-29,35,1,5,4,ridge,,100.0,-14.492924226367006,-14.921340450348202,-13.90920562958331,-12.669295931668255
12,2012-07-08,36,1,5,4,ridge,,100.0,-14.914279673093365,-14.773522086284936,-13.88895165478706,-12.629367728309802
12,2012-07-10,37,1,5,4,ridge,,100.0,-15.09795788808382,-15.53251252603237,-13.906597940889526,-12.66415879217604
12,2012-07-17,38,1,5,4,ridge,,100.0,-13.089522506330766,-13.652175532794685,-13.932407060755779,-12.714960505642791
42,2012-06-22,73,1,5,4,ridge,,100.0,-14.561620721902148,-14.201966799335745,-14.034566945156982,-13.211275529788665
42,2012-06-25,74,1,5,4,ridge,,100.0,-16.153608446963226,-15.565011635602495,-13.974054763115586,-13.093335890624639
42,2012-07-08,75,1,5,4,ridge,,100.0,-17.86890291137946,-17.776520095428644,-13.793735709031212,-12.741025546597934
42,2012-07-10,76,1,5,4,ridge,,100.0,-18.21143906581935,-18.30617756824163,-13.711670676101004,-12.579922569642534
42,2012-07-14,77,1,5,4,ridge,,100.0,-16.095384428093947,-16.335096559717847,-13.903510848302698,-12.955696417169104
42,2012-07-17,78,1,5,4,ridge,,100.0,-14.801847473829469,-15.583307282953209,-14.047448099386283,-13.236369754786933
53,2012-06-22,85,1,5,4,ridge,,100.0,-11.59685403803788,-14.890521382506938,-13.279736577230135,-11.859422579168543
53,2012-06-29,86,1,5,4,ridge,,100.0,-14.273258986856678,-15.844986252295593,-13.191974580485114,-11.687352829100352
53,2012-07-08,87,1,5,4,ridge,,100.0,-11.837654265802229,-9.263246005952729,-13.166856043111352,-11.637959913960222
53,2012-07-10,88,1,5,4,ridge,,100.0,-13.121221982705292,-10.563549725135724,-13.146589058340341,-11.598045451480637
53,2012-07-19,89,1,5,4,ridge,,100.0,-9.430559470207992,-7.124290756308986,-13.144771304615652,-11.594462511114047
71,2012-06-22,107,1,5,4,ridge,,100.0,-9.441352711283985,-15.826503794261775,-12.989512068056936,-11.574173725540948
71,2012-06-27,108,1,5,4,ridge,,100.0,-11.830891628824627,-14.88965576948976,-12.968209484405826,-11.532188559857858
71,2012-06-29,109,1,5,4,ridge,,100.0,-11.77120523725996,-14.980783625920942,-12.951176107810001,-11.498562998536121
71,2012-07-05,110,1,5,4,ridge,,100.0,-9.126432085488725,-7.106911469422197,-12.991790296618905,-11.578659823471849
71,2012-07-08,111,1,5,4,ridge,,100.0,-8.240456830553434,-5.994288299384496,-12.995786228354694,-11.586526510134473
71,2012-07-14,112,1,5,4,ridge,,100.0,-12.231283617180784,-7.335724658361975,-12.950785101308256,-11.497790484686409
71,2012-07-17,113,1,5,4,ridge,,100.0,-7.863112808923288,-5.020162935449686,-13.028439371307494,-11.65073248983698
83,2012-06-29,124,1,5,4,ridge,,100.0,-13.150595982099484,-13.185851612534412,-14.055608900449162,-12.751741577731483
83,2012-07-14,125,1,5,4,ridge,,100.0,-10.781364360016564,-10.279583356930988,-14.063207872573035,-12.766712072443514
102,2012-06-22,0,1,5,1,ridge,,10000.0,-9.99305662822514,-8.79817877926706,-13.043433899589258,-12.351533414829289
102,2012-06-25,1,1,5,1,ridge,,10000.0,-12.531601150465749,-11.66376412888952,-13.034289220004641,-12.344413381105694
102,2012-06-29,2,1,5,1,ridge,,10000.0,-16.257897492533367,-15.208138461464548,-13.019520017875703,-12.332880416610921
102,2012-07-08,3,1,5,1,ridge,,10000.0,-10.129457779827602,-9.071938641334588,-13.01477415271177,-12.329157889629778
102,2012-07-10,4,1,5,1,ridge,,10000.0,-14.95434368762578,-14.112183043981709,-13.016546073665673,-12.33054912245531
102,2012-07-17,5,1,5,1,ridge,,10000.0,-5.014295508188514,-4.452412337847899,-13.016110638347273,-12.330207405219712
102,2012-07-19,6,1,5,1,ridge,,10000.0,-10.3251467740893,-11.06628687788346,-13.014487298799141,-12.328932487558937
111,2012-06-27,19,1,5,1,ridge,,10000.0,-15.147228418373352,-9.881794018641486,-13.016639776318994,-12.334175245553459
111,2012-07-08,20,1,5,1,ridge,,10000.0,-10.432732239997303,-7.011457229997938,-13.025712248335182,-12.341279719430133
111,2012-07-10,21,1,5,1,ridge,,10000.0,-12.332899347459149,-7.340003351417149,-13.015698247330626,-12.333435675517944
111,2012-07-19,22,1,5,1,ridge,,10000.0,-13.429778660777457,-11.904793601312772,-13.015578918102563,-12.333341903310398
112,2012-06-22,23,1,5,1,ridge,,10000.0,-16.789512402971386,-18.984197687028864,-13.02520192542539,-12.333232982568044
112,2012-06-25,24,1,5,1,ridge,,10000.0,-17.713046799178723,-19.529406845749364,-13.022844840977594,-12.331393778160967
112,2012-07-05,25,1,5,1,ridge,,10000.0,-15.269240391706376,-15.832742511880692,-13.018805934510866,-12.328238891039327
112,2012-07-08,26,1,5,1,ridge,,10000.0,-15.868211803986831,-15.9439617824927,-13.018832161650161,-12.32825939348451
32,2012-06-22,61,1,5,1,ridge,,10000.0,-15.06141043899014,-15.128490659381375,-13.059289836069912,-12.379442503061707
32,2012-06-25,62,1,5,1,ridge,,10000.0,-16.76615352729908,-16.21045729230626,-13.051985313067613,-12.373749936531889
32,2012-07-08,63,1,5,1,ridge,,10000.0,-19.51691196321064,-18.66502996569921,-13.03324810581413,-12.359075186432133
32,2012-07-10,64,1,5,1,ridge,,10000.0,-20.20667659920886,-19.288993971916742,-13.033216554245284,-12.359050315532544
32,2012-07-14,65,1,5,1,ridge,,10000.0,-17.739515725707594,-17.16765829163566,-13.046013443935013,-12.369087608390467
32,2012-07-17,66,1,5,1,ridge,,10000.0,-16.639945346572592,-14.987927440241748,-13.05185686793045,-12.37364974919792
61,2012-06-22,93,1,5,1,ridge,,10000.0,-11.307138591209124,-10.699103847173708,-13.016469682368937,-12.332162807051334
61,2012-06-25,94,1,5,1,ridge,,10000.0,-13.358854538113189,-12.281835560024907,-13.009758600320742,-12.326860781684642
61,2012-06-29,95,1,5,1,ridge,,10000.0,-14.258735753179286,-12.929838363897248,-13.008552899872148,-12.325902250970561
61,2012-07-08,96,1,5,1,ridge,,10000.0,-12.653243854103511,-10.41345274290406,-13.013511593633167,-12.329831485582748
61,2012-07-10,97,1,5,1,ridge,,10000.0,-14.196530364341184,-11.545773452581232,-13.01043569478759,-12.327398068883994
61,2012-07-17,98,1,5,1,ridge,,10000.0,-12.879880314149483,-11.29771365776737,-13.013668109454613,-12.329955032130226
61,2012-07-19,99,1,5,1,ridge,,10000.0,-15.889663878319602,-12.719370404847758,-13.010582598871363,-12.32751455329172
103,2012-06-22,7,1,5,2,ridge,,10000.0,-13.28404803220713,-14.50588749676858,-13.322170761518965,-12.612459822759584
103,2012-06-27,8,1,5,2,ridge,,10000.0,-17.302172301136643,-16.600968273984137,-13.291958365152182,-12.570702900794986
103,2012-06-29,9,1,5,2,ridge,,10000.0,-18.92242109331228,-19.84632772841422,-13.279681533904066,-12.5537261354706
103,2012-07-05,10,1,5,2,ridge,,10000.0,-15.574795029478718,-16.124130866471255,-13.281912071287776,-12.55681126781838
103,2012-07-08,11,1,5,2,ridge,,10000.0,-15.86824246394819,-13.95091862281008,-13.276252065612278,-12.548981948700758
103,2012-07-14,12,1,5,2,ridge,,10000.0,-17.84275788106028,-18.72912571156667,-13.271940329429599,-12.543015649302873
103,2012-07-17,13,1,5,2,ridge,,10000.0,-12.595339414809716,-16.21757943788777,-13.278009568192726,-12.551413331873636
21,2012-06-22,45,1,5,2,ridge,,10000.0,-12.060684803223303,-12.00798502229204,-13.301247914291826,-12.582179797324539
21,2012-06-25,46,1,5,2,ridge,,10000.0,-11.883841971912686,-12.210536948445432,-13.297395738794197,-12.57685346928494
21,2012-06-29,47,1,5,2,ridge,,10000.0,-12.329567928959571,-12.661731465224886,-13.290532156188245,-12.567361203717597
21,2012-07-08,48,1,5,2,ridge,,10000.0,-12.336402358206886,-12.252348442564678,-13.285902515335025,-12.560956438854083
21,2012-07-10,49,1,5,2,ridge,,10000.0,-12.541026866239491,-12.812605872689588,-13.287162912874795,-12.562700299404613
21,2012-07-17,50,1,5,2,ridge,,10000.0,-12.042182130233446,-11.668944707481812,-13.293104811941724,-12.570919525737844
31,2012-06-22,56,1,5,2,ridge,,10000.0,-12.261406145930293,-7.675525079895581,-13.304447215402359,-12.587221471877617
31,2012-06-27,57,1,5,2,ridge,,10000.0,-15.56720520685795,-10.869677151623607,-13.29044634353233,-12.56786884317868
31,2012-07-05,58,1,5,2,ridge,,10000.0,-14.630903606681327,-11.607199044191669,-13.278325028266773,-12.551107987128637
31,2012-07-08,59,1,5,2,ridge,,10000.0,-15.85527387686205,-13.88497530384446,-13.27346457934767,-12.544384486685146
31,2012-07-14,60,1,5,2,ridge,,10000.0,-12.061582027927042,-8.958668222109942,-13.292842774579274,-12.57118172038945
41,2012-06-22,67,1,5,2,ridge,,10000.0,-9.893244615306044,-8.032288058491003,-13.32788694287951,-12.61630010176266
41,2012-06-27,68,1,5,2,ridge,,10000.0,-12.472382986190222,-8.801892289617859,-13.314461731276559,-12.597740642643435
41,2012-07-05,69,1,5,2,ridge,,10000.0,-12.028670241841908,-9.29119256932756,-13.308270318367727,-12.589178604482608
41,2012-07-08,70,1,5,2,ridge,,10000.0,-13.748748630293996,-9.894634362662554,-13.304280940145578,-12.583660351889021
41,2012-07-14,71,1,5,2,ridge,,10000.0,-11.651468732388375,-9.450060398721016,-13.307808396825692,-12.588539720099526
41,2012-07-17,72,1,5,2,ridge,,10000.0,-11.500314383218642,-8.561757537563716,-13.325565577010499,-12.61309141736422
54,2012-06-22,90,1,5,2,ridge,,10000.0,-10.417640310145606,-12.93767695335395,-13.274814173860715,-12.542128655976361
54,2012-06-29,91,1,5,2,ridge,,10000.0,-13.54880158174925,-13.941944979578206,-13.268429375717684,-12.533288740915117
54,2012-07-10,92,1,5,2,ridge,,10000.0,-11.65562649391276,-9.922527219399468,-13.267860063025083,-12.532500148870893
113,2012-06-22,27,1,5,3,ridge,,10000.0,-13.904265705279988,-12.764677230796163,-13.51822064775125,-12.77379598141577
113,2012-06-25,28,1,5,3,ridge,,10000.0,-16.669071704883304,-15.628078749949356,-13.51558181745507,-12.772025932899682
113,2012-07-05,29,1,5,3,ridge,,10000.0,-13.78856756792369,-13.696217585568537,-13.512826985601103,-12.77017693860831
113,2012-07-08,30,1,5,3,ridge,,10000.0,-14.418687481499695,-13.97967004287996,-13.511418425904978,-12.769230940515161
113,2012-07-14,31,1,5,3,ridge,,10000.0,-16.398165435484163,-15.965865563125584,-13.509205426776573,-12.767743579908254
113,2012-07-17,32,1,5,3,ridge,,10000.0,-13.772013528373366,-13.330322847631932,-13.511418609508855,-12.76923106385636
22,2012-06-22,51,1,5,3,ridge,,10000.0,-14.06874113337972,-14.071044446046743,-13.52722948381007,-12.784808744719804
22,2012-06-25,52,1,5,3,ridge,,10000.0,-14.018031173978704,-14.77165243150176,-13.525248027134325,-12.783479184225389
22,2012-06-29,53,1,5,3,ridge,,10000.0,-14.73472458342086,-15.474752085663306,-13.52320638193727,-12.782108500325906
22,2012-07-14,54,1,5,3,ridge,,10000.0,-14.429262660073372,-14.834682689018504,-13.523539000110782,-12.782331867295888
22,2012-07-17,55,1,5,3,ridge,,10000.0,-13.95505270639354,-12.9206874664521,-13.524684703374403,-12.783101072833292
72,2012-06-22,114,1,5,3,ridge,,10000.0,-9.156246315375464,-7.121824880330802,-13.496540687508563,-12.760179385278448
72,2012-06-27,115,1,5,3,ridge,,10000.0,-11.598774165532014,-9.739787261661805,-13.495090786637677,-12.759202484102138
72,2012-06-29,116,1,5,3,ridge,,10000.0,-11.694497047916627,-10.620512155280064,-13.494251401116884,-12.758636265974774
72,2012-07-05,117,1,5,3,ridge,,10000.0,-9.279994157479894,-6.1840522735730685,-13.497712703433685,-12.760968224974448
72,2012-07-08,118,1,5,3,ridge,,10000.0,-7.434985480666953,-4.951473364462895,-13.498374466001144,-12.761413367079
72,2012-07-14,119,1,5,3,ridge,,10000.0,-11.38639094380066,-6.363423342248725,-13.494168686004077,-12.75858043774242
72,2012-07-17,120,1,5,3,ridge,,10000.0,-7.896576091932785,-5.316371130913266,-13.495824846999959,-12.759697233532213
81,2012-06-22,121,1,5,3,ridge,,10000.0,-9.587343732140498,-5.953072410726956,-13.50694250393916,-12.768571814161
81,2012-06-27,122,1,5,3,ridge,,10000.0,-13.63439663913034,-8.63444576538804,-13.503682346584217,-12.766377473143917
81,2012-07-17,123,1,5,3,ridge,,10000.0,-8.981462326670332,-6.7381420816219775,-13.506193612694979,-12.768068172960422
91,2012-06-22,126,1,5,3,ridge,,10000.0,-13.79430023004177,-12.721885004018873,-13.517623362047335,-12.779563384228325
91,2012-06-25,127,1,5,3,ridge,,10000.0,-16.252064078644956,-15.095063986983767,-13.515119011339975,-12.7778781120671
91,2012-07-05,128,1,5,3,ridge,,10000.0,-11.946673251406857,-15.864027780720509,-13.517008550287027,-12.779149904331373
91,2012-07-08,129,1,5,3,ridge,,10000.0,-14.420474970996455,-14.377502817334353,-13.516019219313321,-12.778484225919307
91,2012-07-17,130,1,5,3,ridge,,10000.0,-12.823625166801548,-13.726729371774091,-13.517428937790761,-12.779432643227684
91,2012-07-19,131,1,5,3,ridge,,10000.0,-14.006013749198562,-15.882035691137462,-13.515110214610603,-12.777872187060078
12,2012-06-22,33,1,5,4,ridge,,10000.0,-12.945592837955164,-13.621175265774452,-13.453699609269915,-12.373418625434878
12,2012-06-27,34,1,5,4,ridge,,10000.0,-12.863896772641066,-14.252905240550222,-13.452982885013544,-12.372233805789042
12,2012-06-29,35,1,5,4,ridge,,10000.0,-14.492924226367006,-14.921340450348202,-13.453301441017954,-12.372760502766235
12,2012-07-08,36,1,5,4,ridge,,10000.0,-14.914279673093365,-14.773522086284936,-13.452508190677515,-12.37144865647995
12,2012-07-10,37,1,5,4,ridge,,10000.0,-15.09795788808382,-15.53251252603237,-13.453198827011311,-12.372590858355675
12,2012-07-17,38,1,5,4,ridge,,10000.0,-13.089522506330766,-13.652175532794685,-13.45422010123599,-12.374278620566056
42,2012-06-22,73,1,5,4,ridge,,10000.0,-14.561620721902148,-14.201966799335745,-13.462708794064506,-12.392612182798509
42,2012-06-25,74,1,5,4,ridge,,10000.0,-16.153608446963226,-15.565011635602495,-13.460156972193388,-12.388412621116645
42,2012-07-08,75,1,5,4,ridge,,10000.0,-17.86890291137946,-17.776520095428644,-13.452669053890713,-12.376077479932933
42,2012-07-10,76,1,5,4,ridge,,10000.0,-18.21143906581935,-18.30617756824163,-13.449363800874789,-12.37062167946185
42,2012-07-14,77,1,5,4,ridge,,10000.0,-16.095384428093947,-16.335096559717847,-13.457201972997861,-12.383547462097363
42,2012-07-17,78,1,5,4,ridge,,10000.0,-14.801847473829469,-15.583307282953209,-13.463253535540195,-12.3935085085398
53,2012-06-22,85,1,5,4,ridge,,10000.0,-11.59685403803788,-14.890521382506938,-13.443801578986458,-12.36128392604141
53,2012-06-29,86,1,5,4,ridge,,10000.0,-14.273258986856678,-15.844986252295593,-13.440237699003122,-12.355404428860716
53,2012-07-08,87,1,5,4,ridge,,10000.0,-11.837654265802229,-9.263246005952729,-13.439237098907054,-12.353751576539246
53,2012-07-10,88,1,5,4,ridge,,10000.0,-13.121221982705292,-10.563549725135724,-13.438438043536314,-12.352430728276838
53,2012-07-19,89,1,5,4,ridge,,10000.0,-9.430559470207992,-7.124290756308986,-13.438366778841202,-12.352312881660453
71,2012-06-22,107,1,5,4,ridge,,10000.0,-9.441352711283985,-15.826503794261775,-13.435177484873002,-12.351359158362394
71,2012-06-27,108,1,5,4,ridge,,10000.0,-11.830891628824627,-14.88965576948976,-13.434341788869895,-12.349977272612874
71,2012-06-29,109,1,5,4,ridge,,10000.0,-11.77120523725996,-14.980783625920942,-13.433680907717049,-12.348883629139628
71,2012-07-05,110,1,5,4,ridge,,10000.0,-9.126432085488725,-7.106911469422197,-13.43526740413386,-12.35150778513619
71,2012-07-08,111,1,5,4,ridge,,10000.0,-8.240456830553434,-5.994288299384496,-13.43542535718251,-12.351768837711596
71,2012-07-14,112,1,5,4,ridge,,10000.0,-12.231283617180784,-7.335724658361975,-13.43366582148615,-12.34885865441373
71,2012-07-17,113,1,5,4,ridge,,10000.0,-7.863112808923288,-5.020162935449686,-13.436726493268644,-12.353918089968806
83,2012-06-29,124,1,5,4,ridge,,10000.0,-13.150595982099484,-13.185851612534412,-13.456298787377888,-12.37474020074646
83,2012-07-14,125,1,5,4,ridge,,10000.0,-10.781364360016564,-10.279583356930988,-13.45659773848085,-12.375234443432497
102,2012-06-22,0,1,5,1,ridge_vwc,,0.0001,-9.99305662822514,-8.79817877926706,-13.307696909116249,-12.639964370419841
102,2012-06-25,1,1,5,1,ridge_vwc,,0.0001,-12.531601150465749,-11.66376412888952,-13.328884811528868,-12.798312301021383
102,2012-06-29,2,1,5,1,ridge_vwc,,0.0001,-16.257897492533367,-15.208138461464548,-13.072808697061621,-12.875507275566417
102,2012-07-08,3,1,5,1,ridge_vwc,,0.0001,-10.129457779827602,-9.071938641334588,-12.820518819061489,-12.687997175882346
102,2012-07-10,4,1,5,1,ridge_vwc,,0.0001,-14.95434368762578,-14.112183043981709,-12.912441670760655,-12.700129738412521
102,2012-07-17,5,1,5,1,ridge_vwc,,0.0001,-5.014295508188514,-4.452412337847899,-12.855674025766035,-12.534662931405137
102,2012-07-19,6,1,5,1,ridge_vwc,,0.0001,-10.3251467740893,-11.06628687788346,-12.768613463985355,-12.522278929893945
111,2012-06-27,19,1,5,1,ridge_vwc,,0.0001,-15.147228418373352,-9.881794018641486,-13.04821109735199,-13.271455206824626
111,2012-07-08,20,1,5,1,ridge_vwc,,0.0001,-10.432732239997303,-7.011457229997938,-13.283087598848082,-12.896396341437429
111,2012-07-10,21,1,5,1,ridge_vwc,,0.0001,-12.332899347459149,-7.340003351417149,-12.916502344739492,-12.896007969312619
111,2012-07-19,22,1,5,1,ridge_vwc,,0.0001,-13.429778660777457,-11.904793601312772,-12.854570154170487,-12.642263560962553
112,2012-06-22,23,1,5,1,ridge_vwc,,0.0001,-16.789512402971386,-18.984197687028864,-12.820031073949536,-12.080752997987553
112,2012-06-25,24,1,5,1,ridge_vwc,,0.0001,-17.713046799178723,-19.529406845749364,-12.792578671210832,-12.10689313579581
112,2012-07-05,25,1,5,1,ridge_vwc,,0.0001,-15.269240391706376,-15.832742511880692,-12.673015193188931,-11.934635439669215
112,2012-07-08,26,1,5,1,ridge_vwc,,0.0001,-15.868211803986831,-15.9439617824927,-12.673632486058894,-11.934483612149748
32,2012-06-22,61,1,5,1,ridge_vwc,,0.0001,-15.06141043899014,-15.128490659381375,-15.043380100656192,-13.724041800982377
32,2012-06-25,62,1,5,1,ridge_vwc,,0.0001,-16.76615352729908,-16.21045729230626,-15.01669563980449,-13.83108257598263
32,2012-07-08,63,1,5,1,ridge_vwc,,0.0001,-19.51691196321064,-18.66502996569921,-14.405970117514444,-14.098294520032097
32,2012-07-10,64,1,5,1,ridge_vwc,,0.0001,-20.20667659920886,-19.288993971916742,-14.403523078854187,-14.097717239636193
32,2012-07-14,65,1,5,1,ridge_vwc,,0.0001,-17.739515725707594,-17.16765829163566,-14.981844529107361,-14.143796187848928
32,2012-07-17,66,1,5,1,ridge_vwc,,0.0001,-16.639945346572592,-14.987927440241748,-15.071292306467395,-14.088529675703473
61,2012-06-22,93,1,5,1,ridge_vwc,,0.0001,-11.307138591209124,-10.699103847173708,-12.649645540097891,-11.27472221610186
61,2012-06-25,94,1,5,1,ridge_vwc,,0.0001,-13.358854538113189,-12.281835560024907,-12.030505006071808,-11.107949519832454
61,2012-06-29,95,1,5,1,ridge_vwc,,0.0001,-14.258735753179286,-12.929838363897248,-12.047395795746997,-11.870299496912027
61,2012-07-08,96,1,5,1,ridge_vwc,,0.0001,-12.653243854103511,-10.41345274290406,-12.259804984998796,-10.470166570176081
61,2012-07-10,97,1,5,1,ridge_vwc,,0.0001,-14.196530364341184,-11.545773452581232,-11.948487526663072,-10.38144786198048
61,2012-07-17,98,1,5,1,ridge_vwc,,0.0001,-12.879880314149483,-11.29771365776737,-12.367825595165995,-10.906961615851039
61,2012-07-19,99,1,5,1,ridge_vwc,,0.0001,-15.889663878319602,-12.719370404847758,-12.060014722037677,-10.819962848761307
103,2012-06-22,7,1,5,2,ridge_vwc,,0.0001,-13.28404803220713,-14.50588749676858,-13.397194275958594,-13.593884570303395
103,2012-06-27,8,1,5,2,ridge_vwc,,0.0001,-17.302172301136643,-16.600968273984137,-12.587679829740775,-12.640300865073014
103,2012-06-29,9,1,5,2,ridge_vwc,,0.0001,-18.92242109331228,-19.84632772841422,-12.257570907193333,-12.283445059258126
103,2012-07-05,10,1,5,2,ridge_vwc,,0.0001,-15.574795029478718,-16.124130866471255,-12.319914444533762,-12.293279414820923
103,2012-07-08,11,1,5,2,ridge_vwc,,0.0001,-15.86824246394819,-13.95091862281008,-12.167445058252191,-12.136270816349569
103,2012-07-14,12,1,5,2,ridge_vwc,,0.0001,-17.84275788106028,-18.72912571156667,-12.055383746818997,-11.923028655159897
103,2012-07-17,13,1,5,2,ridge_vwc,,0.0001,-12.595339414809716,-16.21757943788777,-12.21913211058933,-12.084515901001359
21,2012-06-22,45,1,5,2,ridge_vwc,,0.0001,-12.060684803223303,-12.00798502229204,-13.739581165979882,-14.056398229770878
21,2012-06-25,46,1,5,2,ridge_vwc,,0.0001,-11.883841971912686,-12.210536948445432,-13.63606502734716,-13.942697069657202
21,2012-06-29,47,1,5,2,ridge_vwc,,0.0001,-12.329567928959571,-12.661731465224886,-13.452477386760522,-13.721342984749203
21,2012-07-08,48,1,5,2,ridge_vwc,,0.0001,-12.336402358206886,-12.252348442564678,-13.32756618154454,-13.597796926713858
21,2012-07-10,49,1,5,2,ridge_vwc,,0.0001,-12.541026866239491,-12.812605872689588,-13.36156233978465,-13.631587090209187
21,2012-07-17,50,1,5,2,ridge_vwc,,0.0001,-12.042182130233446,-11.668944707481812,-13.523511608138131,-13.752831533021155
31,2012-06-22,56,1,5,2,ridge_vwc,,0.0001,-12.261406145930293,-7.675525079895581,-12.540082071378528,-11.610237542264587
31,2012-06-27,57,1,5,2,ridge_vwc,,0.0001,-15.56720520685795,-10.869677151623607,-12.195357191459724,-10.466131188442464
31,2012-07-05,58,1,5,2,ridge_vwc,,0.0001,-14.630903606681327,-11.607199044191669,-11.847339092708937,-10.624004818785137
31,2012-07-08,59,1,5,2,ridge_vwc,,0.0001,-15.85527387686205,-13.88497530384446,-11.716387565071619,-10.489731718922828
31,2012-07-14,60,1,5,2,ridge_vwc,,0.0001,-12.061582027927042,-8.958668222109942,-12.247703598217331,-10.815655963379184
41,2012-06-22,67,1,5,2,ridge_vwc,,0.0001,-9.893244615306044,-8.032288058491003,-15.683239383394993,-14.80303363868457
41,2012-06-27,68,1,5,2,ridge_vwc,,0.0001,-12.472382986190222,-8.801892289617859,-15.320809002076835,-14.443866539756424
41,2012-07-05,69,1,5,2,ridge_vwc,,0.0001,-12.028670241841908,-9.29119256932756,-15.116819824980615,-15.131003320313157
41,2012-07-08,70,1,5,2,ridge_vwc,,0.0001,-13.748748630293996,-9.894634362662554,-15.009369124326312,-15.019926196736462
41,2012-07-14,71,1,5,2,ridge_vwc,,0.0001,-11.651468732388375,-9.450060398721016,-15.106117908127022,-15.077909267861795
41,2012-07-17,72,1,5,2,ridge_vwc,,0.0001,-11.500314383218642,-8.561757537563716,-15.583200591168671,-15.604469953699514
54,2012-06-22,90,1,5,2,ridge_vwc,,0.0001,-10.417640310145606,-12.93767695335395,-11.61711162616135,-10.645195689387666
54,2012-06-29,91,1,5,2,ridge_vwc,,0.0001,-13.54880158174925,-13.941944979578206,-11.460699355652814,-10.111384024963035
54,2012-07-10,92,1,5,2,ridge_vwc,,0.0001,-11.65562649391276,-9.922527219399468,-11.484601764867117,-9.189147616762929
113,2012-06-22,27,1,5,3,ridge_vwc,,0.0001,-13.904265705279988,-12.764677230796163,-13.66848811769509,-13.422626145088984
113,2012-06-25,28,1,5,3,ridge_vwc,,0.0001,-16.669071704883304,-15.628078749949356,-13.800209790342763,-13.509089112079332
113,2012-07-05,29,1,5,3,ridge_vwc,,0.0001,-13.78856756792369,-13.696217585568537,-13.83351958325378,-13.516169242283517
113,2012-07-08,30,1,5,3,ridge_vwc,,0.0001,-14.418687481499695,-13.97967004287996,-13.80183024014792,-13.56802156467168
113,2012-07-14,31,1,5,3,ridge_vwc,,0.0001,-16.398165435484163,-15.965865563125584,-13.647038066019087,-13.502509820602349
113,2012-07-17,32,1,5,3,ridge_vwc,,0.0001,-13.772013528373366,-13.330322847631932,-13.791672341690289,-13.41573747186284
22,2012-06-22,51,1,5,3,ridge_vwc,,0.0001,-14.06874113337972,-14.071044446046743,-15.427360431907974,-15.30134083793197
22,2012-06-25,52,1,5,3,ridge_vwc,,0.0001,-14.018031173978704,-14.77165243150176,-15.486573892921825,-15.368482732461135
22,2012-06-29,53,1,5,3,ridge_vwc,,0.0001,-14.73472458342086,-15.474752085663306,-15.48496297719687,-15.458570388385464
22,2012-07-14,54,1,5,3,ridge_vwc,,0.0001,-14.429262660073372,-14.834682689018504,-15.486385247280545,-15.38366380098746
22,2012-07-17,55,1,5,3,ridge_vwc,,0.0001,-13.95505270639354,-12.9206874664521,-15.48996439900984,-15.342728214391965
72,2012-06-22,114,1,5,3,ridge_vwc,,0.0001,-9.156246315375464,-7.121824880330802,-12.37103498727852,-12.742435810376099
72,2012-06-27,115,1,5,3,ridge_vwc,,0.0001,-11.598774165532014,-9.739787261661805,-12.04962818804569,-12.554111495694707
72,2012-06-29,116,1,5,3,ridge_vwc,,0.0001,-11.694497047916627,-10.620512155280064,-11.815963682492677,-12.597013553603421
72,2012-07-05,117,1,5,3,ridge_vwc,,0.0001,-9.279994157479894,-6.1840522735730685,-12.447965484338706,-11.236225573997997
72,2012-07-08,118,1,5,3,ridge_vwc,,0.0001,-7.434985480666953,-4.951473364462895,-12.523269854352643,-11.20848839277731
72,2012-07-14,119,1,5,3,ridge_vwc,,0.0001,-11.38639094380066,-6.363423342248725,-11.657539512749555,-10.61412429734545
72,2012-07-17,120,1,5,3,ridge_vwc,,0.0001,-7.896576091932785,-5.316371130913266,-12.084938543837778,-10.531355449865867
81,2012-06-22,121,1,5,3,ridge_vwc,,0.0001,-9.587343732140498,-5.953072410726956,-13.595504033227451,-12.785846678393431
81,2012-06-27,122,1,5,3,ridge_vwc,,0.0001,-13.63439663913034,-8.63444576538804,-13.079609913777126,-12.520739820229915
81,2012-07-17,123,1,5,3,ridge_vwc,,0.0001,-8.981462326670332,-6.7381420816219775,-13.535190788663279,-13.048473038649197
91,2012-06-22,126,1,5,3,ridge_vwc,,0.0001,-13.79430023004177,-12.721885004018873,-15.024447293269237,-13.263396635654074
91,2012-06-25,127,1,5,3,ridge_vwc,,0.0001,-16.252064078644956,-15.095063986983767,-14.67954731786636,-13.371712729740388
91,2012-07-05,128,1,5,3,ridge_vwc,,0.0001,-11.946673251406857,-15.864027780720509,-14.98950489495749,-13.709376980707841
91,2012-07-08,129,1,5,3,ridge_vwc,,0.0001,-14.420474970996455,-14.377502817334353,-14.860158131022517,-13.751780880186967
91,2012-07-17,130,1,5,3,ridge_vwc,,0.0001,-12.823625166801548,-13.726729371774091,-15.071876307225214,-14.26056114176831
91,2012-07-19,131,1,5,3,ridge_vwc,,0.0001,-14.006013749198562,-15.882035691137462,-14.743903855440351,-14.3613312899165
12,2012-06-22,33,1,5,4,ridge_vwc,,0.0001,-12.945592837955164,-13.621175265774452,-14.9705086114354,-15.140209146913975
12,2012-06-27,34,1,5,4,ridge_vwc,,0.0001,-12.863896772641066,-14.252905240550222,-14.970965420941745,-15.231863771202468
12,2012-06-29,35,1,5,4,ridge_vwc,,0.0001,-14.492924226367006,-14.921340450348202,-14.972516135652889,-15.196510685568189
12,2012-07-08,36,1,5,4,ridge_vwc,,0.0001,-14.914279673093365,-14.773522086284936,-14.968736424713775,-15.291697861320383
12,2012-07-10,37,1,5,4,ridge_vwc,,0.0001,-15.09795788808382,-15.53251252603237,-14.972833174813205,-15.211001307226239
12,2012-07-17,38,1,5,4,ridge_vwc,,0.0001,-13.089522506330766,-13.652175532794685,-14.954466457679292,-15.01662175331101
42,2012-06-22,73,1,5,4,ridge_vwc,,0.0001,-14.561620721902148,-14.201966799335745,-14.094321256009728,-12.850353693774396
42,2012-06-25,74,1,5,4,ridge_vwc,,0.0001,-16.153608446963226,-15.565011635602495,-14.128129450157534,-12.878714740706295
42,2012-07-08,75,1,5,4,ridge_vwc,,0.0001,-17.86890291137946,-17.776520095428644,-13.99647067833763,-12.258656780125104
42,2012-07-10,76,1,5,4,ridge_vwc,,0.0001,-18.21143906581935,-18.30617756824163,-14.00177857315997,-12.507519319184915
42,2012-07-14,77,1,5,4,ridge_vwc,,0.0001,-16.095384428093947,-16.335096559717847,-14.008819913580364,-12.28388758906253
42,2012-07-17,78,1,5,4,ridge_vwc,,0.0001,-14.801847473829469,-15.583307282953209,-13.933181338973181,-12.19162371873904
53,2012-06-22,85,1,5,4,ridge_vwc,,0.0001,-11.59685403803788,-14.890521382506938,-13.09927307203157,-11.417918078242158
53,2012-06-29,86,1,5,4,ridge_vwc,,0.0001,-14.273258986856678,-15.844986252295593,-12.900601252663831,-10.740687578698193
53,2012-07-08,87,1,5,4,ridge_vwc,,0.0001,-11.837654265802229,-9.263246005952729,-11.044262024165473,-2.920942450527013
53,2012-07-10,88,1,5,4,ridge_vwc,,0.0001,-13.121221982705292,-10.563549725135724,-11.041082638054073,-3.0057051214420003
53,2012-07-19,89,1,5,4,ridge_vwc,,0.0001,-9.430559470207992,-7.124290756308986,-12.291040516673423,-8.345918458013825
71,2012-06-22,107,1,5,4,ridge_vwc,,0.0001,-9.441352711283985,-15.826503794261775,-12.861891391678217,-11.983048833481215
71,2012-06-27,108,1,5,4,ridge_vwc,,0.0001,-11.830891628824627,-14.88965576948976,-12.778736407610943,-11.742111254102953
71,2012-06-29,109,1,5,4,ridge_vwc,,0.0001,-11.77120523725996,-14.980783625920942,-12.773277931717036,-11.827810366476069
71,2012-07-05,110,1,5,4,ridge_vwc,,0.0001,-9.126432085488725,-7.106911469422197,-12.446503662557395,-10.200828695807141
71,2012-07-08,111,1,5,4,ridge_vwc,,0.0001,-8.240456830553434,-5.994288299384496,-12.447024222489816,-10.184668175704132
71,2012-07-14,112,1,5,4,ridge_vwc,,0.0001,-12.231283617180784,-7.335724658361975,-12.133647940734603,-9.102840628557782
71,2012-07-17,113,1,5,4,ridge_vwc,,0.0001,-7.863112808923288,-5.020162935449686,-12.146080535293471,-8.77676656185913
83,2012-06-29,124,1,5,4,ridge_vwc,,0.0001,-13.150595982099484,-13.185851612534412,-15.041648954573553,-14.444255073156171
83,2012-07-14,125,1,5,4,ridge_vwc,,0.0001,-10.781364360016564,-10.279583356930988,-14.355295760423672,-11.478859930111444
102,2012-06-22,0,1,5,1,ridge_vwc,,0.01,-9.99305662822514,-8.79817877926706,-13.312961008910293,-12.64224493946903
102,2012-06-25,1,1,5,1,ridge_vwc,,0.01,-12.531601150465749,-11.66376412888952,-13.329854466778901,-12.798741372703555
102,2012-06-29,2,1,5,1,ridge_vwc,,0.01,-16.257897492533367,-15.208138461464548,-13.07034368300145,-12.874420597498116
102,2012-07-08,3,1,5,1,ridge_vwc,,0.01,-10.129457779827602,-9.071938641334588,-12.818647537393012,-12.68715156443017
102,2012-07-10,4,1,5,1,ridge_vwc,,0.01,-14.95434368762578,-14.112183043981709,-12.910191140153156,-12.69913470293451
102,2012-07-17,5,1,5,1,ridge_vwc,,0.01,-5.014295508188514,-4.452412337847899,-12.853465580974664,-12.533700482421912
102,2012-07-19,6,1,5,1,ridge_vwc,,0.01,-10.3251467740893,-11.06628687788346,-12.766788364899643,-12.521468434854672
111,2012-06-27,19,1,5,1,ridge_vwc,,0.01,-15.147228418373352,-9.881794018641486,-13.045645174529186,-13.270287730816
111,2012-07-08,20,1,5,1,ridge_vwc,,0.01,-10.432732239997303,-7.011457229997938,-13.280466622398004,-12.89529433957456
111,2012-07-10,21,1,5,1,ridge_vwc,,0.01,-12.332899347459149,-7.340003351417149,-12.914095708281348,-12.894941207202734
111,2012-07-19,22,1,5,1,ridge_vwc,,0.01,-13.429778660777457,-11.904793601312772,-12.85214523472115,-12.641215287150597
112,2012-06-22,23,1,5,1,ridge_vwc,,0.01,-16.789512402971386,-18.984197687028864,-12.819293836561732,-12.080495217574429
112,2012-06-25,24,1,5,1,ridge_vwc,,0.01,-17.713046799178723,-19.529406845749364,-12.791149714755285,-12.106332301678695
112,2012-07-05,25,1,5,1,ridge_vwc,,0.01,-15.269240391706376,-15.832742511880692,-12.670710846862972,-11.933707029769652
112,2012-07-08,26,1,5,1,ridge_vwc,,0.01,-15.868211803986831,-15.9439617824927,-12.671331902806118,-11.93355692410473
32,2012-06-22,61,1,5,1,ridge_vwc,,0.01,-15.06141043899014,-15.128490659381375,-15.046368160407383,-13.725339541266827
32,2012-06-25,62,1,5,1,ridge_vwc,,0.01,-16.76615352729908,-16.21045729230626,-15.016803522466157,-13.83113216693313
32,2012-07-08,63,1,5,1,ridge_vwc,,0.01,-19.51691196321064,-18.66502996569921,-14.406298271455665,-14.098306653845317
32,2012-07-10,64,1,5,1,ridge_vwc,,0.01,-20.20667659920886,-19.288993971916742,-14.403868206518354,-14.097736321832297
32,2012-07-14,65,1,5,1,ridge_vwc,,0.01,-17.739515725707594,-17.16765829163566,-14.980518742832933,-14.143184576545066
32,2012-07-17,66,1,5,1,ridge_vwc,,0.01,-16.639945346572592,-14.987927440241748,-15.071411516521486,-14.088556162063007
61,2012-06-22,93,1,5,1,ridge_vwc,,0.01,-11.307138591209124,-10.699103847173708,-12.648364744609195,-11.274273522303607
61,2012-06-25,94,1,5,1,ridge_vwc,,0.01,-13.358854538113189,-12.281835560024907,-12.034078996211033,-11.10950081731722
61,2012-06-29,95,1,5,1,ridge_vwc,,0.01,-14.258735753179286,-12.929838363897248,-12.052633612072547,-11.87245578414919
61,2012-07-08,96,1,5,1,ridge_vwc,,0.01,-12.653243854103511,-10.41345274290406,-12.259915648050129,-10.470365261106725
61,2012-07-10,97,1,5,1,ridge_vwc,,0.01,-14.196530364341184,-11.545773452581232,-11.951170772544945,-10.382708984226214
61,2012-07-17,98,1,5,1,ridge_vwc,,0.01,-12.879880314149483,-11.29771365776737,-12.367923734164377,-10.90710992465924
61,2012-07-19,99,1,5,1,ridge_vwc,,0.01,-15.889663878319602,-12.719370404847758,-12.062636976699281,-10.821153203903155
103,2012-06-22,7,1,5,2,ridge_vwc,,0.01,-13.28404803220713,-14.50588749676858,-13.397352606015914,-13.5927324952985
103,2012-06-27,8,1,5,2,ridge_vwc,,0.01,-17.302172301136643,-16.600968273984137,-12.587805025196504,-12.64047606803937
103,2012-06-29,9,1,5,2,ridge_vwc,,0.01,-18.92242109331228,-19.84632772841422,-12.257669446441088,-12.283744140931509
103,2012-07-05,10,1,5,2,ridge_vwc,,0.01,-15.574795029478718,-16.124130866471255,-12.320019187513424,-12.293600572586158
103,2012-07-08,11,1,5,2,ridge_vwc,,0.01,-15.86824246394819,-13.95091862281008,-12.167533780909633,-12.136531622761245
103,2012-07-14,12,1,5,2,ridge_vwc,,0.01,-17.84275788106028,-18.72912571156667,-12.055457922703397,-11.923173016730729
103,2012-07-17,13,1,5,2,ridge_vwc,,0.01,-12.595339414809716,-16.21757943788777,-12.219226878418315,-12.084832439842655
21,2012-06-22,45,1,5,2,ridge_vwc,,0.01,-12.060684803223303,-12.00798502229204,-13.739554359353972,-14.056397292257643
21,2012-06-25,46,1,5,2,ridge_vwc,,0.01,-11.883841971912686,-12.210536948445432,-13.636030714929705,-13.942762024059512
21,2012-06-29,47,1,5,2,ridge_vwc,,0.01,-12.329567928959571,-12.661731465224886,-13.452426690560511,-13.721431393443016
21,2012-07-08,48,1,5,2,ridge_vwc,,0.01,-12.336402358206886,-12.252348442564678,-13.327501288831828,-13.597801483082915
21,2012-07-10,49,1,5,2,ridge_vwc,,0.01,-12.541026866239491,-12.812605872689588,-13.361501597192493,-13.631623429267782
21,2012-07-17,50,1,5,2,ridge_vwc,,0.01,-12.042182130233446,-11.668944707481812,-13.523467927139531,-13.752940331050532
31,2012-06-22,56,1,5,2,ridge_vwc,,0.01,-12.261406145930293,-7.675525079895581,-12.54031731584117,-11.610168878181538
31,2012-06-27,57,1,5,2,ridge_vwc,,0.01,-15.56720520685795,-10.869677151623607,-12.19557892523954,-10.466758998983627
31,2012-07-05,58,1,5,2,ridge_vwc,,0.01,-14.630903606681327,-11.607199044191669,-11.847532446491982,-10.62467313678492
31,2012-07-08,59,1,5,2,ridge_vwc,,0.01,-15.85527387686205,-13.88497530384446,-11.716566885632382,-10.490339521675345
31,2012-07-14,60,1,5,2,ridge_vwc,,0.01,-12.061582027927042,-8.958668222109942,-12.247927267332315,-10.816147580379212
41,2012-06-22,67,1,5,2,ridge_vwc,,0.01,-9.893244615306044,-8.032288058491003,-15.68305680569054,-14.802781687394088
41,2012-06-27,68,1,5,2,ridge_vwc,,0.01,-12.472382986190222,-8.801892289617859,-15.320604921179612,-14.443989238554815
41,2012-07-05,69,1,5,2,ridge_vwc,,0.01,-12.028670241841908,-9.29119256932756,-15.116596103587366,-15.130964839458269
41,2012-07-08,70,1,5,2,ridge_vwc,,0.01,-13.748748630293996,-9.894634362662554,-15.009134315694169,-15.01985161537588
41,2012-07-14,71,1,5,2,ridge_vwc,,0.01,-11.651468732388375,-9.450060398721016,-15.105893257057193,-15.077879074785807
41,2012-07-17,72,1,5,2,ridge_vwc,,0.01,-11.500314383218642,-8.561757537563716,-15.583009328405069,-15.604097903083094
54,2012-06-22,90,1,5,2,ridge_vwc,,0.01,-10.417640310145606,-12.93767695335395,-11.61733862746208,-10.64562079152995
54,2012-06-29,91,1,5,2,ridge_vwc,,0.01,-13.54880158174925,-13.941944979578206,-11.460898791065029,-10.111454693234922
54,2012-07-10,92,1,5,2,ridge_vwc,,0.01,-11.65562649391276,-9.922527219399468,-11.484803906721426,-9.189378136518508
113,2012-06-22,27,1,5,3,ridge_vwc,,0.01,-13.904265705279988,-12.764677230796163,-13.66715189488332,-13.422749859275516
113,2012-06-25,28,1,5,3,ridge_vwc,,0.01,-16.669071704883304,-15.628078749949356,-13.796714866087727,-13.509330257327456
113,2012-07-05,29,1,5,3,ridge_vwc,,0.01,-13.78856756792369,-13.696217585568537,-13.829027586644333,-13.51645215997578
113,2012-07-08,30,1,5,3,ridge_vwc,,0.01,-14.418687481499695,-13.97967004287996,-13.797537809669143,-13.568267378034664
113,2012-07-14,31,1,5,3,ridge_vwc,,0.01,-16.398165435484163,-15.965865563125584,-13.644237036561591,-13.502630881518714
113,2012-07-17,32,1,5,3,ridge_vwc,,0.01,-13.772013528373366,-13.330322847631932,-13.787300761574796,-13.416009617494414
22,2012-06-22,51,1,5,3,ridge_vwc,,0.01,-14.06874113337972,-14.071044446046743,-15.426034714076877,-15.301075975126409
22,2012-06-25,52,1,5,3,ridge_vwc,,0.01,-14.018031173978704,-14.77165243150176,-15.484153322246211,-15.368267213761603
22,2012-06-29,53,1,5,3,ridge_vwc,,0.01,-14.73472458342086,-15.474752085663306,-15.482268610912337,-15.458340317859863
22,2012-07-14,54,1,5,3,ridge_vwc,,0.01,-14.429262660073372,-14.834682689018504,-15.483635954676465,-15.383451512540807
22,2012-07-17,55,1,5,3,ridge_vwc,,0.01,-13.95505270639354,-12.9206874664521,-15.487346960461748,-15.342524391168677
72,2012-06-22,114,1,5,3,ridge_vwc,,0.01,-9.156246315375464,-7.121824880330802,-12.373127041283887,-12.742254370354965
72,2012-06-27,115,1,5,3,ridge_vwc,,0.01,-11.598774165532014,-9.739787261661805,-12.055392396869733,-12.55367052334149
72,2012-06-29,116,1,5,3,ridge_vwc,,0.01,-11.694497047916627,-10.620512155280064,-11.824693375040649,-12.596340349923269
72,2012-07-05,117,1,5,3,ridge_vwc,,0.01,-9.279994157479894,-6.1840522735730685,-12.447178729950398,-11.236470976640028
72,2012-07-08,118,1,5,3,ridge_vwc,,0.01,-7.434985480666953,-4.951473364462895,-12.521588623032676,-11.208810332986848
72,2012-07-14,119,1,5,3,ridge_vwc,,0.01,-11.38639094380066,-6.363423342248725,-11.665565688408211,-10.613769071238229
72,2012-07-17,120,1,5,3,ridge_vwc,,0.01,-7.896576091932785,-5.316371130913266,-12.087559419956294,-10.531425524831546
81,2012-06-22,121,1,5,3,ridge_vwc,,0.01,-9.587343732140498,-5.953072410726956,-13.593630776721332,-12.785943863787136
81,2012-06-27,122,1,5,3,ridge_vwc,,0.01,-13.63439663913034,-8.63444576538804,-13.083490493384371,-12.520415434758986
81,2012-07-17,123,1,5,3,ridge_vwc,,0.01,-8.981462326670332,-6.7381420816219775,-13.5343251004128,-13.048452773797866
91,2012-06-22,126,1,5,3,ridge_vwc,,0.01,-13.79430023004177,-12.721885004018873,-15.023176072096451,-13.263297849425133
91,2012-06-25,127,1,5,3,ridge_vwc,,0.01,-16.252064078644956,-15.095063986983767,-14.682455274854048,-13.371265676762397
91,2012-07-05,128,1,5,3,ridge_vwc,,0.01,-11.946673251406857,-15.864027780720509,-14.989191108144153,-13.709141169387959
91,2012-07-08,129,1,5,3,ridge_vwc,,0.01,-14.420474970996455,-14.377502817334353,-14.86140380326289,-13.75141424227645
91,2012-07-17,130,1,5,3,ridge_vwc,,0.01,-12.823625166801548,-13.726729371774091,-15.071334969469717,-14.26027230520806
91,2012-07-19,131,1,5,3,ridge_vwc,,0.01,-14.006013749198562,-15.882035691137462,-14.747346398039456,-14.360711551082364
12,2012-06-22,33,1,5,4,ridge_vwc,,0.01,-12.945592837955164,-13.621175265774452,-14.97043526985052,-15.137785095244007
12,2012-06-27,34,1,5,4,ridge_vwc,,0.01,-12.863896772641066,-14.252905240550222,-14.970953239996582,-15.228702739298239
12,2012-06-29,35,1,5,4,ridge_vwc,,0.01,-14.492924226367006,-14.921340450348202,-14.972474891985627,-15.193690842538334
12,2012-07-08,36,1,5,4,ridge_vwc,,0.01,-14.914279673093365,-14.773522086284936,-14.968773130604765,-15.28796926865967
12,2012-07-10,37,1,5,4,ridge_vwc,,0.01,-15.09795788808382,-15.53251252603237,-14.972800907161922,-15.208072745190702
12,2012-07-17,38,1,5,4,ridge_vwc,,0.01,-13.089522506330766,-13.652175532794685,-14.954358311470827,-15.014686999979636
42,2012-06-22,73,1,5,4,ridge_vwc,,0.01,-14.561620721902148,-14.201966799335745,-14.094483170680071,-12.849121288293734
42,2012-06-25,74,1,5,4,ridge_vwc,,0.01,-16.153608446963226,-15.565011635602495,-14.128148870770847,-12.87854480757807
42,2012-07-08,75,1,5,4,ridge_vwc,,0.01,-17.86890291137946,-17.776520095428644,-13.996323823787089,-12.259763083363485
42,2012-07-10,76,1,5,4,ridge_vwc,,0.01,-18.21143906581935,-18.30617756824163,-14.001759556530418,-12.506842327967062
42,2012-07-14,77,1,5,4,ridge_vwc,,0.01,-16.095384428093947,-16.335096559717847,-14.008728173646592,-12.28493952865781
42,2012-07-17,78,1,5,4,ridge_vwc,,0.01,-14.801847473829469,-15.583307282953209,-13.933390691528123,-12.190528491380444
53,2012-06-22,85,1,5,4,ridge_vwc,,0.01,-11.59685403803788,-14.890521382506938,-13.099246220722288,-11.419233834489072
53,2012-06-29,86,1,5,4,ridge_vwc,,0.01,-14.273258986856678,-15.844986252295593,-12.900670081826439,-10.741246960422774
53,2012-07-08,87,1,5,4,ridge_vwc,,0.01,-11.837654265802229,-9.263246005952729,-11.044561134618306,-2.9255016584354667
53,2012-07-10,88,1,5,4,ridge_vwc,,0.01,-13.121221982705292,-10.563549725135724,-11.041448881563024,-3.0094668255911348
53,2012-07-19,89,1,5,4,ridge_vwc,,0.01,-9.430559470207992,-7.124290756308986,-12.291300190818312,-8.346381627787657
71,2012-06-22,107,1,5,4,ridge_vwc,,0.01,-9.441352711283985,-15.826503794261775,-12.862031044469003,-11.981857685922506
71,2012-06-27,108,1,5,4,ridge_vwc,,0.01,-11.830891628824627,-14.88965576948976,-12.778962417377858,-11.740197609374619
71,2012-06-29,109,1,5,4,ridge_vwc,,0.01,-11.77120523725996,-14.980783625920942,-12.773582430924908,-11.825004867940823
71,2012-07-05,110,1,5,4,ridge_vwc,,0.01,-9.126432085488725,-7.106911469422197,-12.446673679907999,-10.200795336530588
71,2012-07-08,111,1,5,4,ridge_vwc,,0.01,-8.240456830553434,-5.994288299384496,-12.447181845475413,-10.184783601972416
71,2012-07-14,112,1,5,4,ridge_vwc,,0.01,-12.231283617180784,-7.335724658361975,-12.13401242553421,-9.101659063002902
71,2012-07-17,113,1,5,4,ridge_vwc,,0.01,-7.863112808923288,-5.020162935449686,-12.146185810953597,-8.778660610993347
83,2012-06-29,124,1,5,4,ridge_vwc,,0.01,-13.150595982099484,-13.185851612534412,-15.041633901926655,-14.441677815291865
83,2012-07-14,125,1,5,4,ridge_vwc,,0.01,-10.781364360016564,-10.279583356930988,-14.35531657993456,-11.478365477248996
102,2012-06-22,0,1,5,1,ridge_vwc,,1.0,-9.99305662822514,-8.79817877926706,-13.545914535558497,-12.74713457728123
102,2012-06-25,1,1,5,1,ridge_vwc,,1.0,-12.531601150465749,-11.66376412888952,-13.375589791943606,-12.820104088128137
102,2012-06-29,2,1,5,1,ridge_vwc,,1.0,-16.257897492533367,-15.208138461464548,-12.96588844291174,-12.825354760517541
102,2012-07-08,3,1,5,1,ridge_vwc,,1.0,-10.129457779827602,-9.071938641334588,-12.739822971454613,-12.648068561347516
102,2012-07-10,4,1,5,1,ridge_vwc,,1.0,-14.95434368762578,-14.112183043981709,-12.815007416201032,-12.654133805112583
102,2012-07-17,5,1,5,1,ridge_vwc,,1.0,-5.014295508188514,-4.452412337847899,-12.760228958334261,-12.490993445924444
102,2012-07-19,6,1,5,1,ridge_vwc,,1.0,-10.3251467740893,-11.06628687788346,-12.690098954575797,-12.484838053139809
111,2012-06-27,19,1,5,1,ridge_vwc,,1.0,-15.147228418373352,-9.881794018641486,-12.936656482229091,-13.215492396378107
111,2012-07-08,20,1,5,1,ridge_vwc,,1.0,-10.432732239997303,-7.011457229997938,-13.170032440299511,-12.84862062960242
111,2012-07-10,21,1,5,1,ridge_vwc,,1.0,-12.332899347459149,-7.340003351417149,-12.812298003626609,-12.846516250821953
111,2012-07-19,22,1,5,1,ridge_vwc,,1.0,-13.429778660777457,-11.904793601312772,-12.749774039644587,-12.595134228162667
112,2012-06-22,23,1,5,1,ridge_vwc,,1.0,-16.789512402971386,-18.984197687028864,-12.793526448700451,-12.074744257034073
112,2012-06-25,24,1,5,1,ridge_vwc,,1.0,-17.713046799178723,-19.529406845749364,-12.735166765369403,-12.086627510358058
112,2012-07-05,25,1,5,1,ridge_vwc,,1.0,-15.269240391706376,-15.832742511880692,-12.576603341512246,-11.89796932505371
112,2012-07-08,26,1,5,1,ridge_vwc,,1.0,-15.868211803986831,-15.9439617824927,-12.577389681497918,-11.897902709638025
32,2012-06-22,61,1,5,1,ridge_vwc,,1.0,-15.06141043899014,-15.128490659381375,-15.1669581912627,-13.780269593501949
32,2012-06-25,62,1,5,1,ridge_vwc,,1.0,-16.76615352729908,-16.21045729230626,-15.011751780408305,-13.829380453049925
32,2012-07-08,63,1,5,1,ridge_vwc,,1.0,-19.51691196321064,-18.66502996569921,-14.409315703784898,-14.087158411796635
32,2012-07-10,64,1,5,1,ridge_vwc,,1.0,-20.20667659920886,-19.288993971916742,-14.407621039745939,-14.086879942236319
32,2012-07-14,65,1,5,1,ridge_vwc,,1.0,-17.739515725707594,-17.16765829163566,-14.912536307479808,-14.109117236086428
32,2012-07-17,66,1,5,1,ridge_vwc,,1.0,-16.639945346572592,-14.987927440241748,-15.066611334163959,-14.084158173362756
61,2012-06-22,93,1,5,1,ridge_vwc,,1.0,-11.307138591209124,-10.699103847173708,-12.594067049125114,-11.260241198699092
61,2012-06-25,94,1,5,1,ridge_vwc,,1.0,-13.358854538113189,-12.281835560024907,-12.190275360007352,-11.180254266689717
61,2012-06-29,95,1,5,1,ridge_vwc,,1.0,-14.258735753179286,-12.929838363897248,-12.280306046817978,-11.964037413893669
61,2012-07-08,96,1,5,1,ridge_vwc,,1.0,-12.653243854103511,-10.41345274290406,-12.266560613844106,-10.488219821454182
61,2012-07-10,97,1,5,1,ridge_vwc,,1.0,-14.196530364341184,-11.545773452581232,-12.069390394668943,-10.44576368016643
61,2012-07-17,98,1,5,1,ridge_vwc,,1.0,-12.879880314149483,-11.29771365776737,-12.373642323264678,-10.92011645348359
61,2012-07-19,99,1,5,1,ridge_vwc,,1.0,-15.889663878319602,-12.719370404847758,-12.177823601379352,-10.878470102571967
103,2012-06-22,7,1,5,2,ridge_vwc,,1.0,-13.28404803220713,-14.50588749676858,-13.41540572637413,-13.556216950111796
103,2012-06-27,8,1,5,2,ridge_vwc,,1.0,-17.302172301136643,-16.600968273984137,-12.599934171313258,-12.650204866990777
103,2012-06-29,9,1,5,2,ridge_vwc,,1.0,-18.92242109331228,-19.84632772841422,-12.26685589908066,-12.29467888153092
103,2012-07-05,10,1,5,2,ridge_vwc,,1.0,-15.574795029478718,-16.124130866471255,-12.329805076147535,-12.306650259234432
103,2012-07-08,11,1,5,2,ridge_vwc,,1.0,-15.86824246394819,-13.95091862281008,-12.175811761238007,-12.14517527027141
103,2012-07-14,12,1,5,2,ridge_vwc,,1.0,-17.84275788106028,-18.72912571156667,-12.06251036492651,-11.926331535750036
103,2012-07-17,13,1,5,2,ridge_vwc,,1.0,-12.595339414809716,-16.21757943788777,-12.228034612350367,-12.097255109813998
21,2012-06-22,45,1,5,2,ridge_vwc,,1.0,-12.060684803223303,-12.00798502229204,-13.736647470239657,-14.047288897832203
21,2012-06-25,46,1,5,2,ridge_vwc,,1.0,-11.883841971912686,-12.210536948445432,-13.63223526958937,-13.935173507682691
21,2012-06-29,47,1,5,2,ridge_vwc,,1.0,-12.329567928959571,-12.661731465224886,-13.446930618751592,-13.712796388507385
21,2012-07-08,48,1,5,2,ridge_vwc,,1.0,-12.336402358206886,-12.252348442564678,-13.320727031515192,-13.584082554654051
21,2012-07-10,49,1,5,2,ridge_vwc,,1.0,-12.541026866239491,-12.812605872689588,-13.355086745278982,-13.619660539403348
21,2012-07-17,50,1,5,2,ridge_vwc,,1.0,-12.042182130233446,-11.668944707481812,-13.518653893647434,-13.746359061735843
31,2012-06-22,56,1,5,2,ridge_vwc,,1.0,-12.261406145930293,-7.675525079895581,-12.56426141005889,-11.628618449357994
31,2012-06-27,57,1,5,2,ridge_vwc,,1.0,-15.56720520685795,-10.869677151623607,-12.21698128295102,-10.516101152524847
31,2012-07-05,58,1,5,2,ridge_vwc,,1.0,-14.630903606681327,-11.607199044191669,-11.86585253977755,-10.667386024496281
31,2012-07-08,59,1,5,2,ridge_vwc,,1.0,-15.85527387686205,-13.88497530384446,-11.73358089664905,-10.52890171965948
31,2012-07-14,60,1,5,2,ridge_vwc,,1.0,-12.061582027927042,-8.958668222109942,-12.269721194453153,-10.858165698016634
41,2012-06-22,67,1,5,2,ridge_vwc,,1.0,-9.893244615306044,-8.032288058491003,-15.665249860678156,-14.786600399467103
41,2012-06-27,68,1,5,2,ridge_vwc,,1.0,-12.472382986190222,-8.801892289617859,-15.299881402949898,-14.4388298170228
41,2012-07-05,69,1,5,2,ridge_vwc,,1.0,-12.028670241841908,-9.29119256932756,-15.093979786771914,-15.10959527622093
41,2012-07-08,70,1,5,2,ridge_vwc,,1.0,-13.748748630293996,-9.894634362662554,-14.985463458219257,-14.99564844791514
41,2012-07-14,71,1,5,2,ridge_vwc,,1.0,-11.651468732388375,-9.450060398721016,-15.083176475287926,-15.057048918749937
41,2012-07-17,72,1,5,2,ridge_vwc,,1.0,-11.500314383218642,-8.561757537563716,-15.564339401666697,-15.574651381457429
54,2012-06-22,90,1,5,2,ridge_vwc,,1.0,-10.417640310145606,-12.93767695335395,-11.639422061830235,-10.67875433631784
54,2012-06-29,91,1,5,2,ridge_vwc,,1.0,-13.54880158174925,-13.941944979578206,-11.480965659523713,-10.130762614429845
54,2012-07-10,92,1,5,2,ridge_vwc,,1.0,-11.65562649391276,-9.922527219399468,-11.505059616043265,-9.222994326556263
113,2012-06-22,27,1,5,3,ridge_vwc,,1.0,-13.904265705279988,-12.764677230796163,-13.617649484420674,-13.4286720021817
113,2012-06-25,28,1,5,3,ridge_vwc,,1.0,-16.669071704883304,-15.628078749949356,-13.654571809646402,-13.517951703776047
113,2012-07-05,29,1,5,3,ridge_vwc,,1.0,-13.78856756792369,-13.696217585568537,-13.643401560116573,-13.525161194337224
113,2012-07-08,30,1,5,3,ridge_vwc,,1.0,-14.418687481499695,-13.97967004287996,-13.61964297532443,-13.574219799412152
113,2012-07-14,31,1,5,3,ridge_vwc,,1.0,-16.398165435484163,-15.965865563125584,-13.52844945867616,-13.50260620278225
113,2012-07-17,32,1,5,3,ridge_vwc,,1.0,-13.772013528373366,-13.330322847631932,-13.606196877147031,-13.42421915654449
22,2012-06-22,51,1,5,3,ridge_vwc,,1.0,-14.06874113337972,-14.071044446046743,-15.356814801168511,-15.27043908650577
22,2012-06-25,52,1,5,3,ridge_vwc,,1.0,-14.018031173978704,-14.77165243150176,-15.367623570449409,-15.33802371038006
22,2012-06-29,53,1,5,3,ridge_vwc,,1.0,-14.73472458342086,-15.474752085663306,-15.353112484387832,-15.425620481661465
22,2012-07-14,54,1,5,3,ridge_vwc,,1.0,-14.429262660073372,-14.834682689018504,-15.352381426181097,-15.35223578724198
22,2012-07-17,55,1,5,3,ridge_vwc,,1.0,-13.95505270639354,-12.9206874664521,-15.36224733706604,-15.312637436877104
72,2012-06-22,114,1,5,3,ridge_vwc,,1.0,-9.156246315375464,-7.121824880330802,-12.464731317796339,-12.732917063099576
72,2012-06-27,115,1,5,3,ridge_vwc,,1.0,-11.598774165532014,-9.739787261661805,-12.301826959030615,-12.534124054785622
72,2012-06-29,116,1,5,3,ridge_vwc,,1.0,-11.694497047916627,-10.620512155280064,-12.196140694159897,-12.566312636920417
72,2012-07-05,117,1,5,3,ridge_vwc,,1.0,-9.279994157479894,-6.1840522735730685,-12.418930078528728,-11.25706372673441
72,2012-07-08,118,1,5,3,ridge_vwc,,1.0,-7.434985480666953,-4.951473364462895,-12.45583845780222,-11.233184400270465
72,2012-07-14,119,1,5,3,ridge_vwc,,1.0,-11.38639094380066,-6.363423342248725,-12.009024618748889,-10.61204558156138
72,2012-07-17,120,1,5,3,ridge_vwc,,1.0,-7.896576091932785,-5.316371130913266,-12.203216481423953,-10.54899802931237
81,2012-06-22,121,1,5,3,ridge_vwc,,1.0,-9.587343732140498,-5.953072410726956,-13.511978150519072,-12.787951110612935
81,2012-06-27,122,1,5,3,ridge_vwc,,1.0,-13.63439663913034,-8.63444576538804,-13.243945776361283,-12.505003690972996
81,2012-07-17,123,1,5,3,ridge_vwc,,1.0,-8.981462326670332,-6.7381420816219775,-13.494702446502407,-13.043134524516065
91,2012-06-22,126,1,5,3,ridge_vwc,,1.0,-13.79430023004177,-12.721885004018873,-14.952288059112602,-13.249732800980444
91,2012-06-25,127,1,5,3,ridge_vwc,,1.0,-16.252064078644956,-15.095063986983767,-14.787078195246412,-13.340924915411847
91,2012-07-05,128,1,5,3,ridge_vwc,,1.0,-11.946673251406857,-15.864027780720509,-14.95810797548111,-13.68611582215974
91,2012-07-08,129,1,5,3,ridge_vwc,,1.0,-14.420474970996455,-14.377502817334353,-14.895784875190984,-13.722045853918015
91,2012-07-17,130,1,5,3,ridge_vwc,,1.0,-12.823625166801548,-13.726729371774091,-15.030320479525214,-14.231081773776067
91,2012-07-19,131,1,5,3,ridge_vwc,,1.0,-14.006013749198562,-15.882035691137462,-14.873675599352975,-14.3156333244052
12,2012-06-22,33,1,5,4,ridge_vwc,,1.0,-12.945592837955164,-13.621175265774452,-14.953041718575466,-15.00423928215632
12,2012-06-27,34,1,5,4,ridge_vwc,,1.0,-12.863896772641066,-14.252905240550222,-14.9557444180111,-15.062046652584996
12,2012-06-29,35,1,5,4,ridge_vwc,,1.0,-14.492924226367006,-14.921340450348202,-14.956190813785165,-15.042268102046627
12,2012-07-08,36,1,5,4,ridge_vwc,,1.0,-14.914279673093365,-14.773522086284936,-14.955400917340313,-15.09602319626775
12,2012-07-10,37,1,5,4,ridge_vwc,,1.0,-15.09795788808382,-15.53251252603237,-14.95683531247211,-15.051758085069949
12,2012-07-17,38,1,5,4,ridge_vwc,,1.0,-13.089522506330766,-13.652175532794685,-14.93600701090005,-14.903886032852549
42,2012-06-22,73,1,5,4,ridge_vwc,,1.0,-14.561620721902148,-14.201966799335745,-14.102828527757651,-12.804369716895675
42,2012-06-25,74,1,5,4,ridge_vwc,,1.0,-16.153608446963226,-15.565011635602495,-14.12861030595882,-12.87567923563606
42,2012-07-08,75,1,5,4,ridge_vwc,,1.0,-17.86890291137946,-17.776520095428644,-13.987560665195742,-12.309668190579824
42,2012-07-10,76,1,5,4,ridge_vwc,,1.0,-18.21143906581935,-18.30617756824163,-13.996517173045566,-12.474557866256582
42,2012-07-14,77,1,5,4,ridge_vwc,,1.0,-16.095384428093947,-16.335096559717847,-14.004583790013562,-12.337342468871851
42,2012-07-17,78,1,5,4,ridge_vwc,,1.0,-14.801847473829469,-15.583307282953209,-13.946323930841483,-12.159684594774571
53,2012-06-22,85,1,5,4,ridge_vwc,,1.0,-11.59685403803788,-14.890521382506938,-13.102393281676738,-11.488656039068852
53,2012-06-29,86,1,5,4,ridge_vwc,,1.0,-14.273258986856678,-15.844986252295593,-12.908737441520765,-10.782265363465067
53,2012-07-08,87,1,5,4,ridge_vwc,,1.0,-11.837654265802229,-9.263246005952729,-11.08817341750905,-3.2238339001200327
53,2012-07-10,88,1,5,4,ridge_vwc,,1.0,-13.121221982705292,-10.563549725135724,-11.0875048031763,-3.272106948989066
53,2012-07-19,89,1,5,4,ridge_vwc,,1.0,-9.430559470207992,-7.124290756308986,-12.315063094105351,-8.408397233143864
71,2012-06-22,107,1,5,4,ridge_vwc,,1.0,-9.441352711283985,-15.826503794261775,-12.86944341871625,-11.930095921451295
71,2012-06-27,108,1,5,4,ridge_vwc,,1.0,-11.830891628824627,-14.88965576948976,-12.790745963190336,-11.659581202585601
71,2012-06-29,109,1,5,4,ridge_vwc,,1.0,-11.77120523725996,-14.980783625920942,-12.788396544819499,-11.704838243487755
71,2012-07-05,110,1,5,4,ridge_vwc,,1.0,-9.126432085488725,-7.106911469422197,-12.461317384951903,-10.218479400540165
71,2012-07-08,111,1,5,4,ridge_vwc,,1.0,-8.240456830553434,-5.994288299384496,-12.461381017862358,-10.209140439437705
71,2012-07-14,112,1,5,4,ridge_vwc,,1.0,-12.231283617180784,-7.335724658361975,-12.160436388148096,-9.081295658271696
71,2012-07-17,113,1,5,4,ridge_vwc,,1.0,-7.863112808923288,-5.020162935449686,-12.163158970774132,-8.89591293504714
83,2012-06-29,124,1,5,4,ridge_vwc,,1.0,-13.150595982099484,-13.185851612534412,-15.028170152133688,-14.310847022630623
83,2012-07-14,125,1,5,4,ridge_vwc,,1.0,-10.781364360016564,-10.279583356930988,-14.353279611418436,-11.469886191013941
102,2012-06-22,0,1,5,1,ridge_vwc,,100.0,-9.99305662822514,-8.79817877926706,-13.761455348050172,-12.997764200981457
102,2012-06-25,1,1,5,1,ridge_vwc,,100.0,-12.531601150465749,-11.66376412888952,-13.48289862450747,-12.855239186625312
102,2012-06-29,2,1,5,1,ridge_vwc,,100.0,-16.257897492533367,-15.208138461464548,-13.023410513210479,-12.595369987042021
102,2012-07-08,3,1,5,1,ridge_vwc,,100.0,-10.129457779827602,-9.071938641334588,-12.85431612569305,-12.437877658811002
102,2012-07-10,4,1,5,1,ridge_vwc,,100.0,-14.95434368762578,-14.112183043981709,-12.90908162537206,-12.46677816190377
102,2012-07-17,5,1,5,1,ridge_vwc,,100.0,-5.014295508188514,-4.452412337847899,-12.8737222308459,-12.381869503522248
102,2012-07-19,6,1,5,1,ridge_vwc,,100.0,-10.3251467740893,-11.06628687788346,-12.82352556100456,-12.355354348888108
111,2012-06-27,19,1,5,1,ridge_vwc,,100.0,-15.147228418373352,-9.881794018641486,-12.969936484374955,-12.760827369575797
111,2012-07-08,20,1,5,1,ridge_vwc,,100.0,-10.432732239997303,-7.011457229997938,-13.199646816215997,-12.731218577997549
111,2012-07-10,21,1,5,1,ridge_vwc,,100.0,-12.332899347459149,-7.340003351417149,-12.891399333831274,-12.569932379460997
111,2012-07-19,22,1,5,1,ridge_vwc,,100.0,-13.429778660777457,-11.904793601312772,-12.853764691801567,-12.447431795397812
112,2012-06-22,23,1,5,1,ridge_vwc,,100.0,-16.789512402971386,-18.984197687028864,-13.10888079327559,-12.390804964581935
112,2012-06-25,24,1,5,1,ridge_vwc,,100.0,-17.713046799178723,-19.529406845749364,-13.036810401344177,-12.353628338897783
112,2012-07-05,25,1,5,1,ridge_vwc,,100.0,-15.269240391706376,-15.832742511880692,-12.885598230062959,-12.191924219972822
112,2012-07-08,26,1,5,1,ridge_vwc,,100.0,-15.868211803986831,-15.9439617824927,-12.886402721306018,-12.192342051965747
32,2012-06-22,61,1,5,1,ridge_vwc,,100.0,-15.06141043899014,-15.128490659381375,-14.364723362761332,-13.435180959115618
32,2012-06-25,62,1,5,1,ridge_vwc,,100.0,-16.76615352729908,-16.21045729230626,-14.141860614352101,-13.320752682352037
32,2012-07-08,63,1,5,1,ridge_vwc,,100.0,-19.51691196321064,-18.66502996569921,-13.60013585752654,-13.143114221986423
32,2012-07-10,64,1,5,1,ridge_vwc,,100.0,-20.20667659920886,-19.288993971916742,-13.599154007026975,-13.142588773034854
32,2012-07-14,65,1,5,1,ridge_vwc,,100.0,-17.739515725707594,-17.16765829163566,-13.993468988892399,-13.348379337375901
32,2012-07-17,66,1,5,1,ridge_vwc,,100.0,-16.639945346572592,-14.987927440241748,-14.172314137111623,-13.440829572932149
61,2012-06-22,93,1,5,1,ridge_vwc,,100.0,-11.307138591209124,-10.699103847173708,-12.7214814983379,-11.744885128578385
61,2012-06-25,94,1,5,1,ridge_vwc,,100.0,-13.358854538113189,-12.281835560024907,-12.51182743757152,-11.631801906595308
61,2012-06-29,95,1,5,1,ridge_vwc,,100.0,-14.258735753179286,-12.929838363897248,-12.5831615629996,-11.999396923331483
61,2012-07-08,96,1,5,1,ridge_vwc,,100.0,-12.653243854103511,-10.41345274290406,-12.528425968463685,-11.336842254890813
61,2012-07-10,97,1,5,1,ridge_vwc,,100.0,-14.196530364341184,-11.545773452581232,-12.432108084395303,-11.284644326078624
61,2012-07-17,98,1,5,1,ridge_vwc,,100.0,-12.879880314149483,-11.29771365776737,-12.591522129283698,-11.546221101157073
61,2012-07-19,99,1,5,1,ridge_vwc,,100.0,-15.889663878319602,-12.719370404847758,-12.494940158309777,-11.493919960949706
103,2012-06-22,7,1,5,2,ridge_vwc,,100.0,-13.28404803220713,-14.50588749676858,-13.966084578538945,-13.925761021100248
103,2012-06-27,8,1,5,2,ridge_vwc,,100.0,-17.302172301136643,-16.600968273984137,-13.11421301125745,-12.805201300549315
103,2012-06-29,9,1,5,2,ridge_vwc,,100.0,-18.92242109331228,-19.84632772841422,-12.767524670768703,-12.35045139932288
103,2012-07-05,10,1,5,2,ridge_vwc,,100.0,-15.574795029478718,-16.124130866471255,-12.831026155600211,-12.41039505798523
103,2012-07-08,11,1,5,2,ridge_vwc,,100.0,-15.86824246394819,-13.95091862281008,-12.671052289635709,-12.200405990863349
103,2012-07-14,12,1,5,2,ridge_vwc,,100.0,-17.84275788106028,-18.72912571156667,-12.549967355338199,-11.997319282695624
103,2012-07-17,13,1,5,2,ridge_vwc,,100.0,-12.595339414809716,-16.21757943788777,-12.721635485973076,-12.222797624844853
21,2012-06-22,45,1,5,2,ridge_vwc,,100.0,-12.060684803223303,-12.00798502229204,-13.61688345996759,-13.400555605912256
21,2012-06-25,46,1,5,2,ridge_vwc,,100.0,-11.883841971912686,-12.210536948445432,-13.508133085689796,-13.257943058182908
21,2012-06-29,47,1,5,2,ridge_vwc,,100.0,-12.329567928959571,-12.661731465224886,-13.314474772925408,-12.99274116369108
21,2012-07-08,48,1,5,2,ridge_vwc,,100.0,-12.336402358206886,-12.252348442564678,-13.183558465977026,-12.822050283115713
21,2012-07-10,49,1,5,2,ridge_vwc,,100.0,-12.541026866239491,-12.812605872689588,-13.21920402757479,-12.868863989745627
21,2012-07-17,50,1,5,2,ridge_vwc,,100.0,-12.042182130233446,-11.668944707481812,-13.387535275499795,-13.070532475439977
31,2012-06-22,56,1,5,2,ridge_vwc,,100.0,-12.261406145930293,-7.675525079895581,-13.37497259632094,-12.786143578360004
31,2012-06-27,57,1,5,2,ridge_vwc,,100.0,-15.56720520685795,-10.869677151623607,-12.986444994861575,-11.962291100961599
31,2012-07-05,58,1,5,2,ridge_vwc,,100.0,-14.630903606681327,-11.607199044191669,-12.63959859066315,-11.733898053019397
31,2012-07-08,59,1,5,2,ridge_vwc,,100.0,-15.85527387686205,-13.88497530384446,-12.502212992385887,-11.55354815986562
31,2012-07-14,60,1,5,2,ridge_vwc,,100.0,-12.061582027927042,-8.958668222109942,-13.051580761230452,-12.169993004989133
41,2012-06-22,67,1,5,2,ridge_vwc,,100.0,-9.893244615306044,-8.032288058491003,-14.700828762917116,-14.067873575340817
41,2012-06-27,68,1,5,2,ridge_vwc,,100.0,-12.472382986190222,-8.801892289617859,-14.321586519386086,-13.591545330707755
41,2012-07-05,69,1,5,2,ridge_vwc,,100.0,-12.028670241841908,-9.29119256932756,-14.138960587994895,-13.734504344981325
41,2012-07-08,70,1,5,2,ridge_vwc,,100.0,-13.748748630293996,-9.894634362662554,-14.026212830602422,-13.586514761082567
41,2012-07-14,71,1,5,2,ridge_vwc,,100.0,-11.651468732388375,-9.450060398721016,-14.126268295426668,-13.700159234991421
41,2012-07-17,72,1,5,2,ridge_vwc,,100.0,-11.500314383218642,-8.561757537563716,-14.62752412984246,-14.357444414863135
54,2012-06-22,90,1,5,2,ridge_vwc,,100.0,-10.417640310145606,-12.93767695335395,-12.544387030021776,-11.732365165213
54,2012-06-29,91,1,5,2,ridge_vwc,,100.0,-13.54880158174925,-13.941944979578206,-12.3668938754169,-11.330673482584327
54,2012-07-10,92,1,5,2,ridge_vwc,,100.0,-11.65562649391276,-9.922527219399468,-12.358898822145065,-10.918272176504086
113,2012-06-22,27,1,5,3,ridge_vwc,,100.0,-13.904265705279988,-12.764677230796163,-13.774523064426129,-13.235080259609148
113,2012-06-25,28,1,5,3,ridge_vwc,,100.0,-16.669071704883304,-15.628078749949356,-13.70267072868404,-13.216433911813276
113,2012-07-05,29,1,5,3,ridge_vwc,,100.0,-13.78856756792369,-13.696217585568537,-13.62344448511923,-13.15876278435902
113,2012-07-08,30,1,5,3,ridge_vwc,,100.0,-14.418687481499695,-13.97967004287996,-13.584416123860114,-13.148401810829895
113,2012-07-14,31,1,5,3,ridge_vwc,,100.0,-16.398165435484163,-15.965865563125584,-13.516348875864153,-13.066812251411783
113,2012-07-17,32,1,5,3,ridge_vwc,,100.0,-13.772013528373366,-13.330322847631932,-13.578299259060826,-13.08347107871662
22,2012-06-22,51,1,5,3,ridge_vwc,,100.0,-14.06874113337972,-14.071044446046743,-14.362505925877741,-13.886120399628487
22,2012-06-25,52,1,5,3,ridge_vwc,,100.0,-14.018031173978704,-14.77165243150176,-14.308290483425814,-13.871960411680659
22,2012-06-29,53,1,5,3,ridge_vwc,,100.0,-14.73472458342086,-15.474752085663306,-14.25270338993573,-13.86451003391732
22,2012-07-14,54,1,5,3,ridge_vwc,,100.0,-14.429262660073372,-14.834682689018504,-14.2593837937366,-13.840185019502336
22,2012-07-17,55,1,5,3,ridge_vwc,,100.0,-13.95505270639354,-12.9206874664521,-14.290982066286855,-13.848523731638053
72,2012-06-22,114,1,5,3,ridge_vwc,,100.0,-9.156246315375464,-7.121824880330802,-12.927086135367448,-12.682596389688527
72,2012-06-27,115,1,5,3,ridge_vwc,,100.0,-11.598774165532014,-9.739787261661805,-12.874787739609824,-12.561310281037397
72,2012-06-29,116,1,5,3,ridge_vwc,,100.0,-11.694497047916627,-10.620512155280064,-12.850108945192723,-12.554277101402855
72,2012-07-05,117,1,5,3,ridge_vwc,,100.0,-9.279994157479894,-6.1840522735730685,-12.902049859202291,-12.071465013577605
72,2012-07-08,118,1,5,3,ridge_vwc,,100.0,-7.434985480666953,-4.951473364462895,-12.920785719106336,-12.076574355876556
72,2012-07-14,119,1,5,3,ridge_vwc,,100.0,-11.38639094380066,-6.363423342248725,-12.767765031097841,-11.706186599967708
72,2012-07-17,120,1,5,3,ridge_vwc,,100.0,-7.896576091932785,-5.316371130913266,-12.816235307464119,-11.719929002644001
81,2012-06-22,121,1,5,3,ridge_vwc,,100.0,-9.587343732140498,-5.953072410726956,-13.397504750615488,-12.72368266677973
81,2012-06-27,122,1,5,3,ridge_vwc,,100.0,-13.63439663913034,-8.63444576538804,-13.288008599530485,-12.523927086558913
81,2012-07-17,123,1,5,3,ridge_vwc,,100.0,-8.981462326670332,-6.7381420816219775,-13.38568211083819,-12.81676441914654
91,2012-06-22,126,1,5,3,ridge_vwc,,100.0,-13.79430023004177,-12.721885004018873,-13.96240726499565,-12.838438660840767
91,2012-06-25,127,1,5,3,ridge_vwc,,100.0,-16.252064078644956,-15.095063986983767,-13.89110747396623,-12.818863428102098
91,2012-07-05,128,1,5,3,ridge_vwc,,100.0,-11.946673251406857,-15.864027780720509,-13.961955885500922,-13.013066081227782
91,2012-07-08,129,1,5,3,ridge_vwc,,100.0,-14.420474970996455,-14.377502817334353,-13.933834948857935,-13.005360594896896
91,2012-07-17,130,1,5,3,ridge_vwc,,100.0,-12.823625166801548,-13.726729371774091,-13.996695122399675,-13.258758875754364
91,2012-07-19,131,1,5,3,ridge_vwc,,100.0,-14.006013749198562,-15.882035691137462,-13.930623067446067,-13.240600059295081
12,2012-06-22,33,1,5,4,ridge_vwc,,100.0,-12.945592837955164,-13.621175265774452,-14.02097418283488,-13.230155513569821
12,2012-06-27,34,1,5,4,ridge_vwc,,100.0,-12.863896772641066,-14.252905240550222,-14.00601661349685,-13.211537452285818
12,2012-06-29,35,1,5,4,ridge_vwc,,100.0,-14.492924226367006,-14.921340450348202,-14.013086139820839,-13.221992114747422
12,2012-07-08,36,1,5,4,ridge_vwc,,100.0,-14.914279673093365,-14.773522086284936,-13.995625074181167,-13.196923582630442
12,2012-07-10,37,1,5,4,ridge_vwc,,100.0,-15.09795788808382,-15.53251252603237,-14.011015781855624,-13.219713843025998
12,2012-07-17,38,1,5,4,ridge_vwc,,100.0,-13.089522506330766,-13.652175532794685,-14.027903590070009,-13.223049724001424
42,2012-06-22,73,1,5,4,ridge_vwc,,100.0,-14.561620721902148,-14.201966799335745,-13.99197628639702,-12.984671959228283
42,2012-06-25,74,1,5,4,ridge_vwc,,100.0,-16.153608446963226,-15.565011635602495,-13.93936072262556,-12.90874627212367
42,2012-07-08,75,1,5,4,ridge_vwc,,100.0,-17.86890291137946,-17.776520095428644,-13.729583798095758,-12.399705348707242
42,2012-07-10,76,1,5,4,ridge_vwc,,100.0,-18.21143906581935,-18.30617756824163,-13.658090841811983,-12.294851098258306
42,2012-07-14,77,1,5,4,ridge_vwc,,100.0,-16.095384428093947,-16.335096559717847,-13.837825204983337,-12.606215997187551
42,2012-07-17,78,1,5,4,ridge_vwc,,100.0,-14.801847473829469,-15.583307282953209,-13.96299533474831,-12.787038878772163
53,2012-06-22,85,1,5,4,ridge_vwc,,100.0,-11.59685403803788,-14.890521382506938,-13.33742482447706,-12.166352858861986
53,2012-06-29,86,1,5,4,ridge_vwc,,100.0,-14.273258986856678,-15.844986252295593,-13.20552841158824,-11.759465978137335
53,2012-07-08,87,1,5,4,ridge_vwc,,100.0,-11.837654265802229,-9.263246005952729,-12.698188647466022,-9.144415358638577
53,2012-07-10,88,1,5,4,ridge_vwc,,100.0,-13.121221982705292,-10.563549725135724,-12.680517383394047,-9.118311426348114
53,2012-07-19,89,1,5,4,ridge_vwc,,100.0,-9.430559470207992,-7.124290756308986,-13.006130688670131,-10.856825209587292
71,2012-06-22,107,1,5,4,ridge_vwc,,100.0,-9.441352711283985,-15.826503794261775,-13.06836435363904,-11.993707256601256
71,2012-06-27,108,1,5,4,ridge_vwc,,100.0,-11.830891628824627,-14.88965576948976,-13.029186348218657,-11.856615921722254
71,2012-06-29,109,1,5,4,ridge_vwc,,100.0,-11.77120523725996,-14.980783625920942,-13.014325120427957,-11.8345472766202
71,2012-07-05,110,1,5,4,ridge_vwc,,100.0,-9.126432085488725,-7.106911469422197,-12.961562632666581,-11.417833558259565
71,2012-07-08,111,1,5,4,ridge_vwc,,100.0,-8.240456830553434,-5.994288299384496,-12.965046420688697,-11.422975384646778
71,2012-07-14,112,1,5,4,ridge_vwc,,100.0,-12.231283617180784,-7.335724658361975,-12.84664023998775,-10.943687821852569
71,2012-07-17,113,1,5,4,ridge_vwc,,100.0,-7.863112808923288,-5.020162935449686,-12.914349684752986,-11.043718391203935
83,2012-06-29,124,1,5,4,ridge_vwc,,100.0,-13.150595982099484,-13.185851612534412,-14.10629133373802,-13.02139742909248
83,2012-07-14,125,1,5,4,ridge_vwc,,100.0,-10.781364360016564,-10.279583356930988,-13.932952330723387,-12.073687551861214
102,2012-06-22,0,1,5,1,ridge_vwc,,10000.0,-9.99305662822514,-8.79817877926706,-13.046985875004495,-12.362248849937322
102,2012-06-25,1,1,5,1,ridge_vwc,,10000.0,-12.531601150465749,-11.66376412888952,-13.037849886644155,-12.355155035497043
102,2012-06-29,2,1,5,1,ridge_vwc,,10000.0,-16.257897492533367,-15.208138461464548,-13.022927924483657,-12.343161231606182
102,2012-07-08,3,1,5,1,ridge_vwc,,10000.0,-10.129457779827602,-9.071938641334588,-13.017669276165195,-12.337891764127292
102,2012-07-10,4,1,5,1,ridge_vwc,,10000.0,-14.95434368762578,-14.112183043981709,-13.01943950060507,-12.33927787898779
102,2012-07-17,5,1,5,1,ridge_vwc,,10000.0,-5.014295508188514,-4.452412337847899,-13.018504327024894,-12.337428574483402
102,2012-07-19,6,1,5,1,ridge_vwc,,10000.0,-10.3251467740893,-11.06628687788346,-13.01688254210166,-12.33615834674309
111,2012-06-27,19,1,5,1,ridge_vwc,,10000.0,-15.147228418373352,-9.881794018641486,-13.020072705254393,-12.344531546748547
111,2012-07-08,20,1,5,1,ridge_vwc,,10000.0,-10.432732239997303,-7.011457229997938,-13.02800861580833,-12.348207294586524
111,2012-07-10,21,1,5,1,ridge_vwc,,10000.0,-12.332899347459149,-7.340003351417149,-13.01800418280644,-12.340392114982134
111,2012-07-19,22,1,5,1,ridge_vwc,,10000.0,-13.429778660777457,-11.904793601312772,-13.017110263749649,-12.337961596014043
112,2012-06-22,23,1,5,1,ridge_vwc,,10000.0,-16.789512402971386,-18.984197687028864,-13.028696101519204,-12.343774051357167
112,2012-06-25,24,1,5,1,ridge_vwc,,10000.0,-17.713046799178723,-19.529406845749364,-13.026341261545218,-12.341941617974848
112,2012-07-05,25,1,5,1,ridge_vwc,,10000.0,-15.269240391706376,-15.832742511880692,-13.021678782883184,-12.336905567102663
112,2012-07-08,26,1,5,1,ridge_vwc,,10000.0,-15.868211803986831,-15.9439617824927,-13.021704985007903,-12.336925994085025
32,2012-06-22,61,1,5,1,ridge_vwc,,10000.0,-15.06141043899014,-15.128490659381375,-13.055903790182569,-12.369227636477047
32,2012-06-25,62,1,5,1,ridge_vwc,,10000.0,-16.76615352729908,-16.21045729230626,-13.048606215152423,-12.363556030268187
32,2012-07-08,63,1,5,1,ridge_vwc,,10000.0,-19.51691196321064,-18.66502996569921,-13.030683144123348,-12.35133732866593
32,2012-07-10,64,1,5,1,ridge_vwc,,10000.0,-20.20667659920886,-19.288993971916742,-13.030651622868447,-12.351312549216047
32,2012-07-14,65,1,5,1,ridge_vwc,,10000.0,-17.739515725707594,-17.16765829163566,-13.043424721814075,-12.361278071257793
32,2012-07-17,66,1,5,1,ridge_vwc,,10000.0,-16.639945346572592,-14.987927440241748,-13.049262578782548,-12.365823417715848
61,2012-06-22,93,1,5,1,ridge_vwc,,10000.0,-11.307138591209124,-10.699103847173708,-13.013711815625914,-12.323843002247873
61,2012-06-25,94,1,5,1,ridge_vwc,,10000.0,-13.358854538113189,-12.281835560024907,-13.00700719421172,-12.31856046702295
61,2012-06-29,95,1,5,1,ridge_vwc,,10000.0,-14.258735753179286,-12.929838363897248,-13.008299881162701,-12.325138955833276
61,2012-07-08,96,1,5,1,ridge_vwc,,10000.0,-12.653243854103511,-10.41345274290406,-13.008450509552233,-12.314563441267769
61,2012-07-10,97,1,5,1,ridge_vwc,,10000.0,-14.196530364341184,-11.545773452581232,-13.005377575390634,-12.31213896829049
61,2012-07-17,98,1,5,1,ridge_vwc,,10000.0,-12.879880314149483,-11.29771365776737,-13.009935607984318,-12.31869499437095
61,2012-07-19,99,1,5,1,ridge_vwc,,10000.0,-15.889663878319602,-12.719370404847758,-13.006853070768178,-12.31626348544879
103,2012-06-22,7,1,5,2,ridge_vwc,,10000.0,-13.28404803220713,-14.50588749676858,-13.322954898684445,-12.618449387591726
103,2012-06-27,8,1,5,2,ridge_vwc,,10000.0,-17.302172301136643,-16.600968273984137,-13.292738308075599,-12.576660428266997
103,2012-06-29,9,1,5,2,ridge_vwc,,10000.0,-18.92242109331228,-19.84632772841422,-13.28046484654715,-12.559709402258779
103,2012-07-05,10,1,5,2,ridge_vwc,,10000.0,-15.574795029478718,-16.124130866471255,-13.28262975071115,-12.56229320085794
103,2012-07-08,11,1,5,2,ridge_vwc,,10000.0,-15.86824246394819,-13.95091862281008,-13.276971301999323,-12.554475774474469
103,2012-07-14,12,1,5,2,ridge_vwc,,10000.0,-17.84275788106028,-18.72912571156667,-13.272538392304027,-12.547583901539564
103,2012-07-17,13,1,5,2,ridge_vwc,,10000.0,-12.595339414809716,-16.21757943788777,-13.278605958405059,-12.555968807623637
21,2012-06-22,45,1,5,2,ridge_vwc,,10000.0,-12.060684803223303,-12.00798502229204,-13.301923581603312,-12.587340824432115
21,2012-06-25,46,1,5,2,ridge_vwc,,10000.0,-11.883841971912686,-12.210536948445432,-13.298072462656956,-12.582022566769274
21,2012-06-29,47,1,5,2,ridge_vwc,,10000.0,-12.329567928959571,-12.661731465224886,-13.29117987370075,-12.572308738670474
21,2012-07-08,48,1,5,2,ridge_vwc,,10000.0,-12.336402358206886,-12.252348442564678,-13.286554841688163,-12.565939178042903
21,2012-07-10,49,1,5,2,ridge_vwc,,10000.0,-12.541026866239491,-12.812605872689588,-13.287814891982126,-12.567680386185955
21,2012-07-17,50,1,5,2,ridge_vwc,,10000.0,-12.042182130233446,-11.668944707481812,-13.293701542502095,-12.575477601207291
31,2012-06-22,56,1,5,2,ridge_vwc,,10000.0,-12.261406145930293,-7.675525079895581,-13.30439620584441,-12.586831839721611
31,2012-06-27,57,1,5,2,ridge_vwc,,10000.0,-15.56720520685795,-10.869677151623607,-13.289524386317405,-12.560826551658305
31,2012-07-05,58,1,5,2,ridge_vwc,,10000.0,-14.630903606681327,-11.607199044191669,-13.278035996632234,-12.548900243649797
31,2012-07-08,59,1,5,2,ridge_vwc,,10000.0,-15.85527387686205,-13.88497530384446,-13.273176884986178,-12.542186957852351
31,2012-07-14,60,1,5,2,ridge_vwc,,10000.0,-12.061582027927042,-8.958668222109942,-13.292260163147708,-12.566731492680645
41,2012-06-22,67,1,5,2,ridge_vwc,,10000.0,-9.893244615306044,-8.032288058491003,-13.326701459517507,-12.607244888253161
41,2012-06-27,68,1,5,2,ridge_vwc,,10000.0,-12.472382986190222,-8.801892289617859,-13.313337736403081,-12.589155103707053
41,2012-07-05,69,1,5,2,ridge_vwc,,10000.0,-12.028670241841908,-9.29119256932756,-13.308211285293764,-12.588727685384127
41,2012-07-08,70,1,5,2,ridge_vwc,,10000.0,-13.748748630293996,-9.894634362662554,-13.304223004289085,-12.583217813792574
41,2012-07-14,71,1,5,2,ridge_vwc,,10000.0,-11.651468732388375,-9.450060398721016,-13.30770032330843,-12.587714209759273
41,2012-07-17,72,1,5,2,ridge_vwc,,10000.0,-11.500314383218642,-8.561757537563716,-13.325452634270638,-12.612228713882617
54,2012-06-22,90,1,5,2,ridge_vwc,,10000.0,-10.417640310145606,-12.93767695335395,-13.275514942986705,-12.547481421152227
54,2012-06-29,91,1,5,2,ridge_vwc,,10000.0,-13.54880158174925,-13.941944979578206,-13.268664349861528,-12.535083570863744
54,2012-07-10,92,1,5,2,ridge_vwc,,10000.0,-11.65562649391276,-9.922527219399468,-13.2669782826172,-12.52576474446306
113,2012-06-22,27,1,5,3,ridge_vwc,,10000.0,-13.904265705279988,-12.764677230796163,-13.518915639263975,-12.781490908563203
113,2012-06-25,28,1,5,3,ridge_vwc,,10000.0,-16.669071704883304,-15.628078749949356,-13.51627760781792,-12.779729704894004
113,2012-07-05,29,1,5,3,ridge_vwc,,10000.0,-13.78856756792369,-13.696217585568537,-13.51346301546611,-12.777219043994064
113,2012-07-08,30,1,5,3,ridge_vwc,,10000.0,-14.418687481499695,-13.97967004287996,-13.512054883018463,-12.776277776384473
113,2012-07-14,31,1,5,3,ridge_vwc,,10000.0,-16.398165435484163,-15.965865563125584,-13.509738499783285,-12.773645749756119
113,2012-07-17,32,1,5,3,ridge_vwc,,10000.0,-13.772013528373366,-13.330322847631932,-13.511951010428385,-12.775125792373194
22,2012-06-22,51,1,5,3,ridge_vwc,,10000.0,-14.06874113337972,-14.071044446046743,-13.527872674296892,-12.791930132315773
22,2012-06-25,52,1,5,3,ridge_vwc,,10000.0,-14.018031173978704,-14.77165243150176,-13.52589181779094,-12.790607216885007
22,2012-06-29,53,1,5,3,ridge_vwc,,10000.0,-14.73472458342086,-15.474752085663306,-13.523862641944406,-12.789374593295728
22,2012-07-14,54,1,5,3,ridge_vwc,,10000.0,-14.429262660073372,-14.834682689018504,-13.524152268632639,-12.789121959708659
22,2012-07-17,55,1,5,3,ridge_vwc,,10000.0,-13.95505270639354,-12.9206874664521,-13.525297624560263,-12.789887319551356
72,2012-06-22,114,1,5,3,ridge_vwc,,10000.0,-9.156246315375464,-7.121824880330802,-13.49717231945287,-12.767172797005712
72,2012-06-27,115,1,5,3,ridge_vwc,,10000.0,-11.598774165532014,-9.739787261661805,-13.49554732698603,-12.764257286435862
72,2012-06-29,116,1,5,3,ridge_vwc,,10000.0,-11.694497047916627,-10.620512155280064,-13.494708197832143,-12.763693906795924
72,2012-07-05,117,1,5,3,ridge_vwc,,10000.0,-9.279994157479894,-6.1840522735730685,-13.497349855621502,-12.75695078385576
72,2012-07-08,118,1,5,3,ridge_vwc,,10000.0,-7.434985480666953,-4.951473364462895,-13.498011416965545,-12.757393698020115
72,2012-07-14,119,1,5,3,ridge_vwc,,10000.0,-11.38639094380066,-6.363423342248725,-13.493267539122778,-12.74860296395494
72,2012-07-17,120,1,5,3,ridge_vwc,,10000.0,-7.896576091932785,-5.316371130913266,-13.494923194566399,-12.749714162283812
81,2012-06-22,121,1,5,3,ridge_vwc,,10000.0,-9.587343732140498,-5.953072410726956,-13.506938185493674,-12.7685240004499
81,2012-06-27,122,1,5,3,ridge_vwc,,10000.0,-13.63439663913034,-8.63444576538804,-13.503399996079153,-12.763251296022712
81,2012-07-17,123,1,5,3,ridge_vwc,,10000.0,-8.981462326670332,-6.7381420816219775,-13.506347894404321,-12.76977637585475
91,2012-06-22,126,1,5,3,ridge_vwc,,10000.0,-13.79430023004177,-12.721885004018873,-13.516778387387001,-12.770207847745299
91,2012-06-25,127,1,5,3,ridge_vwc,,10000.0,-16.252064078644956,-15.095063986983767,-13.514274798673956,-12.768531012364404
91,2012-07-05,128,1,5,3,ridge_vwc,,10000.0,-11.946673251406857,-15.864027780720509,-13.51645117206905,-12.77297862784472
91,2012-07-08,129,1,5,3,ridge_vwc,,10000.0,-14.420474970996455,-14.377502817334353,-13.51546214206067,-12.772316281712568
91,2012-07-17,130,1,5,3,ridge_vwc,,10000.0,-12.823625166801548,-13.726729371774091,-13.517259984299189,-12.777561994759107
91,2012-07-19,131,1,5,3,ridge_vwc,,10000.0,-14.006013749198562,-15.882035691137462,-13.514941966703645,-12.776009350805184
12,2012-06-22,33,1,5,4,ridge_vwc,,10000.0,-12.945592837955164,-13.621175265774452,-13.454911199760645,-12.38088805586285
12,2012-06-27,34,1,5,4,ridge_vwc,,10000.0,-12.863896772641066,-14.252905240550222,-13.45420807757312,-12.379787092691384
12,2012-06-29,35,1,5,4,ridge_vwc,,10000.0,-14.492924226367006,-14.921340450348202,-13.454526289617647,-12.380311669162973
12,2012-07-08,36,1,5,4,ridge_vwc,,10000.0,-14.914279673093365,-14.773522086284936,-13.453736776038273,-12.37902285993171
12,2012-07-10,37,1,5,4,ridge_vwc,,10000.0,-15.09795788808382,-15.53251252603237,-13.454426666834392,-12.380160465583012
12,2012-07-17,38,1,5,4,ridge_vwc,,10000.0,-13.089522506330766,-13.652175532794685,-13.455367405040901,-12.381351724899655
42,2012-06-22,73,1,5,4,ridge_vwc,,10000.0,-14.561620721902148,-14.201966799335745,-13.46243320906747,-12.390913206966243
42,2012-06-25,74,1,5,4,ridge_vwc,,10000.0,-16.153608446963226,-15.565011635602495,-13.45988415351772,-12.386730699598653
42,2012-07-08,75,1,5,4,ridge_vwc,,10000.0,-17.86890291137946,-17.776520095428644,-13.451655853293804,-12.369831119115412
42,2012-07-10,76,1,5,4,ridge_vwc,,10000.0,-18.21143906581935,-18.30617756824163,-13.448354174205921,-12.364397351837104
42,2012-07-14,77,1,5,4,ridge_vwc,,10000.0,-16.095384428093947,-16.335096559717847,-13.456363698002207,-12.378379514009739
42,2012-07-17,78,1,5,4,ridge_vwc,,10000.0,-14.801847473829469,-15.583307282953209,-13.462408701382762,-12.388300123354869
53,2012-06-22,85,1,5,4,ridge_vwc,,10000.0,-11.59685403803788,-14.890521382506938,-13.444860240750614,-12.367810554018954
53,2012-06-29,86,1,5,4,ridge_vwc,,10000.0,-14.273258986856678,-15.844986252295593,-13.440515212502492,-12.35711529387016
53,2012-07-08,87,1,5,4,ridge_vwc,,10000.0,-11.837654265802229,-9.263246005952729,-13.43264523256234,-12.313112856254593
53,2012-07-10,88,1,5,4,ridge_vwc,,10000.0,-13.121221982705292,-10.563549725135724,-13.43184704013824,-12.31179732804046
53,2012-07-19,89,1,5,4,ridge_vwc,,10000.0,-9.430559470207992,-7.124290756308986,-13.436406643303398,-12.34022868643027
71,2012-06-22,107,1,5,4,ridge_vwc,,10000.0,-9.441352711283985,-15.826503794261775,-13.436264140462924,-12.35805836769937
71,2012-06-27,108,1,5,4,ridge_vwc,,10000.0,-11.830891628824627,-14.88965576948976,-13.435137796938783,-12.35488464596728
71,2012-06-29,109,1,5,4,ridge_vwc,,10000.0,-11.77120523725996,-14.980783625920942,-13.434477628837094,-12.353795398439733
71,2012-07-05,110,1,5,4,ridge_vwc,,10000.0,-9.126432085488725,-7.106911469422197,-13.43481430187988,-12.348714419070058
71,2012-07-08,111,1,5,4,ridge_vwc,,10000.0,-8.240456830553434,-5.994288299384496,-13.434972084320115,-12.348974419848092
71,2012-07-14,112,1,5,4,ridge_vwc,,10000.0,-12.231283617180784,-7.335724658361975,-13.432094170069233,-12.339169455789687
71,2012-07-17,113,1,5,4,ridge_vwc,,10000.0,-7.863112808923288,-5.020162935449686,-13.43515153651374,-12.344208514004126
83,2012-06-29,124,1,5,4,ridge_vwc,,10000.0,-13.150595982099484,-13.185851612534412,-13.456778785969437,-12.377699382179898
83,2012-07-14,125,1,5,4,ridge_vwc,,10000.0,-10.781364360016564,-10.279583356930988,-13.454530393373723,-12.362489303414936
