fraction,split,method,component,rmse,centered_rmse,observed_variance,predicted_variance,variance_ratio,centered_skill
0.05,1,scratch,common,3.9501561972267862,3.9496302743726757,15.599579304241177,1.6615104263638034e-29,1.065099509390023e-30,-2.220446049250313e-16
0.05,1,scratch,differential,3.912118629688339,1.9288338611912177,3.721203617980577,0.0055264991272391435,0.0014851375239278801,0.0002159392458054299
0.05,1,spm_only,common,3.9501561972267862,3.9496302743726757,15.599579304241177,1.7042961025791804e-29,1.0925269645674486e-30,0.0
0.05,1,spm_only,differential,2.097750662556937,2.0824117412829657,3.721203617980577,0.1560169540191706,0.041926475956679275,-0.16533227025788277
0.05,1,spm_to_i2em,common,3.9501561972267862,3.9496302743726757,15.599579304241177,1.875438807440688e-29,1.2022367852771505e-30,-2.220446049250313e-16
0.05,1,spm_to_i2em,differential,2.143638913769153,2.1223611109622125,3.721203617980577,0.2025985007957483,0.05444434693570852,-0.21047304790303678
0.05,1,risk_spm_to_i2em,common,3.9501561972267867,3.9496302743726757,15.599579304241177,7.915350099844729e-30,5.0740792078237145e-31,0.0
0.05,1,risk_spm_to_i2em,differential,2.9721734749243507,1.9360525214066546,3.721203617980577,0.000414455470759433,0.00011137672465887522,-0.0072814471999229635
0.05,1,target_ridge_fixed_alpha1,common,3.563095881485439,3.3837632743367902,15.599579304241177,2.2118790260487553,0.14179094082667953,0.2660152127540083
0.05,1,target_ridge_fixed_alpha1,differential,2.2756094596541354,1.9257148587867066,3.721203617980577,0.0006789275887219135,0.00018244838456067986,0.0034467075563127114
0.05,1,two_mean,common,3.950156197226786,3.9496302743726757,15.599579304241177,1.262177448353619e-29,8.091099277340519e-31,0.0
0.05,1,two_mean,differential,2.2640036778939585,1.929042150389819,3.721203617980577,1.9721522630525295e-31,5.299769820504413e-32,0.0
0.05,2,scratch,common,3.897218589073854,3.882360779770597,15.072725224300957,4.991662225127307e-31,3.311718452267354e-32,0.0
0.05,2,scratch,differential,3.940216657828881,1.9396518314538453,3.7513353346610705,0.006347078444025164,0.001691951765916607,-0.0029093353772842168
0.05,2,spm_only,common,3.897218589073854,3.882360779770597,15.072725224300957,4.991662225127307e-31,3.311718452267354e-32,0.0
0.05,2,spm_only,differential,2.013908219952588,1.9983180803098466,3.7513353346610705,0.08840831954331742,0.023567159866102725,-0.0644943183822353
0.05,2,spm_to_i2em,common,3.897218589073854,3.882360779770597,15.072725224300957,5.7047568287169215e-31,3.7848210883055467e-32,1.1102230246251565e-16
0.05,2,spm_to_i2em,differential,2.0343972504226953,2.005096715127331,3.7513353346610705,0.09640664645973346,0.02569928781598612,-0.07172845889493185
0.05,2,risk_spm_to_i2em,common,3.897218589073854,3.882360779770597,15.072725224300957,0.0,0.0,0.0
0.05,2,risk_spm_to_i2em,differential,2.989243879147358,1.9388593537835843,3.7513353346610705,0.0001749155978313869,4.662755585063961e-05,-0.002089991534637292
0.05,2,target_ridge_fixed_alpha1,common,5.078726026057415,4.72110580963758,15.072725224300957,25.47511351110183,1.6901464819400844,-0.4787531606997377
0.05,2,target_ridge_fixed_alpha1,differential,2.51436984451993,2.4879316234473925,3.7513353346610705,2.39644687852927,0.6388250222225965,-0.6500267799996133
0.05,2,two_mean,common,3.897218589073854,3.882360779770597,15.072725224300957,0.0,0.0,0.0
0.05,2,two_mean,differential,2.0957684776192638,1.9368364243428176,3.7513353346610705,0.0,0.0,0.0
0.05,3,scratch,common,4.349816853510255,3.8773931306978398,15.034177489982794,1.262177448353619e-29,8.395387437687244e-31,0.0
0.05,3,scratch,differential,3.954835139727861,1.9449957761649703,3.754207526784296,0.008749079974206117,0.002330473185562075,-0.007671670335163805
0.05,3,spm_only,common,4.349816853510255,3.8773931306978398,15.034177489982794,1.262177448353619e-29,8.395387437687244e-31,0.0
0.05,3,spm_only,differential,2.011987535090547,1.999090161824472,3.754207526784296,0.08668881368463216,0.02309110859379858,-0.06450201449745574
0.05,3,spm_to_i2em,common,4.349816853510255,3.8773931306978398,15.034177489982794,1.262177448353619e-29,8.395387437687244e-31,0.0
0.05,3,spm_to_i2em,differential,2.0419430492474584,2.0290601234167975,3.754207526784296,0.10782000903458908,0.028719778612490126,-0.09665887009893681
0.05,3,risk_spm_to_i2em,common,4.349816853510255,3.8773931306978398,15.034177489982794,1.262177448353619e-29,8.395387437687244e-31,0.0
0.05,3,risk_spm_to_i2em,differential,2.9984889859130104,1.941444009600917,3.754207526784296,0.0002707606095387919,7.212190791453519e-05,-0.003994801971918482
0.05,3,target_ridge_fixed_alpha1,common,4.033752892800735,4.000627487136071,15.034177489982794,16.07767279958607,1.0694082074192988,-0.06457571766016112
0.05,3,target_ridge_fixed_alpha1,differential,2.403758730288314,2.1210891409540062,3.754207526784296,0.1958339881515611,0.05216386860725962,-0.19839383192720939
0.05,3,two_mean,common,4.349816853510255,3.8773931306978398,15.034177489982794,1.262177448353619e-29,8.395387437687244e-31,0.0
0.05,3,two_mean,differential,2.092326316599965,1.937577747287653,3.754207526784296,0.0,0.0,0.0
0.05,4,scratch,common,4.097844340319331,3.876762007159721,15.02928366015707,1.8005638740637782e-30,1.1980370553768367e-31,1.1102230246251565e-16
0.05,4,scratch,differential,3.6942310260572304,1.7981831854217991,3.1544034119894326,0.012467746789749426,0.0039524896347630485,-0.02506317233989863
0.05,4,spm_only,common,4.097844340319331,3.876762007159721,15.02928366015707,2.210593271127807e-30,1.4708573749180967e-31,0.0
0.05,4,spm_only,differential,2.039484306756418,1.8541813072437798,3.1544034119894326,0.12083329184884264,0.03830622658775118,-0.08990128119471175
0.05,4,spm_to_i2em,common,4.09784434031933,3.876762007159721,15.02928366015707,2.067974350409884e-30,1.3759633507298321e-31,1.1102230246251565e-16
0.05,4,spm_to_i2em,differential,2.0788654840723457,1.8743544740005835,3.1544034119894326,0.1287090954435345,0.040802991448186304,-0.1137461622228848
0.05,4,risk_spm_to_i2em,common,4.097844340319331,3.876762007159721,15.02928366015707,1.4618439373587112e-30,9.72663747929709e-32,1.1102230246251565e-16
0.05,4,risk_spm_to_i2em,differential,2.7621159098957615,1.7795488695205517,3.1544034119894326,0.0003030805886062702,9.608174637850839e-05,-0.003928085727825881
0.05,4,target_ridge_fixed_alpha1,common,551.3424673085907,336.83061066773735,15.02928366015707,113838.06845629335,7574.417452648148,-7547.920018295478
0.05,4,target_ridge_fixed_alpha1,differential,17.284202098142504,12.086983790895728,3.1544034119894326,129.90472039841367,41.18202507157599,-45.314677636376295
0.05,4,two_mean,common,4.09784434031933,3.876762007159721,15.02928366015707,1.262177448353619e-29,8.39812114066139e-31,0.0
0.05,4,two_mean,differential,3.621811441532473,1.7760640224917097,3.1544034119894326,3.1554436208840472e-30,1.0003297640658962e-30,0.0
0.05,5,scratch,common,3.9564235068960705,3.8402727606231903,14.747694875984461,5.187763241114451e-30,3.517677362285507e-31,0.0
0.05,5,scratch,differential,3.9912207169732747,1.7350876416377223,2.964839557710487,0.010042274361767956,0.0033871223606861266,-0.015410468446646064
0.05,5,spm_only,common,3.9564235068960705,3.8402727606231903,14.747694875984461,6.09695886069121e-30,4.1341775185623485e-31,0.0
0.05,5,spm_only,differential,1.8878065647498916,1.7745015529855959,2.964839557710487,0.07570005630648108,0.02553259791397896,-0.06206615914822233
0.05,5,spm_to_i2em,common,3.95642350689607,3.8402727606231903,14.747694875984461,5.330382161832374e-30,3.6143832691524628e-31,1.1102230246251565e-16
0.05,5,spm_to_i2em,differential,1.9227999561168436,1.759875103800776,2.964839557710487,0.07068072434783187,0.023839645610507523,-0.044630011402534864
0.05,5,risk_spm_to_i2em,common,3.9564235068960705,3.8402727606231903,14.747694875984461,6.346541971947576e-30,4.303412855579521e-31,0.0
0.05,5,risk_spm_to_i2em,differential,2.964039232328099,1.7215635073449946,2.964839557710487,0.00016006222556811298,5.3986808544782255e-05,0.00035706751339537046
0.05,5,target_ridge_fixed_alpha1,common,48.82115843799198,37.8601196405783,14.747694875984461,1402.4001862917817,95.09283980206882,-96.1940816007165
0.05,5,target_ridge_fixed_alpha1,differential,14.389975229325652,11.194958569677862,2.964839557710487,115.72132880338866,39.03122801449369,-41.27112291822768
0.05,5,two_mean,common,3.956423506896072,3.8402727606231903,14.747694875984461,0.0,0.0,0.0
0.05,5,two_mean,differential,1.8034540816255435,1.7218709468803075,2.964839557710487,0.0,0.0,0.0
0.05,6,scratch,common,4.014302712913989,3.874507222196045,15.011806214849313,7.48749333769096e-31,4.987736472566848e-32,1.1102230246251565e-16
0.05,6,scratch,differential,4.081375270086314,1.955020088382052,3.8200250778081655,0.005626069384588552,0.0014727833639816442,-0.000544098043040675
0.05,6,spm_only,common,4.014302712913989,3.874507222196045,15.011806214849313,1.2479155562818267e-31,8.312894120944747e-33,0.0
0.05,6,spm_only,differential,2.106426315579258,2.012511111688746,3.8200250778081655,0.0621567249298875,0.016271287141798416,-0.06025507481604708
0.05,6,spm_to_i2em,common,4.014302712913989,3.874507222196045,15.011806214849313,1.2479155562818267e-31,8.312894120944747e-33,1.1102230246251565e-16
0.05,6,spm_to_i2em,differential,2.099303318650242,2.0204230622148054,3.8200250778081655,0.07003986090116908,0.01833492175432424,-0.06860799790132854
0.05,6,risk_spm_to_i2em,common,4.014302712913989,3.874507222196045,15.011806214849313,2.3175574616662495e-31,1.5438231938897385e-32,0.0
0.05,6,risk_spm_to_i2em,differential,3.0930756082935975,1.9569735643088089,3.8200250778081655,0.00013929980870115894,3.646567911566844e-05,-0.002544604655039473
0.05,6,target_ridge_fixed_alpha1,common,4.608282257783653,4.59023668248386,15.011806214849313,25.876998042039855,1.7237764511270441,-0.4035801221826474
0.05,6,target_ridge_fixed_alpha1,differential,1.9779456236517527,1.939894474412787,3.8200250778081655,0.18389287323047485,0.04813917958255603,0.014878045246632832
0.05,6,two_mean,common,4.014302712913988,3.874507222196045,15.011806214849313,0.0,0.0,0.0
0.05,6,two_mean,differential,2.028483513607918,1.9544884440201138,3.8200250778081655,0.0,0.0,0.0
0.05,7,scratch,common,3.9501561972267862,3.9496302743726757,15.599579304241177,1.654379480327907e-29,1.0605282668604521e-30,-2.220446049250313e-16
0.05,7,scratch,differential,3.912118629688339,1.9288338611912177,3.721203617980577,0.005526499127239144,0.0014851375239278803,0.0002159392458054299
0.05,7,spm_only,common,3.9501561972267862,3.9496302743726757,15.599579304241177,1.654379480327907e-29,1.0605282668604521e-30,0.0
0.05,7,spm_only,differential,2.097750662556937,2.0824117412829657,3.721203617980577,0.15601695401917057,0.04192647595667927,-0.16533227025788277
0.05,7,spm_to_i2em,common,3.9501561972267862,3.9496302743726757,15.599579304241177,1.8897006995124804e-29,1.2113792703362924e-30,-2.220446049250313e-16
0.05,7,spm_to_i2em,differential,2.143638913769153,2.1223611109622125,3.721203617980577,0.2025985007957483,0.05444434693570852,-0.21047304790303678
0.05,7,risk_spm_to_i2em,common,3.9501561972267867,3.9496302743726757,15.599579304241177,7.915350099844729e-30,5.0740792078237145e-31,0.0
0.05,7,risk_spm_to_i2em,differential,2.9721734749243507,1.9360525214066546,3.721203617980577,0.000414455470759433,0.00011137672465887522,-0.0072814471999229635
0.05,7,target_ridge_fixed_alpha1,common,3.563095881485439,3.3837632743367902,15.599579304241177,2.2118790260487553,0.14179094082667953,0.2660152127540083
0.05,7,target_ridge_fixed_alpha1,differential,2.2756094596541354,1.9257148587867066,3.721203617980577,0.0006789275887219135,0.00018244838456067986,0.0034467075563127114
0.05,7,two_mean,common,3.950156197226786,3.9496302743726757,15.599579304241177,1.262177448353619e-29,8.091099277340519e-31,0.0
0.05,7,two_mean,differential,2.2640036778939585,1.929042150389819,3.721203617980577,1.9721522630525295e-31,5.299769820504413e-32,0.0
0.05,8,scratch,common,3.9160148831378767,3.910819202095558,15.294506831479339,2.3127967448525118e-30,1.512174776431683e-31,0.0
0.05,8,scratch,differential,3.9814797868400236,1.9497375412689193,3.791217571615292,0.005853653978622447,0.001544003705418687,-0.0027059666253095305
0.05,8,spm_only,common,3.9160148831378763,3.910819202095558,15.294506831479339,1.9542236061156882e-30,1.277729074659329e-31,0.0
0.05,8,spm_only,differential,2.0143385816873143,2.0133411500409597,3.791217571615292,0.0878625485852954,0.02317528522844985,-0.069192814677
0.05,8,spm_to_i2em,common,3.9160148831378763,3.9108192020955586,15.294506831479339,2.1155815185472588e-30,1.3832296404568884e-31,-2.220446049250313e-16
0.05,8,spm_to_i2em,differential,2.039465400328158,2.0350642873701856,3.791217571615292,0.10277768162820698,0.02710941265879852,-0.09238960188850154
0.05,8,risk_spm_to_i2em,common,3.9160148831378763,3.910819202095558,15.294506831479339,1.7749370367472766e-30,1.1605062237731522e-31,0.0
0.05,8,risk_spm_to_i2em,differential,3.019545084683863,1.9505390197991739,3.791217571615292,0.00021098283521086213,5.565041605379837e-05,-0.0035305006613290946
0.05,8,target_ridge_fixed_alpha1,common,5.200794538710098,5.183956552734397,15.294506831479339,31.53969768491605,2.0621585274002205,-0.7570625739515007
0.05,8,target_ridge_fixed_alpha1,differential,2.5160032377066583,2.368536076848103,3.791217571615292,3.1266344646040007,0.8247045719594146,-0.479725982843241
0.05,8,two_mean,common,3.9160148831378763,3.910819202095558,15.294506831479339,1.262177448353619e-29,8.252488702386859e-31,0.0
0.05,8,two_mean,differential,1.994624076033033,1.9471049205462174,3.791217571615292,1.9721522630525295e-31,5.201896820214069e-32,1.1102230246251565e-16
0.05,9,scratch,common,4.1857824741758325,3.8611063056544457,14.90814190356452,1.7426654542609624e-29,1.168935381440321e-30,-2.220446049250313e-16
0.05,9,scratch,differential,4.151449973872248,1.9379919508664354,3.728589931929928,0.00807121772035941,0.0021646836653291413,-0.007301116558847243
0.05,9,spm_only,common,4.185782474175832,3.8611063056544457,14.90814190356452,1.5633788848925505e-29,1.0486745397283537e-30,-2.220446049250313e-16
0.05,9,spm_only,differential,2.2756008132110455,1.9710719429932446,3.728589931929928,0.04899169947182234,0.013139471051048004,-0.0419822708806743
0.05,9,spm_to_i2em,common,4.1857824741758325,3.861106305654446,14.90814190356452,1.8789232469809553e-29,1.260333621141416e-30,-4.440892098500626e-16
0.05,9,spm_to_i2em,differential,2.2916763269042977,1.983653796184579,3.728589931929928,0.055973714509776624,0.015012032841274257,-0.05532720276396441
0.05,9,risk_spm_to_i2em,common,4.185782474175833,3.8611063056544452,14.90814190356452,2.0797242046735765e-30,1.3950257638588193e-31,0.0
0.05,9,risk_spm_to_i2em,differential,3.1328129900626696,1.9331059459392992,3.728589931929928,0.0001280680031084554,3.434756984449804e-05,-0.0022283668753146912
0.05,9,target_ridge_fixed_alpha1,common,6.521824429345851,4.920742373172805,14.90814190356452,22.38313731778042,1.501403559381779,-0.6241933877318984
0.05,9,target_ridge_fixed_alpha1,differential,2.085796883564021,1.9984976481391037,3.728589931929928,0.8411508007352392,0.22559488066306538,-0.07118050591050862
0.05,9,two_mean,common,4.185782474175831,3.8611063056544452,14.90814190356452,1.262177448353619e-29,8.46636325652249e-31,1.1102230246251565e-16
0.05,9,two_mean,differential,2.2684671328037096,1.930955704289958,3.728589931929928,0.0,0.0,0.0
0.05,10,scratch,common,4.146539077540789,3.868893666605082,14.968338203496916,1.4885849849933218e-29,9.944891441894045e-31,0.0
0.05,10,scratch,differential,3.983211936663383,1.9418662955523518,3.7668595232970463,0.005914314665659374,0.0015700916450642442,-0.0010579599479405566
0.05,10,spm_only,common,4.146539077540789,3.868893666605082,14.968338203496916,1.41727552463436e-29,9.468489456653612e-31,0.0
0.05,10,spm_only,differential,2.0075222441412266,2.007093089198163,3.7668595232970463,0.08531481061090453,0.02264879008183199,-0.06943798774344456
0.05,10,spm_to_i2em,common,4.146539077540789,3.868893666605082,14.968338203496916,1.463626673867685e-29,9.778150747059893e-31,-2.220446049250313e-16
0.05,10,spm_to_i2em,differential,2.0265933575813224,2.0236293065522566,3.7668595232970463,0.10100810043980395,0.026814936903034242,-0.08713254237653145
0.05,10,risk_spm_to_i2em,common,4.146539077540789,3.868893666605082,14.968338203496916,1.6971651565432842e-29,1.1338367248722312e-30,-2.220446049250313e-16
0.05,10,risk_spm_to_i2em,differential,3.0170721956817363,1.943570256027052,3.7668595232970463,0.0001969290448794136,5.227937056358451e-05,-0.002815559420366043
0.05,10,target_ridge_fixed_alpha1,common,4.292342202586688,4.204245955182533,14.968338203496916,23.975867310505457,1.6017721529637936,-0.18087150432900323
0.05,10,target_ridge_fixed_alpha1,differential,5.609012429057821,5.1461952545344,3.7668595232970463,20.792800340719925,5.519929854596876,-6.030611424185027
0.05,10,two_mean,common,4.146539077540788,3.868893666605082,14.968338203496916,3.1554436208840472e-30,2.1080787846889173e-31,0.0
0.05,10,two_mean,differential,1.9884098643103314,1.940839901510953,3.7668595232970463,1.9721522630525295e-31,5.235534404336771e-32,1.1102230246251565e-16
0.05,11,scratch,common,4.061083600295578,3.8877269545783935,15.11442087335539,1.2336536642100343e-29,8.162096811693217e-31,0.0
0.05,11,scratch,differential,4.12226915908015,1.892201517572578,3.550481122619416,0.006750760924746329,0.001901365108446447,-0.008434197915818675
0.05,11,spm_only,common,4.061083600295578,3.8877269545783935,15.11442087335539,1.262177448353619e-29,8.350815813119648e-31,0.0
0.05,11,spm_only,differential,2.2560397086733976,1.9277508282620195,3.550481122619416,0.04960124499983422,0.013970288331864224,-0.046681598217654496
0.05,11,spm_to_i2em,common,4.061083600295578,3.8877269545783935,15.11442087335539,1.262177448353619e-29,8.350815813119648e-31,0.0
0.05,11,spm_to_i2em,differential,2.295507689711634,1.9361600767635299,3.550481122619416,0.05892022454517749,0.016594997272287505,-0.05583319932913522
0.05,11,risk_spm_to_i2em,common,4.061083600295578,3.8877269545783935,15.11442087335539,1.262177448353619e-29,8.350815813119648e-31,0.0
0.05,11,risk_spm_to_i2em,differential,3.1041383130511853,1.8858591568380958,3.550481122619416,0.00014130104408465716,3.9797717324690456e-05,-0.001685303091053525
0.05,11,target_ridge_fixed_alpha1,common,3.661489496200846,3.653697949254867,15.11442087335539,11.963029391824241,0.79149770223174,0.11677008227800922
0.05,11,target_ridge_fixed_alpha1,differential,2.115508965575538,1.907275273341933,3.550481122619416,0.9495497643714977,0.26744256104393943,-0.02456507799083374
0.05,11,two_mean,common,4.061083600295578,3.8877269545783935,15.11442087335539,1.262177448353619e-29,8.350815813119648e-31,0.0
0.05,11,two_mean,differential,2.232925939639314,1.8842720405024895,3.550481122619416,0.0,0.0,0.0
0.05,12,scratch,common,4.330608180124529,3.832305390690031,14.68656460751187,4.652942288422239e-30,3.1681624755474513e-31,1.1102230246251565e-16
0.05,12,scratch,differential,3.922702288245097,1.915615401644437,3.689005404999071,0.004473889305607716,0.001212763011825634,0.00526511507827343
0.05,12,spm_only,common,4.33060818012453,3.832305390690031,14.68656460751187,5.294727431652893e-30,3.6051504032091686e-31,0.0
0.05,12,spm_only,differential,2.086174053810131,2.0830636949914316,3.689005404999071,0.18599993512558619,0.05042007660751395,-0.17623963128686393
0.05,12,spm_to_i2em,common,4.330608180124529,3.832305390690031,14.68656460751187,5.490828447640037e-30,3.7386744922169155e-31,0.0
0.05,12,spm_to_i2em,differential,2.1198095148701173,2.112072525751532,3.689005404999071,0.23038542680076618,0.06245190817247507,-0.20922846791968275
0.05,12,risk_spm_to_i2em,common,4.330608180124529,3.832305390690031,14.68656460751187,1.8183912391535188e-30,1.2381324617081994e-31,1.1102230246251565e-16
0.05,12,risk_spm_to_i2em,differential,2.9807082930753808,1.9274789383568196,3.689005404999071,0.0005115283977627055,0.00013866295697737918,-0.007093958923074073
0.05,12,target_ridge_fixed_alpha1,common,9.32019769493916,7.280589812378101,14.68656460751187,51.95051874078448,3.5372818715013095,-2.6092162757376096
0.05,12,target_ridge_fixed_alpha1,differential,4.964290638968632,3.3551569832695747,3.689005404999071,6.521572344094834,1.7678402789156327,-2.051521249366515
0.05,12,two_mean,common,4.330608180124529,3.832305390690031,14.68656460751187,3.1554436208840472e-30,2.1485239776701108e-31,1.1102230246251565e-16
0.05,12,two_mean,differential,2.1532943998526917,1.9206783710447388,3.689005404999071,0.0,0.0,0.0
0.05,13,scratch,common,3.9523240115975082,3.9273430403016674,15.424023356205941,1.3195491505515106e-29,8.55515529299677e-31,-2.220446049250313e-16
0.05,13,scratch,differential,4.109207105119188,1.8208548157665139,3.3207950432726276,0.005915621015393668,0.0017813869685748061,0.0015908187960061992
0.05,13,spm_only,common,3.9523240115975082,3.9273430403016674,15.424023356205941,1.262177448353619e-29,8.183192019388215e-31,-2.220446049250313e-16
0.05,13,spm_only,differential,2.721625704161082,2.0309908727691806,3.3207950432726276,0.4082891089881764,0.12294920453320402,-0.2421495068261197
0.05,13,spm_to_i2em,common,3.9523240115975082,3.9273430403016674,15.424023356205941,1.262177448353619e-29,8.183192019388215e-31,-2.220446049250313e-16
0.05,13,spm_to_i2em,differential,2.752457671537659,2.051272246926793,3.3207950432726276,0.4538661640537509,0.13667394649158113,-0.26708145976555353
0.05,13,risk_spm_to_i2em,common,3.9523240115975082,3.9273430403016674,15.424023356205941,1.262177448353619e-29,8.183192019388215e-31,-2.220446049250313e-16
0.05,13,risk_spm_to_i2em,differential,3.0972491407216154,1.8269023676682388,3.3207950432726276,0.0008349909320866374,0.00025144307950536986,-0.005052168983803229
0.05,13,target_ridge_fixed_alpha1,common,5.0147673445622445,3.9655811678536463,15.424023356205941,15.418201201732291,0.9996225268635043,-0.01956756908748547
0.05,13,target_ridge_fixed_alpha1,differential,4.537899274633825,3.1713724586089547,3.3207950432726276,6.734808480235381,2.028071107212404,-2.028673296654793
0.05,13,two_mean,common,3.9523240115975082,3.9273430403016674,15.424023356205941,1.262177448353619e-29,8.183192019388215e-31,-2.220446049250313e-16
0.05,13,two_mean,differential,2.2316563564164373,1.8223048711103824,3.3207950432726276,0.0,0.0,0.0
0.05,14,scratch,common,3.9634275925049076,3.8992389135834182,15.204064105203196,1.8825089783683235e-30,1.2381616950194808e-31,0.0
0.05,14,scratch,differential,3.9956470609488632,1.9111701369406213,3.692947207735095,0.004575258304725354,0.0012389178743585087,0.010933250092742375
0.05,14,spm_only,common,3.963427592504907,3.8992389135834182,15.204064105203196,2.1693674893577825e-30,1.4268339533081637e-31,0.0
0.05,14,spm_only,differential,2.328155619050231,2.235033273094366,3.692947207735095,0.6133830826328247,0.1660958167363069,-0.35267943212830377
0.05,14,spm_to_i2em,common,3.963427592504907,3.8992389135834182,15.204064105203196,2.3127967448525118e-30,1.521170082452505e-31,0.0
0.05,14,spm_to_i2em,differential,2.3484109840522023,2.2312809961248603,3.692947207735095,0.6403053464006491,0.17338600049832606,-0.3481413634183417
0.05,14,risk_spm_to_i2em,common,3.9634275925049076,3.8992389135834182,15.204064105203196,1.990080919989371e-30,1.308913791877737e-31,0.0
0.05,14,risk_spm_to_i2em,differential,3.048798776849555,1.9292051437106246,3.692947207735095,0.001346415431406382,0.00036459103140879884,-0.00782174159542115
0.05,14,target_ridge_fixed_alpha1,common,16.615699137508763,8.427081514878324,15.204064105203196,70.94096440860021,4.665921158825061,-3.6708368477676085
0.05,14,target_ridge_fixed_alpha1,differential,14.728609069044815,7.6002272746007025,3.692947207735095,49.389608611961485,13.374035921367097,-14.641559810168818
0.05,14,two_mean,common,3.9634275925049067,3.8992389135834182,15.204064105203196,3.1554436208840472e-30,2.075394841175511e-31,0.0
0.05,14,two_mean,differential,1.9363874839181818,1.921704245646321,3.692947207735095,1.9721522630525295e-31,5.340320757691149e-32,-2.220446049250313e-16
0.05,15,scratch,common,4.077170608749659,3.907049610593939,15.265036659642249,1.4665641374336082e-29,9.60734107708313e-31,-2.220446049250313e-16
0.05,15,scratch,differential,3.9161747063643975,1.879284433157798,3.5088292852771237,0.00823880720832987,0.0023480216728979956,-0.006520891605672707
0.05,15,spm_only,common,4.077170608749659,3.9070496105939387,15.265036659642249,1.369749389974666e-29,8.973115627006738e-31,0.0
0.05,15,spm_only,differential,1.9473902599825856,1.9387545041791527,3.5088292852771237,0.09893199103478616,0.028195156558314182,-0.07123166215197863
0.05,15,spm_to_i2em,common,4.077170608749659,3.9070496105939387,15.265036659642249,1.4522212118841354e-29,9.513381751145888e-31,0.0
0.05,15,spm_to_i2em,differential,1.9664260079478808,1.9597144476538306,3.5088292852771237,0.10998607593145703,0.031345519257079055,-0.09451911281566994
0.05,15,risk_spm_to_i2em,common,4.077170608749659,3.907049610593939,15.265036659642249,2.545869285031447e-30,1.667778035386069e-31,-2.220446049250313e-16
0.05,15,risk_spm_to_i2em,differential,2.9583560918665177,1.876600591449979,3.5088292852771237,0.00031032402831176223,8.844090238697753e-05,-0.0036480813150407965
0.05,15,target_ridge_fixed_alpha1,common,7.135665485466637,4.466614181769858,15.265036659642249,25.496171885262992,1.6702332561486637,-0.3069501694374037
0.05,15,target_ridge_fixed_alpha1,differential,4.921371013089503,4.8934107710182895,3.5088292852771237,17.56002299228056,5.004524747317164,-5.824347104714336
0.05,15,two_mean,common,4.07717060874966,3.907049610593939,15.265036659642249,3.1554436208840472e-30,2.067105170619353e-31,-2.220446049250313e-16
0.05,15,two_mean,differential,2.0236979554903094,1.8731869328172037,3.5088292852771237,0.0,0.0,0.0
0.05,16,scratch,common,3.940261532201831,3.8941173401240423,15.16414985865475,3.850710859383922e-30,2.539351625561902e-31,1.1102230246251565e-16
0.05,16,scratch,differential,4.113365135983504,1.788637366033968,3.192608303760521,0.005876123119983528,0.0018405399475601623,-0.0020720748626188445
0.05,16,spm_only,common,3.940261532201831,3.8941173401240428,15.16414985865475,4.278567621537691e-30,2.8215018061798908e-31,0.0
0.05,16,spm_only,differential,3.416501770243024,2.2619901810165373,3.192608303760521,2.257176463011308,0.7070007493097781,-0.6026393131247791
0.05,16,spm_to_i2em,common,3.9402615322018315,3.8941173401240428,15.16414985865475,3.351544636871191e-30,2.2101764148409145e-31,0.0
0.05,16,spm_to_i2em,differential,3.5033816354786342,2.2915928591072467,3.192608303760521,2.5671485086148227,0.8040912834784714,-0.6448612959271549
0.05,16,risk_spm_to_i2em,common,3.940261532201832,3.8941173401240423,15.16414985865475,1.0054633910613574e-29,6.630529244522743e-31,1.1102230246251565e-16
0.05,16,risk_spm_to_i2em,differential,3.0986907163931083,1.7813860346544377,3.192608303760521,0.003981327726839402,0.0012470454713000216,0.006036474714408158
0.05,16,target_ridge_fixed_alpha1,common,8.827702113859322,6.266802099322452,15.16414985865475,44.16689154951214,2.9125860639199916,-1.5898457162541044
0.05,16,target_ridge_fixed_alpha1,differential,4.894901742086837,3.6416131841085346,3.192608303760521,9.83106958302808,3.079322186642259,-3.1537656113506864
0.05,16,two_mean,common,3.9402615322018306,3.8941173401240428,15.16414985865475,1.262177448353619e-29,8.323430328230678e-31,0.0
0.05,16,two_mean,differential,2.345693800321769,1.7867871456221418,3.192608303760521,0.0,0.0,0.0
0.05,17,scratch,common,3.932412520775769,3.8886250720193662,15.12140495073762,1.6993562293476097e-29,1.1238084257936068e-30,0.0
0.05,17,scratch,differential,4.007095366700691,1.9454516565233826,3.7560455146439637,0.007949041700388734,0.0021163326347876338,-0.007650768105331052
0.05,17,spm_only,common,3.9324125207757694,3.8886250720193667,15.12140495073762,1.614740981413289e-29,1.0678511597789875e-30,-4.440892098500626e-16
0.05,17,spm_only,differential,1.9942550885219974,1.9935604738917003,3.7560455146439637,0.07622401562256279,0.020293687955958668,-0.058103089424363485
0.05,17,spm_to_i2em,common,3.932412520775769,3.8886250720193662,15.12140495073762,1.4314079442222606e-29,9.46610416747312e-31,0.0
0.05,17,spm_to_i2em,differential,2.0093351493013354,2.0093180048624855,3.7560455146439637,0.08601535485265625,0.022900509197053665,-0.07489614514089848
0.05,17,risk_spm_to_i2em,common,3.9324125207757694,3.8886250720193667,15.12140495073762,1.6923049586864164e-30,1.1191453202923886e-31,-4.440892098500626e-16
0.05,17,risk_spm_to_i2em,differential,3.0310258053513324,1.9408746154716499,3.7560455146439637,0.00019611064109258485,5.221199805167276e-05,-0.0029149695592276537
0.05,17,target_ridge_fixed_alpha1,common,4.160593945426051,3.6764551157317626,15.12140495073762,14.257168756918906,0.9428468322464603,0.1061464022672759
0.05,17,target_ridge_fixed_alpha1,differential,2.371268088582661,2.3228993953277284,3.7560455146439637,1.2865249383607502,0.3425211258343072,-0.4365804620249394
0.05,17,two_mean,common,3.932412520775769,3.8886250720193667,15.12140495073762,1.262177448353619e-29,8.346958847180731e-31,-4.440892098500626e-16
0.05,17,two_mean,differential,1.9502708138009268,1.9380519896648707,3.7560455146439637,4.930380657631324e-32,1.3126520001977867e-32,-2.220446049250313e-16
0.05,18,scratch,common,4.036383905232019,3.957459650477644,15.661486885158634,5.20738352977893e-29,3.324961140639607e-30,0.0
0.05,18,scratch,differential,4.00533371615716,1.922641034575031,3.70676904650895,0.005835320519419682,0.0015742336374896112,0.0027572526232325645
0.05,18,spm_only,common,4.036383905232019,3.9574596504776443,15.661486885158634,5.488668789697737e-29,3.5045643047461794e-30,-4.440892098500626e-16
0.05,18,spm_only,differential,2.069658431314206,2.0521214926612044,3.70676904650895,0.1255344652356629,0.03386627644198436,-0.13608443574551177
0.05,18,spm_to_i2em,common,4.036383905232019,3.957459650477644,15.661486885158634,6.080089079783432e-29,3.882191470303585e-30,0.0
0.05,18,spm_to_i2em,differential,2.114415638593729,2.0965352310376657,3.70676904650895,0.1811653574689998,0.048874196151935084,-0.18579278067561833
0.05,18,risk_spm_to_i2em,common,4.03638390523202,3.957459650477644,15.661486885158634,1.824747968191232e-29,1.1651179620246823e-30,0.0
0.05,18,risk_spm_to_i2em,differential,3.034739638102867,1.9312678125209597,3.70676904650895,0.0003551474519340497,9.581051516239701e-05,-0.006211964349985388
0.05,18,target_ridge_fixed_alpha1,common,3.6756712812456684,3.472966934916337,15.661486885158634,12.900113902293263,0.8236838556189615,0.2298624377451628
0.05,18,target_ridge_fixed_alpha1,differential,5.798917470877164,3.8457933301742515,3.70676904650895,10.106163140077495,2.726407556897973,-2.9900317912555567
0.05,18,two_mean,common,4.036383905232019,3.957459650477644,15.661486885158634,5.048709793414476e-29,3.223646535246157e-30,0.0
0.05,18,two_mean,differential,1.9306193129602767,1.9252971320055898,3.70676904650895,0.0,0.0,0.0
0.05,19,scratch,common,3.9229417286360575,3.8865846154371737,15.105539972952924,1.6494364381893884e-29,1.0919413944438732e-30,0.0
0.05,19,scratch,differential,4.095757211702057,1.796491857960241,3.2109044952230295,0.006292663025789611,0.001959778945512524,-0.00513204317316962
0.05,19,spm_only,common,3.9229417286360575,3.8865846154371737,15.105539972952924,1.7928656936841177e-29,1.1868928200476884e-30,0.0
0.05,19,spm_only,differential,2.585747429655721,1.967925510621112,3.2109044952230295,0.37784016019171707,0.11767405749807962,-0.20611834488224612
0.05,19,spm_to_i2em,common,3.9229417286360575,3.8865846154371737,15.105539972952924,1.8502373958820094e-29,1.2248733902892143e-30,0.0
0.05,19,spm_to_i2em,differential,3.084528153807369,2.255325133140057,3.2109044952230295,1.4781394618853023,0.4603498684200605,-0.5841304105246854
0.05,19,risk_spm_to_i2em,common,3.922941728636057,3.8865846154371733,15.105539972952924,2.008009576926212e-30,1.3293199584534109e-31,2.220446049250313e-16
0.05,19,risk_spm_to_i2em,differential,3.0941558202951818,1.79604755378298,3.2109044952230295,0.004101502609734565,0.0012773667406914494,-0.0046349308267930045
0.05,19,target_ridge_fixed_alpha1,common,14.577780183907286,12.098119691885133,15.105539972952924,152.9473050702564,10.125245793537648,-8.689458327292527
0.05,19,target_ridge_fixed_alpha1,differential,10.773686511558303,9.711370860705696,3.2109044952230295,87.62850331460149,27.290909288946263,-28.37201157321027
0.05,19,two_mean,common,3.9229417286360575,3.8865846154371737,15.105539972952924,0.0,0.0,0.0
0.05,19,two_mean,differential,2.200967636563236,1.7918996889399332,3.2109044952230295,0.0,0.0,0.0
0.05,20,scratch,common,3.987736148902581,3.919120679001978,15.359506896580926,5.1634531978102594e-30,3.3617310976042208e-31,0.0
0.05,20,scratch,differential,3.9466830927337195,1.9382141881788224,3.7713003971913794,0.004226184453467608,0.0011206172959902629,0.0038782797426003546
0.05,20,spm_only,common,3.9877361489025804,3.919120679001978,15.359506896580926,5.0020952853786884e-30,3.2566770008040884e-31,0.0
0.05,20,spm_only,differential,1.972366228141391,1.9547536733448194,3.7713003971913794,0.010388686459677748,0.0027546695742971233,-0.013194792517918774
0.05,20,spm_to_i2em,common,3.987736148902581,3.9191206790019786,15.359506896580926,4.338734978715565e-30,2.824787936181324e-31,-2.220446049250313e-16
0.05,20,spm_to_i2em,differential,1.9974228337930107,1.9626461673941185,3.7713003971913794,0.01893506903813056,0.0050208328809426515,-0.02139304025092459
0.05,20,risk_spm_to_i2em,common,3.9877361489025804,3.919120679001978,15.359506896580926,4.3925209495260886e-30,2.8598059684480347e-31,0.0
0.05,20,risk_spm_to_i2em,differential,2.991862679902342,1.9429791700205334,3.7713003971913794,5.81110633177009e-05,1.5408760161608517e-05,-0.001025550217421456
0.05,20,target_ridge_fixed_alpha1,common,3.403754087135823,3.3519884690484254,15.359506896580926,3.440834492335988,0.2240198539903601,0.26847738197020266
0.05,20,target_ridge_fixed_alpha1,differential,1.9771533441601026,1.9069504037831078,3.7713003971913794,0.8347009178137587,0.22132973507901674,0.03575439251756307
0.05,20,two_mean,common,3.987736148902581,3.919120679001978,15.359506896580926,0.0,0.0,0.0
0.05,20,two_mean,differential,2.071184305294825,1.9419836243365647,3.7713003971913794,0.0,0.0,0.0
0.1,1,scratch,common,3.960871562529467,3.9217682921690287,15.380266537462381,3.638040880548666e-30,2.3653952106014105e-31,1.1102230246251565e-16
0.1,1,scratch,differential,4.019164560120709,1.9280842103667046,3.7153509883860414,0.005925009576521369,0.0015947375079885008,-0.000580761787002837
0.1,1,spm_only,common,3.960871562529467,3.9217682921690287,15.380266537462381,1.4700654986706856e-29,9.558127585695497e-31,0.0
0.1,1,spm_only,differential,2.023153316738349,2.007832777690482,3.7153509883860414,0.08066691034938443,0.021711787285116326,-0.08506369270902292
0.1,1,spm_to_i2em,common,3.960871562529467,3.9217682921690287,15.380266537462381,3.935023809573047e-30,2.558488697181118e-31,0.0
0.1,1,spm_to_i2em,differential,2.072224383402092,2.056452060254774,3.7153509883860414,0.11596600555778128,0.03121266494613399,-0.13824914236789
0.1,1,risk_spm_to_i2em,common,3.960871562529467,3.9217682921690287,15.380266537462381,1.0839876909389903e-29,7.047912260159306e-31,1.1102230246251565e-16
0.1,1,risk_spm_to_i2em,differential,3.0426929566649634,1.9324415879124521,3.7153509883860414,0.00023544315230123494,6.337036609386724e-05,-0.005108400893182541
0.1,1,target_ridge_fixed_alpha1,common,4.3189214686063835,3.879201611163278,15.380266537462381,19.579187370771464,1.273007026444021,0.021590093812860256
0.1,1,target_ridge_fixed_alpha1,differential,2.553318102706911,2.528720206490587,3.7153509883860414,4.2744113853809536,1.1504731043560892,-0.7210825848492859
0.1,1,two_mean,common,3.9608715625294666,3.9217682921690282,15.380266537462381,1.262177448353619e-29,8.206473179637548e-31,3.3306690738754696e-16
0.1,1,two_mean,differential,1.927530753385148,1.9275245753001546,3.7153509883860414,0.0,0.0,0.0
0.1,2,scratch,common,3.886572774056655,3.8865165642478763,15.105011004173122,1.3138455310347612e-29,8.698077284894263e-31,2.220446049250313e-16
0.1,2,scratch,differential,4.051248233780877,1.9039620030465787,3.597598248186368,0.006586037667699748,0.0018306762493616182,-0.007636500510478594
0.1,2,spm_only,common,3.886572774056655,3.8865165642478767,15.105011004173122,1.2917020670285573e-29,8.551480476721889e-31,0.0
0.1,2,spm_only,differential,2.0127331231154026,1.9478084220207807,3.597598248186368,0.06713394533340492,0.01866076774060269,-0.05458069166219581
0.1,2,spm_to_i2em,common,3.886572774056655,3.886516564247877,15.105011004173122,1.3581324590471688e-29,8.991270901239013e-31,-2.220446049250313e-16
0.1,2,spm_to_i2em,differential,2.008433681699119,1.9541900407532347,3.597598248186368,0.07426405323777598,0.020642675505864,-0.061502272329686525
0.1,2,risk_spm_to_i2em,common,3.886572774056655,3.886516564247877,15.105011004173122,1.299083221697292e-29,8.600346079446013e-31,-2.220446049250313e-16
0.1,2,risk_spm_to_i2em,differential,3.057478974916855,1.8985141746772154,3.597598248186368,0.00013593569135427153,3.778512273370153e-05,-0.0018784263271605095
0.1,2,target_ridge_fixed_alpha1,common,4.498050504042227,4.139762692595363,15.105011004173122,18.06350869882405,1.195862001943168,-0.1345662142364361
0.1,2,target_ridge_fixed_alpha1,differential,2.5930195541756467,2.559609343622922,3.597598248186368,3.6215772616737665,1.0066652838458232,-0.8211038420603467
0.1,2,two_mean,common,3.886572774056655,3.886516564247877,15.105011004173122,1.262177448353619e-29,8.356018065825388e-31,-2.220446049250313e-16
0.1,2,two_mean,differential,1.9443649135403522,1.896733573327147,3.597598248186368,0.0,0.0,0.0
0.1,3,scratch,common,3.952759022017076,3.8816628566303226,15.067306532543476,1.7447747080182378e-29,1.1579871321060238e-30,0.0
0.1,3,scratch,differential,4.051932533988029,1.9557139159269026,3.80001293106112,0.008644886810571703,0.00227496247181393,-0.006527343548300424
0.1,3,spm_only,common,3.952759022017077,3.8816628566303226,15.067306532543476,1.9823610512377426e-29,1.315670486265142e-30,-2.220446049250313e-16
0.1,3,spm_only,differential,2.025269221007468,2.003420047541433,3.80001293106112,0.07431522446993497,0.019556571469135264,-0.05623111281627424
0.1,3,spm_to_i2em,common,3.952759022017076,3.8816628566303226,15.067306532543476,1.848718733176771e-29,1.226973599550638e-30,0.0
0.1,3,spm_to_i2em,differential,2.0522695939399314,2.0276893910299414,3.80001293106112,0.09133299278929174,0.02403491631376839,-0.0819763882612019
0.1,3,risk_spm_to_i2em,common,3.9527590220170756,3.8816628566303226,15.067306532543476,1.5591603773779999e-30,1.0347970116692128e-31,0.0
0.1,3,risk_spm_to_i2em,differential,3.0693153059560347,1.9526041782430574,3.80001293106112,0.0002232559726564711,5.8751371826023984e-05,-0.0033289744168301105
0.1,3,target_ridge_fixed_alpha1,common,4.458726344152565,3.84397827488393,15.067306532543476,16.739703253915103,1.1109950685452281,0.01932246842758667
0.1,3,target_ridge_fixed_alpha1,differential,4.849882024975627,4.121921123582458,3.80001293106112,13.782526919530472,3.6269684260473882,-3.4710989297320385
0.1,3,two_mean,common,3.9527590220170774,3.8816628566303226,15.067306532543476,5.048709793414476e-29,3.35077127588126e-30,0.0
0.1,3,two_mean,differential,1.9538265430178567,1.9493621857061658,3.80001293106112,0.0,0.0,0.0
0.1,4,scratch,common,3.9213435431119583,3.8717994105895692,14.99083067584174,1.57587652177484e-29,1.0512269505614663e-30,2.220446049250313e-16
0.1,4,scratch,differential,3.6736320517689136,1.8029635921960891,3.167873979035979,0.01259270736740833,0.00397512888793652,-0.02613858262563995
0.1,4,spm_only,common,3.9213435431119583,3.8717994105895692,14.99083067584174,1.592484119779493e-29,1.0623054547242923e-30,2.220446049250313e-16
0.1,4,spm_only,differential,2.041599386215459,1.866684501033565,3.167873979035979,0.1218132909339171,0.03845269469052121,-0.09995253897672618
0.1,4,spm_to_i2em,common,3.9213435431119583,3.8717994105895692,14.99083067584174,1.607246429116962e-29,1.0721530139801373e-30,2.220446049250313e-16
0.1,4,spm_to_i2em,differential,2.0855404696402764,1.8909837625258008,3.167873979035979,0.12957225065572794,0.04090195869949293,-0.12877583319283348
0.1,4,risk_spm_to_i2em,common,3.9213435431119588,3.8717994105895697,14.99083067584174,4.15189950116322e-30,2.76962604070644e-31,0.0
0.1,4,risk_spm_to_i2em,differential,2.732983712943222,1.784311832160491,3.167873979035979,0.00030249262236582827,9.548758074583519e-05,-0.00501747716516987
0.1,4,target_ridge_fixed_alpha1,common,124.33668590468571,78.40558133463831,14.99083067584174,6063.523804367963,404.4821755034261,-409.07968920157276
0.1,4,target_ridge_fixed_alpha1,differential,25.638929028769585,17.497542837490627,3.167873979035979,280.13651066275156,88.43044657603468,-95.64652299173494
0.1,4,two_mean,common,3.9213435431119583,3.8717994105895697,14.99083067584174,3.1554436208840472e-30,2.104915790936894e-31,0.0
0.1,4,two_mean,differential,3.1258648180101316,1.77985223516897,3.167873979035979,0.0,0.0,0.0
0.1,5,scratch,common,3.859873484930099,3.8415037338906814,14.757150937496046,1.951632759737532e-30,1.3224996938797183e-31,0.0
0.1,5,scratch,differential,3.9515833402518434,1.7458985194881038,2.9933745702828194,0.011112274675576881,0.0037122900641622584,-0.01830277794561397
0.1,5,spm_only,common,3.859873484930099,3.8415037338906814,14.757150937496046,2.923801227905854e-29,1.9812775787749426e-30,0.0
0.1,5,spm_only,differential,1.8145036663011944,1.7902583642099021,2.9933745702828194,0.08784173946263359,0.029345388423719435,-0.07070629998727429
0.1,5,spm_to_i2em,common,3.859873484930099,3.8415037338906814,14.757150937496046,2.8782023316503046e-29,1.9503780532170055e-30,-2.220446049250313e-16
0.1,5,spm_to_i2em,differential,1.8240347620061181,1.7770144038875872,2.9933745702828194,0.08372890350357835,0.027971408702008014,-0.05492317031530214
0.1,5,risk_spm_to_i2em,common,3.859873484930099,3.8415037338906814,14.757150937496046,1.9571046272881982e-29,1.326207636946671e-30,-2.220446049250313e-16
0.1,5,risk_spm_to_i2em,differential,2.934955929852992,1.73007638511115,2.9933745702828194,0.00019629342006695542,6.557596300031681e-05,7.024579070147308e-05
0.1,5,target_ridge_fixed_alpha1,common,43.08486816481422,30.183939987342036,14.757150937496046,884.3173378196907,59.924665781709436,-60.73754249843388
0.1,5,target_ridge_fixed_alpha1,differential,13.730222042097399,9.359535695737122,2.9933745702828194,78.78233937879675,26.318904476880505,-28.264933733802877
0.1,5,two_mean,common,3.859873484930099,3.8415037338906814,14.757150937496046,3.1554436208840472e-30,2.1382471686092645e-31,-2.220446049250313e-16
0.1,5,two_mean,differential,1.7314357012583894,1.7301371536045396,2.9933745702828194,1.9721522630525295e-31,6.588391184422326e-32,3.3306690738754696e-16
0.1,6,scratch,common,4.22995650304324,3.830280425072824,14.671048134696058,1.4106689128658094e-29,9.61532468515096e-31,1.1102230246251565e-16
0.1,6,scratch,differential,4.032514670736659,1.9625906668660722,3.8637312096739063,0.003848843255306323,0.0009961467416961338,0.0030978045196633497
0.1,6,spm_only,common,4.22995650304324,3.830280425072824,14.671048134696058,1.4013881963337975e-29,9.552065970117072e-31,1.1102230246251565e-16
0.1,6,spm_only,differential,1.9930086268447322,1.9814384794189275,3.8637312096739063,0.0066109832925682595,0.0017110360254915915,-0.016141712418278997
0.1,6,spm_to_i2em,common,4.22995650304324,3.830280425072824,14.671048134696058,1.429230345929833e-29,9.741842115218735e-31,1.1102230246251565e-16
0.1,6,spm_to_i2em,differential,2.002150444570445,1.9964282830837539,3.8637312096739063,0.019175162082679352,0.004962861297046,-0.03157431850264114
0.1,6,risk_spm_to_i2em,common,4.22995650304324,3.8302804250728246,14.671048134696058,1.438511062461845e-29,9.805100830252623e-31,0.0
0.1,6,risk_spm_to_i2em,differential,3.062924153579823,1.9673355536587995,3.8637312096739063,6.916850776688465e-05,1.790199783921366e-05,-0.0017283735989059856
0.1,6,target_ridge_fixed_alpha1,common,6.590135536667875,6.177474796287169,14.671048134696058,29.299047765217054,1.9970657512824013,-1.6011225993127582
0.1,6,target_ridge_fixed_alpha1,differential,3.5318557167783915,3.5249051490638923,3.8637312096739063,6.752387870297667,1.7476339589542929,-2.2157921024081255
0.1,6,two_mean,common,4.2299565030432404,3.830280425072824,14.671048134696058,3.1554436208840472e-30,2.1507963111521884e-31,1.1102230246251565e-16
0.1,6,two_mean,differential,1.9657689382558579,1.9656376089386127,3.8637312096739063,0.0,0.0,0.0
0.1,7,scratch,common,4.09966976377764,3.9465332797529458,15.575124928197543,1.2769397576910883e-29,8.198584368201689e-31,-2.220446049250313e-16
0.1,7,scratch,differential,3.9159636626206265,1.9541754762423391,3.8170805705739106,0.005956092941646037,0.0015603791514284223,-0.0004509261309104673
0.1,7,spm_only,common,4.099669763777639,3.9465332797529458,15.575124928197543,1.262177448353619e-29,8.103803046025945e-31,-2.220446049250313e-16
0.1,7,spm_only,differential,2.0533419358171066,2.026010216483479,3.8170805705739106,0.09867990627943359,0.025852193700117976,-0.07535518871121849
0.1,7,spm_to_i2em,common,4.099669763777639,3.9465332797529458,15.575124928197543,1.2917020670285573e-29,8.29336569037743e-31,-2.220446049250313e-16
0.1,7,spm_to_i2em,differential,2.0827396080965492,2.038640917664171,3.8170805705739106,0.11393859946226804,0.029849671065532945,-0.08880509969160433
0.1,7,risk_spm_to_i2em,common,4.099669763777639,3.9465332797529458,15.575124928197543,1.262177448353619e-29,8.103803046025945e-31,-2.220446049250313e-16
0.1,7,risk_spm_to_i2em,differential,2.9680609984354676,1.9563961850018967,3.8170805705739106,0.00021519578314278362,5.637706073110954e-05,-0.0027260263239612392
0.1,7,target_ridge_fixed_alpha1,common,3.4763579920003926,3.37963859854797,15.575124928197543,2.0565756618097897,0.13204232205460648,0.2666539042575041
0.1,7,target_ridge_fixed_alpha1,differential,2.1865905718077765,2.021939506003022,3.8170805705739106,0.25260235500097106,0.06617684650103979,-0.0710382687366391
0.1,7,two_mean,common,4.099669763777639,3.9465332797529458,15.575124928197543,1.262177448353619e-29,8.103803046025945e-31,-2.220446049250313e-16
0.1,7,two_mean,differential,2.1818165009692043,1.9537350307997015,3.8170805705739106,0.0,0.0,0.0
0.1,8,scratch,common,3.928076046116274,3.9249306397381734,15.405080526755503,1.3976759097209928e-29,9.072824431482283e-31,-2.220446049250313e-16
0.1,8,scratch,differential,4.063745826975478,1.9555129211416555,3.800569732398541,0.0068717435768510604,0.001808082487810137,-0.006173035625009815
0.1,8,spm_only,common,3.928076046116274,3.924930639738173,15.405080526755503,1.388395193188981e-29,9.01257991334495e-31,0.0
0.1,8,spm_only,differential,2.039883963191935,2.003312093298467,3.800569732398541,0.07061427052226407,0.018579917089877832,-0.05596255975630138
0.1,8,spm_to_i2em,common,3.928076046116274,3.9249306397381734,15.405080526755503,1.4032443396402e-29,9.108971142364681e-31,-2.220446049250313e-16
0.1,8,spm_to_i2em,differential,2.047245037699898,2.019895580866109,3.800569732398541,0.082663237387569,0.02175022252134819,-0.07351751049902733
0.1,8,risk_spm_to_i2em,common,3.928076046116274,3.9249306397381734,15.405080526755503,1.366121473512152e-29,8.867993069815351e-31,-2.220446049250313e-16
0.1,8,risk_spm_to_i2em,differential,3.078554675869089,1.9522055767347755,3.800569732398541,0.00017483389513098797,4.600202270743504e-05,-0.002772447863801375
0.1,8,target_ridge_fixed_alpha1,common,3.772078380746058,3.759225778273822,15.405080526755503,14.540386743260623,0.9438695706917544,0.08265468476491311
0.1,8,target_ridge_fixed_alpha1,differential,2.5208390731552743,2.388050087692143,3.800569732398541,2.8762145239418695,0.7567850944617952,-0.5005074562143148
0.1,8,two_mean,common,3.928076046116274,3.9249306397381734,15.405080526755503,1.262177448353619e-29,8.193254466677227e-31,-2.220446049250313e-16
0.1,8,two_mean,differential,1.9708294910668742,1.9495049967616243,3.800569732398541,0.0,0.0,0.0
0.1,9,scratch,common,3.8214570371478294,3.8212592851535745,14.602022524372407,1.3293939988576578e-29,9.104177155176625e-31,0.0
0.1,9,scratch,differential,4.088400038125333,1.9433712567169823,3.771861831588046,0.00509688234827042,0.0013512908414581317,-0.0012805373211837168
0.1,9,spm_only,common,3.8214570371478294,3.821259285153574,14.602022524372407,1.2845829651882986e-29,8.797294779159436e-31,2.220446049250313e-16
0.1,9,spm_only,differential,2.024757064188049,1.9527987838212222,3.771861831588046,0.006146684749311403,0.001629615564874363,-0.011018764833201855
0.1,9,spm_to_i2em,common,3.8214570371478294,3.821259285153574,14.602022524372407,1.3293939988576578e-29,9.104177155176625e-31,2.220446049250313e-16
0.1,9,spm_to_i2em,differential,2.0410334507179293,1.9704969248891526,3.771861831588046,0.018843809714727745,0.004995890771214714,-0.02942745635060251
0.1,9,risk_spm_to_i2em,common,3.8214570371478294,3.821259285153574,14.602022524372407,1.2995199764114182e-29,8.899588904498498e-31,2.220446049250313e-16
0.1,9,risk_spm_to_i2em,differential,3.0975072061267173,1.943825559306947,3.771861831588046,8.13634330977645e-05,2.1571159477893315e-05,-0.0017487314544981647
0.1,9,target_ridge_fixed_alpha1,common,8.645835632105888,6.155657284038203,14.602022524372407,29.95064171113494,2.051129674751835,-1.5949909702773306
0.1,9,target_ridge_fixed_alpha1,differential,2.170410837816477,2.081959695353765,3.771861831588046,1.0395098147981345,0.27559594206038973,-0.14918211923276847
0.1,9,two_mean,common,3.8214570371478294,3.821259285153574,14.602022524372407,1.262177448353619e-29,8.64385359115084e-31,2.220446049250313e-16
0.1,9,two_mean,differential,2.0021253710685616,1.9421281707415827,3.771861831588046,0.0,0.0,0.0
0.1,10,scratch,common,3.9120460932640824,3.8772080831212294,15.0327425198206,5.104394092606547e-30,3.3955175417103216e-31,0.0
0.1,10,scratch,differential,4.116860731713495,1.8455278977061123,3.404971136747202,0.006262490215239249,0.0018392197653757086,-0.000294300428431038
0.1,10,spm_only,common,3.9120460932640824,3.8772080831212294,15.0327425198206,5.7169213837193326e-30,3.8029796467155604e-31,0.0
0.1,10,spm_only,differential,2.1715476978579105,1.8989179578596043,3.404971136747202,0.053381160925296614,0.015677419508551865,-0.059007335412078366
0.1,10,spm_to_i2em,common,3.9120460932640824,3.8772080831212294,15.0327425198206,5.958220013551642e-30,3.963495021414593e-31,0.0
0.1,10,spm_to_i2em,differential,2.1877167691725155,1.9151583864391934,3.404971136747202,0.06336501335435399,0.018609559614325283,-0.07719904159078594
0.1,10,risk_spm_to_i2em,common,3.9120460932640824,3.8772080831212294,15.0327425198206,3.582356581356595e-30,2.38303594745488e-31,0.0
0.1,10,risk_spm_to_i2em,differential,3.0929588939017605,1.8478393319545166,3.404971136747202,0.00013061146442967437,3.83590518639311e-05,-0.0028015097890152774
0.1,10,target_ridge_fixed_alpha1,common,10.844216542123085,10.769350271281166,15.0327425198206,128.58176011221013,8.553446581199385,-6.715086260050425
0.1,10,target_ridge_fixed_alpha1,differential,9.878966556219737,9.837327675779315,3.404971136747202,101.32770305974597,29.758755358068964,-27.421097246980406
0.1,10,two_mean,common,3.9120460932640824,3.8772080831212294,15.0327425198206,1.262177448353619e-29,8.396188830410978e-31,0.0
0.1,10,two_mean,differential,2.106052791271448,1.845256387808264,3.404971136747202,0.0,0.0,0.0
0.1,11,scratch,common,3.8579261319411087,3.857172093239275,14.877776556863848,4.502504347928114e-30,3.0263287869119717e-31,0.0
0.1,11,scratch,differential,4.006030271647092,1.8836996804944297,3.5545575698296608,0.003140643564171223,0.0008835540014398267,0.001753546935840622
0.1,11,spm_only,common,3.857926131941109,3.857172093239275,14.877776556863848,5.554318888222797e-30,3.733299036313539e-31,0.0
0.1,11,spm_only,differential,1.913931808179961,1.89512584251145,3.5545575698296608,0.005350292498131782,0.0015051922477058587,-0.010393526732735747
0.1,11,spm_to_i2em,common,3.857926131941109,3.857172093239275,14.877776556863848,4.963826514724028e-30,3.336403457702133e-31,0.0
0.1,11,spm_to_i2em,differential,1.9106235736594213,1.8968318220488314,3.5545575698296608,0.00553765084278287,0.0015579015767771746,-0.012213444417362052
0.1,11,risk_spm_to_i2em,common,3.857926131941109,3.8571720932392752,14.877776556863848,2.2327992872922206e-30,1.5007614066243795e-31,-2.220446049250313e-16
0.1,11,risk_spm_to_i2em,differential,3.022233430384673,1.8858081601351673,3.5545575698296608,7.180954175353435e-06,2.020210401514908e-06,-0.0004824361313711112
0.1,11,target_ridge_fixed_alpha1,common,3.8520664026372833,3.519020645917971,14.877776556863848,5.183918266896095,0.34843366863877917,0.16765074007756797
0.1,11,target_ridge_fixed_alpha1,differential,2.1468696466659396,2.107813563057649,3.5545575698296608,1.4825698370307367,0.41708983689404233,-0.24991027134290866
0.1,11,two_mean,common,3.8579261319411087,3.857172093239275,14.877776556863848,3.1554436208840472e-30,2.1209107482047015e-31,0.0
0.1,11,two_mean,differential,1.890142372650754,1.8853534336642719,3.5545575698296608,4.930380657631324e-32,1.387058884480972e-32,2.220446049250313e-16
0.1,12,scratch,common,4.008471588989095,3.8469730321691897,14.799201510237008,7.934741268889709e-31,5.36160093732154e-32,0.0
0.1,12,scratch,differential,3.849380077853991,1.9208035790553395,3.6949979350394817,0.004493684520576318,0.0012161534592382125,0.0014916234933216588
0.1,12,spm_only,common,4.008471588989095,3.8469730321691897,14.799201510237008,1.2178905203412111e-30,8.229433996819107e-32,0.0
0.1,12,spm_only,differential,2.011280145935442,1.9396094319490433,3.6949979350394817,0.016796810021056888,0.004545823926388043,-0.01815611663271266
0.1,12,spm_to_i2em,common,4.008471588989094,3.8469730321691897,14.799201510237008,8.30379900232644e-31,5.610977725103937e-32,0.0
0.1,12,spm_to_i2em,differential,2.056389686994095,1.9515093374466355,3.6949979350394817,0.029807577647674638,0.008067007931184714,-0.030687638016423824
0.1,12,risk_spm_to_i2em,common,4.008471588989095,3.8469730321691897,14.799201510237008,1.107173200310192e-30,7.481303633471916e-32,0.0
0.1,12,risk_spm_to_i2em,differential,2.9155786450263173,1.9235576138784884,3.6949979350394817,8.673271677609317e-05,2.347300818590753e-05,-0.0013737379450979859
0.1,12,target_ridge_fixed_alpha1,common,3.3380783306002795,3.203157972779845,14.799201510237008,5.925579817009387,0.40039861697338897,0.30670441972927953
0.1,12,target_ridge_fixed_alpha1,differential,2.5415395159388194,2.033938427230002,3.6949979350394817,0.46293949994963385,0.12528816202022783,-0.11959616716772281
0.1,12,two_mean,common,4.008471588989094,3.8469730321691897,14.799201510237008,0.0,0.0,0.0
0.1,12,two_mean,differential,2.3289170321619492,1.9222377415500618,3.6949979350394817,1.9721522630525295e-31,5.337356874683765e-32,0.0
0.1,13,scratch,common,3.9886511576264048,3.929848820915728,15.443711755252739,5.026695070478075e-29,3.254849060989751e-30,0.0
0.1,13,scratch,differential,4.054455314721753,1.8351547510659372,3.3608849264356535,0.0067907588567018996,0.0020205270353911694,-0.0020554211392040944
0.1,13,spm_only,common,3.9886511576264048,3.929848820915728,15.443711755252739,5.048709793414476e-29,3.269103874395545e-30,0.0
0.1,13,spm_only,differential,2.0155060056468193,1.881632217979984,3.3608849264356535,0.057583112916218204,0.017133318806391653,-0.05345463508479931
0.1,13,spm_to_i2em,common,3.9886511576264048,3.929848820915728,15.443711755252739,5.048709793414476e-29,3.269103874395545e-30,0.0
0.1,13,spm_to_i2em,differential,2.0204525441324788,1.8917366768270185,3.3608849264356535,0.07177540807434755,0.0213561040158754,-0.06479922186679721
0.1,13,risk_spm_to_i2em,common,3.9886511576264048,3.929848820915728,15.443711755252739,5.048709793414476e-29,3.269103874395545e-30,0.0
0.1,13,risk_spm_to_i2em,differential,3.0429322049635736,1.8351143556351786,3.3608849264356535,0.00016265003048421077,4.839500132981563e-05,-0.002011307132086859
0.1,13,target_ridge_fixed_alpha1,common,3.496932203295649,3.2841737402111804,15.443711755252739,8.486354665337503,0.5495022699093766,0.3016059010409715
0.1,13,target_ridge_fixed_alpha1,differential,2.8049446788815846,2.698855032972689,3.3608849264356535,5.767385168996757,1.7160317283202222,-1.1672323356595196
0.1,13,two_mean,common,3.9886511576264048,3.929848820915728,15.443711755252739,5.048709793414476e-29,3.269103874395545e-30,0.0
0.1,13,two_mean,differential,1.9559906798080795,1.833271645565832,3.3608849264356535,0.0,0.0,0.0
0.1,14,scratch,common,3.93601566537717,3.929209230740729,15.43868517893815,2.1658666273523636e-30,1.4028828247026466e-31,0.0
0.1,14,scratch,differential,3.924498473087926,1.9159930896118182,3.704626634684226,0.00440651700813759,0.0011894631882419621,0.009068961209055315
0.1,14,spm_only,common,3.93601566537717,3.9292092307407285,15.43868517893815,2.1658666273523636e-30,1.4028828247026466e-31,1.1102230246251565e-16
0.1,14,spm_only,differential,2.0477316136213823,2.0466753524352486,3.704626634684226,0.11211044948692088,0.03026228026254984,-0.13071583490977057
0.1,14,spm_to_i2em,common,3.93601566537717,3.9292092307407285,15.43868517893815,2.1658666273523636e-30,1.4028828247026466e-31,1.1102230246251565e-16
0.1,14,spm_to_i2em,differential,2.0822621308266367,2.0807022148840724,3.704626634684226,0.1629919047371205,0.04399685064376631,-0.16862564947587666
0.1,14,risk_spm_to_i2em,common,3.93601566537717,3.929209230740729,15.43868517893815,2.1845378913812634e-30,1.41497664215698e-31,0.0
0.1,14,risk_spm_to_i2em,differential,2.9740393464451373,1.930022372791241,3.704626634684226,0.0003255138722331385,8.78668498427196e-05,-0.00549575619844922
0.1,14,target_ridge_fixed_alpha1,common,7.2517165830483945,4.327260505992874,15.43868517893815,9.905142266994014,0.6415793930759637,-0.21287423570700725
0.1,14,target_ridge_fixed_alpha1,differential,8.109211954045813,4.499725131239839,3.704626634684226,14.801549644052882,3.9954227790392522,-4.4654701413486
0.1,14,two_mean,common,3.93601566537717,3.929209230740729,15.43868517893815,0.0,0.0,0.0
0.1,14,two_mean,differential,2.060049213711373,1.9247406668650782,3.704626634684226,0.0,0.0,0.0
0.1,15,scratch,common,4.211214919565031,3.873355022881391,15.002879133280503,5.382815588566904e-30,3.587855064849747e-31,0.0
0.1,15,scratch,differential,3.9067125411798003,1.8854437537066548,3.5439275753242065,0.00714888835514718,0.0020172219107759794,-0.0030955974223685345
0.1,15,spm_only,common,4.21121491956503,3.8733550228813907,15.002879133280503,4.8259725966461895e-30,3.216697644348049e-31,2.220446049250313e-16
0.1,15,spm_only,differential,1.9576822614193052,1.9490700425553318,3.5439275753242065,0.0954789840143014,0.02694157315152434,-0.07193895756718827
0.1,15,spm_to_i2em,common,4.21121491956503,3.873355022881391,15.002879133280503,5.4570613208229995e-30,3.6373427209166404e-31,0.0
0.1,15,spm_to_i2em,differential,1.976920791271281,1.959886638432955,3.5439275753242065,0.10722220848886109,0.030255191792132534,-0.08386967675450618
0.1,15,risk_spm_to_i2em,common,4.21121491956503,3.873355022881391,15.002879133280503,6.14383434419188e-30,4.095103539535401e-31,0.0
0.1,15,risk_spm_to_i2em,differential,2.943380376495002,1.88491076691154,3.5439275753242065,0.00022419659333865503,6.326218258513509e-05,-0.0025285572869031547
0.1,15,target_ridge_fixed_alpha1,common,10.57111887599512,6.369485455996323,15.002879133280503,53.78704740618295,3.5851150254799107,-1.7041706204346156
0.1,15,target_ridge_fixed_alpha1,differential,3.6862398131010203,3.4201279623096585,3.5439275753242065,5.2066684733825275,1.4691802703970918,-2.300653026889897
0.1,15,two_mean,common,4.2112149195650295,3.873355022881391,15.002879133280503,0.0,0.0,0.0
0.1,15,two_mean,differential,2.0075301994511787,1.882532224245898,3.5439275753242065,1.9721522630525295e-31,5.564877444968983e-32,-2.220446049250313e-16
0.1,16,scratch,common,3.900917617162687,3.8978483428211734,15.193221703633768,1.4849146451219046e-29,9.773533711857552e-31,-2.220446049250313e-16
0.1,16,scratch,differential,4.178061612714622,1.7908142433614596,3.195005685207208,0.006270174232821986,0.0019624923554448516,-0.003758982049601567
0.1,16,spm_only,common,3.900917617162688,3.8978483428211734,15.193221703633768,1.150808849969476e-30,7.574488626689603e-32,-2.220446049250313e-16
0.1,16,spm_only,differential,2.7820583154416365,1.9717564849392617,3.195005685207208,0.3297539566646235,0.10320919245664432,-0.2168440431579053
0.1,16,spm_to_i2em,common,3.900917617162687,3.8978483428211734,15.193221703633768,1.6074201033444616e-29,1.0579850243085799e-30,-2.220446049250313e-16
0.1,16,spm_to_i2em,differential,2.8787545825219047,1.951633204850426,3.195005685207208,0.5730843013198978,0.17936878922415164,-0.19213314201903353
0.1,16,risk_spm_to_i2em,common,3.900917617162687,3.8978483428211734,15.193221703633768,5.958220013551642e-30,3.9216304018828425e-31,-2.220446049250313e-16
0.1,16,risk_spm_to_i2em,differential,3.1395307439551194,1.7877150475884287,3.195005685207208,0.0011353992650792464,0.0003553668997636264,-0.00028776354644577395
0.1,16,target_ridge_fixed_alpha1,common,11.99793310711055,11.43355632627488,15.193221703633768,141.7483387716281,9.329709099007363,-7.604245552135563
0.1,16,target_ridge_fixed_alpha1,differential,3.1230625003632446,3.0780155291671503,3.195005685207208,8.443381471793266,2.642681204257601,-1.9653091516110077
0.1,16,two_mean,common,3.900917617162687,3.8978483428211734,15.193221703633768,0.0,0.0,0.0
0.1,16,two_mean,differential,2.4330466260250714,1.787457883477876,3.195005685207208,7.703719777548943e-34,2.4111756086122044e-34,0.0
0.1,17,scratch,common,3.96704248038639,3.85776138525472,14.882322905562416,1.739163111975626e-29,1.1686099831401968e-30,0.0
0.1,17,scratch,differential,4.114063573763658,1.9404352678085766,3.7416461740418696,0.007749086068723982,0.0020710365727481714,-0.006318837595467475
0.1,17,spm_only,common,3.9670424803863895,3.8577613852547197,14.882322905562416,1.8418984856788275e-29,1.2376417964902505e-30,1.1102230246251565e-16
0.1,17,spm_only,differential,2.1146955623460695,1.978976027962736,3.7416461740418696,0.05607500117092185,0.014986719364313245,-0.04669066423792301
0.1,17,spm_to_i2em,common,3.9670424803863895,3.85776138525472,14.882322905562416,1.937295618403229e-29,1.3017427660295863e-30,0.0
0.1,17,spm_to_i2em,differential,2.1139229302628135,1.9897261828714177,3.7416461740418696,0.06384779024654698,0.017064090851106894,-0.058093175744457826
0.1,17,risk_spm_to_i2em,common,3.967042480386391,3.85776138525472,14.882322905562416,1.6144130153360242e-30,1.0847856383579887e-31,0.0
0.1,17,risk_spm_to_i2em,differential,3.1084325607201517,1.9364556281571983,3.7416461740418696,0.00014046696431046997,3.754148783093837e-05,-0.002195350762134396
0.1,17,target_ridge_fixed_alpha1,common,5.079655157245332,4.117014522981815,14.882322905562416,19.262650243943078,1.2943308894838903,-0.13892224285148558
0.1,17,target_ridge_fixed_alpha1,differential,4.45145365217213,3.3815719291755006,3.7416461740418696,6.803571976527797,1.818336544948695,-2.056149133373336
0.1,17,two_mean,common,3.967042480386389,3.85776138525472,14.882322905562416,1.262177448353619e-29,8.481051354435184e-31,0.0
0.1,17,two_mean,differential,2.0684981589391302,1.9343335219247662,3.7416461740418696,0.0,0.0,0.0
0.1,18,scratch,common,4.236259699925198,3.917174779429438,15.344258252598062,6.836794511915435e-30,4.4556044348105536e-31,-2.220446049250313e-16
0.1,18,scratch,differential,4.050544774913199,1.9556604739424865,3.8294707296791226,0.0060686382036908,0.0015847198299905273,0.0012698465875411458
0.1,18,spm_only,common,4.236259699925199,3.917174779429438,15.344258252598062,6.761664901894387e-30,4.4066417487137345e-31,-4.440892098500626e-16
0.1,18,spm_only,differential,2.047544172332089,2.0223756778425406,3.8294707296791226,0.07547383483278355,0.019708685654089755,-0.06803359290117439
0.1,18,spm_to_i2em,common,4.236259699925199,3.917174779429438,15.344258252598062,6.836794511915435e-30,4.4556044348105536e-31,-4.440892098500626e-16
0.1,18,spm_to_i2em,differential,2.0538072553564644,2.0360921776204415,3.8294707296791226,0.09022648564590663,0.02356108507283638,-0.0825703206548658
0.1,18,risk_spm_to_i2em,common,4.2362596999252,3.9171747794294376,15.344258252598062,1.9383439385430577e-29,1.2632373012979371e-30,0.0
0.1,18,risk_spm_to_i2em,differential,3.070029700776943,1.9595615666690864,3.8294707296791226,0.00017542164266792968,4.580832575853858e-05,-0.002718601243455465
0.1,18,target_ridge_fixed_alpha1,common,5.630601238672878,4.8974237420452695,15.344258252598062,27.7617069554971,1.8092570196931181,-0.5631097257560584
0.1,18,target_ridge_fixed_alpha1,differential,4.0497295614644715,3.815315166954727,3.8294707296791226,12.64981779129348,3.3032809712462345,-2.8012119299876463
0.1,18,two_mean,common,4.236259699925197,3.9171747794294376,15.344258252598062,5.048709793414476e-29,3.290292505706255e-30,0.0
0.1,18,two_mean,differential,1.9610340982492418,1.9569033521559316,3.8294707296791226,4.930380657631324e-32,1.2874835729700035e-32,1.1102230246251565e-16
0.1,19,scratch,common,3.883153054037597,3.854950687589784,14.860644803748945,5.624114218399214e-30,3.784569440069249e-31,-2.220446049250313e-16
0.1,19,scratch,differential,3.9834858613255313,1.7860171199779364,3.2045506290810635,0.004137482434599206,0.0012911271855254383,0.004585190851234544
0.1,19,spm_only,common,3.883153054037597,3.854950687589783,14.860644803748945,5.9210971474235945e-30,3.984414691030001e-31,2.220446049250313e-16
0.1,19,spm_only,differential,2.4277408245130774,2.134578204558489,3.2045506290810635,0.9046155414274004,0.28229091880093277,-0.4218605473188428
0.1,19,spm_to_i2em,common,3.8831530540375967,3.8549506875897834,14.860644803748945,4.714603998262047e-30,3.1725433590019446e-31,0.0
0.1,19,spm_to_i2em,differential,3.0597192368380934,2.509751724688077,3.2045506290810635,2.659424272245584,0.8298899221973597,-0.965596568334149
0.1,19,risk_spm_to_i2em,common,3.8831530540375976,3.8549506875897834,14.860644803748945,7.795801886889999e-31,5.245937837719751e-32,0.0
0.1,19,risk_spm_to_i2em,differential,3.033454481125163,1.7935556087145226,3.2045506290810635,0.006237495008965083,0.0019464492001968297,-0.003835512024281007
0.1,19,target_ridge_fixed_alpha1,common,4.571809509174074,3.9925268894255854,14.860644803748945,14.165222857369002,0.9532037838489682,-0.0726500211326655
0.1,19,target_ridge_fixed_alpha1,differential,3.8369613728550154,3.8191963079219717,3.2045506290810635,12.487121348193368,3.896684057625319,-3.551733496133769
0.1,19,two_mean,common,3.883153054037597,3.8549506875897834,14.860644803748945,0.0,0.0,0.0
0.1,19,two_mean,differential,1.8068919835893196,1.7901258696195257,3.2045506290810635,0.0,0.0,0.0
0.1,20,scratch,common,3.8944586861885258,3.894410346814426,15.166431949375259,4.454743935365714e-31,2.937239259857171e-32,0.0
0.1,20,scratch,differential,4.075078902235817,1.8101517538575038,3.2794561495848757,0.0045832909815573955,0.001397576540896137,0.0008558667850563362
0.1,20,spm_only,common,3.8944586861885258,3.894410346814426,15.166431949375259,5.197201257926666e-31,3.426779136500033e-32,0.0
0.1,20,spm_only,differential,2.0107417282115123,1.8238636890062991,3.2794561495848757,0.007648230205046779,0.0023321641931437066,-0.014338537960552733
0.1,20,spm_to_i2em,common,3.8944586861885258,3.8944103468144267,15.166431949375259,5.197201257926666e-31,3.426779136500033e-32,-2.220446049250313e-16
0.1,20,spm_to_i2em,differential,2.0047806626572293,1.831528832096808,3.2794561495848757,0.013634328996152776,0.004157496967257408,-0.022882365183178432
0.1,20,risk_spm_to_i2em,common,3.8944586861885258,3.894410346814426,15.166431949375259,3.7122866128047614e-31,2.4476993832143091e-32,0.0
0.1,20,risk_spm_to_i2em,differential,3.0526751373647945,1.8119702981663932,3.2794561495848757,4.136756242002474e-05,1.2614153241616353e-05,-0.0011526947395867904
0.1,20,target_ridge_fixed_alpha1,common,4.4991027251872495,4.473829148786371,15.166431949375259,15.1896778658109,1.001532721507157,-0.31970046213506764
0.1,20,target_ridge_fixed_alpha1,differential,3.802595670800798,3.7822306419930207,3.2794561495848757,13.054787220671203,3.9807781001504536,-3.362085655891983
0.1,20,two_mean,common,3.8944586861885258,3.8944103468144267,15.166431949375259,1.262177448353619e-29,8.322177902928652e-31,-2.220446049250313e-16
0.1,20,two_mean,differential,2.0117657190647473,1.8109268758248842,3.2794561495848757,1.232595164407831e-32,3.758535282027957e-33,0.0
0.2,1,scratch,common,3.869559922734997,3.8585673069994364,14.888541662644881,1.5154433179245753e-30,1.01785880193142e-31,0.0
0.2,1,scratch,differential,3.839599388560017,1.9395860081436724,3.793323002882162,0.0035339091791592564,0.0009316130412501642,0.00825901719195854
0.2,1,spm_only,common,3.869559922734997,3.8585673069994364,14.888541662644881,1.4116458303954948e-30,9.481424456347475e-32,0.0
0.2,1,spm_only,differential,2.002071031581233,1.962626179019715,3.793323002882162,0.012217535729725231,0.003220800264159515,-0.015442533010465054
0.2,1,spm_to_i2em,common,3.8695599227349966,3.8585673069994364,14.888541662644881,1.2642533981042006e-29,8.491452196934725e-31,0.0
0.2,1,spm_to_i2em,differential,2.0276304238487937,1.965567558653205,3.793323002882162,0.015646947331185577,0.0041248655385520945,-0.018488492726422834
0.2,1,risk_spm_to_i2em,common,3.8695599227349975,3.8585673069994364,14.888541662644881,6.414684729297175e-30,4.308470819134368e-31,0.0
0.2,1,risk_spm_to_i2em,differential,2.904706688496027,1.9482615896217481,3.793323002882162,2.6463140976747102e-05,6.976242454607857e-06,-0.0006327483084027641
0.2,1,target_ridge_fixed_alpha1,common,3.3762685944247,3.258295992758584,14.888541662644881,5.216999574566689,0.3504036656361086,0.2869353482038296
0.2,1,target_ridge_fixed_alpha1,differential,2.0535541434237246,2.0442444799095547,3.793323002882162,0.9100469311412943,0.23990757719546735,-0.10165559074867492
0.2,1,two_mean,common,3.8695599227349966,3.8585673069994364,14.888541662644881,3.1554436208840472e-30,2.1193772314188473e-31,0.0
0.2,1,two_mean,differential,2.132764016469683,1.9476455023648842,3.793323002882162,0.0,0.0,0.0
0.2,2,scratch,common,3.897636628705174,3.8917776105324915,15.145932969841995,4.8689957858674374e-30,3.214721599232214e-31,3.3306690738754696e-16
0.2,2,scratch,differential,4.1914821175318036,1.80792585189633,3.2416121484119675,0.007197181269226162,0.0022202475002297815,-0.008324172142655017
0.2,2,spm_only,common,3.8976366287051745,3.8917776105324924,15.145932969841995,4.20029250197148e-30,2.7732147701531112e-31,0.0
0.2,2,spm_only,differential,2.1343653058954843,1.8487939399869768,3.2416121484119675,0.06143813290433776,0.018952956150055048,-0.05442566107331248
0.2,2,spm_to_i2em,common,3.897636628705174,3.8917776105324924,15.145932969841995,4.722716942515197e-30,3.11814198037116e-31,0.0
0.2,2,spm_to_i2em,differential,2.131692154075282,1.8563224718878444,3.2416121484119675,0.0693060223058726,0.02138010938163127,-0.06303066556679959
0.2,2,risk_spm_to_i2em,common,3.897636628705174,3.8917776105324924,15.145932969841995,1.7762430978486358e-30,1.1727525147413654e-31,0.0
0.2,2,risk_spm_to_i2em,differential,3.152773127043078,1.802205050234425,3.2416121484119675,0.00013062574911547613,4.029653861566022e-05,-0.0019530080677909734
0.2,2,target_ridge_fixed_alpha1,common,4.9173732916722095,4.783048357600862,15.145932969841995,24.361884413310076,1.60847697278329,-0.5104749002059634
0.2,2,target_ridge_fixed_alpha1,differential,2.430767680403947,2.414570387849882,3.2416121484119675,3.391790065125904,1.046328157052196,-0.7985341524394458
0.2,2,two_mean,common,3.8976366287051745,3.8917776105324924,15.145932969841995,1.262177448353619e-29,8.333441398868056e-31,0.0
0.2,2,two_mean,differential,2.091709096771731,1.800447763311107,3.2416121484119675,1.232595164407831e-32,3.8024140704546245e-33,0.0
0.2,3,scratch,common,3.8932276570231177,3.844595980805198,14.780918255623483,5.015274629219678e-31,3.3930737877611825e-32,0.0
0.2,3,scratch,differential,4.103938315281259,1.9547186882130396,3.8480233562130803,0.003635646405916021,0.0009448088198440501,0.007042110625451459
0.2,3,spm_only,common,3.8932276570231172,3.844595980805198,14.780918255623483,5.015274629219678e-31,3.3930737877611825e-32,0.0
0.2,3,spm_only,differential,2.026769036286209,1.975804767301753,3.8480233562130803,0.01498393735065987,0.00389393097795692,-0.0144960456617782
0.2,3,spm_to_i2em,common,3.8932276570231177,3.844595980805198,14.780918255623483,5.015274629219678e-31,3.3930737877611825e-32,0.0
0.2,3,spm_to_i2em,differential,2.016799806885336,1.9757936607257722,3.8480233562130803,0.01486109651354559,0.003862007877252259,-0.014484640136363414
0.2,3,risk_spm_to_i2em,common,3.8932276570231172,3.844595980805198,14.780918255623483,0.0,0.0,0.0
0.2,3,risk_spm_to_i2em,differential,3.1245456083250476,1.9620380103146537,3.8480233562130803,2.2677740483452238e-05,5.89334793065546e-06,-0.0004079491107742417
0.2,3,target_ridge_fixed_alpha1,common,4.309840740144094,3.9657021940694874,14.780918255623483,10.11026104475157,0.6840076421439558,-0.0639930226299843
0.2,3,target_ridge_fixed_alpha1,differential,2.6366691220450846,2.4353978511250483,3.8480233562130803,2.1799539213237225,0.5665126532571414,-0.541353090720708
0.2,3,two_mean,common,3.893227657023118,3.844595980805198,14.780918255623483,5.048709793414476e-29,3.4156942796795904e-30,0.0
0.2,3,two_mean,differential,2.0010417103997176,1.9616379268899449,3.8480233562130803,0.0,0.0,0.0
0.2,4,scratch,common,3.828448137951974,3.8278904419614594,14.652745235659895,1.2705362394023184e-29,8.670977478747512e-31,-2.220446049250313e-16
0.2,4,scratch,differential,3.89653001181969,1.8272927507605319,3.28181189015468,0.010961020269847898,0.003339929476985129,-0.017425406678204247
0.2,4,spm_only,common,3.828448137951974,3.8278904419614594,14.652745235659895,1.278895030451018e-29,8.728023383212956e-31,-2.220446049250313e-16
0.2,4,spm_only,differential,1.8867582155251619,1.8866863433850214,3.28181189015468,0.10383370190434221,0.03163913879885671,-0.08464027721825684
0.2,4,spm_to_i2em,common,3.828448137951974,3.8278904419614594,14.652745235659895,1.2872538214997174e-29,8.7850692876784e-31,-2.220446049250313e-16
0.2,4,spm_to_i2em,differential,1.8963119578624847,1.8961518055300255,3.28181189015468,0.10651542514138522,0.03245628595012644,-0.0955508085033221
0.2,4,risk_spm_to_i2em,common,3.828448137951974,3.8278904419614594,14.652745235659895,1.2872538214997174e-29,8.7850692876784e-31,-2.220446049250313e-16
0.2,4,risk_spm_to_i2em,differential,2.905742400931785,1.8142576605496743,3.28181189015468,0.00024508712023305464,7.468042911548567e-05,-0.0029614642867414886
0.2,4,target_ridge_fixed_alpha1,common,7.567492890954877,6.384026549507152,14.652745235659895,35.18316082552815,2.4011310003468886,-1.7814443184084152
0.2,4,target_ridge_fixed_alpha1,differential,6.493832264609862,5.097044720126137,3.28181189015468,18.011666255890244,5.488329879577988,-6.916317494279428
0.2,4,two_mean,common,3.828448137951974,3.8278904419614594,14.652745235659895,1.262177448353619e-29,8.613931574282067e-31,-2.220446049250313e-16
0.2,4,two_mean,differential,1.8538767677284926,1.8115771830520166,3.28181189015468,4.930380657631324e-32,1.5023349365093996e-32,0.0
0.2,5,scratch,common,3.875086956835896,3.8709351694180087,14.984139085837228,1.344672706415947e-29,8.973973737916717e-31,0.0
0.2,5,scratch,differential,3.906832729727089,1.7323161548380686,2.9742641173173103,0.007895344280805395,0.0026545538558044196,-0.008961928713877354
0.2,5,spm_only,common,3.875086956835896,3.8709351694180087,14.984139085837228,6.599620644986243e-31,4.404404288548082e-32,0.0
0.2,5,spm_only,differential,1.8008976311419165,1.7936717002267044,2.9742641173173103,0.08604165326693752,0.02892871980197384,-0.08169888123319025
0.2,5,spm_to_i2em,common,3.875086956835896,3.8709351694180087,14.984139085837228,1.2786764999660844e-29,8.53353330906191e-31,0.0
0.2,5,spm_to_i2em,differential,1.8099095737999633,1.806758851424705,2.9742641173173103,0.10169545611552999,0.03419180412506741,-0.0975412466549479
0.2,5,risk_spm_to_i2em,common,3.875086956835896,3.8709351694180087,14.984139085837228,1.377670809640878e-29,9.19419395234412e-31,0.0
0.2,5,risk_spm_to_i2em,differential,2.898434401741623,1.7271868541694853,2.9742641173173103,0.00021054724773765166,7.078969433540368e-05,-0.002995803851679746
0.2,5,target_ridge_fixed_alpha1,common,3.3261261223060457,3.32607412240298,14.984139085837228,1.477514506345197,0.09860523169740999,0.2617013894261626
0.2,5,target_ridge_fixed_alpha1,differential,3.1291635943401475,3.058363415152461,2.9742641173173103,7.192182279462474,2.4181384018947143,-2.1448406766173997
0.2,5,two_mean,common,3.8750869568358954,3.8709351694180087,14.984139085837228,1.262177448353619e-29,8.423423201848207e-31,0.0
0.2,5,two_mean,differential,1.7267017223358445,1.7246054961402941,2.9742641173173103,0.0,0.0,0.0
0.2,6,scratch,common,4.199332982735598,3.9071180996385264,15.26557184452297,6.0584517520973704e-30,3.968702786768542e-31,1.1102230246251565e-16
0.2,6,scratch,differential,4.148544683628562,2.0019654227834494,4.001373711111254,0.00382753767543825,0.0009565559109886971,-0.0016224035488694444
0.2,6,spm_only,common,4.199332982735598,3.9071180996385264,15.26557184452297,5.048709793414476e-30,3.3072523223071185e-31,0.0
0.2,6,spm_only,differential,2.0922191689914427,2.0186725385158724,4.001373711111254,0.01798319204865614,0.00449425456030746,-0.01840995417206459
0.2,6,spm_to_i2em,common,4.199332982735598,3.9071180996385264,15.26557184452297,4.312439615208198e-30,2.8249446919706636e-31,0.0
0.2,6,spm_to_i2em,differential,2.085896544496299,2.0246654777890067,4.001373711111254,0.024152555657662583,0.006036065961695684,-0.024465744243654886
0.2,6,risk_spm_to_i2em,common,4.199332982735598,3.9071180996385264,15.26557184452297,4.0389678347315805e-30,2.645801857845695e-31,0.0
0.2,6,risk_spm_to_i2em,differential,3.1677144220664823,2.001390923051059,4.001373711111254,6.969390531539649e-05,1.7417494677356995e-05,-0.0010476191584589678
0.2,6,target_ridge_fixed_alpha1,common,3.435861727136511,3.3920835721315115,15.26557184452297,6.349103535110452,0.4159099704730946,0.2462626963789295
0.2,6,target_ridge_fixed_alpha1,differential,1.971192679905394,1.9361117035997961,4.001373711111254,0.6102399685655668,0.15250761678945807,0.0631895945117632
0.2,6,two_mean,common,4.199332982735598,3.9071180996385264,15.26557184452297,3.1554436208840472e-30,2.067032701441949e-31,0.0
0.2,6,two_mean,differential,2.0584756995089024,2.000343398297216,4.001373711111254,4.930380657631324e-32,1.2321720023151917e-32,0.0
0.2,7,scratch,common,3.9774357494161188,3.9288736937959823,15.436048501802086,1.262177448353619e-29,8.176817066921405e-31,0.0
0.2,7,scratch,differential,3.926831804153031,1.920569456590687,3.6655945368502905,0.007993131037394045,0.0021805824285907644,-0.006272516097351355
0.2,7,spm_only,common,3.9774357494161188,3.9288736937959823,15.436048501802086,1.3369116393745567e-29,8.66097070904175e-31,0.0
0.2,7,spm_only,differential,1.9838922682083084,1.9830650417402282,3.6655945368502905,0.09387273930306901,0.025609144262783188,-0.0728265006503599
0.2,7,spm_to_i2em,common,3.9774357494161188,3.9288736937959823,15.436048501802086,1.3535192373792098e-29,8.768560407290719e-31,0.0
0.2,7,spm_to_i2em,differential,1.9999074280595053,1.9961259922198877,3.6655945368502905,0.10889994527221705,0.029708671861397615,-0.08700483284754701
0.2,7,risk_spm_to_i2em,common,3.9774357494161188,3.9288736937959823,15.436048501802086,1.262177448353619e-29,8.176817066921405e-31,0.0
0.2,7,risk_spm_to_i2em,differential,2.959715006314709,1.917152917620267,3.6655945368502905,0.00022103098919304813,6.029881018509261e-05,-0.0026955443626621722
0.2,7,target_ridge_fixed_alpha1,common,3.367761542473007,3.367678485053394,15.436048501802086,2.6526877376012514,0.17185018155984433,0.26527450484704773
0.2,7,target_ridge_fixed_alpha1,differential,1.8616352987567768,1.8512819357397818,3.6655945368502905,0.7784574895756435,0.21236868446572468,0.06502348496477783
0.2,7,two_mean,common,3.9774357494161188,3.9288736937959823,15.436048501802086,1.262177448353619e-29,8.176817066921405e-31,0.0
0.2,7,two_mean,differential,1.9598716976907105,1.9145742442773772,3.6655945368502905,0.0,0.0,0.0
0.2,8,scratch,common,3.9587778355433776,3.946463925476054,15.574577515083865,1.4116458303954948e-30,9.063782494442152e-32,0.0
0.2,8,scratch,differential,3.9429317199285676,1.9918710234973076,3.9375078156342864,0.007284322653199361,0.0018499830335005803,-0.0076297902177207
0.2,8,spm_only,common,3.9587778355433776,3.946463925476054,15.574577515083865,1.5362028154303915e-30,9.863528008657636e-32,0.0
0.2,8,spm_only,differential,2.057399320630772,2.053906638270945,3.9375078156342864,0.09642136369588727,0.024487916776453414,-0.07137120134297414
0.2,8,spm_to_i2em,common,3.9587778355433776,3.9464639254760545,15.574577515083865,1.7022787954769202e-30,1.0929855360944948e-31,-4.440892098500626e-16
0.2,8,spm_to_i2em,differential,2.078055986006865,2.068494832721754,3.9375078156342864,0.11177166961111458,0.028386399429434394,-0.08664441401428769
0.2,8,risk_spm_to_i2em,common,3.9587778355433776,3.946463925476054,15.574577515083865,6.12405176421575e-30,3.932082111559463e-31,-2.220446049250313e-16
0.2,8,risk_spm_to_i2em,differential,2.9914991037012304,1.9870401193612344,3.9375078156342864,0.00022343728619744549,5.674586481079844e-05,-0.002748088593972575
0.2,8,target_ridge_fixed_alpha1,common,3.7708907630294974,3.7439368876605776,15.574577515083865,16.231501364846725,1.0421792404401746,0.10000361774114586
0.2,8,target_ridge_fixed_alpha1,differential,2.139275352345431,2.078468802212527,3.9375078156342864,0.7005763399605245,0.17792379666620925,-0.09714894904275106
0.2,8,two_mean,common,3.9587778355433776,3.946463925476054,15.574577515083865,0.0,0.0,0.0
0.2,8,two_mean,differential,2.0463879494900294,1.9843154526521949,3.9375078156342864,1.9721522630525295e-31,5.008630726323622e-32,2.220446049250313e-16
0.2,9,scratch,common,3.7955487911307353,3.7515992650825036,14.074497045767583,1.5055384596374867e-30,1.0696925472659965e-31,0.0
0.2,9,scratch,differential,3.9785885731229396,1.976685796148669,3.9225610410805984,0.0033051039404778863,0.0008425882748193988,0.003893962190705258
0.2,9,spm_only,common,3.795548791130735,3.7515992650825036,14.074497045767583,1.8148956773712166e-30,1.2894923857453106e-31,0.0
0.2,9,spm_only,differential,1.985715541325287,1.985590423160979,3.9225610410805984,0.0008672725737940722,0.00022109855390680001,-0.005100822462277055
0.2,9,spm_to_i2em,common,3.7955487911307357,3.751599265082504,14.074497045767583,1.4642908306063226e-30,1.0403859021354212e-31,-2.220446049250313e-16
0.2,9,spm_to_i2em,differential,1.9974129895431443,1.9949295230469621,3.9225610410805984,0.007824177042741291,0.0019946603662248847,-0.014577914848210582
0.2,9,risk_spm_to_i2em,common,3.7955487911307353,3.7515992650825036,14.074497045767583,2.371738669291931e-30,1.6851320950080765e-31,0.0
0.2,9,risk_spm_to_i2em,differential,3.0273735496289502,1.9814797705799756,3.9225610410805984,4.1718063526922386e-05,1.0635414743075553e-05,-0.000943526460981392
0.2,9,target_ridge_fixed_alpha1,common,3.1290890498114203,3.114629334231814,14.074497045767583,5.47425576956615,0.3889485891939807,0.31074511166460983
0.2,9,target_ridge_fixed_alpha1,differential,2.047222495357765,2.04488670803755,3.9225610410805984,0.606354034433256,0.1545811596258081,-0.06602844542521114
0.2,9,two_mean,common,3.7955487911307353,3.7515992650825036,14.074497045767583,0.0,0.0,0.0
0.2,9,two_mean,differential,1.9962604594401168,1.980545642261394,3.9225610410805984,1.9721522630525295e-31,5.027715929461317e-32,2.220446049250313e-16
0.2,10,scratch,common,4.077771376679799,3.9340728299589207,15.476929031420992,2.907215389374502e-29,1.8784187634848774e-30,1.1102230246251565e-16
0.2,10,scratch,differential,4.15894143976328,1.905151179004507,3.6333659421092808,0.0064142784451740875,0.0017653818930912313,0.0010362092084872376
0.2,10,spm_only,common,4.077771376679799,3.9340728299589207,15.476929031420992,3.11337103927226e-29,2.0116206729071046e-30,1.1102230246251565e-16
0.2,10,spm_only,differential,2.1197457774166946,1.9743574036448146,3.6333659421092808,0.07184434794473624,0.019773496281254944,-0.07285839616367795
0.2,10,spm_to_i2em,common,4.077771376679799,3.9340728299589203,15.476929031420992,3.031329505129275e-29,1.958611749769688e-30,3.3306690738754696e-16
0.2,10,spm_to_i2em,differential,2.123860672319273,1.9884560106079932,3.6333659421092808,0.08085917777082172,0.022254619837131097,-0.08823536333025173
0.2,10,risk_spm_to_i2em,common,4.0777713766798,3.9340728299589207,15.476929031420992,3.420500885038307e-29,2.2100643338830757e-30,1.1102230246251565e-16
0.2,10,risk_spm_to_i2em,differential,3.1482324893941844,1.908918314020387,3.6333659421092808,0.000141671338070376,3.89917614486504e-05,-0.002918282293084884
0.2,10,target_ridge_fixed_alpha1,common,3.838770460080176,3.828321253802049,15.476929031420992,16.07544454661896,1.038671464731981,0.05303929529184703
0.2,10,target_ridge_fixed_alpha1,differential,2.497175987986398,2.3723582993254437,3.6333659421092808,4.052156012958764,1.1152622877855134,-0.5490000154267523
0.2,10,two_mean,common,4.0777713766798,3.9340728299589207,15.476929031420992,5.048709793414476e-29,3.2620875776871966e-30,0.0
0.2,10,two_mean,differential,2.022997107505176,1.906139014371533,3.6333659421092808,4.930380657631324e-32,1.3569733234107122e-32,2.220446049250313e-16
0.2,11,scratch,common,3.8704415624653845,3.868284953358114,14.963628480376787,9.756963827733568e-31,6.520453137772561e-32,2.220446049250313e-16
0.2,11,scratch,differential,3.866535982085704,1.928441979256114,3.721412487661814,0.003225411533780466,0.0008667170179264411,0.0006782425525103664
0.2,11,spm_only,common,3.870441562465385,3.868284953358114,14.963628480376787,7.888609052210118e-31,5.271855728411857e-32,2.220446049250313e-16
0.2,11,spm_only,differential,1.968620393748405,1.9480343545447292,3.721412487661814,0.018758238439555333,0.005040623285311016,-0.01973050799074927
0.2,11,spm_to_i2em,common,3.870441562465385,3.8682849533581143,14.963628480376787,1.1002533678082532e-30,7.352851410679696e-32,0.0
0.2,11,spm_to_i2em,differential,1.9850603675980854,1.949270785148075,3.721412487661814,0.01975991500777327,0.005309788977514972,-0.02102537851673092
0.2,11,risk_spm_to_i2em,common,3.870441562465385,3.8682849533581143,14.963628480376787,3.321519600930576e-31,2.219728727752361e-32,0.0
0.2,11,risk_spm_to_i2em,differential,2.9221536529423897,1.9297576981580677,3.721412487661814,3.2698681988540976e-05,8.78663198367611e-06,-0.0006858379572196593
0.2,11,target_ridge_fixed_alpha1,common,3.3781874333181077,3.3325862909769635,14.963628480376787,4.310911234069951,0.288092640078792,0.257791557617719
0.2,11,target_ridge_fixed_alpha1,differential,2.1617830004602445,2.0462463375749125,3.721412487661814,1.033854356603723,0.2778123521731126,-0.12514376944801886
0.2,11,two_mean,common,3.870441562465385,3.8682849533581134,14.963628480376787,3.1554436208840472e-30,2.108742291364743e-31,3.3306690738754696e-16
0.2,11,two_mean,differential,2.047128613028234,1.929096287815052,3.721412487661814,0.0,0.0,0.0
0.2,12,scratch,common,3.9511436316552735,3.8050272469759228,14.478232350229169,4.952583696354432e-30,3.420710192067086e-31,0.0
0.2,12,scratch,differential,3.758442720808957,1.8830258600383862,3.531377948616876,0.00588851283487944,0.00166748303935742,-0.004080118629633311
0.2,12,spm_only,common,3.9511436316552735,3.8050272469759228,14.478232350229169,4.388365300567218e-30,3.0310090309455195e-31,0.0
0.2,12,spm_only,differential,1.9746644759391219,1.9102242721360474,3.531377948616876,0.030625595869615333,0.008672420883641289,-0.03329545094057895
0.2,12,spm_to_i2em,common,3.9511436316552735,3.8050272469759228,14.478232350229169,4.51374716629771e-30,3.117609288972534e-31,0.0
0.2,12,spm_to_i2em,differential,2.0163418251339054,1.9273157007917359,3.531377948616876,0.04933021515328496,0.013969112304336036,-0.05186866559361203
0.2,12,risk_spm_to_i2em,common,3.951143631655274,3.8050272469759228,14.478232350229169,5.0152746292196774e-30,3.4640103210805934e-31,0.0
0.2,12,risk_spm_to_i2em,differential,2.818493176938088,1.8812479085397535,3.531377948616876,0.0001373343159325866,3.888972461482801e-05,-0.002184910502525561
0.2,12,target_ridge_fixed_alpha1,common,3.309321496611587,3.0619876590880617,14.478232350229169,4.230509659479489,0.2921979394406201,0.35242312751948734
0.2,12,target_ridge_fixed_alpha1,differential,2.210817511053481,1.9034971833644794,3.531377948616876,1.034126636192833,0.29283941034911487,-0.026030512677249318
0.2,12,two_mean,common,3.9511436316552744,3.8050272469759228,14.478232350229169,1.262177448353619e-29,8.717759308052827e-31,0.0
0.2,12,two_mean,differential,2.1858406016993106,1.8791960910498073,3.531377948616876,0.0,0.0,0.0
0.2,13,scratch,common,4.070057412908603,3.8476270614589057,14.804234004070894,1.943088966544387e-29,1.3125224621618877e-30,0.0
0.2,13,scratch,differential,4.214410917840796,1.8773806219614217,3.516721338526253,0.00727906970952795,0.002069845463666558,-0.002228399817793214
0.2,13,spm_only,common,4.070057412908603,3.847627061458906,14.804234004070894,6.892153171930945e-30,4.655528391428917e-31,-2.220446049250313e-16
0.2,13,spm_only,differential,2.1881671837067755,1.9213557849257767,3.516721338526253,0.05749700932834831,0.016349606293356043,-0.04973004594523389
0.2,13,spm_to_i2em,common,4.070057412908603,3.8476270614589057,14.804234004070894,7.141267142000738e-30,4.823800501962493e-31,0.0
0.2,13,spm_to_i2em,differential,2.1861798301949604,1.9315850853563545,3.516721338526253,0.06854867000343828,0.01949220976154024,-0.06093732849889921
0.2,13,risk_spm_to_i2em,common,4.070057412908604,3.847627061458906,14.804234004070894,1.9098737705350812e-30,1.2900861807574108e-31,-2.220446049250313e-16
0.2,13,risk_spm_to_i2em,differential,3.188455809637104,1.8771805183953416,3.516721338526253,0.00014226008070282147,4.0452474622978857e-05,-0.0020147630234814695
0.2,13,target_ridge_fixed_alpha1,common,4.269338698318337,3.8856517599169615,14.804234004070894,17.670150797234438,1.1935876447491622,-0.019862938885863768
0.2,13,target_ridge_fixed_alpha1,differential,2.1257652848903192,1.9325653349412815,3.516721338526253,1.4527450787621305,0.4130964437946995,-0.06201442033557547
0.2,13,two_mean,common,4.070057412908603,3.8476270614589057,14.804234004070894,1.262177448353619e-29,8.52578693370115e-31,0.0
0.2,13,two_mean,differential,2.147919916221621,1.8752923341511991,3.516721338526253,0.0,0.0,0.0
0.2,14,scratch,common,3.9467788290375867,3.9371517576331123,15.501163962633507,1.3123301946458156e-29,8.466010667387733e-31,0.0
0.2,14,scratch,differential,3.939414518824894,1.9643743221112058,3.876533792291014,0.003969297243930321,0.0010239294835566195,0.00458329937855495
0.2,14,spm_only,common,3.9467788290375867,3.9371517576331123,15.501163962633507,1.278895030451018e-29,8.25031612809123e-31,0.0
0.2,14,spm_only,differential,1.9933176663450622,1.988498559152948,3.876533792291014,0.017012814638918572,0.004388666667307465,-0.02001600698454875
0.2,14,spm_to_i2em,common,3.946778829037587,3.9371517576331123,15.501163962633507,1.3123301946458156e-29,8.466010667387733e-31,0.0
0.2,14,spm_to_i2em,differential,2.0037920415720056,1.991594716555246,3.876533792291014,0.017885343939599684,0.004613746428618007,-0.023194876541142273
0.2,14,risk_spm_to_i2em,common,3.9467788290375867,3.9371517576331123,15.501163962633507,1.262177448353619e-29,8.142468858442979e-31,0.0
0.2,14,risk_spm_to_i2em,differential,2.9859471609059582,1.9697116061134166,3.876533792291014,2.9325764656005128e-05,7.564944929494278e-06,-0.0008332234774539593
0.2,14,target_ridge_fixed_alpha1,common,3.6807896814144234,3.4898134959691274,15.501163962633507,5.695864606493617,0.36744754266349566,0.21433008088902283
0.2,14,target_ridge_fixed_alpha1,differential,2.3517161486380886,2.310874258955036,3.876533792291014,1.7697842203554321,0.4565378028884659,-0.37755534372499056
0.2,14,two_mean,common,3.946778829037587,3.9371517576331123,15.501163962633507,0.0,0.0,0.0
0.2,14,two_mean,differential,2.0179618702904625,1.96889151359109,3.876533792291014,1.9721522630525295e-31,5.087411509153894e-32,0.0
0.2,15,scratch,common,3.9214291608540988,3.896761245765685,15.184748206501332,1.0657458587091815e-30,7.018528356320611e-32,0.0
0.2,15,scratch,differential,3.8989920885580482,1.9621160095885397,3.8329943392377257,0.0073238511758825535,0.001910738844800658,-0.004410362852059535
0.2,15,spm_only,common,3.9214291608540988,3.896761245765685,15.184748206501332,1.4523399447115316e-29,9.564465113025146e-31,0.0
0.2,15,spm_only,differential,2.0413256663704438,2.031097380954088,3.8329943392377257,0.09868156224902087,0.025745292978607906,-0.07627515352369985
0.2,15,spm_to_i2em,common,3.9214291608540988,3.896761245765685,15.184748206501332,1.2538186573049194e-29,8.257092183906602e-31,0.0
0.2,15,spm_to_i2em,differential,2.0676417186718226,2.048343399988317,3.8329943392377257,0.11582808135634008,0.030218693560443665,-0.09463002366711226
0.2,15,risk_spm_to_i2em,common,3.9214291608540988,3.896761245765685,15.184748206501332,2.4449463817445928e-30,1.6101329758617873e-31,0.0
0.2,15,risk_spm_to_i2em,differential,2.94848681355551,1.9608000890009725,3.8329943392377257,0.00023853500889918836,6.223202744062133e-05,-0.003063570866329801
0.2,15,target_ridge_fixed_alpha1,common,4.473285501230877,3.6763115710126573,15.184748206501332,9.076168851457268,0.5977161246290088,0.10994462447688103
0.2,15,target_ridge_fixed_alpha1,differential,3.2314839868132985,3.0254548351170634,3.8329943392377257,3.284387036517419,0.8568723942260219,-1.3880486505371583
0.2,15,two_mean,common,3.9214291608540988,3.896761245765685,15.184748206501332,2.8398992587956425e-29,1.8702313796548453e-30,0.0
0.2,15,two_mean,differential,2.0620647265765766,1.9578034475497597,3.8329943392377257,1.9721522630525295e-31,5.145200040772132e-32,2.220446049250313e-16
0.2,16,scratch,common,4.01949060958567,3.946419244866711,15.574224856254345,3.238481610907312e-30,2.0793854209744457e-31,2.220446049250313e-16
0.2,16,scratch,differential,4.215609962121499,1.831749745418739,3.3411055574407826,0.008000613704158376,0.002394600699262755,-0.0042505608268512685
0.2,16,spm_only,common,4.01949060958567,3.9464192448667115,15.574224856254345,5.314431361488921e-30,3.4123247933939617e-31,0.0
0.2,16,spm_only,differential,2.180395733028128,1.8730772202689028,3.3411055574407826,0.058243484122399825,0.017432398683929377,-0.05007705167437293
0.2,16,spm_to_i2em,common,4.019490609585669,3.946419244866711,15.574224856254345,5.646583321581979e-30,3.6255950929810846e-31,2.220446049250313e-16
0.2,16,spm_to_i2em,differential,2.183246239862869,1.882759457377364,3.3411055574407826,0.06981188655822461,0.02089484613940155,-0.06096114396910468
0.2,16,risk_spm_to_i2em,common,4.01949060958567,3.9464192448667115,15.574224856254345,1.9596965645490398e-29,1.2582947675640234e-30,0.0
0.2,16,risk_spm_to_i2em,differential,3.1758899620029277,1.8296016161822928,3.3411055574407826,0.00014478201757614172,4.3333565817370266e-05,-0.0018965328652855717
0.2,16,target_ridge_fixed_alpha1,common,3.636473928709975,3.6131151242143695,15.574224856254345,12.997712779408456,0.8345656300312625,0.1617816603190937
0.2,16,target_ridge_fixed_alpha1,differential,2.7402909322741147,2.7394985605103463,3.3411055574407826,6.263385431166639,1.8746445820060418,-1.2462182753623687
0.2,16,two_mean,common,4.019490609585669,3.946419244866712,15.574224856254345,1.262177448353619e-29,8.10427138431066e-31,-2.220446049250313e-16
0.2,16,two_mean,differential,2.14810539096827,1.8278691302827954,3.3411055574407826,0.0,0.0,0.0
0.2,17,scratch,common,3.8423238462710247,3.842150763881744,14.762122492397069,5.812659301628508e-31,3.937549837174295e-32,0.0
0.2,17,scratch,differential,3.9831339520418285,1.9768215957101958,3.9182527310010187,0.004466503440201768,0.0011399222426014069,0.0026616735700326632
0.2,17,spm_only,common,3.842323846271025,3.842150763881744,14.762122492397069,1.660759800465288e-31,1.1250142391926557e-32,0.0
0.2,17,spm_only,differential,2.001332487281533,2.0013301477099605,3.9182527310010187,0.019097300096128728,0.004873932695824302,-0.022221544935798532
0.2,17,spm_to_i2em,common,3.842323846271025,3.842150763881744,14.762122492397069,4.15189950116322e-31,2.8125355979816393e-32,0.0
0.2,17,spm_to_i2em,differential,2.0145008130620337,2.0132514029629394,3.9182527310010187,0.033204728113883954,0.008474371204075177,-0.0344358799175144
0.2,17,risk_spm_to_i2em,common,3.842323846271025,3.842150763881744,14.762122492397069,8.30379900232644e-32,5.6250711959632786e-33,0.0
0.2,17,risk_spm_to_i2em,differential,3.0279493728607725,1.980929935286463,3.9182527310010187,0.00010411016547781672,2.6570559028544106e-05,-0.0014880810180721848
0.2,17,target_ridge_fixed_alpha1,common,3.8188920541284093,3.6400510310620127,14.762122492397069,10.216305447065725,0.6920620969191541,0.10243452352060145
0.2,17,target_ridge_fixed_alpha1,differential,1.958233983955293,1.950708924040829,3.9182527310010187,0.6749015168074881,0.17224552961265138,0.028836175822590127
0.2,17,two_mean,common,3.842323846271025,3.842150763881744,14.762122492397069,0.0,0.0,0.0
0.2,17,two_mean,differential,1.9943791915827849,1.9794576860850093,3.9182527310010187,4.930380657631324e-32,1.258311037116723e-32,0.0
0.2,18,scratch,common,3.8650665110942377,3.827100304397064,14.646696739916104,1.2877621263607867e-29,8.792167607671537e-31,2.220446049250313e-16
0.2,18,scratch,differential,4.0057828672016935,1.9681130431619924,3.925074136128202,0.0025066538112767938,0.0006386258512175324,0.01314756961883734
0.2,18,spm_only,common,3.865066511094238,3.8271003043970646,14.646696739916104,1.2707056743560083e-29,8.67571505657655e-31,0.0
0.2,18,spm_only,differential,1.988524591145327,1.9867478876650648,3.925074136128202,0.0004627909089349394,0.00011790628479477555,-0.005628691904196348
0.2,18,spm_to_i2em,common,3.8650665110942386,3.827100304397064,14.646696739916104,1.3304032563727333e-29,9.083298985409006e-31,2.220446049250313e-16
0.2,18,spm_to_i2em,differential,1.986972503385256,1.986897417796638,3.925074136128202,0.0004996912383267388,0.00012730746503036695,-0.0057800724093137745
0.2,18,risk_spm_to_i2em,common,3.865066511094238,3.8271003043970646,14.646696739916104,1.262177448353619e-29,8.617488781029058e-31,0.0
0.2,18,risk_spm_to_i2em,differential,3.0474507879908432,1.981468620409742,3.925074136128202,2.3439960288649277e-06,5.971851607310297e-07,-0.00029139769100328117
0.2,18,target_ridge_fixed_alpha1,common,3.862400706727486,3.509100699197306,14.646696739916104,3.5263036294350165,0.24075760507998442,0.15927885066748815
0.2,18,target_ridge_fixed_alpha1,differential,2.3689337365235694,2.2159059328787065,3.925074136128202,1.060066654179988,0.2700755749866335,-0.2509927030857666
0.2,18,two_mean,common,3.8650665110942386,3.8271003043970646,14.646696739916104,1.262177448353619e-29,8.617488781029058e-31,0.0
0.2,18,two_mean,differential,1.98467109457364,1.9811799857984136,3.925074136128202,0.0,0.0,0.0
0.2,19,scratch,common,3.9541286511796314,3.9541147000210684,15.635023060922702,1.6466818365937942e-29,1.0532007725076008e-30,0.0
0.2,19,scratch,differential,3.9296672883817894,1.8181807773300636,3.321444702914093,0.004122301067484276,0.0012411168741925903,0.004715828581399184
0.2,19,spm_only,common,3.954128651179632,3.9541147000210684,15.635023060922702,1.7553461202268872e-29,1.1227013310994728e-30,0.0
0.2,19,spm_only,differential,1.8399606371163464,1.8387381258056004,3.321444702914093,0.01566560633944662,0.004716503732758907,-0.017917863369751208
0.2,19,spm_to_i2em,common,3.954128651179632,3.9541147000210684,15.635023060922702,1.696834582885991e-29,1.0852779533961571e-30,0.0
0.2,19,spm_to_i2em,differential,1.83957812634928,1.8395707066838891,3.321444702914093,0.01676395339604495,0.005047187262017933,-0.01883989877069725
0.2,19,risk_spm_to_i2em,common,3.954128651179632,3.9541147000210684,15.635023060922702,5.0152746292196774e-30,3.2077180888556367e-31,0.0
0.2,19,risk_spm_to_i2em,differential,2.942537650808906,1.823009415807845,3.321444702914093,2.7779571428726592e-05,8.363701314778472e-06,-0.0005776483974830882
0.2,19,target_ridge_fixed_alpha1,common,3.765131601559067,3.4673232274364447,15.635023060922702,7.6346929061932896,0.4883071087547681,0.23106411057568443
0.2,19,target_ridge_fixed_alpha1,differential,1.8739811979578398,1.8405190459819214,3.321444702914093,0.17856155658396644,0.053760207546825686,-0.019890638447223052
0.2,19,two_mean,common,3.954128651179632,3.9541147000210684,15.635023060922702,5.048709793414476e-29,3.2291028761146744e-30,0.0
0.2,19,two_mean,differential,1.8284881582131185,1.8224831145758509,3.321444702914093,4.437342591868191e-31,1.3359676251647534e-31,-2.220446049250313e-16
0.2,20,scratch,common,3.959494381568387,3.9007943857892795,15.216196840205162,4.066075001407631e-30,2.6722018938819193e-31,0.0
0.2,20,scratch,differential,4.193295451137926,1.6605139297564526,2.7564270522010497,0.005544286599505313,0.00201140334734348,-0.00031905749635763314
0.2,20,spm_only,common,3.9594943815683865,3.9007943857892795,15.216196840205162,6.183822397974106e-30,4.063973713612086e-31,0.0
0.2,20,spm_only,differential,2.0877652427691293,1.6812722219611487,2.7564270522010497,0.013462141947950331,0.004883910110082762,-0.025485612645193445
0.2,20,spm_to_i2em,common,3.9594943815683865,3.9007943857892795,15.216196840205162,5.675563022798152e-30,3.7299484768768462e-31,0.0
0.2,20,spm_to_i2em,differential,2.0904464303481363,1.6930661493700714,2.7564270522010497,0.022472740091139715,0.008152851378089214,-0.039923397883458556
0.2,20,risk_spm_to_i2em,common,3.9594943815683874,3.9007943857892795,15.216196840205162,1.6179590109767867e-29,1.0633136702738472e-30,0.0
0.2,20,risk_spm_to_i2em,differential,3.1269056399106585,1.6617797088932948,2.7564270522010497,6.577928515465791e-05,2.3863967342118536e-05,-0.0018446882838325518
0.2,20,target_ridge_fixed_alpha1,common,4.123327864531212,4.010174848766219,15.216196840205162,14.791478488083401,0.9720877459340205,-0.05686739508952998
0.2,20,target_ridge_fixed_alpha1,differential,2.4481542850500873,2.111338531918242,2.7564270522010497,2.4564428132310776,0.8911691717978062,-0.6172205220533931
0.2,20,two_mean,common,3.959494381568386,3.9007943857892795,15.216196840205162,1.262177448353619e-29,8.294960045591791e-31,0.0
0.2,20,two_mean,differential,2.095785015900619,1.6602490934197343,2.7564270522010497,0.0,0.0,0.0
