request_id,scenario,correlation_model,soil_moisture_m3_m3,soil_real_dielectric,pals_rms_height_cm,pals_correlation_length_cm,spm_k_rms_height,spm_rms_slope_proxy,spm_valid,spm_hh_db,spm_vv_db,frequency_ghz,incidence_angle_deg,rms_height_m,correlation_length_m,dielectric_real,dielectric_loss_positive,i2em_k_rms_height,i2em_rms_to_correlation_ratio,i2em_ks_within_reference_limit,i2em_slope_within_reference_limit,i2em_request_valid,i2em_validity_reason,i2em_hh_db,i2em_vv_db,i2em_validity_utilization,teacher_delta_hh_db,teacher_absolute_delta_hh_db,teacher_delta_vv_db,teacher_absolute_delta_vv_db,teacher_delta_common_db,teacher_delta_differential_db,teacher_joint_absolute_delta_db,validity_stratum,split
train_00000,multifidelity_train,exponential,0.2399191670207833,15.351848978566624,0.6644604818645009,12.561607026652611,0.1754683803431155,0.0528961366531113,True,-23.02992155111208,-17.59367746218674,1.26,40.0,0.006644604818645,0.1256160702665261,15.351848978566624,0.7675924489283312,0.17546838034311535,0.05289613665311133,True,True,True,valid,-22.918043502304,-17.7535448502936,0.21158454661244533,0.11187804880808017,0.11187804880808017,-0.15986738810686063,0.15986738810686063,-0.023994669649390232,-0.2717454369149408,0.1379751419372576,interior_le_0.4,train
train_00001,multifidelity_train,exponential,0.1740461772001523,9.004363165526136,0.5124221067403181,17.646969761146046,0.1353186225152608,0.0290373992632171,True,-27.75047340523791,-22.92741649071104,1.26,40.0,0.0051242210674031,0.1764696976114604,9.004363165526136,0.4502181582763068,0.13531862251525867,0.02903739926321673,True,True,True,valid,-27.71883766948,-23.0205337268368,0.13531862251525867,0.031635735757909345,0.031635735757909345,-0.09311723612576017,0.09311723612576017,-0.030740750183925414,-0.12475297188366952,0.0695400583859578,interior_le_0.4,train
train_00002,multifidelity_train,exponential,0.327971467506469,19.14631143022289,0.7695954769348404,14.09367512064122,0.2032320590055523,0.0546057341571405,True,-21.802265163143858,-16.1511789724673,1.26,40.0,0.0076959547693484,0.1409367512064122,19.14631143022289,0.9573155715111448,0.20323205900555227,0.05460573415714053,True,True,True,valid,-21.580970298539,-16.3468664252198,0.21842293662856213,0.22129486460485737,0.22129486460485737,-0.19568745275250166,0.19568745275250166,0.012803705926177855,-0.416982317357359,0.20888393459675725,interior_le_0.4,train
train_00003,multifidelity_train,exponential,0.4196674185939001,29.745705910868686,0.7492903057056661,15.187076017395148,0.1978699410084441,0.0493373645359669,True,-21.688115294155217,-15.666470995586575,1.26,40.0,0.0074929030570566,0.1518707601739514,29.745705910868686,1.4872852955434344,0.19786994100844255,0.04933736453596661,True,True,True,valid,-21.4323277758714,-15.8585575995414,0.19786994100844255,0.2557875182838174,0.2557875182838174,-0.19208660395482546,0.19208660395482546,0.03185045716449597,-0.44787412223864287,0.2261907579109856,interior_le_0.4,train
train_00004,multifidelity_train,exponential,0.1365447867900982,8.95023817945994,0.4903876842199153,12.109596632549952,0.129499849936639,0.0404957901654444,True,-26.70769057527333,-21.89240708697452,1.26,40.0,0.0049038768421991,0.1210959663254995,8.95023817945994,0.4475119089729971,0.12949984993663768,0.040495790165443996,True,True,True,valid,-26.7118974976623,-21.9955665582611,0.16198316066177598,-0.004206922388970469,0.004206922388970469,-0.1031594712865811,0.1031594712865811,-0.05368319683777578,-0.09895254889761063,0.07300539265052196,interior_le_0.4,train
train_00005,multifidelity_train,exponential,0.1633507180052512,7.694367855699599,1.0176689081251804,5.7683456585784025,0.2687424157012345,0.1764230107486282,True,-18.687508271283967,-14.073935169383152,1.26,40.0,0.0101766890812518,0.057683456585784,7.694367855699599,0.38471839278498,0.2687424157012344,0.1764230107486282,True,True,True,valid,-18.7965682472065,-14.5736935971474,0.7056920429945128,-0.10905997592253414,0.10905997592253414,-0.49975842776424884,0.49975842776424884,-0.3044092018433915,-0.3906984518417147,0.36169915984808265,nearer_boundary_gt_0.7,train
train_00006,multifidelity_train,exponential,0.3875944660075432,31.089116065785145,0.4871410468948467,13.47775488964052,0.1286424894034848,0.0361440796990068,True,-24.917422241494908,-18.862493008670683,1.26,40.0,0.0048714104689484,0.1347775488964052,31.089116065785145,1.5544558032892573,0.12864248940348302,0.03614407969900638,True,True,True,valid,-24.8690853473098,-18.967107797861,0.14457631879602553,0.048336894185109,0.048336894185109,-0.10461478919031819,0.10461478919031819,-0.028138947502604594,-0.1529516833754272,0.08148837173731335,interior_le_0.4,train
train_00007,multifidelity_train,exponential,0.3328260385977054,26.480503042085,0.8926811490256787,13.60172616402429,0.2357360891393226,0.0656299897719426,True,-19.898816542432023,-13.968008717947214,1.26,40.0,0.0089268114902567,0.1360172616402429,26.480503042085,1.32402515210425,0.2357360891393203,0.065629989771942,True,True,True,valid,-19.5559937420924,-14.2335756473884,0.262519959087768,0.3428228003396221,0.3428228003396221,-0.26556692944118687,0.26556692944118687,0.03862793544921761,-0.608389729780809,0.30663762525619775,interior_le_0.4,train
train_00008,multifidelity_train,exponential,0.0888830157189945,5.367086977002037,1.0023396099656732,10.00384272204484,0.2646943087132948,0.1001954586667861,True,-21.402830356034364,-17.326394096850596,1.26,40.0,0.0100233960996567,0.1000384272204484,5.367086977002037,0.2683543488501018,0.264694308713294,0.10019545866678584,True,True,True,valid,-21.3351868176471,-17.6256077889341,0.40078183466714334,0.06764353838726578,0.06764353838726578,-0.2992136920835051,0.2992136920835051,-0.11578507684811967,-0.3668572304707709,0.2169152850951174,middle_0.4_to_0.7,train
train_00009,multifidelity_train,exponential,0.327017943613715,20.664533947128007,0.6595869271861698,14.124708085594566,0.1741813892138301,0.0466973846956076,True,-23.029425288673323,-17.30884955495098,1.26,40.0,0.0065958692718616,0.1412470808559456,20.664533947128007,1.0332266973564004,0.1741813892138275,0.04669738469560701,True,True,True,valid,-22.8814613062285,-17.4640912331599,0.18678953878242804,0.1479639824448249,0.1479639824448249,-0.15524167820891677,0.15524167820891677,-0.003638847882045937,-0.30320566065374166,0.1516464947732939,interior_le_0.4,train
train_00010,multifidelity_train,exponential,0.2493759424597013,16.803755949688362,0.9026319787103608,11.858362248150016,0.2383638691435478,0.0761177605997976,True,-19.998306621147663,-14.471631785311398,1.26,40.0,0.0090263197871036,0.1185836224815001,16.803755949688362,0.8401877974844182,0.2383638691435476,0.0761177605997976,True,True,True,valid,-19.7411543640589,-14.7446356393042,0.3044710423991904,0.2571522570887623,0.2571522570887623,-0.273003853992801,0.273003853992801,-0.00792579845201935,-0.5301561110815634,0.26519651922750376,interior_le_0.4,train
train_00011,multifidelity_train,exponential,0.3012775909623121,25.632911853588787,0.7709974259185024,10.388766759168252,0.2036022807481556,0.0742145284220655,True,-20.25094791682748,-14.346412397604842,1.26,40.0,0.007709974259185,0.1038876675916825,25.632911853588787,1.2816455926794394,0.20360228074815495,0.07421452842206537,True,True,True,valid,-20.0825856742778,-14.580357004717,0.2968581136882615,0.16836224254968002,0.16836224254968002,-0.23394460711215714,0.23394460711215714,-0.03279118228123856,-0.40230684966183716,0.20380864053471684,interior_le_0.4,train
train_00012,multifidelity_train,exponential,0.1849062413464389,11.869569774862288,0.8665596653351094,14.07995666315537,0.2288380198629047,0.0615456202079609,True,-21.660268932770038,-16.501957064193242,1.26,40.0,0.008665596653351,0.1407995666315536,11.869569774862288,0.5934784887431145,0.22883801986290225,0.06154562020796031,True,True,True,valid,-21.4233283255439,-16.7196072181426,0.24618248083184124,0.2369406072261384,0.2369406072261384,-0.21765015394935716,0.21765015394935716,0.009645226638390625,-0.4545907611754956,0.22749993501852925,interior_le_0.4,train
train_00013,multifidelity_train,exponential,0.2941917112735979,17.142351011413503,1.1176856099672487,8.076585254234018,0.2951544735413678,0.1383859112217406,True,-16.863017730955235,-11.316858661256823,1.26,40.0,0.0111768560996724,0.0807658525423401,17.142351011413503,0.8571175505706752,0.2951544735413655,0.13838591122173974,True,True,True,valid,-16.6747270749715,-11.8230464568046,0.553543644886959,0.18829065598373518,0.18829065598373518,-0.5061877955477758,0.5061877955477758,-0.15894856978202032,-0.694478451531511,0.38188968007285967,middle_0.4_to_0.7,train
train_00014,multifidelity_train,exponential,0.1589756759444858,11.217038948267986,0.9127988399082766,6.460511809457231,0.2410486979877939,0.1412889360517961,True,-18.900032317673343,-13.807103196407386,1.26,40.0,0.0091279883990827,0.0646051180945723,11.217038948267986,0.5608519474133993,0.24104869798779224,0.14128893605179516,True,True,True,valid,-18.9242503706724,-14.1959168763433,0.5651557442071806,-0.024218052999056994,0.024218052999056994,-0.38881367993591454,0.38881367993591454,-0.20651586646748576,-0.36459562693685754,0.2754655983933138,middle_0.4_to_0.7,train
train_00015,multifidelity_train,exponential,0.1656645015038236,12.171469544986476,1.025533127719653,12.6258122526108,0.2708191710727994,0.0812251209824216,True,-19.736597005149477,-14.54975447561096,1.26,40.0,0.0102553312771965,0.126258122526108,12.171469544986476,0.6085734772493239,0.2708191710727986,0.08122512098242135,True,True,True,valid,-19.4220068608183,-14.858809186198,0.3249004839296854,0.31459014433117716,0.31459014433117716,-0.3090547105870396,0.3090547105870396,0.0027677168720687817,-0.6236448549182168,0.3118347102603795,interior_le_0.4,train
train_00016,multifidelity_train,exponential,0.3236930316532467,28.794655711549968,0.7535702875063748,16.01116944601049,0.1990001835058776,0.0470652871451649,True,-21.88603263062458,-15.889298885124523,1.26,40.0,0.0075357028750637,0.1601116944601049,28.794655711549968,1.4397327855774984,0.19900018350587634,0.04706528714516462,True,True,True,valid,-21.6193025381678,-16.078854398282,0.19900018350587634,0.26673009245677903,0.26673009245677903,-0.18955551315747776,0.18955551315747776,0.038587289649650636,-0.4562856056142568,0.23138305338809562,interior_le_0.4,train
train_00017,multifidelity_train,exponential,0.2324442332860034,14.15184496544418,0.4014251314558233,11.767317796495613,0.1060069327944463,0.0341135625295486,True,-27.32406317817734,-21.97239452675528,1.26,40.0,0.0040142513145582,0.1176731779649561,14.15184496544418,0.707592248272209,0.10600693279444545,0.034113562529548336,True,True,True,valid,-27.3476303288755,-22.0574120259423,0.13645425011819334,-0.023567150698159622,0.023567150698159622,-0.08501749918701762,0.08501749918701762,-0.05429232494258862,-0.061450348488858,0.062383434339752034,interior_le_0.4,train
train_00018,multifidelity_train,exponential,0.3802499890800392,31.724055179920867,0.9469168307762086,16.746768751484943,0.2500584566740571,0.0565432558858403,True,-19.95700836778032,-13.8870642554403,1.26,40.0,0.009469168307762,0.1674676875148494,31.724055179920867,1.5862027589960437,0.2500584566740548,0.05654325588583987,True,True,True,valid,-19.48601043818,-14.1637242853948,0.2500584566740548,0.47099792960031905,0.47099792960031905,-0.276660029954499,0.276660029954499,0.09716894982291002,-0.7476579595548181,0.38625109829113197,interior_le_0.4,train
train_00019,multifidelity_train,exponential,0.4414838857401975,34.01216423728963,0.8747749956368152,5.212301902919465,0.2310074953115861,0.1678289193392356,True,-17.099455354365524,-10.978824083884582,1.26,40.0,0.0087477499563681,0.0521230190291946,34.01216423728963,1.7006082118644816,0.23100749531158477,0.1678289193392348,True,True,True,valid,-17.1581991969542,-11.3859794981783,0.6713156773569392,-0.05874384258867593,0.05874384258867593,-0.40715541429371704,0.40715541429371704,-0.2329496284411965,-0.3484115717050411,0.2908834564140521,middle_0.4_to_0.7,train
train_00020,multifidelity_train,exponential,0.203769775037658,11.801081887939,0.7562354482362238,7.95308780814073,0.1997039897507703,0.0950870236164306,True,-20.933226309271507,-15.781532099579472,1.26,40.0,0.0075623544823622,0.0795308780814073,11.801081887939,0.59005409439695,0.19970398975076933,0.09508702361643012,True,True,True,valid,-20.9073174629722,-16.029017549712,0.3803480944657205,0.02590884629930912,0.02590884629930912,-0.24748545013252965,0.24748545013252965,-0.11078830191661027,-0.27339429643183877,0.1759549890509815,interior_le_0.4,train
train_00021,multifidelity_train,exponential,0.460764762692078,33.777033698006456,0.4167303673687962,5.693751741752359,0.1100486855091943,0.0731908214952378,True,-23.67163993010928,-17.555986511718746,1.26,40.0,0.0041673036736879,0.0569375174175235,33.777033698006456,1.6888516849003228,0.11004868550919275,0.07319082149523683,True,True,True,valid,-23.7431573550343,-17.6615394619935,0.2927632859809473,-0.07151742492501967,0.07151742492501967,-0.10555295027475253,0.10555295027475253,-0.0885351875998861,-0.034035525349732865,0.09015588549731572,interior_le_0.4,train
train_00022,multifidelity_train,exponential,0.4029008134866154,35.873925298729475,1.0004071249019826,16.430069511911196,0.2641839848740026,0.060888794425168,True,-19.258493221941425,-13.100136836816784,1.26,40.0,0.0100040712490198,0.1643006951191119,35.873925298729475,1.7936962649364738,0.26418398487400196,0.060888794425167946,True,True,True,valid,-18.7227932796831,-13.4118004981439,0.26418398487400196,0.5356999422583257,0.5356999422583257,-0.31166366132711687,0.31166366132711687,0.11201814046560443,-0.8473636035854426,0.438240040347409,interior_le_0.4,train
train_00023,multifidelity_train,exponential,0.1388057828249761,8.634852851068018,0.601082827652117,9.245943537045234,0.1587318329665316,0.0650104367654626,True,-24.11618255298524,-19.347572938214164,1.26,40.0,0.0060108282765211,0.0924594353704523,8.634852851068018,0.4317426425534009,0.15873183296652973,0.0650104367654619,True,True,True,valid,-24.119370770633,-19.5015294612056,0.2600417470618476,-0.0031882176477608937,0.0031882176477608937,-0.15395652299143592,0.15395652299143592,-0.0785723703195984,-0.15076830534367502,0.10888704170694975,interior_le_0.4,train
train_00024,multifidelity_train,exponential,0.2011294701107244,13.018697330434843,1.113320493924454,8.81706089105581,0.2940017490935727,0.1262688902436669,True,-17.668632716215917,-12.406873260705703,1.26,40.0,0.0111332049392445,0.0881706089105581,13.018697330434843,0.6509348665217423,0.29400174909357163,0.12626889024366647,True,True,True,valid,-17.46678758186,-12.8689630472636,0.5050755609746659,0.2018451343559171,0.2018451343559171,-0.4620897865578968,0.4620897865578968,-0.13012232610098984,-0.6639349209138139,0.35655885145672717,middle_0.4_to_0.7,train
train_00025,multifidelity_train,exponential,0.4391586610321751,29.241690833229818,0.5380189516786603,7.221743211696848,0.1420781470405142,0.0744998729402683,True,-22.12060023691127,-16.112011253511515,1.26,40.0,0.0053801895167866,0.0722174321169684,29.241690833229818,1.462084541661491,0.14207814704051414,0.07449987294026834,True,True,True,valid,-22.1395375359386,-16.2625998069314,0.2979994917610734,-0.01893729902733199,0.01893729902733199,-0.15058855341988675,0.15058855341988675,-0.08476292622360937,-0.13165125439255476,0.10732085937865173,interior_le_0.4,train
train_00026,multifidelity_train,exponential,0.3498641781830673,27.607353719251847,0.9167796610267592,15.139631058442037,0.242099939187475,0.0605549539145177,True,-20.020393653983287,-14.056484405925705,1.26,40.0,0.0091677966102675,0.1513963105844203,27.607353719251847,1.3803676859625924,0.24209993918747252,0.06055495391451718,True,True,True,valid,-19.6210338473803,-14.3233747219996,0.24221981565806872,0.39935980660298753,0.39935980660298753,-0.266890316073896,0.266890316073896,0.06623474526454576,-0.6662501226768835,0.33964591558268425,interior_le_0.4,train
train_00027,multifidelity_train,exponential,0.1736464575601488,9.729737096879653,0.6694994418333049,5.271093536089709,0.1767990511180859,0.1270133867383359,True,-21.579009623307805,-16.65784467489109,1.26,40.0,0.006694994418333,0.052710935360897,9.729737096879653,0.4864868548439826,0.1767990511180847,0.12701338673833523,True,True,True,valid,-21.6764908453021,-16.9051707110327,0.5080535469533409,-0.09748122199429687,0.09748122199429687,-0.24732603614160809,0.24732603614160809,-0.17240362906795248,-0.1498448141473112,0.187979728687725,middle_0.4_to_0.7,train
train_00028,multifidelity_train,exponential,0.0732653053531362,5.16831368446472,1.1325062326787756,14.999360789499228,0.2990682513112221,0.0755036330262568,True,-21.94664726233207,-17.93148154025776,1.26,40.0,0.0113250623267877,0.1499936078949922,5.16831368446472,0.258415684223236,0.2990682513112207,0.0755036330262565,True,True,True,valid,-21.7182325512433,-18.1672849675524,0.302014532105026,0.22841471108877087,0.22841471108877087,-0.2358034272946412,0.2358034272946412,-0.003694358102935169,-0.4642181383834121,0.23213846790834322,interior_le_0.4,train
train_00029,multifidelity_train,exponential,0.2217604591393057,11.729477041158402,1.1056989370559152,8.676792224461146,0.2919890752387441,0.1274317637731128,True,-17.898135117773762,-12.753418948234074,1.26,40.0,0.0110569893705591,0.0867679222446114,11.729477041158402,0.5864738520579201,0.2919890752387428,0.12743176377311236,True,True,True,valid,-17.7247120577901,-13.2094441013988,0.5097270550924494,0.17342305998366214,0.17342305998366214,-0.4560251531647257,0.4560251531647257,-0.14130104659053178,-0.6294482131483878,0.344988766522193,middle_0.4_to_0.7,train
train_00030,multifidelity_train,exponential,0.4679821921326329,39.1485926099052,0.9523876116804456,17.992923114001393,0.251503161198523,0.0529312333324725,True,-19.948582198541555,-13.73032337093364,1.26,40.0,0.0095238761168044,0.1799292311400139,39.1485926099052,1.95742963049526,0.2515031611985216,0.052931233332472204,True,True,True,valid,-19.431135517663,-14.0110441419146,0.2515031611985216,0.5174466808785532,0.5174466808785532,-0.2807207709809596,0.2807207709809596,0.11836295494879678,-0.7981674518595128,0.41626627224192425,interior_le_0.4,train
train_00031,multifidelity_train,exponential,0.1699584668636728,11.725168012164085,0.4249481987937235,6.4139495534214985,0.112218821445674,0.0662537482177477,True,-25.428718878304096,-20.284424582370598,1.26,40.0,0.0042494819879372,0.0641394955342149,11.725168012164085,0.5862584006082042,0.11221882144567313,0.06625374821774728,True,True,True,valid,-25.498697378195,-20.3959321584873,0.2650149928709891,-0.06997849989090454,0.06997849989090454,-0.11150757611670414,0.11150757611670414,-0.09074303800380434,-0.0415290762257996,0.09308847935809214,interior_le_0.4,train
train_00032,multifidelity_train,exponential,0.4078452184913756,31.846978019564396,0.7390740723549447,17.553557682253377,0.1951720741402321,0.0421039475719584,True,-22.29150797130194,-16.218707296957056,1.26,40.0,0.0073907407235494,0.1755355768225337,31.846978019564396,1.5923489009782197,0.1951720741402309,0.0421039475719582,True,True,True,valid,-22.0152866483574,-16.3991645432879,0.1951720741402309,0.27622132294454005,0.27622132294454005,-0.18045724633084248,0.18045724633084248,0.047882038306848784,-0.45667856927538253,0.2333056332394722,interior_le_0.4,train
train_00033,multifidelity_train,exponential,0.231903036688351,18.549951523329103,0.8644583144514757,10.149657569074051,0.2282831025335112,0.0851711802657732,True,-19.66690633940857,-14.045330328909248,1.26,40.0,0.0086445831445147,0.1014965756907405,18.549951523329103,0.9274975761664552,0.22828310253350972,0.08517118026577268,True,True,True,valid,-19.4769568379182,-14.3255298253871,0.3406847210630907,0.18994950149037138,0.18994950149037138,-0.28019949647785225,0.28019949647785225,-0.04512499749374044,-0.4701489979682236,0.23936642511313333,interior_le_0.4,train
train_00034,multifidelity_train,exponential,0.1454462263050449,10.85958536391718,0.6941618894704352,8.163204540115853,0.1833118232998733,0.0850354644501635,True,-21.933852998873444,-16.87910259934831,1.26,40.0,0.0069416188947043,0.0816320454011585,10.85958536391718,0.5429792681958591,0.18331182329987197,0.08503546445016294,True,True,True,valid,-21.9230501624492,-17.0893362192966,0.34014185780065176,0.010802836424243623,0.010802836424243623,-0.2102336199482906,0.2102336199482906,-0.09971539176202349,-0.22103645637253422,0.14885374740222573,interior_le_0.4,train
train_00035,multifidelity_train,exponential,0.4157011460063287,35.098747474280735,0.6047188151401863,16.96716459551507,0.1596920117174019,0.0356405345003862,True,-23.783234847150723,-17.64023267234331,1.26,40.0,0.0060471881514018,0.1696716459551507,35.098747474280735,1.7549373737140368,0.15969201171740027,0.035640534500385845,True,True,True,valid,-23.62324514367,-17.7749269046974,0.15969201171740027,0.15998970348072206,0.15998970348072206,-0.1346942323540894,0.1346942323540894,0.012647735563316331,-0.29468393583481145,0.14788380818958308,interior_le_0.4,train
train_00036,multifidelity_train,exponential,0.1136286669180582,7.028030465081511,0.3961091207875168,9.01208255338917,0.104603099447974,0.0439531172113544,True,-28.23719944834658,-23.75094119751845,1.26,40.0,0.0039610912078751,0.0901208255338917,7.028030465081511,0.3514015232540756,0.10460309944797219,0.043953117211353705,True,True,True,valid,-28.2938662585784,-23.8431917309728,0.17581246884541482,-0.056666810231821074,0.056666810231821074,-0.09225053345435086,0.09225053345435086,-0.07445867184308597,-0.035583723222529784,0.07655484408076843,interior_le_0.4,train
train_00037,multifidelity_train,exponential,0.1869805387295882,13.025048998783848,0.8799792882144277,16.169385479682134,0.2323818265387238,0.054422556090346,True,-21.8676964113358,-16.605401904746973,1.26,40.0,0.0087997928821442,0.1616938547968213,13.025048998783848,0.6512524499391924,0.23238182653872186,0.054422556090345575,True,True,True,valid,-21.5780363339352,-16.8166463595786,0.23238182653872186,0.28966007740060107,0.28966007740060107,-0.21124445483162546,0.21124445483162546,0.039207811284487804,-0.5009045322322265,0.253502643119192,interior_le_0.4,train
train_00038,multifidelity_train,exponential,0.0986494714041058,6.795968319853069,0.774240933647331,8.431544581739502,0.2044588148285736,0.0918267022301148,True,-22.318042802955546,-17.88025727750693,1.26,40.0,0.0077424093364733,0.084315445817395,6.795968319853069,0.3397984159926535,0.20445881482857337,0.09182670223011469,True,True,True,valid,-22.3173933057888,-18.1161983702522,0.36730680892045875,0.0006494971667443394,0.0006494971667443394,-0.23594109274526787,0.23594109274526787,-0.11764579778926176,-0.2365905899120122,0.166836178768876,interior_le_0.4,train
train_00039,multifidelity_train,exponential,0.4595729445069736,33.79131690755032,0.5991554997751709,17.331689217922865,0.1582228710189242,0.0345699425048297,True,-23.992442052332365,-17.87648481664427,1.26,40.0,0.0059915549977517,0.1733168921792286,33.79131690755032,1.689565845377516,0.15822287101892404,0.0345699425048297,True,True,True,valid,-23.8365198486342,-18.0081932936467,0.15822287101892404,0.15592220369816445,0.15592220369816445,-0.13170847700243016,0.13170847700243016,0.012106863347867147,-0.2876306807005946,0.14432403909327018,interior_le_0.4,train
train_00040,multifidelity_train,exponential,0.3440111593949327,20.89446733919916,0.4596619366552612,8.446292030936991,0.1213859028966694,0.0544217432894359,True,-24.38621874778041,-18.655759929934536,1.26,40.0,0.0045966193665526,0.0844629203093699,20.89446733919916,1.044723366959958,0.12138590289666909,0.05442174328943577,True,True,True,valid,-24.4116718047727,-18.7678025626961,0.21768697315774307,-0.02545305699228706,0.02545305699228706,-0.11204263276156468,0.11204263276156468,-0.06874784487692587,-0.08658957576927762,0.08124472187901027,interior_le_0.4,train
train_00041,multifidelity_train,exponential,0.4380270446735118,38.5035365181283,0.9252985497947284,5.296916328498267,0.2443495772852054,0.1746862688422077,True,-16.48973380494253,-10.282686347156556,1.26,40.0,0.0092529854979472,0.0529691632849826,38.5035365181283,1.925176825906415,0.24434957728520318,0.17468626884220642,True,True,True,valid,-16.53381160902,-10.733852725547,0.6987450753688257,-0.04407780407746742,0.04407780407746742,-0.45116637839044493,0.45116637839044493,-0.24762209123395618,-0.4070885743129775,0.32054169292171786,middle_0.4_to_0.7,train
train_00042,multifidelity_train,exponential,0.3446016521940352,28.2094408051117,0.4550975577940613,16.223216657714797,0.1201805578266364,0.0280522394168756,True,-26.344703238822305,-20.36389842305904,1.26,40.0,0.0045509755779406,0.1622321665771479,28.2094408051117,1.410472040255585,0.12018055782663611,0.028052239416875624,True,True,True,valid,-26.3038117830479,-20.4549258339515,0.12018055782663611,0.04089145577440334,0.04089145577440334,-0.09102741089245825,0.09102741089245825,-0.025067977559027455,-0.1319188666668616,0.07056238618816121,interior_le_0.4,train
train_00043,multifidelity_train,exponential,0.0977678100121139,4.909912706836296,0.6369409134212982,7.400095159160983,0.1682011097765945,0.0860719895787818,True,-24.78632043128743,-20.8560495800728,1.26,40.0,0.0063694091342129,0.0740009515916098,4.909912706836296,0.2454956353418148,0.16820110977659233,0.08607198957878079,True,True,True,valid,-24.8518835270194,-21.0417642030162,0.34428795831512315,-0.06556309573197083,0.06556309573197083,-0.1857146229434008,0.1857146229434008,-0.12563885933768582,-0.12015152721142996,0.13926313348652095,interior_le_0.4,train
train_00044,multifidelity_train,exponential,0.3552116987654004,29.830525174668765,0.7662313570865475,13.767500039925668,0.2023436741020534,0.055655082975448,True,-21.11513036994246,-15.091320518348727,1.26,40.0,0.0076623135708654,0.1376750003992566,29.830525174668765,1.4915262587334384,0.2023436741020514,0.055655082975447544,True,True,True,valid,-20.8651176079409,-15.2982548326667,0.22262033190179017,0.2500127620015604,0.2500127620015604,-0.20693431431797293,0.20693431431797293,0.021539223841793742,-0.45694707631953335,0.2294865917716093,interior_le_0.4,train
train_00045,multifidelity_train,exponential,0.343427237102245,22.580114992755533,0.4265032794995766,16.53964775395876,0.112629481673342,0.0257867208446137,True,-27.293745789922557,-21.49533872906595,1.26,40.0,0.0042650327949957,0.1653964775395876,22.580114992755533,1.1290057496377768,0.1126294816733403,0.025786720844613302,True,True,True,valid,-27.2743721363573,-21.5788492311829,0.1126294816733403,0.019373653565256888,0.019373653565256888,-0.0835105021169511,0.0835105021169511,-0.03206842427584711,-0.10288415568220799,0.06061906637474667,interior_le_0.4,train
train_00046,multifidelity_train,exponential,0.2631992961386691,14.438764527254408,0.736738345949338,11.091807467856,0.1945552637496933,0.0664218476640891,True,-21.80267996998788,-16.429873457677083,1.26,40.0,0.0073673834594933,0.11091807467856,14.438764527254408,0.7219382263627204,0.19455526374969123,0.06642184766408846,True,True,True,valid,-21.680029515579,-16.6285484976697,0.26568739065635383,0.12265045440888045,0.12265045440888045,-0.1986750399926187,0.1986750399926187,-0.03801229279186913,-0.32132549440149916,0.16509831235172198,interior_le_0.4,train
train_00047,multifidelity_train,exponential,0.4670890643080914,41.22022735355444,0.4762489966926195,16.856804157914922,0.1257661552048914,0.0282526267868516,True,-25.65281376415065,-19.40029275645676,1.26,40.0,0.0047624899669261,0.1685680415791492,41.22022735355444,2.061011367677722,0.1257661552048889,0.028252626786851094,True,True,True,valid,-25.5851311816783,-19.4970762829039,0.1257661552048889,0.06768258247235082,0.06768258247235082,-0.09678352644714039,0.09678352644714039,-0.014550471987394786,-0.1644661089194912,0.08351042737787567,interior_le_0.4,train
train_00048,multifidelity_train,exponential,0.351215071256254,25.865665619527416,0.6261351890696629,12.68653672395448,0.1653475722041339,0.0493543039123834,True,-22.752336688011116,-16.840462723018742,1.26,40.0,0.0062613518906966,0.1268653672395447,25.865665619527416,1.2932832809763708,0.16534757220413318,0.04935430391238326,True,True,True,valid,-22.6312885334821,-16.99308443046,0.19741721564953305,0.12104815452901718,0.12104815452901718,-0.15262170744125925,0.15262170744125925,-0.015786776456121032,-0.27366986197027643,0.1377425883617085,interior_le_0.4,train
train_00049,multifidelity_train,exponential,0.3647859446852055,31.55279641288884,0.7978146825436914,16.483835602206696,0.2106840872869937,0.0483998203935549,True,-21.389408983761715,-15.3234715660341,1.26,40.0,0.0079781468254369,0.1648383560220669,31.55279641288884,1.577639820644442,0.2106840872869934,0.04839982039355492,True,True,True,valid,-21.0696194823126,-15.5317632584106,0.2106840872869934,0.3197895014491152,0.3197895014491152,-0.20829169237650014,0.20829169237650014,0.05574890453630754,-0.5280811938256154,0.26986177420129387,interior_le_0.4,train
train_00050,multifidelity_train,exponential,0.1128278257020133,6.113477746646075,0.4235017905186352,10.091942962088687,0.1118368590502093,0.0419643464206603,True,-28.460411033197275,-24.18009198529182,1.26,40.0,0.0042350179051863,0.1009194296208868,6.113477746646075,0.3056738873323038,0.11183685905020792,0.0419643464206599,True,True,True,valid,-28.5089684858262,-24.27400384528,0.1678573856826396,-0.048557452628923414,0.048557452628923414,-0.09391185998817875,0.09391185998817875,-0.07123465630855108,-0.04535440735925533,0.07475715234092799,interior_le_0.4,train
train_00051,multifidelity_train,exponential,0.4515264913095048,33.10874074248593,0.8946496543712132,14.00281394232836,0.2362559250875922,0.063890704972293,True,-19.70481250465019,-13.603586166407275,1.26,40.0,0.0089464965437121,0.1400281394232836,33.10874074248593,1.6554370371242966,0.23625592508759133,0.06389070497229284,True,True,True,valid,-19.3295793941692,-13.8739880042198,0.25556281988917134,0.3752331104809876,0.3752331104809876,-0.2704018378125248,0.2704018378125248,0.05241563633423141,-0.6456349482935124,0.3270451353358035,interior_le_0.4,train
train_00052,multifidelity_train,exponential,0.428572196703504,42.07143360244584,0.4954975806520265,10.27976154541906,0.1308492533626301,0.048201271835224,True,-23.45717579906081,-17.191294117529072,1.26,40.0,0.0049549758065202,0.1027976154541906,42.07143360244584,2.103571680122292,0.1308492533626284,0.048201271835223373,True,True,True,valid,-23.4277888847594,-17.3084333155832,0.1928050873408935,0.029386914301408495,0.029386914301408495,-0.11713919805412942,0.11713919805412942,-0.043876141876360464,-0.14652611235553792,0.08539666987922565,interior_le_0.4,train
train_00053,multifidelity_train,exponential,0.4724171247512628,29.724287500185486,0.8192400370065072,6.598112927919617,0.2163420193212935,0.124162778957591,True,-18.23661610000788,-12.215520058739646,1.26,40.0,0.008192400370065,0.0659811292791961,29.724287500185486,1.4862143750092744,0.21634201932129168,0.12416277895759009,True,True,True,valid,-18.2055058310614,-12.5422754426171,0.49665111583036037,0.031110268946477504,0.031110268946477504,-0.3267553838774546,0.3267553838774546,-0.14782255746548856,-0.3578656528239321,0.23209580966362242,middle_0.4_to_0.7,train
train_00054,multifidelity_train,exponential,0.091626762098074,5.86323341533509,0.7450374121986236,14.972195999216735,0.1967468518920553,0.0497613985441814,True,-25.12299645816493,-20.906872406203995,1.26,40.0,0.0074503741219862,0.1497219599921673,5.86323341533509,0.2931616707667545,0.19674685189205435,0.04976139854418127,True,True,True,valid,-25.0385053257171,-21.0454997242683,0.19904559417672507,0.08449113244783035,0.08449113244783035,-0.13862731806430517,0.13862731806430517,-0.02706809280823741,-0.22311845051213552,0.11479609047354104,interior_le_0.4,train
train_00055,multifidelity_train,exponential,0.360212313819105,21.444578019656912,1.0121289166791632,10.776640769029978,0.2672794343010169,0.0939187765809016,True,-18.27032413318513,-12.516844640503892,1.26,40.0,0.0101212891667916,0.1077664076902997,21.444578019656912,1.0722289009828456,0.26727943430101614,0.09391877658090148,True,True,True,valid,-17.9471812790164,-12.8800931105025,0.3756751063236059,0.32314285416872934,0.32314285416872934,-0.3632484699986076,0.3632484699986076,-0.02005280791493913,-0.686391324167337,0.3437810023522548,interior_le_0.4,train
train_00056,multifidelity_train,exponential,0.3843384708353056,34.9663331760589,1.006473518596395,14.414300604305986,0.2657859767232324,0.0698246516584877,True,-18.727572991737624,-12.587242884634174,1.26,40.0,0.0100647351859639,0.1441430060430598,34.9663331760589,1.7483166588029453,0.2657859767232311,0.06982465165848745,True,True,True,valid,-18.2308255551657,-12.9176966814754,0.2792986066339498,0.49674743657192266,0.49674743657192266,-0.3304537968412262,0.3304537968412262,0.08314681986534822,-0.8272012334131489,0.4218754126442774,interior_le_0.4,train
train_00057,multifidelity_train,exponential,0.2406327828579081,14.554706256434862,0.8005670347898977,12.683267793992504,0.2114109187599812,0.063119934688211,True,-21.546335363097384,-16.165157764830603,1.26,40.0,0.0080056703478989,0.126832677939925,14.554706256434862,0.7277353128217432,0.21141091875997925,0.06311993468821048,True,True,True,valid,-21.3533898862836,-16.3762045238958,0.2524797387528419,0.19294547681378305,0.19294547681378305,-0.21104675906519788,0.21104675906519788,-0.009050641125707415,-0.4039922358789809,0.20219877785835128,interior_le_0.4,train
train_00058,multifidelity_train,exponential,0.3307444468940993,28.59504275176681,0.6882594923053371,5.048373799580498,0.1817531390756507,0.1363329102853931,True,-19.361640706509892,-13.370287117362514,1.26,40.0,0.0068825949230533,0.0504837379958049,28.59504275176681,1.4297521375883409,0.18175313907564886,0.1363329102853919,True,True,True,valid,-19.440518300441,-13.6324690684997,0.5453316411415676,-0.07887759393110727,0.07887759393110727,-0.2621819511371868,0.2621819511371868,-0.17052977253414703,-0.18330435720607952,0.1935988769678983,middle_0.4_to_0.7,train
train_00059,multifidelity_train,exponential,0.2343503839361883,11.414031657986987,0.9284162294699252,9.777107646972697,0.2451728831370453,0.0949581678951231,True,-19.84930457800233,-14.73607295671373,1.26,40.0,0.0092841622946992,0.0977710764697269,11.414031657986987,0.5707015828993495,0.24517288313704394,0.09495816789512262,True,True,True,valid,-19.6945960708946,-15.0426684287297,0.3798326715804905,0.15470850710772766,0.15470850710772766,-0.30659547201596915,0.30659547201596915,-0.07594348245412075,-0.4613039791236968,0.2428327671795929,interior_le_0.4,train
train_00060,multifidelity_train,exponential,0.4132935237406003,36.07905019023486,0.8050581914062538,5.862861454540617,0.2125969275578679,0.1373148926762988,True,-17.923817813079587,-11.761478851417737,1.26,40.0,0.0080505819140625,0.0586286145454061,36.07905019023486,1.803952509511743,0.21259692755786688,0.13731489267629832,True,True,True,valid,-17.9362139426359,-12.0949280103151,0.5492595707051933,-0.012396129556311308,0.012396129556311308,-0.3334491588973627,0.3334491588973627,-0.172922644226837,-0.3210530293410514,0.23594703388402183,middle_0.4_to_0.7,train
train_00061,multifidelity_train,exponential,0.3402845919498997,28.05036122150881,1.1306733490712273,15.352813488236269,0.2985842298731503,0.0736460030558945,True,-18.23215961061844,-12.255767735047051,1.26,40.0,0.0113067334907122,0.1535281348823626,28.05036122150881,1.4025180610754404,0.2985842298731484,0.07364600305589411,True,True,True,valid,-17.6182790676347,-12.6388125447349,0.2985842298731484,0.6138805429837397,0.6138805429837397,-0.38304480968784915,0.38304480968784915,0.11541786664794529,-0.9969253526715889,0.5116505874533966,interior_le_0.4,train
train_00062,multifidelity_train,exponential,0.0906113066878978,5.294461069911777,1.033421733495001,13.777919698494651,0.2729023662609942,0.0750056435303445,True,-22.32746813505813,-18.27303573725987,1.26,40.0,0.01033421733495,0.1377791969849465,5.294461069911777,0.2647230534955888,0.27290236626099384,0.0750056435303444,True,True,True,valid,-22.1565362648759,-18.4993839867916,0.3000225741213776,0.17093187018222977,0.17093187018222977,-0.22634824953172838,0.22634824953172838,-0.027708189674749306,-0.39728011971395816,0.20056324976185472,interior_le_0.4,train
train_00063,multifidelity_train,exponential,0.3609717475736118,21.61115441422325,0.7075298168023876,5.939102299417413,0.1868419783978863,0.1191307677713838,True,-19.744092244683543,-13.98380948851084,1.26,40.0,0.0070752981680238,0.0593910229941741,21.61115441422325,1.0805577207111627,0.18684197839788436,0.11913076777138262,True,True,True,valid,-19.7841284832871,-14.2440008546534,0.4765230710855305,-0.04003623860355532,0.04003623860355532,-0.26019136614256055,0.26019136614256055,-0.15011380237305794,-0.22015512753900524,0.18614839163507807,middle_0.4_to_0.7,train
train_00064,multifidelity_train,exponential,0.1547498249414765,10.969764567891325,0.7005578758363256,14.93115116590189,0.1850008528192365,0.0469192139341661,True,-23.905100109620115,-18.83839169234093,1.26,40.0,0.0070055787583632,0.1493115116590189,10.969764567891325,0.5484882283945662,0.18500085281923506,0.0469192139341658,True,True,True,valid,-23.7723364981793,-18.9891810623937,0.1876768557366632,0.13276361144081505,0.13276361144081505,-0.15078937005277027,0.15078937005277027,-0.009012879305977606,-0.2835529814935853,0.14206268096111485,interior_le_0.4,train
train_00065,multifidelity_train,exponential,0.3042561962334866,21.74039006979584,0.5811374127085166,18.17261691703139,0.1534647181403731,0.0319787411665446,True,-25.03763353577519,-19.272124521388697,1.26,40.0,0.0058113741270851,0.1817261691703139,21.74039006979584,1.0870195034897918,0.15346471814037135,0.03197874116654424,True,True,True,valid,-24.9135019555416,-19.3917168972661,0.15346471814037135,0.12413158023358761,0.12413158023358761,-0.1195923758774029,0.1195923758774029,0.002269602178092356,-0.24372395611099051,0.12188311117478422,interior_le_0.4,train
train_00066,multifidelity_train,exponential,0.4714233240527569,40.57970848905956,0.7759931988823134,10.122089218506922,0.2049215468511781,0.076663343123227,True,-19.547669233725543,-13.305469441217603,1.26,40.0,0.0077599319888231,0.1012208921850692,40.57970848905956,2.028985424452978,0.2049215468511772,0.07666334312322674,True,True,True,valid,-19.3552771389421,-13.5523861033866,0.306653372492907,0.1923920947834432,0.1923920947834432,-0.24691666216899755,0.24691666216899755,-0.027262283692777167,-0.43930875695244076,0.2213397345618724,interior_le_0.4,train
train_00067,multifidelity_train,exponential,0.4145298434848259,40.16835020612287,0.748502636396541,14.508024099312452,0.1976619360755844,0.0515923209992471,True,-21.168924155808213,-14.93347873132307,1.26,40.0,0.0074850263639654,0.1450802409931245,40.16835020612287,2.0084175103061432,0.19766193607558416,0.05159232099924705,True,True,True,valid,-20.9021490373825,-15.1342545885778,0.2063692839969882,0.2667751184257128,0.2667751184257128,-0.20077585725472957,0.20077585725472957,0.0329996305854916,-0.46755097568044235,0.23609310522273264,interior_le_0.4,train
train_00068,multifidelity_train,exponential,0.1904704958851663,9.061716964179787,0.4403047769937488,12.08873513520594,0.1162741324504906,0.0364227334017313,True,-27.605623646700437,-22.774402308501585,1.26,40.0,0.0044030477699374,0.1208873513520594,9.061716964179787,0.4530858482089894,0.11627413245048829,0.03642273340173063,True,True,True,valid,-27.6262461625827,-22.8664158714741,0.1456909336069225,-0.020622515882262604,0.020622515882262604,-0.0920135629725145,0.0920135629725145,-0.056318039427388555,-0.0713910470902519,0.06667752219530607,interior_le_0.4,train
train_00069,multifidelity_train,exponential,0.1618227547477171,9.758935735473472,0.9412644434521726,10.823172565417137,0.2485657941668189,0.0869675169422835,True,-20.43214206705068,-15.507248492772332,1.26,40.0,0.0094126444345217,0.1082317256541713,9.758935735473472,0.4879467867736736,0.2485657941668182,0.08696751694228329,True,True,True,valid,-20.255970262163,-15.7923610481174,0.34787006776913315,0.17617180488768014,0.17617180488768014,-0.2851125553450675,0.2851125553450675,-0.05447037522869369,-0.46128436023274766,0.23698699758929498,interior_le_0.4,train
train_00070,multifidelity_train,exponential,0.0843848339298606,5.101070312253902,0.8021959778492448,16.266498608904726,0.2118410842974301,0.0493158360097298,True,-25.307435768716477,-21.31376729625831,1.26,40.0,0.0080219597784924,0.1626649860890472,5.101070312253902,0.2550535156126951,0.2118410842974289,0.04931583600972961,True,True,True,valid,-25.2097051594632,-21.4481503779507,0.2118410842974289,0.0977306092532757,0.0977306092532757,-0.13438308169239122,0.13438308169239122,-0.018326236219557757,-0.23211369094566692,0.11749486080284607,interior_le_0.4,train
train_00071,multifidelity_train,exponential,0.3535607191909856,28.862657844661136,0.6282924320756957,6.342509985022899,0.165917249328066,0.0990605349552992,True,-20.49609647612908,-14.497542195735564,1.26,40.0,0.0062829243207569,0.063425099850229,28.862657844661136,1.4431328922330569,0.1659172493280645,0.09906053495529839,True,True,True,valid,-20.5218586834927,-14.7032450698049,0.39624213982119355,-0.025762207363619893,0.025762207363619893,-0.20570287406933652,0.20570287406933652,-0.1157325407164782,-0.17994066670571662,0.14659018338318475,interior_le_0.4,train
train_00072,multifidelity_train,exponential,0.13946374655121,6.500769500669396,0.6172374159594846,18.115096702169424,0.1629978796657266,0.0340730952811069,True,-27.16675300633407,-22.794166752305664,1.26,40.0,0.0061723741595948,0.1811509670216942,6.500769500669396,0.3250384750334698,0.16299787966572546,0.03407309528110668,True,True,True,valid,-27.1084830178719,-22.897471224603,0.16299787966572546,0.05826998846216824,0.05826998846216824,-0.10330447229733508,0.10330447229733508,-0.02251724191758342,-0.16157446075950332,0.08386657722839323,interior_le_0.4,train
train_00073,multifidelity_train,exponential,0.1446189971867905,7.188138408973237,0.980448646387214,5.588777229344234,0.2589134202660482,0.1754316921489203,True,-19.15828010446536,-14.639894736666514,1.26,40.0,0.0098044864638721,0.0558877722934423,7.188138408973237,0.3594069204486618,0.25891342026604725,0.17543169214891982,True,True,True,valid,-19.2831124819857,-15.1142907850466,0.7017267685956793,-0.12483237752034171,0.12483237752034171,-0.4743960483800862,0.4743960483800862,-0.29961421295021395,-0.3495636708597445,0.34686793826759355,nearer_boundary_gt_0.7,train
train_00074,multifidelity_train,exponential,0.1553253732891752,11.067053405471771,1.031335012189011,11.54446461368627,0.2723513122588628,0.0893358892508827,True,-19.57112418838637,-14.49399912369432,1.26,40.0,0.0103133501218901,0.1154446461368627,11.067053405471771,0.5533526702735886,0.2723513122588625,0.08933588925088261,True,True,True,valid,-19.3035488150105,-14.8195558606796,0.35734355700353043,0.2675753733758697,0.2675753733758697,-0.32555673698528054,0.32555673698528054,-0.02899068180470543,-0.5931321103611502,0.2979796716503822,interior_le_0.4,train
train_00075,multifidelity_train,exponential,0.4043494813570146,24.56078576742824,1.063864466411384,8.105606375991119,0.2809415757909072,0.1312504477842102,True,-16.740354843468737,-10.870909735220952,1.26,40.0,0.0106386446641138,0.0810560637599111,24.56078576742824,1.228039288371412,0.2809415757909062,0.13125044778420988,True,True,True,valid,-16.5293646279564,-11.3444142036305,0.5250017911368395,0.21099021551233577,0.21099021551233577,-0.47350446840954774,0.47350446840954774,-0.131257126448606,-0.6844946839218835,0.3665537836701119,middle_0.4_to_0.7,train
train_00076,multifidelity_train,exponential,0.2874116142487169,15.115119416999743,0.6232956220573584,6.248826041526462,0.1645977093633421,0.0997460351616861,True,-21.540110617342243,-16.119782787776852,1.26,40.0,0.0062329562205735,0.0624882604152646,15.115119416999743,0.7557559708499872,0.16459770936333992,0.09974603516168482,True,True,True,valid,-21.5890284049151,-16.3233159085341,0.39898414064673926,-0.04891778757285792,0.04891778757285792,-0.20353312075724617,0.20353312075724617,-0.12622545416505204,-0.15461533318438825,0.14801804144462763,interior_le_0.4,train
train_00077,multifidelity_train,exponential,0.1001248616692983,6.492359445529631,1.1089142226721205,16.100733650476236,0.2928381565232065,0.0688735213403968,True,-21.61447175018684,-17.243804900189605,1.26,40.0,0.0110891422267212,0.1610073365047623,6.492359445529631,0.3246179722764816,0.2928381565232065,0.06887352134039684,True,True,True,valid,-21.3116686833123,-17.4837769005544,0.2928381565232065,0.3028030668745423,0.3028030668745423,-0.23997200036479427,0.23997200036479427,0.031415533254874006,-0.5427750672393366,0.27319979709702324,interior_le_0.4,train
train_00078,multifidelity_train,exponential,0.1686963253499021,9.678418162488729,1.103020379631039,13.928599135945412,0.2912817312418819,0.0791910492121554,True,-19.98988144531791,-15.075308877290858,1.26,40.0,0.0110302037963103,0.1392859913594541,9.678418162488729,0.4839209081244364,0.2912817312418795,0.07919104921215481,True,True,True,valid,-19.6345910541718,-15.3843906746132,0.31676419684861923,0.3552903911461094,0.3552903911461094,-0.3090817973223423,0.3090817973223423,0.023104296911883537,-0.6643721884684517,0.33298860301575256,interior_le_0.4,train
train_00079,multifidelity_train,exponential,0.1706881678457253,11.495731857830796,0.7892459485517556,9.229075312754098,0.208421286238334,0.0855173375236259,True,-21.059719352483427,-15.938214421492026,1.26,40.0,0.0078924594855175,0.0922907531275409,11.495731857830796,0.5747865928915398,0.20842128623833253,0.08551733752362539,True,True,True,valid,-20.9812645667971,-16.1802237054702,0.34206935009450157,0.07845478568632558,0.07845478568632558,-0.24200928397817556,0.24200928397817556,-0.08177724914592499,-0.32046406966450114,0.17989392281107844,interior_le_0.4,train
train_00080,multifidelity_train,exponential,0.1444557160859815,8.03552576001691,0.3965107383746196,6.826811039905463,0.1047091572037768,0.0580813993615546,True,-27.087941055179225,-22.415133136285483,1.26,40.0,0.0039651073837461,0.0682681103990546,8.03552576001691,0.4017762880008455,0.10470915720377431,0.05808139936155329,True,True,True,valid,-27.1599557903191,-22.5167715622492,0.23232559744621317,-0.07201473513987366,0.07201473513987366,-0.10163842596371708,0.10163842596371708,-0.08682658055179537,-0.029623690823843418,0.08808090516578537,interior_le_0.4,train
train_00081,multifidelity_train,exponential,0.1770274522360548,8.741019246789447,1.0649804806995715,9.29735509014862,0.2812362889076882,0.1145466071128135,True,-19.13360107512261,-14.349010808491991,1.26,40.0,0.0106498048069957,0.0929735509014862,8.741019246789447,0.4370509623394724,0.28123628890768776,0.11454660711281343,True,True,True,valid,-18.9868163309536,-14.7382532028786,0.45818642845125374,0.14678474416900755,0.14678474416900755,-0.3892423943866081,0.3892423943866081,-0.12122882510880029,-0.5360271385556157,0.29415591334238106,middle_0.4_to_0.7,train
train_00082,multifidelity_train,exponential,0.3285565112583072,28.45595986695992,0.7802864790455644,11.299961127553964,0.2060553011332852,0.0690521383425739,True,-20.29673937782347,-14.309166748507206,1.26,40.0,0.0078028647904556,0.1129996112755396,28.45595986695992,1.422797993347996,0.20605530113328413,0.0690521383425736,True,True,True,valid,-20.0900946813427,-14.5405403811901,0.2762085533702944,0.20664469648077244,0.20664469648077244,-0.23137363268289413,0.23137363268289413,-0.012364468101060844,-0.43801832916366656,0.21935791356195627,interior_le_0.4,train
train_00083,multifidelity_train,exponential,0.4318509155321569,42.7539125361432,0.7273227763173321,8.862883761381335,0.1920688333321913,0.0820638965712864,True,-19.630957062816726,-13.354643949761156,1.26,40.0,0.0072732277631733,0.0886288376138133,42.7539125361432,2.13769562680716,0.19206883333219082,0.08206389657128627,True,True,True,valid,-19.509111123543,-13.5886582303302,0.32825558628514506,0.12184593927372589,0.12184593927372589,-0.23401428056904372,0.23401428056904372,-0.056084170647658915,-0.3558602198427696,0.1865597979573086,interior_le_0.4,train
train_00084,multifidelity_train,exponential,0.4857895401368827,42.123231471165546,0.5173393531244682,12.223697434421364,0.1366171515961081,0.0423226569456525,True,-23.68704848620125,-17.42036648101926,1.26,40.0,0.0051733935312446,0.1222369743442136,42.123231471165546,2.106161573558277,0.13661715159610593,0.042322656945651856,True,True,True,valid,-23.6225144578041,-17.5387466287597,0.16929062778260742,0.06453402839714784,0.06453402839714784,-0.1183801477404387,0.1183801477404387,-0.026923059671645433,-0.18291417613758654,0.095337558706451,interior_le_0.4,train
train_00085,multifidelity_train,exponential,0.201934944604287,12.676004738681913,0.7736559316588831,17.40633365035565,0.2043043295669032,0.0444468058121519,True,-23.33308419478012,-18.10076043453284,1.26,40.0,0.0077365593165888,0.1740633365035565,12.676004738681913,0.6338002369340956,0.20430432956690242,0.04444680581215175,True,True,True,valid,-23.1144046486225,-18.267518819913,0.20430432956690242,0.2186795461576203,0.2186795461576203,-0.16675838538015952,0.16675838538015952,0.025960580388730392,-0.38543793153777983,0.19445963977429942,interior_le_0.4,train
train_00086,multifidelity_train,exponential,0.1830038363941469,8.502162894810539,0.698925518215802,8.150212052724637,0.1845697855765161,0.085755501046399,True,-22.46922438667095,-17.72098813104607,1.26,40.0,0.006989255182158,0.0815021205272463,8.502162894810539,0.4251081447405269,0.1845697855765156,0.08575550104639891,True,True,True,valid,-22.4737601143885,-17.9301636104048,0.34302200418559564,-0.004535727717552618,0.004535727717552618,-0.2091754793587306,0.2091754793587306,-0.10685560353814161,-0.20463975164117798,0.14794416850772205,interior_le_0.4,train
train_00087,multifidelity_train,exponential,0.1860979089993195,13.655960969705257,0.8250434380093005,9.536737932307066,0.2178745609881573,0.0865121222650302,True,-20.42105539395644,-15.107411634796076,1.26,40.0,0.008250434380093,0.0953673793230706,13.655960969705257,0.6827980484852628,0.21787456098815725,0.08651212226503023,True,True,True,valid,-20.3017584393491,-15.3674335398949,0.3460484890601209,0.11929695460733925,0.11929695460733925,-0.2600219050988244,0.2600219050988244,-0.07036247524574257,-0.37931885970616364,0.20229082345698185,interior_le_0.4,train
train_00088,multifidelity_train,exponential,0.3798855233767934,29.627235429774696,0.5323469095435803,14.21534158576514,0.1405802941601026,0.0374487595906002,True,-24.408434843867152,-18.389830284119423,1.26,40.0,0.0053234690954358,0.1421534158576514,29.627235429774696,1.4813617714887348,0.14058029416010256,0.03744875959060019,True,True,True,valid,-24.3280423547832,-18.5061675026182,0.14979503836240077,0.0803924890839518,0.0803924890839518,-0.11633721849877787,0.11633721849877787,-0.017972364707413035,-0.19672970758272967,0.09999325154515602,interior_le_0.4,train
train_00089,multifidelity_train,exponential,0.1033123356214252,6.274941597073783,0.6810632263687562,17.94417797164687,0.1798527745500329,0.0379545514676061,True,-26.38800268394824,-22.06822663953744,1.26,40.0,0.0068106322636875,0.1794417797164686,6.274941597073783,0.3137470798536891,0.17985277455003132,0.03795455146760586,True,True,True,valid,-26.304470093348,-22.1820125576386,0.17985277455003132,0.08353259060023888,0.08353259060023888,-0.11378591810116134,0.11378591810116134,-0.015126663750461233,-0.19731850870140022,0.09981214568005067,interior_le_0.4,train
train_00090,multifidelity_train,exponential,0.3825450722407131,27.041095778301436,0.6273171840612293,16.339426721149124,0.1656597092723337,0.0383928515220949,True,-23.641026344631072,-17.693501407514496,1.26,40.0,0.0062731718406122,0.1633942672114912,27.041095778301436,1.3520547889150718,0.1656597092723313,0.03839285152209441,True,True,True,valid,-23.4807376944006,-17.8341127359144,0.1656597092723313,0.16028865023047345,0.16028865023047345,-0.14061132839990265,0.14061132839990265,0.009838660915285402,-0.3008999786303761,0.15077134520042648,interior_le_0.4,train
train_00091,multifidelity_train,exponential,0.3562609451055943,23.63038578847128,0.5632002718389392,7.317677394781395,0.1487279412480298,0.0769643483109252,True,-22.045953014281828,-16.208804743739492,1.26,40.0,0.0056320027183893,0.0731767739478139,23.63038578847128,1.181519289423564,0.14872794124802738,0.07696434831092402,True,True,True,valid,-22.060949508023,-16.3702934697497,0.3078573932436961,-0.0149964937411724,0.0149964937411724,-0.1614887260102087,0.1614887260102087,-0.08824260987569055,-0.1464922322690363,0.11468108704779807,interior_le_0.4,train
train_00092,multifidelity_train,exponential,0.427068210283034,33.650557687857244,0.9791039569972344,16.782077174914104,0.2585583194349767,0.058342238972706,True,-19.60382301738313,-13.49086802265726,1.26,40.0,0.0097910395699723,0.167820771749141,33.650557687857244,1.6825278843928624,0.2585583194349756,0.0583422389727058,True,True,True,valid,-19.0920882114365,-13.7861662090028,0.2585583194349756,0.5117348059466309,0.5117348059466309,-0.2952981863455406,0.2952981863455406,0.10821830980054514,-0.8070329922921715,0.41777597494123664,interior_le_0.4,train
train_00093,multifidelity_train,exponential,0.3180949604202226,19.56004538667352,1.04562288262235,5.901179514117114,0.2761244026862353,0.1771887942268076,True,-16.495452438921735,-10.82466063305782,1.26,40.0,0.0104562288262235,0.0590117951411711,19.56004538667352,0.978002269333676,0.27612440268623534,0.17718879422680778,True,True,True,valid,-16.5109389254763,-11.3609641751374,0.7087551769072311,-0.015486486554564749,0.015486486554564749,-0.5363035420795814,0.5363035420795814,-0.2758950143170731,-0.5208170555250167,0.3793819450849698,nearer_boundary_gt_0.7,train
train_00094,multifidelity_train,exponential,0.3589142800024316,32.95329371902238,1.073997145638976,12.50768529566201,0.2836173779809981,0.0858669786016654,True,-17.702641764278827,-11.604831907568547,1.26,40.0,0.0107399714563897,0.1250768529566201,32.95329371902238,1.6476646859511193,0.28361737798099657,0.085866978601665,True,True,True,valid,-17.2076841168931,-11.9975188105013,0.34346791440666,0.49495764738572845,0.49495764738572845,-0.392686902932752,0.392686902932752,0.05113537222648823,-0.8876445503184804,0.4467583667042687,interior_le_0.4,train
train_00095,multifidelity_train,exponential,0.2223324863207769,11.713237990247285,0.970900655367966,9.288393305081952,0.2563920204756847,0.1045283746583769,True,-19.23988122030383,-14.096756089751212,1.26,40.0,0.0097090065536796,0.0928839330508195,11.713237990247285,0.5856618995123642,0.2563920204756831,0.10452837465837628,True,True,True,valid,-19.0845004641659,-14.4412513860984,0.4181134986335051,0.15538075613793012,0.15538075613793012,-0.3444952963471888,0.3444952963471888,-0.09455727010462933,-0.4998760524851189,0.26722667211875795,middle_0.4_to_0.7,train
train_00096,multifidelity_train,exponential,0.3839103395673427,29.781693338248,1.1164831952180827,16.75407726228576,0.2948369440956063,0.0666394918526095,True,-18.606752774517773,-12.584188575574917,1.26,40.0,0.0111648319521808,0.1675407726228576,29.781693338248,1.4890846669124,0.2948369440956056,0.06663949185260938,True,True,True,valid,-17.966731288277,-12.948807702174,0.2948369440956056,0.6400214862407729,0.6400214862407729,-0.3646191265990826,0.3646191265990826,0.13770117982084518,-1.0046406128398555,0.5208524792739907,interior_le_0.4,train
train_00097,multifidelity_train,exponential,0.2265474730464902,13.907133636209595,1.0748524870879486,16.668875575842833,0.2838432535338533,0.0644826030524617,True,-20.11968937492877,-14.786541854678273,1.26,40.0,0.0107485248708794,0.1666887557584283,13.907133636209595,0.6953566818104799,0.2838432535338511,0.06448260305246128,True,True,True,valid,-19.6528397234098,-15.0789116979796,0.2838432535338511,0.4668496515189702,0.4668496515189702,-0.2923698433013264,0.2923698433013264,0.08723990410882188,-0.7592194948202966,0.3895052774966124,interior_le_0.4,train
train_00098,multifidelity_train,exponential,0.1020786845320634,5.247330424418349,0.6176505718437707,12.137357461373997,0.1631069844143514,0.0508883893227488,True,-26.36247397934079,-22.322553824252065,1.26,40.0,0.0061765057184377,0.1213735746137399,5.247330424418349,0.2623665212209174,0.16310698441435123,0.05088838932274883,True,True,True,valid,-26.359627554301,-22.4471150580023,0.2035535572909953,0.0028464250397917112,0.0028464250397917112,-0.12456123375023509,0.12456123375023509,-0.06085740435522169,-0.1274076587900268,0.08810108707867303,interior_le_0.4,train
train_00099,multifidelity_train,exponential,0.2670860280558413,13.534910297591551,0.5382108918721586,16.68928637457163,0.1421288339297952,0.0322488858895845,True,-26.18575646175815,-20.88169751092698,1.26,40.0,0.0053821089187215,0.1668928637457163,13.534910297591551,0.6767455148795777,0.14212883392979297,0.03224888588958403,True,True,True,valid,-26.1219620776403,-20.9872793216215,0.14212883392979297,0.06379438411784832,0.06379438411784832,-0.10558181069452033,0.10558181069452033,-0.020893713288336002,-0.16937619481236865,0.08722741024044307,interior_le_0.4,train
train_00100,multifidelity_train,exponential,0.2746201855993024,22.47446846216148,0.4840799319921466,6.282513969480754,0.1278341209772486,0.0770519467754013,True,-23.087917630592063,-17.293551606616045,1.26,40.0,0.0048407993199214,0.0628251396948075,22.47446846216148,1.123723423108074,0.12783412097724686,0.07705194677540035,True,True,True,valid,-23.1445762268643,-17.4268600114788,0.3082077871016014,-0.056658596272235684,0.056658596272235684,-0.1333084048627562,0.1333084048627562,-0.09498350056749594,-0.07664980859052051,0.10242394089907085,interior_le_0.4,train
train_00101,multifidelity_train,exponential,0.3385926952683383,29.06997913879285,0.919427477363466,13.659016701981786,0.2427991651862044,0.0673128598803211,True,-19.535144885329544,-13.531078391561444,1.26,40.0,0.0091942747736346,0.1365901670198178,29.06997913879285,1.4534989569396426,0.24279916518620284,0.06731285988032072,True,True,True,valid,-19.1580843926953,-13.8132440958646,0.2692514395212829,0.3770604926342429,0.3770604926342429,-0.2821657043031571,0.2821657043031571,0.04744739416554289,-0.6592261969374,0.33301058526004446,interior_le_0.4,train
train_00102,multifidelity_train,exponential,0.2349771165111758,18.810061396367477,0.7244979771179975,5.539329993373303,0.1913228703233591,0.1307916260603202,True,-19.643656367387493,-14.00904330899264,1.26,40.0,0.0072449797711799,0.055393299933733,18.810061396367477,0.9405030698183736,0.19132287032335715,0.130791626060319,True,True,True,valid,-19.7075385735993,-14.2879977853268,0.523166504241276,-0.06388220621180807,0.06388220621180807,-0.27895447633416026,0.27895447633416026,-0.17141834127298416,-0.2150722701223522,0.2023567840935331,middle_0.4_to_0.7,train
train_00103,multifidelity_train,exponential,0.1304314640655324,8.48732926391648,0.8678254826513192,7.820313813784258,0.2291722924349354,0.1109706724456083,True,-20.478887903578237,-15.732957522821158,1.26,40.0,0.0086782548265131,0.0782031381378425,8.48732926391648,0.424366463195824,0.22917229243493306,0.1109706724456073,True,True,True,valid,-20.4606723514191,-16.0415774409161,0.4438826897824292,0.018215552159137616,0.018215552159137616,-0.3086199180949425,0.3086199180949425,-0.14520218296790244,-0.3268354702540801,0.21860702205715085,middle_0.4_to_0.7,train
train_00104,multifidelity_train,exponential,0.1063704006000357,8.207726483638497,0.8332923577369133,12.055316844327407,0.2200529066139545,0.0691223937535094,True,-22.31439177125713,-17.61303477427975,1.26,40.0,0.0083329235773691,0.120553168443274,8.207726483638497,0.4103863241819249,0.22005290661395363,0.06912239375350915,True,True,True,valid,-22.1830356405823,-17.8220928386463,0.2764895750140366,0.1313561306748312,0.1313561306748312,-0.20905806436654828,0.20905806436654828,-0.03885096684585854,-0.3404141950413795,0.174584803666515,interior_le_0.4,train
train_00105,multifidelity_train,exponential,0.1913292183119266,10.56037573744269,1.0676501461141903,16.62971319622035,0.2819412847338459,0.0642013565427483,True,-20.75243684770488,-15.731057618735138,1.26,40.0,0.0106765014611419,0.1662971319622035,10.56037573744269,0.5280187868721345,0.2819412847338458,0.06420135654274836,True,True,True,valid,-20.3487606491796,-15.998337201392,0.2819412847338458,0.40367619852528236,0.40367619852528236,-0.2672795826568617,0.2672795826568617,0.06819830793421033,-0.670955781182144,0.3423396329385844,interior_le_0.4,train
train_00106,multifidelity_train,exponential,0.1961848178375792,14.834515310875425,0.7343920712718579,11.577358940053053,0.1939356678087244,0.0634334717507249,True,-21.92997690189363,-16.52898605257292,1.26,40.0,0.0073439207127185,0.1157735894005305,14.834515310875425,0.7417257655437712,0.19393566780872235,0.06343347175072425,True,True,True,valid,-21.7965432223314,-16.7226968411148,0.253733887002897,0.13343367956223062,0.13343367956223062,-0.1937107885418783,0.1937107885418783,-0.030138554489823832,-0.3271444681041089,0.16632560903094917,interior_le_0.4,train
train_00107,multifidelity_train,exponential,0.164553801650612,12.061922253745534,0.8558527422681736,11.280289104891596,0.2260105733852123,0.0758715254821829,True,-20.92181458123998,-15.74520610274476,1.26,40.0,0.0085585274226817,0.1128028910489159,12.061922253745534,0.6030961126872767,0.22601057338521144,0.07587152548218269,True,True,True,valid,-20.7479684474525,-15.9901858209274,0.30348610192873077,0.17384613378747815,0.17384613378747815,-0.24497971818263942,0.24497971818263942,-0.03556679219758063,-0.41882585197011757,0.2124117941095776,interior_le_0.4,train
train_00108,multifidelity_train,exponential,0.3356180381385635,21.97327722572934,0.8964807333685054,13.3624350631909,0.2367394699705528,0.067089623195851,True,-20.06120739835697,-14.286392835211831,1.26,40.0,0.008964807333685,0.133624350631909,21.97327722572934,1.098663861286467,0.23673946997055142,0.06708962319585063,True,True,True,valid,-19.7403725234437,-14.549547984215,0.2683584927834025,0.32083487491327034,0.32083487491327034,-0.2631551490031683,0.2631551490031683,0.028839862955051032,-0.5839900239164386,0.29341578809557395,interior_le_0.4,train
train_00109,multifidelity_train,exponential,0.0882673812264305,5.971837945161212,0.4026807182573981,15.29433011420677,0.1063385037282576,0.026328758124774,True,-30.48714877431838,-26.24269152007001,1.26,40.0,0.0040268071825739,0.1529433011420677,5.971837945161212,0.2985918972580606,0.1063385037282555,0.026328758124773533,True,True,True,valid,-30.5212122123941,-26.3190037394046,0.1063385037282555,-0.03406343807571943,0.03406343807571943,-0.07631221933458932,0.07631221933458932,-0.055187828705154374,-0.04224878125886988,0.05909260796964727,interior_le_0.4,train
train_00110,multifidelity_train,exponential,0.3300465317670508,29.445152510453863,0.5913579622206694,10.512550819189345,0.1561637248052717,0.0562525663268347,True,-22.41118412726998,-16.397285987656513,1.26,40.0,0.0059135796222066,0.1051255081918934,29.445152510453863,1.4722576255226931,0.1561637248052693,0.05625256632683386,True,True,True,valid,-22.3381819751892,-16.5488074348685,0.22501026530733545,0.07300215208077887,0.07300215208077887,-0.15152144721198724,0.15152144721198724,-0.03925964756560418,-0.2245235992927661,0.11892868277593972,interior_le_0.4,train
train_00111,multifidelity_train,exponential,0.3056167190830822,19.289503150321185,0.9236055472412388,10.348122503192538,0.2439024951424961,0.0892534415741883,True,-19.0931321906356,-13.43515702836024,1.26,40.0,0.0092360554724123,0.1034812250319253,19.289503150321185,0.9644751575160592,0.24390249514249385,0.08925344157418756,True,True,True,valid,-18.8569027709471,-13.7475003631797,0.35701376629675025,0.23622941968849887,0.23622941968849887,-0.31234333481945953,0.31234333481945953,-0.03805695756548033,-0.5485727545079584,0.27691397358431186,interior_le_0.4,train
train_00112,multifidelity_train,exponential,0.3053678772425608,22.66776705289508,0.6517779921484692,5.555625169518571,0.1721192331930159,0.1173185685248362,True,-20.27694829307674,-14.47520916927511,1.26,40.0,0.0065177799214846,0.0555562516951857,22.66776705289508,1.133388352644754,0.17211923319301356,0.11731856852483456,True,True,True,valid,-20.3385032063722,-14.7055489770204,0.46927427409933825,-0.06155491329545981,0.06155491329545981,-0.23033980774529006,0.23033980774529006,-0.14594736052037494,-0.16878489444983025,0.16859038285582717,middle_0.4_to_0.7,train
train_00113,multifidelity_train,exponential,0.4534631638306985,28.211005414242937,0.4361522696753598,5.798765419064345,0.1151775529647158,0.075214677290004,True,-23.53002907411444,-17.549181034451887,1.26,40.0,0.0043615226967535,0.0579876541906434,28.211005414242937,1.410550270712147,0.11517755296471323,0.07521467729000242,True,True,True,valid,-23.5992665473486,-17.6633493443137,0.3008587091600097,-0.06923747323415697,0.06923747323415697,-0.11416830986181381,0.11416830986181381,-0.09170289154798539,-0.044930836627656845,0.09441459282482166,interior_le_0.4,train
train_00114,multifidelity_train,exponential,0.2579461946841551,18.87556830493456,0.8431373559566424,9.213478180405051,0.2226527390182072,0.0915112989304952,True,-19.542161072336448,-13.904305629977472,1.26,40.0,0.0084313735595664,0.0921347818040505,18.87556830493456,0.943778415246728,0.22265273901820665,0.09151129893049503,True,True,True,valid,-19.3974270058174,-14.1880819485342,0.36604519572198013,0.14473406651904952,0.14473406651904952,-0.28377631855672725,0.28377631855672725,-0.06952112601883886,-0.42851038507577677,0.2252520243912913,interior_le_0.4,train
train_00115,multifidelity_train,exponential,0.166819417494744,9.853642533261745,0.7955043015448079,15.588732280330923,0.2100739700220632,0.0510307244514382,True,-23.217828545668358,-18.28095026851789,1.26,40.0,0.007955043015448,0.1558873228033092,9.853642533261745,0.4926821266630872,0.21007397002206118,0.051030724451437755,True,True,True,valid,-23.0317994505942,-18.4535579966034,0.21007397002206118,0.18602909507415788,0.18602909507415788,-0.1726077280855094,0.1726077280855094,0.006710683494324243,-0.3586368231596673,0.17944393554666485,interior_le_0.4,train
train_00116,multifidelity_train,exponential,0.4765510881183427,48.86663469448451,0.861314853274195,15.266744833102887,0.2274529883935384,0.0564177146268015,True,-19.944587765063574,-13.58453990818144,1.26,40.0,0.0086131485327419,0.1526674483310288,48.86663469448451,2.4433317347242256,0.22745298839353706,0.0564177146268012,True,True,True,valid,-19.5442445221193,-13.8398093233344,0.22745298839353706,0.4003432429442739,0.4003432429442739,-0.2552694151529593,0.2552694151529593,0.0725369138956573,-0.6556126580972332,0.3357358980535682,interior_le_0.4,train
train_00117,multifidelity_train,exponential,0.2169584996156621,16.012025856861584,0.5272885343553428,10.482705529776602,0.1392444962824663,0.05030080572783,True,-24.32249342957056,-18.843668356925395,1.26,40.0,0.0052728853435534,0.104827055297766,16.012025856861584,0.8006012928430792,0.13924449628246555,0.05030080572782981,True,True,True,valid,-24.3043264896592,-18.9682321871994,0.20120322291131923,0.018166939911360203,0.018166939911360203,-0.1245638302740062,0.1245638302740062,-0.053198445181322995,-0.1427307701853664,0.08901175629734084,interior_le_0.4,train
train_00118,multifidelity_train,exponential,0.4344050084185244,28.51080200415664,1.005943964950661,9.528310375348116,0.2656461340643267,0.1055742230598684,True,-17.513557245100543,-11.524490545461855,1.26,40.0,0.0100594396495066,0.0952831037534811,28.51080200415664,1.425540100207832,0.2656461340643264,0.10557422305986841,True,True,True,valid,-17.2238453557352,-11.9197695005981,0.42229689223947364,0.28971188936534276,0.28971188936534276,-0.395278955136245,0.395278955136245,-0.05278353288545112,-0.6849908445015878,0.34653890922466285,middle_0.4_to_0.7,train
train_00119,multifidelity_train,exponential,0.1949828946124479,14.641179958541896,0.9021918675200252,13.40467353908333,0.2382476461327791,0.0673042774887094,True,-20.702329446402786,-15.31497055327358,1.26,40.0,0.0090219186752002,0.1340467353908333,14.641179958541896,0.7320589979270948,0.23824764613277777,0.06730427748870904,True,True,True,valid,-20.4252538942109,-15.5639731719206,0.26921710995483616,0.27707555219188507,0.27707555219188507,-0.2490026186470189,0.2490026186470189,0.014036466772433087,-0.526078170838904,0.26341333082772284,interior_le_0.4,train
train_00120,multifidelity_train,exponential,0.2996970721014969,23.30058681360601,0.8327878574240364,13.891335968601105,0.2199196799508206,0.0599501631309188,True,-20.76079927511846,-14.935544026510934,1.26,40.0,0.0083278785742403,0.138913359686011,23.30058681360601,1.1650293406803005,0.21991967995081899,0.059950163130918374,True,True,True,valid,-20.4750213425657,-15.1656312008966,0.2398006525236735,0.2857779325527581,0.2857779325527581,-0.23008717438566606,0.23008717438566606,0.027845379083546007,-0.5158651069384241,0.2594312380486481,interior_le_0.4,train
train_00121,multifidelity_train,exponential,0.3811271280807227,26.01213309126003,1.1000866666084457,10.988008976508766,0.290507006654768,0.1001170156449924,True,-17.335240252509102,-11.418797140418215,1.26,40.0,0.0110008666660844,0.1098800897650876,26.01213309126003,1.3006066545630015,0.29050700665476653,0.10011701564499198,True,True,True,valid,-16.9149372269538,-11.8456152199894,0.4004680625799679,0.4203030255553024,0.4203030255553024,-0.42681807957118423,0.42681807957118423,-0.003257527007940908,-0.8471211051264866,0.4235730789012534,middle_0.4_to_0.7,train
train_00122,multifidelity_train,exponential,0.4774054079252878,31.594596223385857,1.0925499128535572,17.75782851364942,0.2885167273070718,0.0615249726065198,True,-18.952365238535126,-12.88544698602469,1.26,40.0,0.0109254991285355,0.1775782851364942,31.594596223385857,1.579729811169293,0.28851672730706995,0.061524972606519415,True,True,True,valid,-18.3108493319774,-13.2321414384981,0.28851672730706995,0.641515906557725,0.641515906557725,-0.346694452473411,0.346694452473411,0.14741072704215696,-0.988210359031136,0.5156256887231366,interior_le_0.4,train
train_00123,multifidelity_train,exponential,0.1809799831119415,13.031289024933384,1.066905832015243,8.949926157219863,0.2817447288919659,0.1192083390715548,True,-18.08220765153952,-12.819387863237068,1.26,40.0,0.0106690583201524,0.0894992615721986,13.031289024933384,0.6515644512466692,0.2817447288919651,0.11920833907155451,True,True,True,valid,-17.8904085379116,-13.2428101982415,0.47683335628621804,0.19179911362791913,0.19179911362791913,-0.4234223350044317,0.4234223350044317,-0.1158116106882563,-0.6152214486323508,0.3286893470809943,middle_0.4_to_0.7,train
train_00124,multifidelity_train,exponential,0.4184257627268169,36.08160958211901,1.0043540816343048,17.357502530638627,0.265226283286034,0.0578628221347781,True,-19.43501884280052,-13.272630397403145,1.26,40.0,0.010043540816343,0.1735750253063862,36.08160958211901,1.8040804791059504,0.2652262832860327,0.05786282213477792,True,True,True,valid,-18.8789146498056,-13.580623202974,0.2652262832860327,0.5561041929949191,0.5561041929949191,-0.30799280557085496,0.30799280557085496,0.12405569371203207,-0.864096998565774,0.44950608547045096,interior_le_0.4,train
train_00125,multifidelity_train,exponential,0.4508941258728546,40.36337287953552,0.8033590449052742,10.849661080669897,0.2121482229431766,0.0740446212035659,True,-19.48758808316223,-13.24892797151669,1.26,40.0,0.0080335904490527,0.1084966108066989,40.36337287953552,2.018168643976776,0.21214822294317554,0.07404462120356559,True,True,True,valid,-19.2532734523386,-13.5033920792094,0.29617848481426234,0.23431463082362924,0.23431463082362924,-0.25446410769271033,0.25446410769271033,-0.010074738434540542,-0.4887787385163396,0.24459694225588852,interior_le_0.4,train
train_00126,multifidelity_train,exponential,0.4585043525054166,43.15116282790277,0.6142969703076053,15.168316629661604,0.1622213771496185,0.0404986911406074,True,-22.980524874837656,-16.69825082650552,1.26,40.0,0.006142969703076,0.151683166296616,43.15116282790277,2.1575581413951386,0.16222137714961712,0.04049869114060713,True,True,True,valid,-22.8170596829892,-16.8427194029088,0.16222137714961712,0.16346519184845576,0.16346519184845576,-0.14446857640327693,0.14446857640327693,0.009498307722589416,-0.3079337682517327,0.1542595840037855,interior_le_0.4,train
train_00127,multifidelity_train,exponential,0.0723283351567925,4.362805854951035,1.0807499685558952,10.91850997504004,0.285400639638111,0.0989832835273781,True,-21.870162556928527,-18.1427836710355,1.26,40.0,0.0108074996855589,0.1091850997504004,4.362805854951035,0.2181402927475517,0.28540063963810963,0.0989832835273777,True,True,True,valid,-21.8035875591973,-18.4332617921582,0.3959331341095108,0.06657499773122666,0.06657499773122666,-0.29047812112269966,0.29047812112269966,-0.1119515616957365,-0.3570531188539263,0.21072466535017514,interior_le_0.4,train
train_00128,multifidelity_train,exponential,0.2442539502627127,17.872256728262105,0.7877462117281709,5.175934707191748,0.2080252410278845,0.1521940009470424,True,-18.912354054311955,-13.326018944852798,1.26,40.0,0.0078774621172817,0.0517593470719174,17.872256728262105,0.8936128364131053,0.20802524102788436,0.15219400094704252,True,True,True,valid,-18.9985349448763,-13.6598218438824,0.6087760037881701,-0.08618089056434641,0.08618089056434641,-0.33380289902960136,0.33380289902960136,-0.2099918947969739,-0.24762200846525495,0.24377399502308494,middle_0.4_to_0.7,train
train_00129,multifidelity_train,exponential,0.1858446001201224,13.99157456132254,0.77746419385637,15.993667532925237,0.2053100020153833,0.0486107512398797,True,-22.758684117025737,-17.419093041735984,1.26,40.0,0.0077746419385637,0.1599366753292523,13.99157456132254,0.6995787280661271,0.20531000201538335,0.048610751239879776,True,True,True,valid,-22.5392082552045,-17.5972632319103,0.20531000201538335,0.21947586182123757,0.21947586182123757,-0.1781701901743169,0.1781701901743169,0.020652835823460336,-0.3976460519955545,0.19989280951165705,interior_le_0.4,train
train_00130,multifidelity_train,exponential,0.3389556947149212,29.71959301517259,0.5851051273565621,11.221617475010014,0.1545124982295705,0.052140890442894,True,-22.71687578045503,-16.695899982663565,1.26,40.0,0.0058510512735656,0.1122161747501001,29.71959301517259,1.4859796507586296,0.15451249822957006,0.05214089044289385,True,True,True,valid,-22.6356308421028,-16.8412069120429,0.2085635617715754,0.08124493835223134,0.08124493835223134,-0.1453069293793341,0.1453069293793341,-0.032030995513551375,-0.22655186773156544,0.1177175512264604,interior_le_0.4,train
train_00131,multifidelity_train,exponential,0.1267000720569888,7.035801018248336,0.6905693237970092,15.05554106086285,0.1823631112286551,0.0458681173267267,True,-25.21822677132212,-20.730385165193788,1.26,40.0,0.00690569323797,0.1505554106086285,7.035801018248336,0.3517900509124168,0.18236311122865267,0.045868117326726125,True,True,True,valid,-25.1350538598072,-20.8632960582162,0.1834724693069045,0.08317291151491801,0.08317291151491801,-0.13291089302241232,0.13291089302241232,-0.024868990753747156,-0.21608380453733034,0.11086712473471005,interior_le_0.4,train
train_00132,multifidelity_train,exponential,0.2425027717299315,12.879803758298344,0.7438915260574442,6.23793873937364,0.1964442503217013,0.1192527783836715,True,-20.31183696221365,-15.06187217614417,1.26,40.0,0.0074389152605744,0.0623793873937364,12.879803758298344,0.6439901879149172,0.1964442503217002,0.11925277838367088,True,True,True,valid,-20.3551782412946,-15.3378793385832,0.4770111135346835,-0.043341279080948425,0.043341279080948425,-0.27600716243902923,0.27600716243902923,-0.15967422075998883,-0.2326658833580808,0.19755811827158273,middle_0.4_to_0.7,train
train_00133,multifidelity_train,exponential,0.2605672534252632,13.363051389981836,0.7903110104358388,7.879115448982487,0.2087025440239601,0.1003045348875932,True,-20.267033241898588,-14.976795717229304,1.26,40.0,0.0079031101043583,0.0787911544898248,13.363051389981836,0.6681525694990919,0.20870254402395777,0.10030453488759222,True,True,True,valid,-20.2255205638127,-15.247315562196,0.4012181395503689,0.04151267808588699,0.04151267808588699,-0.2705198449666959,0.2705198449666959,-0.11450358344040446,-0.3120325230525829,0.1935255654463612,middle_0.4_to_0.7,train
train_00134,multifidelity_train,exponential,0.0746027799486577,4.510101700081496,0.8353639420720397,7.7334841646507,0.2205999632982118,0.108019092596121,True,-22.89224590217129,-19.10678530000573,1.26,40.0,0.0083536394207203,0.077334841646507,4.510101700081496,0.2255050850040748,0.22059996329820925,0.10801909259611978,True,True,True,valid,-22.9500457653375,-19.3797592853422,0.4320763703844791,-0.057799863166209775,0.057799863166209775,-0.27297398533647055,0.27297398533647055,-0.16538692425134016,-0.21517412217026077,0.19730131886597746,middle_0.4_to_0.7,train
train_00135,multifidelity_train,exponential,0.2282750102922124,16.2285297544354,1.053896894079366,12.417699210249443,0.2783093744474288,0.0848705445538164,True,-18.880706924750868,-13.388463826186117,1.26,40.0,0.0105389689407936,0.1241769921024944,16.2285297544354,0.8114264877217701,0.27830937444742726,0.08487054455381593,True,True,True,valid,-18.5051756174808,-13.7338515440474,0.3394821782152637,0.37553130727006945,0.37553130727006945,-0.34538771786128386,0.34538771786128386,0.015071794704392794,-0.7209190251313533,0.3607744713733173,interior_le_0.4,train
train_00136,multifidelity_train,exponential,0.416506166476897,35.14935772144247,0.8589419200852781,9.931305551203666,0.2268263525669,0.0864883187468917,True,-18.76314111035269,-12.61912150394284,1.26,40.0,0.0085894192008527,0.0993130555120366,35.14935772144247,1.7574678860721236,0.2268263525668979,0.08648831874689097,True,True,True,valid,-18.5314177311578,-12.9146745136397,0.3459532749875639,0.23172337919489294,0.23172337919489294,-0.29555300969686016,0.29555300969686016,-0.03191481525098361,-0.5272763888917531,0.2655628983935562,interior_le_0.4,train
train_00137,multifidelity_train,exponential,0.2957220074490713,18.05645045551719,0.7854264888732276,8.592936690157924,0.2074126567985567,0.0914037327626107,True,-20.01835529951751,-14.422253553336631,1.26,40.0,0.0078542648887322,0.0859293669015792,18.05645045551719,0.9028225227758596,0.20741265679855472,0.0914037327626099,True,True,True,valid,-19.9278569204627,-14.6821348657285,0.3656149310504396,0.09049837905481084,0.09049837905481084,-0.25988131239186885,0.25988131239186885,-0.084691466668529,-0.3503796914466797,0.19458706681337837,interior_le_0.4,train
train_00138,multifidelity_train,exponential,0.2679507542295211,18.324088432874262,0.610236541678889,10.71704528643938,0.1611491134794294,0.0569407448945877,True,-22.895961736041954,-17.28592190724391,1.26,40.0,0.0061023654167888,0.1071704528643937,18.324088432874262,0.9162044216437132,0.16114911347942704,0.05694074489458698,True,True,True,valid,-22.830592027562,-17.4397860878428,0.22776297957834793,0.06536970847995605,0.06536970847995605,-0.15386418059889095,0.15386418059889095,-0.044247236059467454,-0.219233889078847,0.11821037361019245,interior_le_0.4,train
train_00139,multifidelity_train,exponential,0.0768309681755373,6.623501045139027,0.5055763602592462,5.001982494270512,0.1335108219310897,0.1010751958525155,True,-25.021446978590237,-20.62124854733939,1.26,40.0,0.0050557636025924,0.0500198249427051,6.623501045139027,0.3311750522569514,0.13351082193108807,0.10107519585251434,True,True,True,valid,-25.1214124711045,-20.7809609211011,0.4043007834100574,-0.09996549251426146,0.09996549251426146,-0.15971237376171032,0.15971237376171032,-0.1298389331379859,-0.05974688124744887,0.13323126890152162,middle_0.4_to_0.7,train
train_00140,multifidelity_train,exponential,0.2506317474186779,16.967491875722256,0.689077451263359,8.616864797597023,0.1819691427921524,0.0799684650333055,True,-21.269443209409477,-15.733276377459047,1.26,40.0,0.0068907745126335,0.0861686479759702,16.967491875722256,0.8483745937861129,0.18196914279215004,0.07996846503330453,True,True,True,valid,-21.2203083676132,-15.9403009904157,0.3198738601332181,0.049134841796277584,0.049134841796277584,-0.2070246129566531,0.2070246129566531,-0.07894488558018775,-0.25615945475293067,0.15045501495164135,interior_le_0.4,train
train_00141,multifidelity_train,exponential,0.4249873459571781,31.71828681097921,0.9201238489683224,8.631383166844056,0.2429830605433492,0.1066021321475817,True,-17.847211861737613,-11.777402192800416,1.26,40.0,0.0092012384896832,0.0863138316684405,31.71828681097921,1.5859143405489606,0.24298306054334862,0.10660213214758152,True,True,True,valid,-17.6484942140653,-12.1336974123488,0.4264085285903261,0.19871764767231426,0.19871764767231426,-0.35629521954838417,0.35629521954838417,-0.07878878593803496,-0.5550128672206984,0.2884744243164802,middle_0.4_to_0.7,train
train_00142,multifidelity_train,exponential,0.1755085543330908,13.34685515439366,0.8492556424444674,17.891608457532506,0.2242684345332834,0.0474667017479316,True,-22.52837187110796,-17.239450064569176,1.26,40.0,0.0084925564244446,0.178916084575325,13.34685515439366,0.6673427577196831,0.22426843453328146,0.04746670174793127,True,True,True,valid,-22.2408842436448,-17.4311626934262,0.22426843453328146,0.28748762746316103,0.28748762746316103,-0.19171262885702234,0.19171262885702234,0.04788749930306935,-0.47920025632018337,0.2443387689332862,interior_le_0.4,train
train_00143,multifidelity_train,exponential,0.179573413426816,10.76097185470447,1.1349959131274676,9.751289233573448,0.299725717342427,0.1163944465127446,True,-18.227406722675955,-13.18350762738474,1.26,40.0,0.0113499591312746,0.0975128923357344,10.76097185470447,0.5380485927352235,0.29972571734242504,0.11639444651274398,True,True,True,valid,-17.9919135477425,-13.6174718058264,0.46557778605097594,0.23549317493345612,0.23549317493345612,-0.43396417844165924,0.43396417844165924,-0.09923550175410156,-0.6694573533751154,0.3491288756396294,middle_0.4_to_0.7,train
train_00144,multifidelity_train,exponential,0.0825772051398138,7.30756937531977,0.4149883257956804,16.55915712261686,0.1095886533151543,0.0250609570718355,True,-29.90076412879082,-25.359073605802408,1.26,40.0,0.0041498832579568,0.1655915712261686,7.30756937531977,0.3653784687659885,0.10958865331515427,0.025060957071835487,True,True,True,valid,-29.9212118484858,-25.436440452857,0.10958865331515427,-0.020447719694981714,0.020447719694981714,-0.0773668470545914,0.0773668470545914,-0.04890728337478656,-0.05691912735960969,0.05658506103157035,interior_le_0.4,train
train_00145,multifidelity_train,exponential,0.1430796504367338,9.81104560409428,1.034237742023236,10.727835580737796,0.2731178549148773,0.0964069344873486,True,-19.570684622148924,-14.63917626522866,1.26,40.0,0.0103423774202323,0.1072783558073779,9.81104560409428,0.490552280204714,0.2731178549148757,0.09640693448734809,True,True,True,valid,-19.3523917860363,-14.9766113808113,0.38562773794939237,0.2182928361126244,0.2182928361126244,-0.3374351155826414,0.3374351155826414,-0.059571139735008494,-0.5557279516952658,0.28417795439333754,interior_le_0.4,train
train_00146,multifidelity_train,exponential,0.1341853813736989,9.04458158424569,0.5139980990727216,7.039222084037424,0.135734805011508,0.0730191621938304,True,-24.59312438812763,-19.76433453176877,1.26,40.0,0.0051399809907272,0.0703922208403742,9.04458158424569,0.4522290792122845,0.13573480501150764,0.07301916219383021,True,True,True,valid,-24.6499005384911,-19.9063335347037,0.29207664877532086,-0.0567761503634685,0.0567761503634685,-0.14199900293492718,0.14199900293492718,-0.09938757664919784,-0.08522285257145867,0.10813706137261324,interior_le_0.4,train
train_00147,multifidelity_train,exponential,0.3736776285909336,28.596603694076684,0.5491361268215947,15.672280909466863,0.1450139314393812,0.0350386858169373,True,-24.560252479688984,-18.56885660764261,1.26,40.0,0.0054913612682159,0.1567228090946686,28.596603694076684,1.4298301847038344,0.14501393143937996,0.03503868581693707,True,True,True,valid,-24.4598270319331,-18.6867473006271,0.14501393143937996,0.10042544775588524,0.10042544775588524,-0.11789069298449206,0.11789069298449206,-0.00873262261430341,-0.2183161407403773,0.10950681725201816,interior_le_0.4,train
train_00148,multifidelity_train,exponential,0.0712420372575876,6.655286140496459,0.6407667517546819,6.057621735419535,0.1692114236690471,0.1057786008670784,True,-23.22295657822592,-18.81572630903262,1.26,40.0,0.0064076675175468,0.0605762173541953,6.655286140496459,0.3327643070248229,0.1692114236690466,0.1057786008670782,True,True,True,valid,-23.3064821296102,-19.0304445419313,0.4231144034683128,-0.0835255513842803,0.0835255513842803,-0.21471823289867942,0.21471823289867942,-0.14912189214147986,-0.1311926815143991,0.16291168968674344,middle_0.4_to_0.7,train
train_00149,multifidelity_train,exponential,0.1695319372498536,8.880812272687114,0.4512184018331714,17.168413801538822,0.1191561640031758,0.0262818922615162,True,-28.78125494174657,-23.976041566761648,1.26,40.0,0.0045121840183317,0.1716841380153882,8.880812272687114,0.4440406136343557,0.11915616400317541,0.026281892261516136,True,True,True,valid,-28.7789895220436,-24.0593652486814,0.11915616400317541,0.0022654197029723377,0.0022654197029723377,-0.08332368191975092,0.08332368191975092,-0.040529131108389294,-0.08558910162272326,0.05894051278659884,interior_le_0.4,train
train_00150,multifidelity_train,exponential,0.2796205857013967,23.25386176509812,0.9619819048280354,7.364062839140066,0.2540367882916207,0.1306319522037607,True,-17.435134213041817,-11.611583618878136,1.26,40.0,0.0096198190482803,0.0736406283914006,23.25386176509812,1.1626930882549062,0.25403678829161935,0.13063195220376006,True,True,True,valid,-17.3250025115028,-12.0242295238095,0.5225278088150402,0.11013170153901797,0.11013170153901797,-0.4126459049313649,0.4126459049313649,-0.15125710169617346,-0.5227776064703828,0.30199804183181744,middle_0.4_to_0.7,train
train_00151,multifidelity_train,exponential,0.3924429819110674,34.777814901195896,0.4964077923149285,5.719628693704779,0.1310896188480396,0.0867902129488391,True,-22.12488093819794,-15.988380505201476,1.26,40.0,0.0049640779231492,0.0571962869370477,34.777814901195896,1.7388907450597948,0.13108961884803744,0.0867902129488378,True,True,True,valid,-22.1873005989036,-16.1292153085563,0.3471608517953512,-0.06241966070566107,0.06241966070566107,-0.14083480335482434,0.14083480335482434,-0.10162723203024271,-0.07841514264916327,0.10892808609032359,interior_le_0.4,train
train_00152,multifidelity_train,exponential,0.3574214864798554,23.547387110402628,0.7827160863766194,11.077501789093354,0.2066969032674764,0.0706581773832131,True,-20.45967469970972,-14.625496795180547,1.26,40.0,0.0078271608637661,0.1107750178909335,23.547387110402628,1.1773693555201314,0.206696903267474,0.07065817738321234,True,True,True,valid,-20.2711258100549,-14.856441800462,0.28263270953284936,0.1885488896548182,0.1885488896548182,-0.2309450052814519,0.2309450052814519,-0.02119805781331685,-0.4194938949362701,0.2108154160094971,interior_le_0.4,train
train_00153,multifidelity_train,exponential,0.2806694854079812,19.463099757744665,1.0122357106742152,9.637949558328916,0.2673076360825429,0.1050260436152067,True,-18.048227086570066,-12.38199842265314,1.26,40.0,0.0101223571067421,0.0963794955832891,19.463099757744665,0.9731549878872332,0.2673076360825415,0.10502604361520626,True,True,True,valid,-17.7910899514967,-12.7656226609161,0.42010417446082504,0.2571371350733642,0.2571371350733642,-0.3836242382629589,0.3836242382629589,-0.06324355159479733,-0.6407613733363231,0.326563211657845,middle_0.4_to_0.7,train
train_00154,multifidelity_train,exponential,0.0772591142612717,5.512374886270745,0.7294196872515153,14.244106001882962,0.1926225781753947,0.0512085270325207,True,-25.33248232829232,-21.213282023637998,1.26,40.0,0.0072941968725151,0.1424410600188296,5.512374886270745,0.2756187443135373,0.19262257817539338,0.05120852703252042,True,True,True,valid,-25.268924731579,-21.3504284512293,0.20483410813008168,0.06355759671331995,0.06355759671331995,-0.13714642759130058,0.13714642759130058,-0.03679441543899031,-0.20070402430462053,0.1068847760465186,interior_le_0.4,train
train_00155,multifidelity_train,exponential,0.4403244586327058,28.00168489829892,0.6817366087133698,8.024797271874453,0.1800305989844213,0.0849537484395699,True,-20.39923120248996,-14.424196878915955,1.26,40.0,0.0068173660871336,0.0802479727187445,28.00168489829892,1.400084244914946,0.18003059898441875,0.08495374843956881,True,True,True,valid,-20.3476058377205,-14.6392131054825,0.33981499375827523,0.05162536476946045,0.05162536476946045,-0.2150162265665454,0.2150162265665454,-0.08169543089854248,-0.26664159133600585,0.15636041054962702,interior_le_0.4,train
train_00156,multifidelity_train,exponential,0.3255915468664182,17.941211461744754,1.0237138883295984,14.771118479188948,0.270338752751557,0.0693051030476744,True,-19.610642015785363,-14.020633752511053,1.26,40.0,0.0102371388832959,0.1477111847918894,17.941211461744754,0.8970605730872377,0.2703387527515548,0.06930510304767391,True,True,True,valid,-19.1794911763314,-14.3242969161208,0.27722041219069565,0.43115083945396293,0.43115083945396293,-0.30366316360974643,0.30366316360974643,0.06374383792210825,-0.7348140030637094,0.3728956712643206,interior_le_0.4,train
train_00157,multifidelity_train,exponential,0.09539587019767,6.206068014372553,1.1247461922022477,11.794161381201356,0.2970190071936599,0.0953646601779566,True,-20.46520608681035,-16.162080850711472,1.26,40.0,0.0112474619220224,0.1179416138120135,6.206068014372553,0.3103034007186276,0.2970190071936579,0.09536466017795608,True,True,True,valid,-20.2664652460121,-16.4837707437631,0.38145864071182434,0.19874084079825138,0.19874084079825138,-0.32168989305162654,0.32168989305162654,-0.06147452612668758,-0.5204307338498779,0.26737829857036155,interior_le_0.4,train
train_00158,multifidelity_train,exponential,0.4215737050710503,31.476624096843157,0.5824441942465,12.869375100041518,0.1538098083995993,0.04525815664854,True,-23.17819985437228,-17.114054678750527,1.26,40.0,0.005824441942465,0.1286937510004152,31.476624096843157,1.5738312048421577,0.15380980839959937,0.04525815664854006,True,True,True,valid,-23.0748314558088,-17.2516665535149,0.18103262659416025,0.10336839856348234,0.10336839856348234,-0.13761187476437442,0.13761187476437442,-0.017121738100446038,-0.24098027332785676,0.12170056264813407,interior_le_0.4,train
train_00159,multifidelity_train,exponential,0.188452056687602,9.207580978097528,1.078555763070742,10.565335497259492,0.2848212015930681,0.1020843837235935,True,-19.310433521517105,-14.458777669023508,1.26,40.0,0.0107855576307074,0.1056533549725949,9.207580978097528,0.4603790489048764,0.2848212015930676,0.10208438372359338,True,True,True,valid,-19.0896285479896,-14.8216872692298,0.4083375348943735,0.22080497352750328,0.22080497352750328,-0.3629096002062919,0.3629096002062919,-0.07105231333939432,-0.5837145737337952,0.300381602512847,middle_0.4_to_0.7,train
train_00160,multifidelity_train,exponential,0.4787435568021708,31.10600768823608,0.4293980898237523,15.218475012692796,0.1133939329730767,0.0282155793839801,True,-26.47580787828798,-20.4204734524142,1.26,40.0,0.0042939808982375,0.1521847501269279,31.10600768823608,1.5553003844118038,0.11339393297307612,0.02821557938398004,True,True,True,valid,-26.4517881234378,-20.5065938400489,0.11339393297307612,0.02401975485017971,0.02401975485017971,-0.08612038763470053,0.08612038763470053,-0.031050316392260413,-0.11014014248488024,0.06322052589710803,interior_le_0.4,train
train_00161,multifidelity_train,exponential,0.2475384671510636,19.24190369522706,0.76121933481696,12.448034949699334,0.2010201169396765,0.0611517671578634,True,-21.426431539313803,-15.770738187660928,1.26,40.0,0.0076121933481696,0.1244803494969933,19.24190369522706,0.962095184761353,0.2010201169396765,0.061151767157863454,True,True,True,valid,-21.2379776751252,-15.9746708146509,0.24460706863145382,0.18845386418860244,0.18845386418860244,-0.20393262698997106,0.20393262698997106,-0.007739381400684309,-0.3923864911785735,0.19634583682707266,interior_le_0.4,train
train_00162,multifidelity_train,exponential,0.1141691660173578,7.905896695445952,0.7604829135718363,11.348352728190596,0.2008256454147944,0.0670126256899567,True,-22.9958716030273,-18.34513936704004,1.26,40.0,0.0076048291357183,0.1134835272819059,7.905896695445952,0.3952948347722976,0.2008256454147927,0.06701262568995627,True,True,True,valid,-22.9144024260518,-18.5335298075741,0.26805050275982506,0.08146917697549938,0.08146917697549938,-0.18839044053406084,0.18839044053406084,-0.05346063177928073,-0.2698596175095602,0.14513473891815623,interior_le_0.4,train
train_00163,multifidelity_train,exponential,0.4811461578430559,45.06773589237787,0.5509991896562384,15.629860629761394,0.1455059225012951,0.0352529816297312,True,-23.99674288017551,-17.68679357472638,1.26,40.0,0.0055099918965623,0.1562986062976139,45.06773589237787,2.2533867946188937,0.14550592250129296,0.035252981629730736,True,True,True,valid,-23.8780647538011,-17.8084157571042,0.14550592250129296,0.11867812637440878,0.11867812637440878,-0.12162218237781985,0.12162218237781985,-0.0014720280017055387,-0.24030030875222863,0.12015917136466074,interior_le_0.4,train
train_00164,multifidelity_train,exponential,0.4626330625248172,46.61402319396288,0.5115800538191835,7.001500801942107,0.1350962561499653,0.0730671992035306,True,-21.95410319881549,-15.623045147287876,1.26,40.0,0.0051158005381918,0.070015008019421,46.61402319396288,2.330701159698144,0.13509625614996446,0.07306719920353023,True,True,True,valid,-21.9768885406965,-15.7624479687721,0.29226879681412093,-0.022785341881011334,0.022785341881011334,-0.13940282148422511,0.13940282148422511,-0.08109408168261822,-0.11661747960321378,0.09988072497333333,interior_le_0.4,train
train_00165,multifidelity_train,exponential,0.4701432209922919,42.12416062185213,0.806649345211648,13.295473688916926,0.2130171138424244,0.0606709745049602,True,-20.138298014426876,-13.871601666104995,1.26,40.0,0.0080664934521164,0.1329547368891692,42.12416062185213,2.1062080310926063,0.21301711384242236,0.06067097450495963,True,True,True,valid,-19.8373885536351,-14.1079945816219,0.24268389801983853,0.3009094607917753,0.3009094607917753,-0.23639291551690533,0.23639291551690533,0.03225827263743497,-0.5373023763086806,0.2705809620987586,interior_le_0.4,train
train_00166,multifidelity_train,exponential,0.0799496026889064,6.241002662130394,0.9362792210780172,7.821907125712693,0.2472493142262982,0.1196996085520138,True,-20.72598285962192,-16.41437897255601,1.26,40.0,0.0093627922107801,0.0782190712571269,6.241002662130394,0.3120501331065197,0.24724931422629634,0.11969960855201298,True,True,True,valid,-20.7329049380986,-16.7554669305445,0.4787984342080519,-0.006922078476680582,0.006922078476680582,-0.341087957988492,0.341087957988492,-0.1740050182325863,-0.3341658795118114,0.24123526924477337,middle_0.4_to_0.7,train
train_00167,multifidelity_train,exponential,0.4306844277436026,28.993351567288933,0.5154471739293015,12.315511599160557,0.1361174715884074,0.0418534926283074,True,-24.18180692305729,-18.179771132638265,1.26,40.0,0.005154471739293,0.1231551159916055,28.993351567288933,1.4496675783644468,0.13611747158840706,0.04185349262830737,True,True,True,valid,-24.1286670378269,-18.2959352513019,0.16741397051322948,0.05313988523039015,0.05313988523039015,-0.11616411866363308,0.11616411866363308,-0.03151211671662146,-0.16930400389402323,0.09032704430899326,interior_le_0.4,train
train_00168,multifidelity_train,exponential,0.2105856630030728,15.547243221727294,0.9414003282144582,7.74770971945655,0.2486016781355459,0.1215069178250642,True,-18.41270658464556,-12.963589038898329,1.26,40.0,0.0094140032821445,0.0774770971945655,15.547243221727294,0.7773621610863648,0.24860167813554374,0.12150691782506313,True,True,True,valid,-18.3191775407419,-13.3398769370833,0.48602767130025254,0.0935290439036578,0.0935290439036578,-0.3762878981849713,0.3762878981849713,-0.14137942714065677,-0.4698169420886291,0.27417172025392744,middle_0.4_to_0.7,train
train_00169,multifidelity_train,exponential,0.0861724002534585,5.1471627407925125,0.5610196546308408,12.188421149983704,0.1481520915472625,0.0460289029831883,True,-27.285420541960363,-23.27697321506626,1.26,40.0,0.0056101965463084,0.121884211499837,5.1471627407925125,0.2573581370396256,0.14815209154726233,0.04602890298318829,True,True,True,valid,-27.2983474313659,-23.3879525096243,0.18411561193275316,-0.012926889405537878,0.012926889405537878,-0.11097929455803879,0.11097929455803879,-0.06195309198178833,-0.09805240515250091,0.07900477292639649,interior_le_0.4,train
train_00170,multifidelity_train,exponential,0.3680384013389644,21.618683533119118,1.0413542210633948,14.54734426145203,0.274997149598315,0.0715838026754343,True,-19.10619860674768,-13.345610137865688,1.26,40.0,0.0104135422106339,0.1454734426145203,21.618683533119118,1.0809341766559557,0.27499714959831373,0.07158380267543406,True,True,True,valid,-18.6362949689793,-13.6714780189844,0.28633521070173623,0.46990363776837896,0.46990363776837896,-0.3258678811187128,0.3258678811187128,0.07201787832483308,-0.7957715188870917,0.4043509025170807,interior_le_0.4,train
train_00171,multifidelity_train,exponential,0.1177362951672952,9.219752189729917,0.6421539237140301,6.791685486071621,0.1695777431471915,0.0945500089824474,True,-22.52728672704322,-17.673946750846245,1.26,40.0,0.0064215392371403,0.0679168548607162,9.219752189729917,0.4609876094864958,0.1695777431471915,0.09455000898244749,True,True,True,valid,-22.5754776111871,-17.8779475062094,0.37820003592978996,-0.04819088414388162,0.04819088414388162,-0.20400075536315398,0.20400075536315398,-0.1260958197535178,-0.15580987121927237,0.14822056116360244,interior_le_0.4,train
train_00172,multifidelity_train,exponential,0.1197584690977665,8.573955502049435,0.8563690912093436,7.993751463113309,0.2261469289923129,0.1071298119738908,True,-20.627924602178425,-15.868609148552792,1.26,40.0,0.0085636909120934,0.079937514631133,8.573955502049435,0.4286977751024717,0.226146928992312,0.10712981197389052,True,True,True,valid,-20.6034180971612,-16.1658958162401,0.42851924789556206,0.024506505017225066,0.024506505017225066,-0.29728666768730605,0.29728666768730605,-0.1363900813350405,-0.3217931727045311,0.21092644638923544,middle_0.4_to_0.7,train
train_00173,multifidelity_train,exponential,0.1074406046865584,8.158221683628398,0.9261063093985112,8.780284246936985,0.2445628875922151,0.1054756638114061,True,-20.353858774567517,-15.660620686405936,1.26,40.0,0.0092610630939851,0.0878028424693698,8.158221683628398,0.4079110841814199,0.2445628875922148,0.1054756638114061,True,True,True,valid,-20.2845044316154,-15.9763487873255,0.4219026552456244,0.06935434295211707,0.06935434295211707,-0.31572810091956427,0.31572810091956427,-0.1231868789837236,-0.38508244387168133,0.22857630957362404,middle_0.4_to_0.7,train
train_00174,multifidelity_train,exponential,0.2190285983511089,13.025760742806982,0.7151369617074612,7.431660263070605,0.1888508463922373,0.0962284249269465,True,-21.031052800252358,-15.768698361208848,1.26,40.0,0.0071513696170746,0.074316602630706,13.025760742806982,0.6512880371403491,0.18885084639223707,0.09622842492694642,True,True,True,valid,-21.0283677048022,-16.0040076568699,0.38491369970778566,0.002685095450157604,0.002685095450157604,-0.2353092956610503,0.2353092956610503,-0.11631210010544635,-0.2379943911112079,0.16639963095222904,interior_le_0.4,train
train_00175,multifidelity_train,exponential,0.1163737174482298,5.532298834633708,0.5977673994971977,7.138494871774521,0.1578563063936717,0.0837385765815647,True,-24.7996494919212,-20.674710636502446,1.26,40.0,0.0059776739949719,0.0713849487177452,5.532298834633708,0.2766149417316854,0.15785630639366968,0.08373857658156365,True,True,True,valid,-24.865766528976,-20.8488584120044,0.3349543063262546,-0.06611703705479854,0.06611703705479854,-0.17414777550195382,0.17414777550195382,-0.12013240627837618,-0.10803073844715527,0.1317173304868887,interior_le_0.4,train
train_00176,multifidelity_train,exponential,0.3949031919771376,25.51775546680734,0.9497734816702856,8.042550289026426,0.2508128309660885,0.1180935707627708,True,-17.650386019612423,-11.749516991947091,1.26,40.0,0.0094977348167028,0.0804255028902642,25.51775546680734,1.275887773340367,0.25081283096608703,0.11809357076277026,True,True,True,valid,-17.4904550371188,-12.1361377348934,0.47237428305108103,0.15993098249362347,0.15993098249362347,-0.38662074294630777,0.38662074294630777,-0.11334488022634215,-0.5465517254399312,0.29584921669469627,middle_0.4_to_0.7,train
train_00177,multifidelity_train,exponential,0.3702352275647725,22.71316841376209,0.9529190648931116,9.863955143872587,0.251643505488364,0.0966061839286706,True,-18.410713682965252,-12.607255950785834,1.26,40.0,0.0095291906489311,0.0986395514387258,22.71316841376209,1.1356584206881049,0.2516435054883636,0.0966061839286705,True,True,True,valid,-18.1599517428547,-12.9520620243286,0.386424735714682,0.2507619401105501,0.2507619401105501,-0.34480607354276493,0.34480607354276493,-0.047022066716107425,-0.595568013653315,0.3014736961660053,interior_le_0.4,train
train_00178,multifidelity_train,exponential,0.1411448034265466,8.193558669959524,0.9584162564379805,12.358818928297245,0.2530951844416516,0.077549178606667,True,-21.194094692165187,-16.49505407344154,1.26,40.0,0.0095841625643798,0.1235881892829724,8.193558669959524,0.4096779334979762,0.25309518444165147,0.07754917860666705,True,True,True,valid,-20.9950299084925,-16.7512709290618,0.3101967144266682,0.19906478367268576,0.19906478367268576,-0.2562168556202593,0.2562168556202593,-0.028576035973786773,-0.4552816392929451,0.22942740159207878,interior_le_0.4,train
train_00179,multifidelity_train,exponential,0.4549582739498106,29.24315724307108,0.8450485981229079,7.569115134411525,0.2231574531080761,0.1116443049308441,True,-18.319017037777257,-12.31038959831388,1.26,40.0,0.008450485981229,0.0756911513441152,29.24315724307108,1.462157862153554,0.22315745310807403,0.1116443049308432,True,True,True,valid,-18.2215953693122,-12.634662571252,0.4465772197233728,0.0974216684650564,0.0974216684650564,-0.32427297293812174,0.32427297293812174,-0.11342565223653267,-0.42169464140317814,0.23942007274312152,middle_0.4_to_0.7,train
train_00180,multifidelity_train,exponential,0.4379185066131055,43.19105672957883,0.9787378224315136,16.844471785341227,0.2584616319103036,0.0581043938274902,True,-19.344078274403,-13.061210011563713,1.26,40.0,0.0097873782243151,0.1684447178534122,43.19105672957883,2.159552836478942,0.2584616319103026,0.05810439382749001,True,True,True,valid,-18.8041509515891,-13.365734068615,0.2584616319103026,0.5399273228138988,0.5399273228138988,-0.30452405705128704,0.30452405705128704,0.11770163288130586,-0.8444513798651858,0.438324317853778,interior_le_0.4,train
train_00181,multifidelity_train,exponential,0.26082145631939,21.157444225757963,0.7574424486653739,14.444640589640215,0.2000227301667272,0.0524376113039888,True,-21.876898099041856,-16.135326600246543,1.26,40.0,0.0075744244866537,0.1444464058964021,21.157444225757963,1.0578722112878982,0.2000227301667262,0.0524376113039886,True,True,True,valid,-21.6511711298446,-16.326633321206,0.2097504452159544,0.22572696919725743,0.22572696919725743,-0.19130672095945656,0.19130672095945656,0.01721012411890044,-0.417033690156714,0.20922586611989324,interior_le_0.4,train
train_00182,multifidelity_train,exponential,0.1325233517045487,9.877253788239496,0.9505133395339562,14.361415381142438,0.2510082100210747,0.0661852132472993,True,-21.349525856898808,-16.409685373760585,1.26,40.0,0.0095051333953395,0.1436141538114243,9.877253788239496,0.4938626894119747,0.2510082100210731,0.06618521324729888,True,True,True,valid,-21.0804221249842,-16.64809098612,0.26474085298919553,0.26910373191460835,0.26910373191460835,-0.23840561235941493,0.23840561235941493,0.015349059777596707,-0.5075093442740233,0.2542184636634769,interior_le_0.4,train
train_00183,multifidelity_train,exponential,0.162815637721702,7.514726225941296,0.8697704831403734,5.204656784308027,0.2296859213036128,0.1671138980312246,True,-19.972948141260435,-15.392100429756132,1.26,40.0,0.0086977048314037,0.0520465678430802,7.514726225941296,0.3757363112970648,0.22968592130361196,0.16711389803122426,True,True,True,valid,-20.1053190406682,-15.7886515215028,0.668455592124897,-0.13237089940776414,0.13237089940776414,-0.3965510917466677,0.3965510917466677,-0.2644609955772159,-0.26418019233890355,0.2956136189145338,middle_0.4_to_0.7,train
train_00184,multifidelity_train,exponential,0.3031987447087145,22.618499446946224,0.4978629461056961,9.87673866241802,0.1314738907284375,0.0504076257479723,True,-24.06003890770744,-18.26017037920036,1.26,40.0,0.0049786294610569,0.0987673866241802,22.618499446946224,1.1309249723473112,0.13147389072843593,0.05040762574797168,True,True,True,valid,-24.0505835020654,-18.3789026560563,0.20163050299188673,0.009455405642039949,0.009455405642039949,-0.11873227685594046,0.11873227685594046,-0.05463843560695025,-0.1281876824979804,0.08422220094265886,interior_le_0.4,train
train_00185,multifidelity_train,exponential,0.2637787291194636,14.41624529358299,0.5028026814313501,15.818823154533296,0.1327783586096334,0.0317850877097174,True,-26.443788853670632,-21.07261946362501,1.26,40.0,0.0050280268143135,0.1581882315453329,14.41624529358299,0.7208122646791496,0.13277835860963338,0.031785087709717455,True,True,True,valid,-26.4006516194083,-21.1723450347013,0.13277835860963338,0.04313723426233196,0.04313723426233196,-0.09972557107629143,0.09972557107629143,-0.028294168406979736,-0.1428628053386234,0.07683101751993059,interior_le_0.4,train
train_00186,multifidelity_train,exponential,0.0918325593400495,5.86499929518654,0.4306422725091264,15.237495897947923,0.1137224923481067,0.0282620107262586,True,-29.951088485446714,-25.73449774368577,1.26,40.0,0.0043064227250912,0.1523749589794792,5.86499929518654,0.293249964759327,0.11372249234810504,0.028262010726258235,True,True,True,valid,-29.978197923256,-25.814386383541,0.11372249234810504,-0.027109437809286874,0.027109437809286874,-0.07988863985523054,0.07988863985523054,-0.053499038832258705,-0.05277920204594366,0.059653652009974724,interior_le_0.4,train
train_00187,multifidelity_train,exponential,0.1674975742052043,9.335886466175088,0.7847215091588753,8.961714812917677,0.207226488242219,0.0875637671517682,True,-21.50408907910706,-16.634838297193163,1.26,40.0,0.0078472150915887,0.0896171481291767,9.335886466175088,0.4667943233087544,0.20722648824221762,0.08756376715176765,True,True,True,valid,-21.4546339161544,-16.8739591194806,0.3502550686070706,0.04945516295266117,0.04945516295266117,-0.23912082228743614,0.23912082228743614,-0.09483282966738749,-0.2885759852400973,0.17266235952588782,interior_le_0.4,train
train_00188,multifidelity_train,exponential,0.1293243455973448,6.948647115536072,0.4199554535814016,16.120847859762584,0.1109003549005851,0.0260504569756287,True,-29.842122070622207,-25.37218416899908,1.26,40.0,0.004199554535814,0.1612084785976258,6.948647115536072,0.3474323557768036,0.11090035490058477,0.026050456975628633,True,True,True,valid,-29.8637408093392,-25.4505165034712,0.11090035490058477,-0.021618738716991714,0.021618738716991714,-0.07833233447211896,0.07833233447211896,-0.049975536594555336,-0.056713595755127244,0.0574600926189885,interior_le_0.4,train
train_00189,multifidelity_train,exponential,0.4051369784143559,30.208233474807678,0.4579478503152433,7.902654367315241,0.1209332530219812,0.0579486118245636,True,-23.715171467094702,-17.68182547330991,1.26,40.0,0.0045794785031524,0.0790265436731524,30.208233474807678,1.510411673740384,0.12093325302198037,0.057948611824563206,True,True,True,valid,-23.7424608116181,-17.795087673279,0.23179444729825283,-0.027289344523396153,0.027289344523396153,-0.11326219996908904,0.11326219996908904,-0.0702757722462426,-0.08597285544569289,0.08238032005993459,interior_le_0.4,train
train_00190,multifidelity_train,exponential,0.1968747898378392,9.706562688708251,0.9377424642641068,16.946661691724515,0.2476357223256795,0.0553349374244031,True,-22.15346684954943,-17.235272676497715,1.26,40.0,0.009377424642641,0.1694666169172451,9.706562688708251,0.4853281344354125,0.24763572232567774,0.055334937424402805,True,True,True,valid,-21.8584508278891,-17.4448405134831,0.24763572232567774,0.2950160216603308,0.2950160216603308,-0.20956783698538572,0.20956783698538572,0.04272409233747254,-0.5045838586457165,0.25588389098868847,interior_le_0.4,train
train_00191,multifidelity_train,exponential,0.150824662846762,11.373931017237728,0.4713832427748093,7.111781660359567,0.1244812240729291,0.0662820183867928,True,-24.82752466238727,-19.71838496098256,1.26,40.0,0.004713832427748,0.0711178166035956,11.373931017237728,0.5686965508618863,0.12448122407292671,0.06628201838679164,True,True,True,valid,-24.8828778735062,-19.8430289435236,0.26512807354716655,-0.055353211118930545,0.055353211118930545,-0.1246439825410377,0.1246439825410377,-0.08999859682998412,-0.06929077142210716,0.09643676779337694,interior_le_0.4,train
train_00192,multifidelity_train,exponential,0.3509347627242613,21.901363391556277,0.7910946127060006,17.036860766802533,0.2089094749475157,0.0464342946470221,True,-22.090193552639256,-16.31823721810345,1.26,40.0,0.00791094612706,0.1703686076680253,21.901363391556277,1.0950681695778135,0.20890947494751563,0.046434294647022124,True,True,True,valid,-21.8032498285974,-16.5112688312497,0.20890947494751563,0.28694372404185486,0.28694372404185486,-0.19303161314624973,0.19303161314624973,0.04695605544780257,-0.4799753371881046,0.2445382428587107,interior_le_0.4,train
train_00193,multifidelity_train,exponential,0.2150475030388201,16.0295285698836,0.6578239336417644,17.665731457582623,0.1737158240971144,0.0372372882052052,True,-24.349462292381467,-18.86954279123121,1.26,40.0,0.0065782393364176,0.1766573145758262,16.0295285698836,0.80147642849418,0.17371582409711328,0.037237288205204985,True,True,True,valid,-24.1916905031901,-19.0070971761179,0.17371582409711328,0.15777178919136858,0.15777178919136858,-0.1375543848866876,0.1375543848866876,0.010108702152340499,-0.29532617407805617,0.14800869276194664,interior_le_0.4,train
train_00194,multifidelity_train,exponential,0.237905035645739,16.123536653275828,0.4182588960669089,16.900148709576285,0.1104523339763134,0.0247488293301175,True,-28.09617748723081,-22.610409040636963,1.26,40.0,0.004182588960669,0.1690014870957628,16.123536653275828,0.8061768326637915,0.1104523339763111,0.02474882933011698,True,True,True,valid,-28.0892232725925,-22.6911573127091,0.1104523339763111,0.006954214638312806,0.006954214638312806,-0.08074827207213886,0.08074827207213886,-0.03689702871691303,-0.08770248671045167,0.05730900690062551,interior_le_0.4,train
train_00195,multifidelity_train,exponential,0.2875905288368955,22.09211678674952,0.5536249456778607,10.05705431830276,0.146199322889829,0.0550484195626071,True,-23.23253327372526,-17.453024899249833,1.26,40.0,0.0055362494567786,0.1005705431830275,22.09211678674952,1.104605839337476,0.14619932288982887,0.05504841956260717,True,True,True,valid,-23.1968839744554,-17.5907935935437,0.22019367825042868,0.035649299269859824,0.035649299269859824,-0.13776869429386807,0.13776869429386807,-0.05105969751200412,-0.1734179935637279,0.10062575630987651,interior_le_0.4,train
train_00196,multifidelity_train,exponential,0.2644823643337153,15.302169987620369,0.5767260862458294,11.24753000482502,0.1522997906078877,0.0512757988641437,True,-23.8694344782952,-18.43650110920125,1.26,40.0,0.0057672608624582,0.1124753000482502,15.302169987620369,0.7651084993810184,0.15229979060788526,0.05127579886414291,True,True,True,valid,-23.8215740552063,-18.5732408168026,0.20510319545657163,0.04786042308890259,0.04786042308890259,-0.13673970760135035,0.13673970760135035,-0.04443964225622388,-0.18460013069025294,0.10244112390332202,interior_le_0.4,train
train_00197,multifidelity_train,exponential,0.39622860176753,25.78289695832889,0.4270877249424283,5.500284987823102,0.1127838199644144,0.0776482902045882,True,-23.750781602567432,-17.841506249102434,1.26,40.0,0.0042708772494242,0.055002849878231,25.78289695832889,1.289144847916445,0.11278381996441227,0.07764829020458676,True,True,True,valid,-23.8268365697979,-17.9535129868131,0.31059316081834704,-0.07605496723046912,0.07605496723046912,-0.11200673771066505,0.11200673771066505,-0.09403085247056708,-0.03595177048019593,0.09573366004967492,interior_le_0.4,train
train_00198,multifidelity_train,exponential,0.1114647900556508,6.580587844182069,0.4080062078979542,13.41996658170302,0.1077448402482871,0.0304029227952203,True,-29.557434229699844,-25.166806537637587,1.26,40.0,0.0040800620789795,0.1341996658170302,6.580587844182069,0.3290293922091034,0.10774484024828598,0.03040292279522005,True,True,True,valid,-29.5921036952905,-25.2479883245097,0.1216116911808802,-0.034669465590656756,0.034669465590656756,-0.08118178687211142,0.08118178687211142,-0.057925626231384086,-0.04651232128145466,0.06241976595634853,interior_le_0.4,train
train_00199,multifidelity_train,exponential,0.1310493709563827,7.194731196235424,0.9983120927264866,8.216088682342626,0.2636307361667666,0.121506976290553,True,-19.86305496398668,-15.343368688064189,1.26,40.0,0.0099831209272648,0.0821608868234262,7.194731196235424,0.3597365598117712,0.2636307361667648,0.12150697629055231,True,True,True,valid,-19.8211943550463,-15.7164409106591,0.48602790516220923,0.04186060894038235,0.04186060894038235,-0.3730722225949119,0.3730722225949119,-0.16560580682726478,-0.41493283153529426,0.265457335416416,middle_0.4_to_0.7,train
train_00200,multifidelity_train,exponential,0.1401458377382305,9.02120798315669,0.5423450463122942,17.286034210077048,0.1432205668522158,0.0313747525731569,True,-27.17045353996477,-22.34499102118855,1.26,40.0,0.0054234504631229,0.1728603421007704,9.02120798315669,0.4510603991578346,0.14322056685221468,0.031374752573156736,True,True,True,valid,-27.1254965156418,-22.4444142801334,0.14322056685221468,0.04495702432297222,0.04495702432297222,-0.09942325894484938,0.09942325894484938,-0.02723311731093858,-0.1443802832678216,0.07715607058161687,interior_le_0.4,train
train_00201,multifidelity_train,exponential,0.4634997673035545,46.43553072073239,0.7204302337426045,18.23426696870709,0.1902486750006684,0.0395096899139942,True,-22.24753969807025,-15.91886590399216,1.26,40.0,0.007204302337426,0.1823426696870708,46.43553072073239,2.32177653603662,0.19024867500066725,0.03950968991399399,True,True,True,valid,-21.9585241642556,-16.0971048074281,0.19024867500066725,0.2890155338146485,0.2890155338146485,-0.17823890343593973,0.17823890343593973,0.05538831518935439,-0.46725443725058824,0.24010319186155407,interior_le_0.4,train
train_00202,multifidelity_train,exponential,0.1468777880185858,10.135918000746052,0.8986186216695293,6.207747057705742,0.2373040359722547,0.1447576090514294,True,-19.187350499750742,-14.215709774253613,1.26,40.0,0.0089861862166952,0.0620774705770574,10.135918000746052,0.5067959000373027,0.2373040359722523,0.144757609051428,True,True,True,valid,-19.2371232653815,-14.6007846163317,0.579030436205712,-0.049772765630756055,0.049772765630756055,-0.38507484207808673,0.38507484207808673,-0.2174238038544214,-0.3353020764473307,0.2745541496681462,middle_0.4_to_0.7,train
train_00203,multifidelity_train,exponential,0.1781891747344334,9.9643312445344,0.8848130055866485,5.845015405605494,0.2336582975727272,0.1513790715997248,True,-19.252353467546143,-14.30167562230208,1.26,40.0,0.0088481300558664,0.0584501540560549,9.9643312445344,0.49821656222672,0.233658297572725,0.1513790715997234,True,True,True,valid,-19.3271290848791,-14.6886727289569,0.6055162863988937,-0.07477561733295701,0.07477561733295701,-0.386997106654821,0.386997106654821,-0.230886361993889,-0.312221489321864,0.2787096639037905,middle_0.4_to_0.7,train
train_00204,multifidelity_train,exponential,0.2898409858447159,22.06208257306308,0.7670695782688923,6.694574705419482,0.2025650285952847,0.1145807780213317,True,-19.251427110640545,-13.473101549707495,1.26,40.0,0.0076706957826889,0.0669457470541948,22.06208257306308,1.103104128653154,0.20256502859528405,0.11458077802133147,True,True,True,valid,-19.2417561547761,-13.7587909346027,0.4583231120853259,0.009670955864446995,0.009670955864446995,-0.2856893848952051,0.2856893848952051,-0.13800921451537906,-0.2953603407596521,0.20212861255786221,middle_0.4_to_0.7,train
train_00205,multifidelity_train,exponential,0.1608874617547516,8.14402206932835,0.7257652621061883,15.873510276465668,0.1916575304730297,0.0457217873970964,True,-24.57331871404644,-19.88242243064656,1.26,40.0,0.0072576526210618,0.1587351027646567,8.14402206932835,0.4072011034664176,0.19165753047302755,0.045721787397095884,True,True,True,valid,-24.4492449168394,-20.0254141308825,0.19165753047302755,0.12407379720703915,0.12407379720703915,-0.14299170023593888,0.14299170023593888,-0.009458951514449865,-0.26706549744297803,0.1338673475679153,interior_le_0.4,train
train_00206,multifidelity_train,exponential,0.455381844700548,32.958428557969704,0.554912532655125,18.127385165967503,0.1465393443171643,0.0306118354950013,True,-24.867749753439757,-18.76982666778581,1.26,40.0,0.0055491253265512,0.181273851659675,32.958428557969704,1.6479214278984853,0.146539344317163,0.030611835495001086,True,True,True,valid,-24.7439516892881,-18.8861609569248,0.146539344317163,0.12379806415165717,0.12379806415165717,-0.11633428913899024,0.11633428913899024,0.0037318875063334644,-0.24013235329064742,0.12012415976224768,interior_le_0.4,train
train_00207,multifidelity_train,exponential,0.1918961442969132,10.97481283661386,0.7680623459776806,14.175664863957284,0.2028271951900974,0.0541817511452699,True,-22.906167449748644,-17.83891526181303,1.26,40.0,0.0076806234597768,0.1417566486395728,10.97481283661386,0.548740641830693,0.20282719519009723,0.05418175114526993,True,True,True,valid,-22.7407604303575,-18.0160151451929,0.2167270045810797,0.165407019391143,0.165407019391143,-0.17709988337986715,0.17709988337986715,-0.005846431994362078,-0.34250690277101015,0.17135321817378352,interior_le_0.4,train
train_00208,multifidelity_train,exponential,0.2515408767726251,19.410026726225603,0.5942161029565393,16.598819984193184,0.1569184925294688,0.035798695541153,True,-24.66054390916236,-18.99682725461897,1.26,40.0,0.0059421610295653,0.1659881998419318,19.410026726225603,0.9705013363112802,0.1569184925294664,0.03579869554115254,True,True,True,valid,-24.5417277972354,-19.1219414253988,0.1569184925294664,0.11881611192696084,0.11881611192696084,-0.12511417077982756,0.12511417077982756,-0.0031490294264333585,-0.2439302827067884,0.1220057871237343,interior_le_0.4,train
train_00209,multifidelity_train,exponential,0.427735711426069,34.432521204468195,0.987833597441958,14.947240881637756,0.260863612092134,0.0660880228842422,True,-19.0472850182055,-12.917877844417138,1.26,40.0,0.0098783359744195,0.1494724088163775,34.432521204468195,1.72162606022341,0.26086361209213194,0.06608802288424179,True,True,True,valid,-18.5584264404609,-13.232307324729,0.26435209153696715,0.48885857774460106,0.48885857774460106,-0.3144294803118619,0.3144294803118619,0.08721454871636958,-0.803288058056463,0.4110040189120185,interior_le_0.4,train
train_00210,multifidelity_train,exponential,0.0926842125756733,5.718210058246186,1.07149726827505,17.508102937666536,0.2829572191843853,0.0612000781632289,True,-22.667413209750205,-18.49031743568801,1.26,40.0,0.0107149726827505,0.1750810293766653,5.718210058246186,0.2859105029123093,0.28295721918438527,0.06120007816322894,True,True,True,valid,-22.4019960227234,-18.6880878064551,0.28295721918438527,0.26541718702680583,0.26541718702680583,-0.19777037076709192,0.19777037076709192,0.03382340812985696,-0.46318755779389775,0.23405063845520208,interior_le_0.4,train
train_00211,multifidelity_train,exponential,0.4749386681816565,42.2884469530964,1.0018638344077868,5.435072128800836,0.26456866758214,0.1843331257921746,True,-15.732192259559248,-9.462967064243946,1.26,40.0,0.0100186383440778,0.0543507212880083,42.2884469530964,2.11442234765482,0.2645686675821382,0.1843331257921736,True,True,True,valid,-15.7530255622973,-9.98414497106065,0.7373325031686944,-0.020833302738051174,0.020833302738051174,-0.5211779068167033,0.5211779068167033,-0.27100560477737723,-0.5003446040786521,0.36882274676110716,nearer_boundary_gt_0.7,train
train_00212,multifidelity_train,exponential,0.25321650355595,15.510371344016406,0.9472688784167772,17.0600762320362,0.250151424173224,0.0555254774675597,True,-21.10302299897932,-15.65631686410793,1.26,40.0,0.0094726887841677,0.1706007623203619,15.510371344016406,0.7755185672008204,0.25015142417322206,0.055525477467559335,True,True,True,valid,-20.7213845982294,-15.8975015110963,0.25015142417322206,0.38163840074992095,0.38163840074992095,-0.24118464698836917,0.24118464698836917,0.07022687688077589,-0.6228230477382901,0.3192318145719984,interior_le_0.4,train
train_00213,multifidelity_train,exponential,0.3464643012997679,21.237501097605055,0.8125340000023256,5.120279745105277,0.2145711127229916,0.1586893764503914,True,-18.35414383358348,-12.60922886547326,1.26,40.0,0.0081253400000232,0.0512027974510527,21.237501097605055,1.061875054880253,0.21457111272299015,0.15868937645039055,True,True,True,valid,-18.4381764014401,-12.9645620649858,0.6347575058015622,-0.08403256785662094,0.08403256785662094,-0.3553331995125415,0.3553331995125415,-0.21968288368458122,-0.27130063165592055,0.258189034562273,middle_0.4_to_0.7,train
train_00214,multifidelity_train,exponential,0.4348265053970725,31.770371667195377,0.8219907009039804,16.808786043223996,0.2170684049411028,0.0489024429718018,True,-21.198731576827612,-15.127709249578732,1.26,40.0,0.0082199070090398,0.1680878604322399,31.770371667195377,1.588518583359769,0.21706840494110274,0.04890244297180185,True,True,True,valid,-20.8515053947037,-15.3453034532302,0.21706840494110274,0.34722618212391154,0.34722618212391154,-0.2175942036514673,0.2175942036514673,0.06481598923622212,-0.5648203857753789,0.28975270405559983,interior_le_0.4,train
train_00215,multifidelity_train,exponential,0.1570629265279769,9.234061105837784,0.912102379037977,13.706949686433507,0.2408647790577457,0.0665430602653143,True,-21.696242022599183,-16.840926199414163,1.26,40.0,0.0091210237903797,0.1370694968643351,9.234061105837784,0.4617030552918892,0.24086477905774395,0.06654306026531387,True,True,True,valid,-21.4741765623681,-17.0672203877215,0.2661722410612555,0.2220654602310823,0.2220654602310823,-0.22629418830733528,0.22629418830733528,-0.0021143640381264817,-0.4483596485384176,0.22418979491640348,interior_le_0.4,train
train_00216,multifidelity_train,exponential,0.2743492429480528,14.069872096161196,0.6610120880900197,17.110417615389828,0.1745577406784426,0.0386321422976536,True,-24.423366177033756,-19.077850088029106,1.26,40.0,0.0066101208809001,0.1711041761538982,14.069872096161196,0.7034936048080599,0.1745577406784401,0.03863214229765311,True,True,True,valid,-24.2771019781528,-19.214972975213,0.1745577406784401,0.14626419888095654,0.14626419888095654,-0.13712288718389587,0.13712288718389587,0.004570655848530336,-0.2833870860648524,0.14176724245031969,interior_le_0.4,train
train_00217,multifidelity_train,exponential,0.2204726346559749,10.872542053861585,0.7059653920910076,8.85193497326954,0.1864288506381973,0.0797526635953419,True,-22.0232574489066,-16.96709181603533,1.26,40.0,0.00705965392091,0.0885193497326954,10.872542053861585,0.5436271026930791,0.18642885063819528,0.07975266359534106,True,True,True,valid,-21.9894923180531,-17.1729386242515,0.3190106543813642,0.03376513085350297,0.03376513085350297,-0.20584680821616885,0.20584680821616885,-0.08604083868133294,-0.23961193906967182,0.1475008347677029,interior_le_0.4,train
train_00218,multifidelity_train,exponential,0.2736434148891654,16.162935294046953,0.8396912749704842,16.245155796670403,0.2217427101065169,0.0516887178849086,True,-21.882443343612756,-16.394238189396564,1.26,40.0,0.0083969127497048,0.162451557966704,16.162935294046953,0.8081467647023477,0.2217427101065158,0.05168871788490836,True,True,True,valid,-21.5956533235888,-16.5992864550295,0.2217427101065158,0.2867900200239575,0.2867900200239575,-0.20504826563293577,0.20504826563293577,0.04087087719551086,-0.49183828565689325,0.24929230516044504,interior_le_0.4,train
train_00219,multifidelity_train,exponential,0.4296780122569046,30.26961124798602,1.10922099252061,13.051366475614683,0.2929191672227466,0.0849888779533614,True,-17.683593959357452,-11.648714653328591,1.26,40.0,0.0110922099252061,0.1305136647561468,30.26961124798602,1.513480562399301,0.29291916722274663,0.0849888779533615,True,True,True,valid,-17.1482473901685,-12.0522701871475,0.339955511813446,0.5353465691889525,0.5353465691889525,-0.4035555338189081,0.4035555338189081,0.06589551768502222,-0.9389021030078606,0.474053276551405,interior_le_0.4,train
train_00220,multifidelity_train,exponential,0.2525199090853597,18.71191085255419,0.9772107640130726,6.158335367389785,0.2580583717094541,0.1586809918127703,True,-17.2331598739582,-11.6034355464795,1.26,40.0,0.0097721076401307,0.0615833536738978,18.71191085255419,0.9355955426277096,0.25805837170945345,0.15868099181277007,True,True,True,valid,-17.2337480653231,-12.0651469057315,0.6347239672510803,-0.0005881913648977388,0.0005881913648977388,-0.4617113592520017,0.4617113592520017,-0.2311497753084497,-0.46112316788710395,0.3264794980021048,middle_0.4_to_0.7,train
train_00221,multifidelity_train,exponential,0.1993108887568256,14.252951708553027,0.9059722149166116,17.600450858430637,0.2392459469390994,0.0514743754125281,True,-21.77265393620172,-16.41346680708172,1.26,40.0,0.0090597221491661,0.1760045085843063,14.252951708553027,0.7126475854276515,0.23924594693909906,0.05147437541252806,True,True,True,valid,-21.4323565009298,-16.6304547337501,0.23924594693909906,0.34029743527192124,0.34029743527192124,-0.21698792666838074,0.21698792666838074,0.061654754301770254,-0.557285361940302,0.2853822916479665,interior_le_0.4,train
train_00222,multifidelity_train,exponential,0.3885984114037965,25.443728497702335,0.6840664593322212,12.974941360394755,0.1806458577179191,0.05272212338626,True,-22.089331534763247,-16.190832133832778,1.26,40.0,0.0068406645933222,0.1297494136039475,25.443728497702335,1.272186424885117,0.1806458577179188,0.052722123386259985,True,True,True,valid,-21.9255121687141,-16.3643774365377,0.21088849354503994,0.1638193660491467,0.1638193660491467,-0.1735453027049232,0.1735453027049232,-0.00486296832788824,-0.3373646687540699,0.16875241743999958,interior_le_0.4,train
train_00223,multifidelity_train,exponential,0.3159689356177858,17.4346123245879,1.0893433415004208,10.93991583672765,0.2876699472544633,0.099575111706368,True,-18.017371448829252,-12.454834838329177,1.26,40.0,0.0108934334150042,0.1093991583672765,17.4346123245879,0.871730616229395,0.28766994725446315,0.099575111706368,True,True,True,valid,-17.664230027368,-12.8548356260336,0.398300446825472,0.3531414214612525,0.3531414214612525,-0.40000078770442293,0.40000078770442293,-0.02342968312158522,-0.7531422091656754,0.37729928022448755,interior_le_0.4,train
train_00224,multifidelity_train,exponential,0.3224489965411192,21.27866307279764,0.7178331058792793,6.917380494196525,0.1895628346351994,0.1037723899215201,True,-19.95716793813809,-14.210540968702468,1.26,40.0,0.0071783310587927,0.0691738049419652,21.27866307279764,1.0639331536398822,0.18956283463519702,0.10377238992151884,True,True,True,valid,-19.9499718956807,-14.460322829053,0.41508955968607536,0.0071960424573909165,0.0071960424573909165,-0.24978186035053263,0.24978186035053263,-0.12129290894657085,-0.25697790280792354,0.1766957282834273,middle_0.4_to_0.7,train
train_00225,multifidelity_train,exponential,0.2127141583468978,13.62945998138362,0.7946946293700589,13.275296347772906,0.2098601546500588,0.0598626658532846,True,-21.90635135158528,-16.594795479791276,1.26,40.0,0.0079469462937005,0.132752963477729,13.62945998138362,0.681472999069181,0.20986015465005647,0.05986266585328395,True,True,True,valid,-21.7136220181125,-16.796154201808,0.2394506634131358,0.19272933347277998,0.19272933347277998,-0.20135872201672456,0.20135872201672456,-0.004314694271972286,-0.39408805548950454,0.19709126174575903,interior_le_0.4,train
train_00226,multifidelity_train,exponential,0.261775736181415,17.1863122447803,0.9849587840786076,6.902752841529077,0.2601044415192801,0.1426907216136718,True,-17.550855432771534,-12.002207287853349,1.26,40.0,0.009849587840786,0.0690275284152907,17.1863122447803,0.8593156122390151,0.26010444151927814,0.14269072161367086,True,True,True,valid,-17.4952719604694,-12.4417568509659,0.5707628864546834,0.05558347230213556,0.05558347230213556,-0.43954956311255167,0.43954956311255167,-0.19198304540520805,-0.49513303541468723,0.31328368998848094,middle_0.4_to_0.7,train
train_00227,multifidelity_train,exponential,0.3244788758273721,26.578933313085344,1.058481417009971,6.522552697835848,0.2795200390922575,0.1622802399681907,True,-16.132825705921842,-10.199045757649014,1.26,40.0,0.0105848141700997,0.0652255269783584,26.578933313085344,1.3289466656542672,0.2795200390922572,0.16228023996819074,True,True,True,valid,-16.0581141560868,-10.7272517467387,0.649120959872763,0.07471154983504391,0.07471154983504391,-0.5282059890896864,0.5282059890896864,-0.22674721962732125,-0.6029175389247303,0.37721570923608694,middle_0.4_to_0.7,train
train_00228,multifidelity_train,exponential,0.1318193933228748,9.961714060679393,1.0540742968091874,14.661280853012377,0.2783562223345791,0.0718951029843079,True,-20.50995095487895,-15.559596854325983,1.26,40.0,0.0105407429680918,0.1466128085301237,9.961714060679393,0.4980857030339696,0.2783562223345772,0.0718951029843075,True,True,True,valid,-20.1643375662254,-15.8383993617024,0.28758041193723,0.3456133886535504,0.3456133886535504,-0.2788025073764171,0.2788025073764171,0.03340544063856665,-0.6244158960299675,0.3139900098219426,interior_le_0.4,train
train_00229,multifidelity_train,exponential,0.2086419190443713,13.10607066417776,0.8074530189052643,15.53346156085379,0.2132293451566894,0.0519815248997779,True,-22.445462590822483,-17.176375711928277,1.26,40.0,0.0080745301890526,0.1553346156085379,13.10607066417776,0.6553035332088881,0.21322934515668826,0.051981524899777636,True,True,True,valid,-22.2167055761885,-17.3652283157908,0.21322934515668826,0.22875701463398457,0.22875701463398457,-0.18885260386252511,0.18885260386252511,0.019952205385729727,-0.4176096184965097,0.20975590305150993,interior_le_0.4,train
train_00230,multifidelity_train,exponential,0.2778213737207156,22.747497127530856,0.3993708446789836,17.8437394086028,0.1054644439883688,0.0223815667520026,True,-28.155112042199814,-22.35035813377989,1.26,40.0,0.0039937084467898,0.178437394086028,22.747497127530856,1.137374856376543,0.10546444398836789,0.022381566752002435,True,True,True,valid,-28.1468604121939,-22.4270229537417,0.10546444398836789,0.008251630005915445,0.008251630005915445,-0.07666481996181318,0.07666481996181318,-0.03420659497794887,-0.08491644996772862,0.054523316193770495,interior_le_0.4,train
train_00231,multifidelity_train,exponential,0.3975983387761392,32.53222407843643,0.8383496828500421,7.33949607791047,0.22138842719146,0.1142244200352127,True,-18.175836722150542,-12.087399955228468,1.26,40.0,0.0083834968285004,0.0733949607791046,32.53222407843643,1.6266112039218217,0.22138842719145946,0.11422442003521262,True,True,True,valid,-18.0882580743469,-12.4130599479009,0.45689768014085047,0.08757864780364244,0.08757864780364244,-0.3256599926724313,0.3256599926724313,-0.11904067243439442,-0.4132386404760737,0.23845801556932664,middle_0.4_to_0.7,train
train_00232,multifidelity_train,exponential,0.1998832008483663,10.08116018241201,0.5688078593729846,10.267047313551654,0.1502087731847466,0.0554013088672733,True,-24.54991300355956,-19.58490647388129,1.26,40.0,0.0056880785937298,0.1026704731355165,10.08116018241201,0.5040580091206005,0.1502087731847454,0.05540130886727295,True,True,True,valid,-24.5391933956413,-19.7208798262041,0.2216052354690918,0.010719607918261431,0.010719607918261431,-0.13597335232281083,0.13597335232281083,-0.0626268722022747,-0.14669296024107226,0.09644600182440043,interior_le_0.4,train
train_00233,multifidelity_train,exponential,0.4756717461673517,30.48957982725957,0.4390420317965441,17.936085797357013,0.1159406711528107,0.0244781407023175,True,-26.95517940258078,-20.914841745782077,1.26,40.0,0.0043904203179654,0.1793608579735701,30.48957982725957,1.5244789913629786,0.11594067115280962,0.024478140702317304,True,True,True,valid,-26.9163613296979,-21.0003531510524,0.11594067115280962,0.038818072882879306,0.038818072882879306,-0.0855114052703243,0.0855114052703243,-0.0233466661937225,-0.12432947815320361,0.06640422883238001,interior_le_0.4,train
train_00234,multifidelity_train,exponential,0.4093547970583548,29.511427042553915,1.0712201876943623,16.907505238880645,0.2828840487219653,0.0633576729718217,True,-19.01387978308756,-12.998263731030653,1.26,40.0,0.0107122018769436,0.1690750523888064,29.511427042553915,1.475571352127696,0.2828840487219647,0.0633576729718216,True,True,True,valid,-18.419988702472,-13.3357372481559,0.2828840487219647,0.5938910806155597,0.5938910806155597,-0.33747351712524676,0.33747351712524676,0.12820878174515649,-0.9313645977408065,0.48300879412056336,interior_le_0.4,train
train_00235,multifidelity_train,exponential,0.2308156526052231,15.70075037267341,1.1274265575350182,7.240871071854452,0.2977268286164621,0.1557031669735661,True,-16.65284338831689,-11.19377427944459,1.26,40.0,0.0112742655753501,0.0724087107185445,15.70075037267341,0.7850375186336706,0.2977268286164599,0.15570316697356498,True,True,True,valid,-16.5453653144558,-11.7403143744895,0.6228126678942599,0.10747807386108832,0.10747807386108832,-0.5465400950449109,0.5465400950449109,-0.21953101059191127,-0.6540181689059992,0.39386394341992625,middle_0.4_to_0.7,train
train_00236,multifidelity_train,exponential,0.48018859382749,43.2828484878148,0.4090475247281536,16.034377917567692,0.1080198275238379,0.025510657590276,True,-26.725664387301777,-20.44143192639357,1.26,40.0,0.0040904752472815,0.1603437791756769,43.2828484878148,2.16414242439074,0.10801982752383697,0.025510657590275865,True,True,True,valid,-26.7037914876786,-20.5217921249783,0.10801982752383697,0.021872899623176068,0.021872899623176068,-0.08036019858473153,0.08036019858473153,-0.029243649480777734,-0.1022330982079076,0.05889051389868755,interior_le_0.4,train
train_00237,multifidelity_train,exponential,0.3231508042507974,22.325050173268178,0.4475224136436307,11.98726464437793,0.1181801404786974,0.0373331553878324,True,-25.67319249044651,-19.884588882576104,1.26,40.0,0.0044752241364363,0.1198726464437793,22.325050173268178,1.116252508663409,0.11818014047869721,0.037333155387832336,True,True,True,valid,-25.6655839453639,-19.9807783157296,0.14933262155132934,0.007608545082611329,0.007608545082611329,-0.09618943315349782,0.09618943315349782,-0.044290444035443244,-0.10379797823610915,0.06822864870662966,interior_le_0.4,train
train_00238,multifidelity_train,exponential,0.3742029696913684,21.989335826475003,0.6958080796767109,6.614844430387423,0.1837465434030484,0.1051888804036406,True,-20.07682015502144,-14.301369184517132,1.26,40.0,0.0069580807967671,0.0661484443038742,21.989335826475003,1.09946679132375,0.1837465434030482,0.10518888040364054,True,True,True,valid,-20.0866099254801,-14.5427687461376,0.42075552161456214,-0.00978977045866003,0.00978977045866003,-0.24139956162046872,0.24139956162046872,-0.12559466603956437,-0.2316097911618087,0.17083557585612508,middle_0.4_to_0.7,train
train_00239,multifidelity_train,exponential,0.376043805150932,23.77326446803688,0.8266785545938047,11.80816182086168,0.2183063568083542,0.0700090807642301,True,-20.196893438303857,-14.354666972338464,1.26,40.0,0.008266785545938,0.1180816182086168,23.77326446803688,1.1886632234018442,0.21830635680835306,0.07000908076422978,True,True,True,valid,-19.9586294928258,-14.6004809570594,0.2800363230569191,0.23826394547805663,0.23826394547805663,-0.24581398472093596,0.24581398472093596,-0.003775019621439668,-0.4840779301989926,0.24206840231549726,interior_le_0.4,train
train_00240,multifidelity_train,exponential,0.309399896078968,26.705419528711342,0.5836574503399621,5.965564953870941,0.1541302007893226,0.0978377496269214,True,-21.121459121856702,-15.183883200858002,1.26,40.0,0.0058365745033996,0.0596556495387094,26.705419528711342,1.3352709764355672,0.15413020078932205,0.09783774962692109,True,True,True,valid,-21.1701088448073,-15.3686864994249,0.39135099850768434,-0.04864972295059644,0.04864972295059644,-0.18480329856689792,0.18480329856689792,-0.11672651075874718,-0.13615357561630148,0.1351278185725941,interior_le_0.4,train
train_00241,multifidelity_train,exponential,0.1420556827379173,9.726930530911453,0.9551022601702852,13.446165554012754,0.2522200359965192,0.0710315707726246,True,-21.09565191331597,-16.174846204380824,1.26,40.0,0.0095510226017028,0.1344616555401275,9.726930530911453,0.4863465265455726,0.2522200359965179,0.07103157077262431,True,True,True,valid,-20.8440699630213,-16.4249669856326,0.28412628309049726,0.2515819502946677,0.2515819502946677,-0.25012078125177695,0.25012078125177695,0.0007305845214453655,-0.5017027315464446,0.250852429655433,interior_le_0.4,train
train_00242,multifidelity_train,exponential,0.0791661497522939,4.9905840216745165,0.7282825631067829,8.255598988588872,0.1923222904421568,0.0882168046332478,True,-23.856274845526457,-19.89882486778818,1.26,40.0,0.0072828256310678,0.0825559898858887,4.9905840216745165,0.2495292010837258,0.19232229044215612,0.08821680463324749,True,True,True,valid,-23.895625892366,-20.1087872957788,0.35286721853298997,-0.03935104683954194,0.03935104683954194,-0.2099624279906216,0.2099624279906216,-0.12465673741508176,-0.17061138115107966,0.15105086238596055,interior_le_0.4,train
train_00243,multifidelity_train,exponential,0.1027521076928955,5.881598074542758,0.701740046793911,7.554373359993681,0.185313036355922,0.0928918936559548,True,-23.33605765367444,-19.11508997226734,1.26,40.0,0.0070174004679391,0.0755437335999368,5.881598074542758,0.2940799037271379,0.18531303635592172,0.09289189365595468,True,True,True,valid,-23.3824043128406,-19.3304998271231,0.37156757462381873,-0.04634665916615788,0.04634665916615788,-0.21540985485575703,0.21540985485575703,-0.13087825701095746,-0.16906319568959916,0.15580343126010146,interior_le_0.4,train
train_00244,multifidelity_train,exponential,0.2708762395909994,16.393295220001175,0.4650445302394917,8.491597187366432,0.1228073192247254,0.0547652602894744,True,-24.701889492502374,-19.199606380689843,1.26,40.0,0.0046504453023949,0.0849159718736643,16.393295220001175,0.8196647610000588,0.12280731922472499,0.05476526028947425,True,True,True,valid,-24.730431291196,-19.3134929111867,0.219061041157897,-0.028541798693623832,0.028541798693623832,-0.11388653049685615,0.11388653049685615,-0.07121416459523999,-0.08534473180323232,0.0830204074347949,interior_le_0.4,train
train_00245,multifidelity_train,exponential,0.4247185175050463,29.580316159585543,1.0514201529305265,15.753073850832392,0.277655325380889,0.0667438090423837,True,-18.894906484050804,-12.87751066211742,1.26,40.0,0.0105142015293052,0.1575307385083239,29.580316159585543,1.4790158079792777,0.2776553253808874,0.06674380904238338,True,True,True,valid,-18.3437684499272,-13.2136763778727,0.2776553253808874,0.5511380341236034,0.5511380341236034,-0.3361657157552802,0.3361657157552802,0.1074861591841616,-0.8873037498788836,0.456486867887177,interior_le_0.4,train
train_00246,multifidelity_train,exponential,0.2912915116774585,24.212589315087357,0.9915971274678128,9.16025124324355,0.2618574718265103,0.108249992400503,True,-17.735766850636388,-11.878198342598576,1.26,40.0,0.0099159712746781,0.0916025124324355,24.212589315087357,1.2106294657543677,0.26185747182650965,0.10824999240050273,True,True,True,valid,-17.4919567903807,-12.266413658874,0.4329999696020109,0.24381006025568652,0.24381006025568652,-0.38821531627542427,0.38821531627542427,-0.07220262800986887,-0.6320253765311108,0.3241561948140967,middle_0.4_to_0.7,train
train_00247,multifidelity_train,exponential,0.159820764889807,9.231791814533976,1.0759756221431755,12.796410327614993,0.2841398470776774,0.0840841763116326,True,-20.00539742458715,-15.15039466371173,1.26,40.0,0.0107597562214317,0.1279641032761499,9.231791814533976,0.4615895907266989,0.284139847077676,0.0840841763116322,True,True,True,valid,-19.7073956239805,-15.4620176401628,0.3363367052465288,0.29800180060665227,0.29800180060665227,-0.31162297645107095,0.31162297645107095,-0.0068105879222093435,-0.6096247770577232,0.3048884653582615,interior_le_0.4,train
train_00248,multifidelity_train,exponential,0.282611819804,15.025614304202994,0.6312309769954336,17.374500736272807,0.1666932499055345,0.0363308843561536,True,-24.75985856937044,-19.34564225856387,1.26,40.0,0.0063123097699543,0.173745007362728,15.025614304202994,0.7512807152101497,0.16669324990553364,0.03633088435615345,True,True,True,valid,-24.6273946004162,-19.4750630092227,0.16669324990553364,0.13246396895424084,0.13246396895424084,-0.12942075065883074,0.12942075065883074,0.0015216091477050497,-0.2618847196130716,0.13095120039962466,interior_le_0.4,train
train_00249,multifidelity_train,exponential,0.3983984306756053,26.48966232392849,0.8092050977804484,15.559555438175876,0.2136920279660556,0.0520069548899216,True,-21.265949121125537,-15.334864055812442,1.26,40.0,0.0080920509778044,0.1555955543817587,26.48966232392849,1.3244831161964248,0.21369202796605344,0.05200695488992116,True,True,True,valid,-20.9623969809532,-15.5477680522306,0.21369202796605344,0.3035521401723358,0.3035521401723358,-0.2129039964181576,0.2129039964181576,0.04532407187708909,-0.5164561365904934,0.262175526598144,interior_le_0.4,train
train_00250,multifidelity_train,exponential,0.3369206011573833,24.243229424262303,1.0277168381458406,12.288016030071988,0.2713958376196891,0.0836357012906517,True,-18.421913396666625,-12.56328990186198,1.26,40.0,0.0102771683814584,0.1228801603007198,24.243229424262303,1.2121614712131152,0.271395837619689,0.0836357012906517,True,True,True,valid,-18.0130136500256,-12.91605509333,0.3345428051626068,0.40889974664102624,0.40889974664102624,-0.3527651914680199,0.3527651914680199,0.02806727758650318,-0.7616649381090461,0.3818653447974588,interior_le_0.4,train
train_00251,multifidelity_train,exponential,0.1751716139175853,13.393323821285543,0.6239474699397356,7.61757220162342,0.1647698470529002,0.0819089669812073,True,-22.224469283390928,-16.931778679249348,1.26,40.0,0.0062394746993973,0.0761757220162342,13.393323821285543,0.6696661910642773,0.16476984705289874,0.0819089669812066,True,True,True,valid,-22.2357005317511,-17.1172737927364,0.3276358679248264,-0.011231248360171975,0.011231248360171975,-0.1854951134870504,0.1854951134870504,-0.09836318092361118,-0.17426386512687841,0.13140505710835784,interior_le_0.4,train
train_00252,multifidelity_train,exponential,0.4479811607340319,45.24790660552247,0.815362737700986,14.04862700332484,0.2153181157968338,0.05803860672705,True,-20.178390838971687,-13.865928037210116,1.26,40.0,0.0081536273770098,0.1404862700332484,45.24790660552247,2.2623953302761235,0.21531811579683224,0.05803860672704962,True,True,True,valid,-19.8500130968009,-14.10328946482,0.23215442690819849,0.32837774217078675,0.32837774217078675,-0.23736142760988344,0.23736142760988344,0.045508157280451655,-0.5657391697806702,0.28650688374817945,interior_le_0.4,train
train_00253,multifidelity_train,exponential,0.4458024851435944,44.16121110231267,0.4115933777808859,10.952995397067728,0.1086921274181837,0.0375781567379344,True,-25.23448366886338,-18.937406585024483,1.26,40.0,0.0041159337778088,0.1095299539706772,44.16121110231267,2.2080605551156336,0.10869212741818224,0.03757815673793396,True,True,True,valid,-25.2382477195022,-19.0254362556443,0.15031262695173583,-0.003764050638821459,0.003764050638821459,-0.08802967061981803,0.08802967061981803,-0.04589686062931975,-0.08426561998099658,0.06230325427554032,interior_le_0.4,train
train_00254,multifidelity_train,exponential,0.1289408923468522,8.621647392921972,0.989374632010891,7.869823864212782,0.2612705630655081,0.1257175063993453,True,-19.31617049389088,-14.549568309567888,1.26,40.0,0.0098937463201089,0.0786982386421278,8.621647392921972,0.4310823696460986,0.2612705630655079,0.12571750639934523,True,True,True,valid,-19.2695336606247,-14.9369670639414,0.5028700255973809,0.046636833266180844,0.046636833266180844,-0.38739875437351223,0.38739875437351223,-0.1703809605536657,-0.4340355876396931,0.2759101204262417,middle_0.4_to_0.7,train
train_00255,multifidelity_train,exponential,0.3190011199144782,22.71228498381902,1.1255847350287993,11.65396194237,0.2972404466255589,0.0965838691249317,True,-17.535506946518847,-11.732082608051044,1.26,40.0,0.0112558473502879,0.1165396194237,22.71228498381902,1.135614249190951,0.29724044662555643,0.09658386912493094,True,True,True,valid,-17.0838935673695,-12.155638228759,0.3863354764997238,0.4516133791493466,0.4516133791493466,-0.4235556207079565,0.4235556207079565,0.014028879220695067,-0.8751689998573031,0.43780932382716214,interior_le_0.4,train
test_00000,multifidelity_test,exponential,0.1214599207017487,8.955442530724126,0.5811500046082391,11.625929325002264,0.1534680433648372,0.0499874021561821,True,-25.08504511603963,-20.26901125552708,1.26,40.0,0.0058115000460823,0.1162592932500226,8.955442530724126,0.4477721265362063,0.15346804336483483,0.04998740215618135,True,True,True,valid,-25.0602392540323,-20.3984438996759,0.1999496086247254,0.02480586200733015,0.02480586200733015,-0.12943264414882094,0.12943264414882094,-0.052313391070745396,-0.1542385061561511,0.09318835807460613,interior_le_0.4,test
test_00001,multifidelity_test,exponential,0.3297756502466958,19.430508236828413,0.7331117582568836,5.434630704467206,0.1935975672636937,0.1348963339227951,True,-19.461127597023868,-13.79644035581495,1.26,40.0,0.0073311175825688,0.054346307044672,19.430508236828413,0.9715254118414208,0.1935975672636928,0.13489633392279463,True,True,True,valid,-19.5291921731911,-14.0836207422482,0.5395853356911785,-0.06806457616723094,0.06806457616723094,-0.28718038643325094,0.28718038643325094,-0.17762248130024094,-0.21911581026602,0.208692789622421,middle_0.4_to_0.7,test
test_00002,multifidelity_test,exponential,0.1844387084466238,13.429356415684286,1.0836216936743823,17.898822826536616,0.2861589946781543,0.0605415062306676,True,-20.40091339561745,-15.1053133106904,1.26,40.0,0.0108362169367438,0.1789882282653661,13.429356415684286,0.6714678207842143,0.28615899467815376,0.06054150623066751,True,True,True,valid,-19.914247496673,-15.3882003482931,0.28615899467815376,0.48666589894445167,0.48666589894445167,-0.2828870376027002,0.2828870376027002,0.10188943067087575,-0.7695529365471518,0.39803817231456756,interior_le_0.4,test
test_00003,multifidelity_test,exponential,0.1861632221109575,10.106617588854029,0.5734937877592506,14.764758320063349,0.1514462166246254,0.0388420707828281,True,-25.78945602882676,-20.821358791557454,1.26,40.0,0.0057349378775925,0.1476475832006334,10.106617588854029,0.5053308794427014,0.15144621662462526,0.03884207078282808,True,True,True,valid,-25.7342767436689,-20.9363178884402,0.15536828313131232,0.05517928515785897,0.05517928515785897,-0.11495909688274608,0.11495909688274608,-0.029889905862443555,-0.17013838204060505,0.09016747602830223,interior_le_0.4,test
test_00004,multifidelity_test,exponential,0.1510890196617801,9.946274476004602,0.6911863796031359,16.266132691907544,0.1825260611494367,0.0424923608269225,True,-24.582718103574784,-19.634276358530794,1.26,40.0,0.0069118637960313,0.1626613269190754,9.946274476004602,0.4973137238002301,0.1825260611494352,0.04249236082692217,True,True,True,valid,-24.4539444809725,-19.7733397325302,0.1825260611494352,0.1287736226022851,0.1287736226022851,-0.13906337399940583,0.13906337399940583,-0.005144875698560369,-0.2678369966016909,0.13401728967975432,interior_le_0.4,test
test_00005,multifidelity_test,exponential,0.1331390529296979,6.895508403379234,0.972992957611141,13.295722914657224,0.2569445482720225,0.0731808991400168,True,-21.828793999972227,-17.369930768605503,1.26,40.0,0.0097299295761114,0.1329572291465722,6.895508403379234,0.3447754201689617,0.2569445482720223,0.07318089914001678,True,True,True,valid,-21.6344188712493,-17.6055372150363,0.29272359656006713,0.19437512872292828,0.19437512872292828,-0.23560644643079698,0.23560644643079698,-0.02061565885393435,-0.42998157515372526,0.21597695278177595,interior_le_0.4,test
test_00006,multifidelity_test,exponential,0.3253322588318952,25.45397070668488,0.5870636124705106,18.07393819425993,0.1550296880704267,0.0324812227507204,True,-24.699901464683634,-18.801073613249745,1.26,40.0,0.0058706361247051,0.1807393819425993,25.45397070668488,1.2726985353342442,0.1550296880704265,0.03248122275072039,True,True,True,valid,-24.5635040925998,-18.9244612689873,0.1550296880704265,0.1363973720838345,0.1363973720838345,-0.12338765573755595,0.12338765573755595,0.006504858173139283,-0.25978502782139046,0.13005528958828552,interior_le_0.4,test
test_00007,multifidelity_test,exponential,0.4300237138071163,39.98482055830133,0.6070644356401155,10.194506349124223,0.1603114349054706,0.0595481933945988,True,-21.719830205044563,-15.487430818393412,1.26,40.0,0.0060706443564011,0.1019450634912422,39.98482055830133,1.9992410279150663,0.16031143490546917,0.05954819339459836,True,True,True,valid,-21.6324799428397,-15.6492999530322,0.23819277357839344,0.0873502622048612,0.0873502622048612,-0.16186913463878838,0.16186913463878838,-0.03725943621696359,-0.24921939684364958,0.13006091852660467,interior_le_0.4,test
test_00008,multifidelity_test,exponential,0.2418897129934663,13.21666678318262,0.6794089883740199,6.2287687314939655,0.1794159292152676,0.1090759695313112,True,-21.04423949970396,-15.765977667701073,1.26,40.0,0.0067940898837401,0.0622876873149396,13.21666678318262,0.660833339159131,0.179415929215265,0.10907596953130974,True,True,True,valid,-21.0928719984236,-16.001889189046,0.43630387812523896,-0.04863249871964115,0.04863249871964115,-0.23591152134492788,0.23591152134492788,-0.1422720100322845,-0.18727902262528673,0.17032229131119958,middle_0.4_to_0.7,test
test_00009,multifidelity_test,exponential,0.3592502233540141,31.642972153191916,0.8235860085610309,6.975189261472953,0.2174896881601532,0.1180736432644286,True,-18.2389971064191,-12.170946056736788,1.26,40.0,0.0082358600856103,0.0697518926147295,31.642972153191916,1.5821486076595956,0.21748968816015293,0.11807364326442855,True,True,True,valid,-18.1800090076901,-12.4933376639411,0.4722945730577142,0.05898809872899946,0.05898809872899946,-0.32239160720431137,0.32239160720431137,-0.13170175423765595,-0.38137970593331083,0.23174980494861389,middle_0.4_to_0.7,test
test_00010,multifidelity_test,exponential,0.2546474841118338,16.795349551538088,0.6189829680552347,12.581979458052936,0.1634588389062015,0.0491959925796145,True,-23.49063028157984,-17.96444636912392,1.26,40.0,0.0061898296805523,0.1258197945805293,16.795349551538088,0.8397674775769044,0.16345883890620028,0.049195992579614184,True,True,True,valid,-23.3990095394575,-18.1096158574367,0.19678397031845674,0.09162074212234117,0.09162074212234117,-0.14516948831278143,0.14516948831278143,-0.026774373095220128,-0.2367902304351226,0.12138480284624457,interior_le_0.4,test
test_00011,multifidelity_test,exponential,0.342748910570547,26.935498780003535,0.9282157092558152,14.548924387003744,0.2451199304661848,0.0637996105117551,True,-19.792327469353857,-13.847912934971117,1.26,40.0,0.0092821570925581,0.1454892438700374,26.935498780003535,1.346774939000177,0.2451199304661835,0.06379961051175483,True,True,True,valid,-19.3963792731189,-14.1242016678828,0.2551984420470193,0.3959481962349578,0.3959481962349578,-0.2762887329116843,0.2762887329116843,0.05982973166163674,-0.6722369291466421,0.3414018438992829,interior_le_0.4,test
test_00012,multifidelity_test,exponential,0.3017527373916613,24.99225214640952,0.7590156943107287,9.60917922688925,0.2004381873275468,0.0789886083284599,True,-20.164650538445837,-14.280822037704285,1.26,40.0,0.0075901569431072,0.0960917922688925,24.99225214640952,1.249612607320476,0.20043818732754456,0.07898860832845905,True,True,True,valid,-20.0288001291453,-14.5170312687152,0.3159544333138362,0.13585040930053793,0.13585040930053793,-0.23620923101091584,0.23620923101091584,-0.050179410855188955,-0.3720596403114538,0.19267866322181587,interior_le_0.4,test
test_00013,multifidelity_test,exponential,0.4456996866001371,35.57071513418777,0.9967150439650768,9.007654050107153,0.2632089931630184,0.1106520119912043,True,-17.145845592675748,-10.993437109778752,1.26,40.0,0.0099671504396507,0.0900765405010715,35.57071513418777,1.778535756709389,0.26320899316301655,0.1106520119912036,True,True,True,valid,-16.8715264536456,-11.4001342211835,0.4426080479648144,0.2743191390301476,0.2743191390301476,-0.40669711140474796,0.40669711140474796,-0.06618898618730018,-0.6810162504348956,0.3468814858587926,middle_0.4_to_0.7,test
test_00014,multifidelity_test,exponential,0.3835152770199301,33.55762919064129,0.787707728081008,12.118194674955902,0.2080150784020826,0.0650020691373217,True,-20.25860085727887,-14.14763793297745,1.26,40.0,0.00787707728081,0.121181946749559,33.55762919064129,1.6778814595320648,0.20801507840208056,0.06500206913732112,True,True,True,valid,-20.0148859925895,-14.3787746307512,0.2600082765492845,0.24371486468936965,0.24371486468936965,-0.231136697773751,0.231136697773751,0.006289083457809319,-0.47485156246312066,0.2375090612253689,interior_le_0.4,test
test_00015,multifidelity_test,exponential,0.2402300108525104,14.35252372428225,0.5459673184527958,16.998863148275582,0.1441771237024776,0.0321178724536164,True,-26.020005588759982,-20.653488675139407,1.26,40.0,0.0054596731845279,0.1699886314827558,14.35252372428225,0.7176261862141126,0.14417712370247615,0.032117872453616095,True,True,True,valid,-25.9471233024816,-20.7609961272397,0.14417712370247615,0.07288228627838222,0.07288228627838222,-0.10750745210029322,0.10750745210029322,-0.0173125829109555,-0.18038973837867545,0.0918413847627008,interior_le_0.4,test
test_00016,multifidelity_test,exponential,0.4219988623445028,38.68542351470728,0.7990577591212777,10.161204266996814,0.2110123545649807,0.0786380962457949,True,-19.35816604203342,-13.147929814755908,1.26,40.0,0.0079905775912127,0.1016120426699681,38.68542351470728,1.934271175735364,0.2110123545649787,0.07863809624579422,True,True,True,valid,-19.151766223445,-13.406739355656,0.3145523849831769,0.2063998185884195,0.2063998185884195,-0.2588095409000921,0.2588095409000921,-0.026204861155836312,-0.4652093594885116,0.2340761239151154,interior_le_0.4,test
test_00017,multifidelity_test,exponential,0.3919166184707872,29.251508659516222,0.8832326695169557,8.723135122147633,0.233240967997658,0.1012517468948141,True,-18.335832904608576,-12.326986505550169,1.26,40.0,0.0088323266951695,0.0872313512214763,29.251508659516222,1.4625754329758112,0.23324096799765653,0.10125174689481352,True,True,True,valid,-18.1579894714145,-12.6543745613445,0.4050069875792541,0.17784343319407725,0.17784343319407725,-0.32738805579433183,0.32738805579433183,-0.07477231130012729,-0.5052314889884091,0.26344945037620476,middle_0.4_to_0.7,test
test_00018,multifidelity_test,exponential,0.1250777511243163,6.265037638387442,1.1048510402784255,10.912227481703194,0.2917651656484751,0.1012489010269403,True,-20.31569260998608,-15.998294788176352,1.26,40.0,0.0110485104027842,0.1091222748170319,6.265037638387442,0.3132518819193721,0.2917651656484736,0.1012489010269399,True,True,True,valid,-20.1524655135605,-16.3355293489968,0.4049956041077596,0.16322709642557953,0.16322709642557953,-0.33723456082044834,0.33723456082044834,-0.0870037321974344,-0.5004616572460279,0.26492473838742026,middle_0.4_to_0.7,test
test_00019,multifidelity_test,exponential,0.2825192174986229,16.37443125309495,0.5328218384606924,10.287586065105458,0.1407057117133481,0.0517926980234921,True,-24.12854264394904,-18.627401633442133,1.26,40.0,0.0053282183846069,0.1028758606510545,16.37443125309495,0.8187215626547476,0.14070571171334753,0.051792698023491915,True,True,True,valid,-24.1097356545287,-18.7549455462684,0.20717079209396766,0.01880698942034087,0.01880698942034087,-0.12754391282626543,0.12754391282626543,-0.05436846170296228,-0.1463509022466063,0.09116236216249228,interior_le_0.4,test
test_00020,multifidelity_test,exponential,0.1829959161723557,10.656132604411193,0.4473250675725205,12.828137879511006,0.1181280260243244,0.0348706158114331,True,-27.294081159170624,-22.261875973334657,1.26,40.0,0.0044732506757252,0.12828137879511,10.656132604411193,0.5328066302205596,0.11812802602432429,0.03487061581143309,True,True,True,valid,-27.3028840446249,-22.3540552561766,0.13948246324573235,-0.008802885454276321,0.008802885454276321,-0.09217928284194343,0.09217928284194343,-0.05049108414810988,-0.08337639738766711,0.06547713714563319,interior_le_0.4,test
test_00021,multifidelity_test,exponential,0.3859727379691401,31.59431259911116,1.1204545323296524,13.925135338749172,0.295885680792194,0.0804627391456503,True,-17.785747781255637,-11.718836177661958,1.26,40.0,0.0112045453232965,0.1392513533874917,31.59431259911116,1.579715629955558,0.2958856807921934,0.08046273914565022,True,True,True,valid,-17.2046394559641,-12.1195923480966,0.3218509565826009,0.5811083252915381,0.5811083252915381,-0.40075617043464185,0.40075617043464185,0.09017607742844813,-0.98186449572618,0.4991454667051358,interior_le_0.4,test
test_00022,multifidelity_test,exponential,0.4323104556906028,41.61973921876214,1.010073616924107,13.167896933970107,0.2667366779912251,0.0767072845412658,True,-18.16173145800761,-11.902890149229073,1.26,40.0,0.010100736169241,0.131678969339701,41.61973921876214,2.080986960938107,0.26673667799122325,0.07670728454126535,True,True,True,valid,-17.6768155467101,-12.2552152037918,0.3068291381650614,0.48491591129750944,0.48491591129750944,-0.35232505456272634,0.35232505456272634,0.06629542836739155,-0.8372409658602358,0.4238374600611195,interior_le_0.4,test
test_00023,multifidelity_test,exponential,0.3659458175057479,22.80012223846406,0.4366382676780035,15.629622115353545,0.1153058936030252,0.0279365850597934,True,-26.85365209057453,-21.04691665189756,1.26,40.0,0.00436638267678,0.1562962211535354,22.80012223846406,1.140006111923203,0.11530589360302433,0.02793658505979326,True,True,True,valid,-26.8316162321376,-21.1338087454512,0.11530589360302433,0.022035858436932898,0.022035858436932898,-0.08689209355364014,0.08689209355364014,-0.03242811755835362,-0.10892795199057304,0.06338696624380716,interior_le_0.4,test
test_00024,multifidelity_test,exponential,0.2449213491013996,13.963334508666987,0.6551202794524631,9.992240713129831,0.1730018526352249,0.0655629000802225,True,-22.53248868046136,-17.19504632461003,1.26,40.0,0.0065512027945246,0.0999224071312983,13.963334508666987,0.6981667254333495,0.17300185263522413,0.06556290008022227,True,True,True,valid,-22.4745658381152,-17.3692408449964,0.26225160032088907,0.05792284234615863,0.05792284234615863,-0.17419452038637218,0.17419452038637218,-0.05813583902010677,-0.2321173627325308,0.12980521291168584,interior_le_0.4,test
test_00025,multifidelity_test,exponential,0.1303901372623375,7.331654630250584,1.1020764228022224,12.343684662963014,0.2910324544520847,0.0892826131656604,True,-20.2895290010433,-15.743204612491636,1.26,40.0,0.0110207642280222,0.1234368466296301,7.331654630250584,0.3665827315125292,0.2910324544520841,0.08928261316566027,True,True,True,valid,-20.0424027368166,-16.0567438060069,0.3571304526626411,0.24712626422669715,0.24712626422669715,-0.31353919351526294,0.31353919351526294,-0.033206464644282896,-0.5606654577419601,0.2822925931908636,interior_le_0.4,test
test_00026,multifidelity_test,exponential,0.3753374434489271,33.14750696469742,1.0325218157983898,14.478414496201449,0.2726647191698934,0.0713145639026484,True,-18.585680047626745,-12.483605312653168,1.26,40.0,0.0103252181579838,0.1447841449620145,33.14750696469742,1.6573753482348712,0.2726647191698908,0.07131456390264776,True,True,True,valid,-18.0680788522114,-12.826359548396,0.28525825561059104,0.5176011954153452,0.5176011954153452,-0.3427542357428326,0.3427542357428326,0.08742347983625631,-0.8603554311581778,0.43897121979410425,interior_le_0.4,test
test_00027,multifidelity_test,exponential,0.4749283053812962,37.53330324630451,1.1328797265687134,10.885541843996634,0.2991668822602765,0.1040719647036675,True,-16.593421217682096,-10.403760983860044,1.26,40.0,0.0113287972656871,0.1088554184399663,37.53330324630451,1.8766651623152255,0.2991668822602757,0.10407196470366724,True,True,True,valid,-16.1069018820413,-10.8734462382544,0.41628785881466895,0.4865193356407964,0.4865193356407964,-0.4696852543943564,0.4696852543943564,0.008417040623220018,-0.9562045900351528,0.4781763807152405,middle_0.4_to_0.7,test
test_00028,multifidelity_test,exponential,0.1646864851003784,7.842329252725952,0.4574274811682069,12.766193690172578,0.1207958357730956,0.0358311562764659,True,-27.8581522505841,-23.21843585285588,1.26,40.0,0.004574274811682,0.1276619369017257,7.842329252725952,0.3921164626362976,0.12079583577309386,0.03583115627646541,True,True,True,valid,-27.8748571457364,-23.3111771645439,0.14332462510586164,-0.016704895152297894,0.016704895152297894,-0.09274131168801958,0.09274131168801958,-0.054723103420158736,-0.07603641653572168,0.06663334156285299,interior_le_0.4,test
test_00029,multifidelity_test,exponential,0.4476322225488038,41.6456028584016,0.4698697499190231,18.141334249522323,0.1240815462180167,0.025900506735407,True,-26.05154652056224,-19.79229909025216,1.26,40.0,0.0046986974991902,0.1814133424952232,41.6456028584016,2.08228014292008,0.12408154621801594,0.02590050673540686,True,True,True,valid,-25.983258138836,-19.8860080138758,0.12408154621801594,0.06828838172624074,0.06828838172624074,-0.09370892362363747,0.09370892362363747,-0.012710270948698366,-0.16199730534987822,0.08198983304498642,interior_le_0.4,test
test_00030,multifidelity_test,exponential,0.1682825868976437,10.358616645549493,0.5944997991661045,14.9903022294062,0.1569934100238279,0.039658960177593,True,-25.477507008506134,-20.47940565745998,1.26,40.0,0.005944997991661,0.149903022294062,10.358616645549493,0.5179308322774746,0.15699341002382672,0.03965896017759273,True,True,True,valid,-25.4085062449977,-20.5992144486876,0.15863584071037093,0.0690007635084342,0.0690007635084342,-0.11980879122761934,0.11980879122761934,-0.025404013859592567,-0.18880955473605354,0.09776311119274525,interior_le_0.4,test
test_00031,multifidelity_test,exponential,0.3101824433665552,21.22356423184805,0.9015479469823682,15.812511249292582,0.2380776018684531,0.0570148493663649,True,-20.709086610636955,-14.96475238805228,1.26,40.0,0.0090154794698236,0.1581251124929258,21.22356423184805,1.0611782115924029,0.23807760186845098,0.057014849366364466,True,True,True,valid,-20.3427512153784,-15.2094372170628,0.23807760186845098,0.36633539525855596,0.36633539525855596,-0.24468482901051836,0.24468482901051836,0.0608252831240188,-0.6110202242690743,0.31150624983068076,interior_le_0.4,test
test_00032,multifidelity_test,exponential,0.1039000659389533,6.559539580988275,0.7903891105793829,12.452032430363886,0.2087231684343897,0.0634747070407594,True,-23.547133937556588,-19.16123327631932,1.26,40.0,0.0079038911057938,0.1245203243036388,6.559539580988275,0.3279769790494138,0.20872316843438898,0.0634747070407592,True,True,True,valid,-23.4578191013161,-19.3399120816203,0.2538988281630368,0.08931483624048653,0.08931483624048653,-0.1786788053009829,0.1786788053009829,-0.04468198453024819,-0.26799364154146943,0.14125023086078742,interior_le_0.4,test
test_00033,multifidelity_test,exponential,0.2485381964858014,16.138926886919805,0.8018207319166717,8.356733650697937,0.2117419906751365,0.0959490592176173,True,-19.95124379595433,-14.464522482740088,1.26,40.0,0.0080182073191667,0.0835673365069793,16.138926886919805,0.8069463443459903,0.21174199067513605,0.09594905921761719,True,True,True,valid,-19.8719603413776,-14.7360301703836,0.38379623687046877,0.07928345457672847,0.07928345457672847,-0.27150768764351163,0.27150768764351163,-0.09611211653339158,-0.3507911422202401,0.20000286325343802,interior_le_0.4,test
test_00034,multifidelity_test,exponential,0.2602054163375435,20.909029997914917,0.663556444356374,6.419693331306638,0.1752296453067213,0.1033626390096295,True,-20.50178112563887,-14.770701658444311,1.26,40.0,0.0066355644435637,0.0641969333130663,20.909029997914917,1.0454514998957458,0.17522964530672028,0.10336263900962901,True,True,True,valid,-20.5278181558953,-14.9954808237507,0.41345055603851605,-0.026037030256429006,0.026037030256429006,-0.22477916530638886,0.22477916530638886,-0.12540809778140893,-0.19874213504995986,0.16000562505801333,middle_0.4_to_0.7,test
test_00035,multifidelity_test,exponential,0.2200252167754914,11.969184415374206,0.9781227855408418,7.225650194530125,0.258299215137594,0.1353681342450383,True,-18.415716992079844,-13.24787706049366,1.26,40.0,0.0097812278554084,0.0722565019453012,11.969184415374206,0.5984592207687104,0.2582992151375935,0.13536813424503824,True,True,True,valid,-18.3729774606591,-13.6613131625427,0.541472536980153,0.04273953142074305,0.04273953142074305,-0.41343610204903847,0.41343610204903847,-0.1853482853141477,-0.4561756334697815,0.29390141036031764,middle_0.4_to_0.7,test
test_00036,multifidelity_test,exponential,0.2953909895846873,23.94490926822765,0.7019187648006067,8.55557059435504,0.1853602315767499,0.0820423088161685,True,-20.544733424320476,-14.696464383761462,1.26,40.0,0.007019187648006,0.0855557059435503,23.94490926822765,1.1972454634113827,0.1853602315767482,0.08204230881616784,True,True,True,valid,-20.4739208458879,-14.9145653950023,0.32816923526467134,0.0708125784325766,0.0708125784325766,-0.21810101124083836,0.21810101124083836,-0.07364421640413088,-0.28891358967341496,0.16214572514954892,interior_le_0.4,test
test_00037,multifidelity_test,exponential,0.2083963649207772,10.216161923546952,0.7369815230775214,13.7152956343347,0.1946194811079613,0.0537342790652336,True,-23.304741420454945,-18.323471006287757,1.26,40.0,0.0073698152307752,0.137152956343347,10.216161923546952,0.5108080961773477,0.194619481107961,0.05373427906523354,True,True,True,valid,-23.1711254178802,-18.4908052584068,0.21493711626093415,0.13361600257474393,0.13361600257474393,-0.16733425211904418,0.16733425211904418,-0.016859124772150125,-0.3009502546937881,0.1514166240481768,interior_le_0.4,test
test_00038,multifidelity_test,exponential,0.391467598792725,34.62153847205086,0.4628000724634043,9.477817161441829,0.1222146107319442,0.0488298164630346,True,-24.000610958214107,-17.86730813928642,1.26,40.0,0.004628000724634,0.0947781716144182,34.62153847205086,1.731076923602543,0.1222146107319431,0.048829816463034206,True,True,True,valid,-24.0009508441561,-17.9758195667917,0.19531926585213683,-0.000339885941993856,0.000339885941993856,-0.10851142750528098,0.10851142750528098,-0.05442565672363742,-0.10817154156328712,0.07672954262110329,interior_le_0.4,test
test_00039,multifidelity_test,exponential,0.4289690438888546,39.017111716075,1.0289520573065567,10.08283632241022,0.2717220299387439,0.1020498622019279,True,-17.12668317397743,-10.910687662446565,1.26,40.0,0.0102895205730655,0.1008283632241022,39.017111716075,1.9508555858037504,0.27172202993874217,0.10204986220192726,True,True,True,valid,-16.759764008381,-11.3208777708135,0.40819944880770903,0.36691916559642834,0.36691916559642834,-0.41019010836693504,0.41019010836693504,-0.021635471385253346,-0.7771092739633634,0.3891565231908988,middle_0.4_to_0.7,test
test_00040,multifidelity_test,exponential,0.1249891352592882,7.691865460797986,0.7486891266868608,17.455097487937387,0.1977111837736571,0.0428922913323316,True,-24.836667203723984,-20.22354243117354,1.26,40.0,0.0074868912668686,0.1745509748793738,7.691865460797986,0.3845932730398993,0.19771118377365696,0.04289229133233163,True,True,True,valid,-24.6952366813157,-20.3623444521914,0.19771118377365696,0.14143052240828524,0.14143052240828524,-0.13880202101785954,0.13880202101785954,0.0013142506952128485,-0.2802325434261448,0.14012243522598872,interior_le_0.4,test
test_00041,multifidelity_test,exponential,0.180582346298445,9.789994973595482,0.967044970291918,13.093942019930632,0.2553738247607057,0.0738543800499462,True,-20.87303103834886,-15.944188754077128,1.26,40.0,0.0096704497029191,0.1309394201993063,9.789994973595482,0.4894997486797741,0.2553738247607037,0.07385438004994567,True,True,True,valid,-20.6207932258577,-16.2045690350245,0.2954175201997827,0.25223781249115973,0.25223781249115973,-0.2603802809473734,0.2603802809473734,-0.004071234228106846,-0.5126180934385332,0.2563413785916727,interior_le_0.4,test
test_00042,multifidelity_test,exponential,0.4025506034884419,27.402040254541205,1.0437244704956523,13.96943791925606,0.275623076707961,0.0747148508428487,True,-18.595846899534504,-12.637821588047297,1.26,40.0,0.0104372447049565,0.1396943791925605,27.402040254541205,1.3701020127270604,0.2756230767079603,0.07471485084284867,True,True,True,valid,-18.1052216193082,-12.9837869723866,0.29885940337139466,0.49062528022630403,0.49062528022630403,-0.34596538433930313,0.34596538433930313,0.07232994794350045,-0.8365906645656072,0.4245027754668873,interior_le_0.4,test
test_00043,multifidelity_test,exponential,0.3062769918951338,20.430758000785964,0.8629997131309102,16.146220694854,0.2278979202416045,0.0534490224951501,True,-21.22923815423444,-15.51887472490531,1.26,40.0,0.0086299971313091,0.16146220694854,20.430758000785964,1.0215379000392983,0.22789792024160455,0.05344902249515013,True,True,True,valid,-20.8967414656265,-15.7430995842852,0.22789792024160455,0.33249668860793946,0.33249668860793946,-0.22422485937989123,0.22422485937989123,0.05413591461402412,-0.5567215479878307,0.2835761233771076,interior_le_0.4,test
test_00044,multifidelity_test,exponential,0.1413977779591662,7.623858588336628,0.8956341781410764,14.2467694782794,0.2365159146520918,0.0628657731499452,True,-22.51300182138869,-17.912141711222173,1.26,40.0,0.0089563417814107,0.1424676947827939,7.623858588336628,0.3811929294168314,0.23651591465209015,0.06286577314994483,True,True,True,valid,-22.3233087371408,-18.114916649599,0.25146309259977934,0.18969308424789233,0.18969308424789233,-0.2027749383768267,0.2027749383768267,-0.0065409270644671835,-0.392468022624719,0.19634299305705288,interior_le_0.4,test
test_00045,multifidelity_test,exponential,0.2494839920831588,13.938035990586492,0.4188374129505354,13.6619670460793,0.110605106674377,0.0306571822006211,True,-27.53318712806344,-22.19767498845861,1.26,40.0,0.0041883741295053,0.1366196704607929,13.938035990586492,0.6969017995293246,0.11060510667437563,0.030657182200620803,True,True,True,valid,-27.5411667656217,-22.2827404765904,0.12262872880248321,-0.007979637558261032,0.007979637558261032,-0.08506548813179293,0.08506548813179293,-0.04652256284502698,-0.0770858505735319,0.060414451444424346,interior_le_0.4,test
test_00046,multifidelity_test,exponential,0.4270506007041405,28.03522713674777,0.6702019197129944,16.119638662587924,0.1769845589987504,0.0415767334331424,True,-22.965653406377346,-16.98968324520509,1.26,40.0,0.0067020191971299,0.1611963866258792,28.03522713674777,1.4017613568373888,0.1769845589987493,0.04157673343314215,True,True,True,valid,-22.7706932481358,-17.1463554296954,0.1769845589987493,0.1949601582415461,0.1949601582415461,-0.1566721844903114,0.1566721844903114,0.019143986875617358,-0.3516323427318575,0.17685535996194018,interior_le_0.4,test
test_00047,multifidelity_test,exponential,0.2340315573243923,14.1908353699812,0.4517664847304327,6.619613280657771,0.1193008998014679,0.0682466581621127,True,-24.57509679068319,-19.220519621835606,1.26,40.0,0.0045176648473043,0.0661961328065777,14.1908353699812,0.7095417684990601,0.11930089980146716,0.06824665816211237,True,True,True,valid,-24.636735623345,-19.3401358604322,0.27298663264844947,-0.06163883266181003,0.06163883266181003,-0.11961623859659198,0.11961623859659198,-0.090627535629201,-0.057977405934781956,0.0951509070579662,interior_le_0.4,test
test_00048,multifidelity_test,exponential,0.2286680643972223,13.3094216703778,0.8711126698084469,9.516916924402867,0.2300403612247111,0.0915330749157615,True,-19.993468982627792,-14.70759692159504,1.26,40.0,0.0087111266980844,0.0951691692440286,13.3094216703778,0.6654710835188901,0.23004036122470933,0.09153307491576093,True,True,True,valid,-19.8566670081404,-14.9925099877598,0.3661322996630437,0.13680197448739406,0.13680197448739406,-0.28491306616475853,0.28491306616475853,-0.07405554583868224,-0.4217150406521526,0.22348404360832305,interior_le_0.4,test
test_00049,multifidelity_test,exponential,0.3394007518734296,25.25981880258868,0.8375098511622332,12.03324012002314,0.2211666474016264,0.069599695743512,True,-20.0660457884656,-14.173476806214886,1.26,40.0,0.0083750985116223,0.1203324012002314,25.25981880258868,1.262990940129434,0.22116664740162556,0.0695996957435118,True,True,True,valid,-19.8088350038188,-14.4241321360207,0.2783987829740472,0.25721078464680147,0.25721078464680147,-0.25065532980581473,0.25065532980581473,0.0032777274204933704,-0.5078661144526162,0.2539542105367472,interior_le_0.4,test
test_00050,multifidelity_test,exponential,0.4705217526885985,41.5362676115006,0.5267157286753231,15.75096050615909,0.1390932317789064,0.0334402291510642,True,-24.503153774192743,-18.245625679445297,1.26,40.0,0.0052671572867532,0.1575096050615909,41.5362676115006,2.07681338057503,0.1390932317789056,0.033440229151064066,True,True,True,valid,-24.4046718831247,-18.3588069599951,0.1390932317789056,0.09848189106804384,0.09848189106804384,-0.11318128054980292,0.11318128054980292,-0.007349694740879542,-0.21166317161784676,0.10608648626293372,interior_le_0.4,test
test_00051,multifidelity_test,exponential,0.2210968499997099,16.169359354698642,0.9868940483175702,5.136374897144552,0.2606154992733754,0.1921382430371682,True,-17.119579685894493,-11.630978030189194,1.26,40.0,0.0098689404831757,0.0513637489714455,16.169359354698642,0.8084679677349321,0.26061549927337535,0.19213824303716834,True,True,True,valid,-17.2246942397793,-12.1411601255315,0.7685529721486734,-0.10511455388480684,0.10511455388480684,-0.5101820953423051,0.5101820953423051,-0.30764832461355596,-0.40506754145749824,0.3683305851041065,nearer_boundary_gt_0.7,test
test_00052,multifidelity_test,exponential,0.0878702135407034,5.807278362440693,0.9311280226326308,17.073036630852307,0.2458890039103233,0.0545379268354646,True,-23.73331798752002,-19.532086902679524,1.26,40.0,0.0093112802263263,0.170730366308523,5.807278362440693,0.2903639181220346,0.24588900391032312,0.05453792683546461,True,True,True,valid,-23.54319873156,-19.6992898460791,0.24588900391032312,0.19011925596002044,0.19011925596002044,-0.16720294339957675,0.16720294339957675,0.011458156280221843,-0.3573221993595972,0.17902814830114544,interior_le_0.4,test
test_00053,multifidelity_test,exponential,0.1483476961108738,8.944601740332784,0.7724312867103573,16.3206927364446,0.2039809296485059,0.0473283395002894,True,-23.893330794561884,-19.07886068311261,1.26,40.0,0.0077243128671035,0.1632069273644459,8.944601740332784,0.4472300870166392,0.20398092964850403,0.04732833950028899,True,True,True,valid,-23.727021112714,-19.2361046206964,0.20398092964850403,0.16630968184788486,0.16630968184788486,-0.15724393758378952,0.15724393758378952,0.004532872132047672,-0.3235536194316744,0.16184030119719775,interior_le_0.4,test
test_00054,multifidelity_test,exponential,0.3022927543022597,24.516257707865915,0.5248902716016783,10.651415325742834,0.1386111715137127,0.0492789226172693,True,-23.737512291785897,-17.86957237243019,1.26,40.0,0.0052489027160167,0.1065141532574283,24.516257707865915,1.225812885393296,0.1386111715137105,0.04927892261726862,True,True,True,valid,-23.7033671094387,-17.994430053695,0.19711569046907448,0.03414518234719566,0.03414518234719566,-0.12485768126481034,0.12485768126481034,-0.04535624945880734,-0.159002863612006,0.09152959643838765,interior_le_0.4,test
test_00055,multifidelity_test,exponential,0.4790280703130074,39.9891347085804,0.578179201968352,6.469971545399395,0.1526835242824122,0.0893634845085954,True,-20.87324994492953,-14.64077872320196,1.26,40.0,0.0057817920196835,0.0646997154539939,39.9891347085804,1.99945673542902,0.15268352428241166,0.08936348450859517,True,True,True,valid,-20.8973180354387,-14.8173109908704,0.3574539380343807,-0.02406809050917147,0.02406809050917147,-0.1765322676684402,0.1765322676684402,-0.10030017908880584,-0.15246417715926874,0.12598197194225746,interior_le_0.4,test
test_00056,multifidelity_test,exponential,0.3073582975554284,26.231433721293733,0.7599610447896553,14.797405438599869,0.2006878321475493,0.0513577226726013,True,-21.63023662931106,-15.707021453066377,1.26,40.0,0.0075996104478965,0.1479740543859987,26.231433721293733,1.3115716860646869,0.20068783214754798,0.05135772267260101,True,True,True,valid,-21.3800739933867,-15.9026653709394,0.20543089069040404,0.2501626359243616,0.2501626359243616,-0.19564391787302426,0.19564391787302426,0.027259359025668672,-0.4458065537973859,0.22456389626711076,interior_le_0.4,test
test_00057,multifidelity_test,exponential,0.3883697156015645,24.594931062190607,1.026742438591378,7.53685453925489,0.2711385216222819,0.1362295680835687,True,-16.848886841171073,-10.978290184834776,1.26,40.0,0.0102674243859137,0.0753685453925488,24.594931062190607,1.2297465531095304,0.2711385216222799,0.13622956808356784,True,True,True,valid,-16.6978994191788,-11.4395925691209,0.5449182723342714,0.15098742199227289,0.15098742199227289,-0.4613023842861246,0.4613023842861246,-0.15515748114692585,-0.6122898062783975,0.3432179273784632,middle_0.4_to_0.7,test
test_00058,multifidelity_test,exponential,0.4623803579767003,29.857943420235387,0.9554593598761318,17.236185884381918,0.2523143376272649,0.0554333404318814,True,-20.06873306089128,-14.04422509121786,1.26,40.0,0.0095545935987613,0.1723618588438192,29.857943420235387,1.492897171011769,0.25231433762726446,0.0554333404318813,True,True,True,valid,-19.588741737719,-14.3197880948636,0.25231433762726446,0.47999132317227833,0.47999132317227833,-0.2755630036457397,0.2755630036457397,0.10221415976326931,-0.755554326818018,0.39136085605163456,interior_le_0.4,test
test_00059,multifidelity_test,exponential,0.4546752484613529,44.89016782686584,0.9805417763537868,7.52226459426287,0.2589380136991296,0.1303519391090859,True,-16.520383318648612,-10.212925557111983,1.26,40.0,0.0098054177635378,0.0752226459426287,44.89016782686584,2.244508391343292,0.25893801369912783,0.13035193910908505,True,True,True,valid,-16.341921308984,-10.6489340689062,0.5214077564363402,0.17846200966461367,0.17846200966461367,-0.43600851179421696,0.43600851179421696,-0.12877325106480164,-0.6144705214588306,0.3331306885071837,middle_0.4_to_0.7,test
test_00060,multifidelity_test,exponential,0.1704745153195133,8.716827852268555,0.624748602601371,9.598564615982504,0.1649814073404024,0.0650877112981149,True,-23.8751937332116,-19.094220321690308,1.26,40.0,0.0062474860260137,0.095985646159825,8.716827852268555,0.4358413926134277,0.1649814073404022,0.0650877112981149,True,True,True,valid,-23.8650210997335,-19.2535531393684,0.2603508451924596,0.010172633478099158,0.010172633478099158,-0.1593328176780915,0.1593328176780915,-0.07458009209999616,-0.16950545115619065,0.11289470594567241,interior_le_0.4,test
test_00061,multifidelity_test,exponential,0.2724100228171722,19.89058666458312,0.4131328858116753,8.956208889165636,0.1090986752687494,0.0461280984983996,True,-25.56615768341197,-19.88004962418158,1.26,40.0,0.0041313288581167,0.0895620888916563,19.89058666458312,0.994529333229156,0.10909867526874807,0.04612809849839913,True,True,True,valid,-25.6002822092868,-19.9751903541915,0.1845123939935965,-0.03412452587483017,0.03412452587483017,-0.09514073000991985,0.09514073000991985,-0.06463262794237501,-0.06101620413508968,0.07147111924757586,interior_le_0.4,test
test_00062,multifidelity_test,exponential,0.2015696627300603,15.493999371667638,0.8190541532015165,11.006906723358464,0.2162929317817273,0.0744127459046554,True,-20.724237397846323,-15.278604631610364,1.26,40.0,0.0081905415320151,0.1100690672335846,15.493999371667638,0.774699968583382,0.2162929317817256,0.07441274590465483,True,True,True,valid,-20.5513854397328,-15.5178436192367,0.2976509836186193,0.17285195811352239,0.17285195811352239,-0.23923898762633655,0.23923898762633655,-0.03319351475640708,-0.41209094573985894,0.20870205152819332,interior_le_0.4,test
test_00063,multifidelity_test,exponential,0.223644169974396,15.785655169824548,0.5351926979803628,16.599155089208963,0.1413317999327262,0.0322421650441888,True,-25.921946290223904,-20.457432901446204,1.26,40.0,0.0053519269798036,0.1659915508920896,15.785655169824548,0.7892827584912274,0.14133179993272546,0.03224216504418869,True,True,True,valid,-25.8524487791642,-20.5642100868053,0.14133179993272546,0.06949751105970492,0.06949751105970492,-0.1067771853590962,0.1067771853590962,-0.018639837149695637,-0.1762746964188011,0.0900868230006603,interior_le_0.4,test
test_00064,multifidelity_test,exponential,0.1757240931001058,10.982437344087865,1.0350997458785902,13.879934126185782,0.2733454898525099,0.0745752635760553,True,-20.23293262179328,-15.164859845333584,1.26,40.0,0.0103509974587859,0.1387993412618578,10.982437344087865,0.5491218672043932,0.27334548985250984,0.07457526357605535,True,True,True,valid,-19.8980167978039,-15.45296735029,0.2983010543042214,0.33491582398938036,0.33491582398938036,-0.28810750495641635,0.28810750495641635,0.023404159516482004,-0.6230233289457967,0.312389615360928,interior_le_0.4,test
test_00065,multifidelity_test,exponential,0.4773911038151336,45.51994054354239,0.5608351355219343,14.32183756017332,0.1481033643918246,0.0391594397831689,True,-23.495902479185432,-17.17967211803279,1.26,40.0,0.0056083513552193,0.1432183756017332,45.51994054354239,2.2759970271771195,0.14810336439182348,0.039159439783168645,True,True,True,valid,-23.3794522600465,-17.3076359503951,0.15663775913267458,0.11645021913893316,0.11645021913893316,-0.12796383236230824,0.12796383236230824,-0.005756806611687537,-0.2444140515012414,0.12234254356182579,interior_le_0.4,test
test_00066,multifidelity_test,exponential,0.210583620868336,12.882032115552027,0.8504466416994761,11.198708721255615,0.2245829494156129,0.0759414913690265,True,-20.81451051960418,-15.56435506378686,1.26,40.0,0.0085044664169947,0.1119870872125561,12.882032115552027,0.6441016057776014,0.22458294941561133,0.07594149136902607,True,True,True,valid,-20.6381783722475,-15.810299278735,0.3037659654761043,0.1763321473566819,0.1763321473566819,-0.24594421494814078,0.24594421494814078,-0.03480603379572944,-0.4222763623048227,0.2139878303290585,interior_le_0.4,test
test_00067,multifidelity_test,exponential,0.4814977298111131,41.26110781689581,0.5986566698964588,16.80473857341181,0.1580911417840437,0.0356242774787132,True,-23.65264495214902,-17.399473127577178,1.26,40.0,0.0059865666989645,0.1680473857341181,41.26110781689581,2.0630553908447906,0.15809114178404138,0.03562427747871276,True,True,True,valid,-23.4913806182769,-17.534052393619,0.15809114178404138,0.16126433387212202,0.16126433387212202,-0.1345792660418219,0.1345792660418219,0.013342533915150057,-0.29584359991394393,0.1485223286707671,interior_le_0.4,test
test_00068,multifidelity_test,exponential,0.4310343242691678,39.513660343929786,0.681838203911778,14.982645614763042,0.1800574278860669,0.0455085317669086,True,-22.120708821976116,-15.896223224898314,1.26,40.0,0.0068183820391177,0.1498264561476304,39.513660343929786,1.9756830171964892,0.18005742788606482,0.04550853176690809,True,True,True,valid,-21.9070734932539,-16.0663439063072,0.18203412706763236,0.2136353287222157,0.2136353287222157,-0.1701206814088856,0.1701206814088856,0.02175732365666505,-0.3837560101311013,0.19310761238396676,interior_le_0.4,test
test_00069,multifidelity_test,exponential,0.1536126059244217,7.0786680087466864,0.9678832129747272,14.609361280154095,0.2555951849317038,0.0662508917682483,True,-22.1519021587889,-17.65537061329012,1.26,40.0,0.0096788321297472,0.1460936128015409,7.0786680087466864,0.3539334004373343,0.25559518493170197,0.06625089176824787,True,True,True,valid,-21.9311241106318,-17.8737804261094,0.2650035670729915,0.22077804815710067,0.22077804815710067,-0.21840981281927796,0.21840981281927796,0.0011841176689113553,-0.43918786097637863,0.2195971230273875,interior_le_0.4,test
test_00070,multifidelity_test,exponential,0.1590088836359837,9.99397164551042,1.1165185036456826,7.764360042714887,0.2948462682206258,0.1438004545774877,True,-17.85985096425261,-12.905515100041647,1.26,40.0,0.0111651850364568,0.0776436004271488,9.99397164551042,0.4996985822755209,0.29484626822062515,0.14380045457748752,True,True,True,valid,-17.7729499235601,-13.3996083797733,0.5752018183099501,0.08690104069251348,0.08690104069251348,-0.4940932797316524,0.4940932797316524,-0.20359611951956946,-0.5809943204241659,0.35473931269977876,middle_0.4_to_0.7,test
test_00071,multifidelity_test,exponential,0.364377204886168,33.41826178121187,1.0935865731895331,17.020782937707857,0.2887904849120527,0.064250074581869,True,-18.70749516494061,-12.599534856413392,1.26,40.0,0.0109358657318953,0.1702078293770785,33.41826178121187,1.6709130890605934,0.2887904849120519,0.06425007458186884,True,True,True,valid,-18.0700219669022,-12.9554024296448,0.2887904849120519,0.6374731980384105,0.6374731980384105,-0.35586757323140716,0.35586757323140716,0.14080281240350168,-0.9933407712698177,0.5162430667306485,interior_le_0.4,test
test_00072,multifidelity_test,exponential,0.2870983787676924,21.83269181797399,0.6513927412466756,6.286763263534454,0.1720174974937404,0.1036133720868723,True,-20.55400148097975,-14.784787190370157,1.26,40.0,0.0065139274124667,0.0628676326353445,21.83269181797399,1.0916345908986995,0.17201749749373896,0.10361337208687156,True,True,True,valid,-20.5860107611803,-15.0043730373128,0.41445348834748624,-0.03200928020055116,0.03200928020055116,-0.2195858469426426,0.2195858469426426,-0.12579756357159688,-0.18757656674209144,0.1569116601729697,middle_0.4_to_0.7,test
test_00073,multifidelity_test,exponential,0.0810883588117913,6.485469055682343,0.7457059853601911,11.369905416929178,0.196923406334348,0.0655859444749535,True,-23.76228506101336,-19.3931934412722,1.26,40.0,0.0074570598536019,0.1136990541692917,6.485469055682343,0.3242734527841172,0.19692340633434774,0.06558594447495354,True,True,True,valid,-23.7082096792686,-19.5688995040794,0.26234377789981417,0.054075381744759454,0.054075381744759454,-0.17570606280720114,0.17570606280720114,-0.06081534053122084,-0.2297814445519606,0.12999378334760778,interior_le_0.4,test
test_00074,multifidelity_test,exponential,0.2157836930684651,15.864307698453713,0.4851948749511862,10.03295305976937,0.1281285511812069,0.0483601260825932,True,-24.91492121181029,-19.445401920377407,1.26,40.0,0.0048519487495118,0.1003295305976937,15.864307698453713,0.7932153849226857,0.1281285511812053,0.0483601260825926,True,True,True,valid,-24.9188272732019,-19.5585257002952,0.1934405043303704,-0.0039060613916070963,0.0039060613916070963,-0.11312377991779243,0.11312377991779243,-0.058514920654699765,-0.10921771852618534,0.08003826240768894,interior_le_0.4,test
test_00075,multifidelity_test,exponential,0.3989932986945127,32.63091200827203,0.6101682307521455,15.907756238522024,0.1611310741708436,0.0383566495238699,True,-23.537856142014192,-17.44720682923608,1.26,40.0,0.0061016823075214,0.1590775623852202,32.63091200827203,1.6315456004136015,0.16113107417084216,0.03835664952386964,True,True,True,valid,-23.38443324143,-17.5854343963003,0.16113107417084216,0.15342290058419294,0.15342290058419294,-0.13822756706422012,0.13822756706422012,0.00759766675998641,-0.29165046764841307,0.146023023390424,interior_le_0.4,test
test_00076,multifidelity_test,exponential,0.1918131110702644,10.352746471767457,0.8748227813478615,17.212579981620788,0.2310201143936078,0.050824616779238,True,-22.66505430798437,-17.667639946244428,1.26,40.0,0.0087482278134786,0.1721257998162078,10.352746471767457,0.5176373235883728,0.23102011439360745,0.050824616779238024,True,True,True,valid,-22.4014745601687,-17.8584195436309,0.23102011439360745,0.26357974781566895,0.26357974781566895,-0.19077959738647365,0.19077959738647365,0.03640007521459765,-0.4543593452021426,0.2300773111776959,interior_le_0.4,test
test_00077,multifidelity_test,exponential,0.1471264550682183,7.982599776916219,1.0523947427664022,5.562413234696094,0.2779126916271407,0.1891975116487188,True,-18.23623644308941,-13.572379725638438,1.26,40.0,0.010523947427664,0.0556241323469609,7.982599776916219,0.3991299888458109,0.2779126916271401,0.18919751164871862,True,True,True,valid,-18.3630590617597,-14.1165979856446,0.7567900465948745,-0.126822618670289,0.126822618670289,-0.5442182600061614,0.5442182600061614,-0.3355204393382252,-0.41739564133587237,0.3951313016773813,nearer_boundary_gt_0.7,test
test_00078,multifidelity_test,exponential,0.2131422893098551,12.2662290672058,0.6175400219532369,12.454612314157552,0.1630777907891946,0.0495832392350952,True,-24.07596436064552,-18.880375361044194,1.26,40.0,0.0061754002195323,0.1245461231415755,12.2662290672058,0.6133114533602901,0.16307779078919277,0.04958323923509468,True,True,True,valid,-24.0060332980675,-19.0210340503584,0.19833295694037872,0.0699310625780214,0.0699310625780214,-0.1406586893142041,0.1406586893142041,-0.03536381336809136,-0.2105897518922255,0.11107479550483301,interior_le_0.4,test
test_00079,multifidelity_test,exponential,0.4365715575145092,36.456805970499005,0.63354465714596,11.522481968327098,0.1673042383987941,0.0549833498448895,True,-21.87342725453657,-15.70383938615651,1.26,40.0,0.0063354465714596,0.1152248196832709,36.456805970499005,1.8228402985249503,0.1673042383987941,0.054983349844889555,True,True,True,valid,-21.7486083144668,-15.8687520731883,0.21993339937955822,0.12481894006976901,0.12481894006976901,-0.16491268703179074,0.16491268703179074,-0.020046873481010863,-0.28973162710155975,0.14624630276384074,interior_le_0.4,test
test_00080,multifidelity_test,exponential,0.2799936748907107,14.414159812496097,1.0577202985307068,8.921288712767895,0.2793190456088964,0.1185613797048096,True,-17.949151825917163,-12.578134233963205,1.26,40.0,0.010577202985307,0.0892128871276789,14.414159812496097,0.7207079906248048,0.27931904560889464,0.11856137970480894,True,True,True,valid,-17.7486559563195,-13.0005569871168,0.47424551881923577,0.2004958695976633,0.2004958695976633,-0.42242275315359556,0.42242275315359556,-0.11096344177796613,-0.6229186227512589,0.33063543072966844,middle_0.4_to_0.7,test
test_00081,multifidelity_test,exponential,0.3441109101073915,22.52029539058948,0.4289128684046839,8.444396078568964,0.1132657974122186,0.0507926042802779,True,-24.873764017530213,-19.0776417257242,1.26,40.0,0.0042891286840468,0.0844439607856896,22.52029539058948,1.1260147695294742,0.11326579741221764,0.050792604280277466,True,True,True,valid,-24.9068566055001,-19.179195771789,0.20317041712110986,-0.03309258796988601,0.03309258796988601,-0.1015540460648019,0.1015540460648019,-0.06732331701734395,-0.06846145809491588,0.0755259678874642,interior_le_0.4,test
test_00082,multifidelity_test,exponential,0.4096808678057422,30.95570959408469,0.6484642574827203,8.03440521796631,0.1712441538308028,0.0807109225749085,True,-20.70909948451172,-14.657381635563162,1.26,40.0,0.0064846425748272,0.080344052179663,30.95570959408469,1.5477854797042347,0.1712441538308028,0.08071092257490864,True,True,True,valid,-20.6663297966247,-14.8551361994846,0.32284369029963456,0.04276968788702007,0.04276968788702007,-0.1977545639214373,0.1977545639214373,-0.07749243801720862,-0.24052425180845738,0.14306661691972547,interior_le_0.4,test
test_00083,multifidelity_test,exponential,0.2736909737486767,21.76801261204016,0.5766834808353312,10.232845720604711,0.1522885395213626,0.0563561199475654,True,-22.95798452095064,-17.191364274122453,1.26,40.0,0.0057668348083533,0.1023284572060471,21.76801261204016,1.0884006306020078,0.15228853952136231,0.056356119947565377,True,True,True,valid,-22.9092557005161,-17.336790322411,0.2254244797902615,0.04872882043454041,0.04872882043454041,-0.14542604828854877,0.14542604828854877,-0.04834861392700418,-0.19415486872308918,0.1084509876897509,interior_le_0.4,test
test_00084,multifidelity_test,exponential,0.4794044575170785,32.21312531027792,0.4912916935052237,11.100305677431106,0.1297385775200509,0.0442592940935047,True,-24.09661824769067,-18.01540271266815,1.26,40.0,0.0049129169350522,0.111003056774311,32.21312531027792,1.6106562655138958,0.12973857752005,0.04425929409350443,True,True,True,valid,-24.0660176859777,-18.1278733347033,0.17703717637401772,0.03060056171296921,0.03060056171296921,-0.11247062203515057,0.11247062203515057,-0.04093503016109068,-0.14307118374811978,0.08241976461420808,interior_le_0.4,test
test_00085,multifidelity_test,exponential,0.372343962662246,27.93328780623674,0.6741226735808706,14.652069422735364,0.1780199378507625,0.0460087004866934,True,-22.549335745196583,-16.576214759057326,1.26,40.0,0.0067412267358087,0.1465206942273536,27.93328780623674,1.3966643903118372,0.17801993785076234,0.046008700486693414,True,True,True,valid,-22.3658096776002,-16.739483192159,0.18403480194677366,0.18352606759638235,0.18352606759638235,-0.16326843310167405,0.16326843310167405,0.01012881724735415,-0.3467945006980564,0.17369283050095607,interior_le_0.4,test
test_00086,multifidelity_test,exponential,0.3377950637797203,18.715733494537748,0.5483998365589728,9.229643747058518,0.1448194945038961,0.0594172268819961,True,-23.29760222747892,-17.66768680850971,1.26,40.0,0.0054839983655897,0.0922964374705851,18.715733494537748,0.9357866747268876,0.1448194945038954,0.059417226881995876,True,True,True,valid,-23.2837217239971,-17.8077420250175,0.2376689075279835,0.013880503481818351,0.013880503481818351,-0.14005521650778974,0.14005521650778974,-0.06308735651298569,-0.1539357199896081,0.099519174152403,interior_le_0.4,test
test_00087,multifidelity_test,exponential,0.1074468937896789,7.19672244894601,0.4241656171250499,13.34597048518078,0.1120121600389594,0.0317822984545064,True,-28.9258379760249,-24.405759115851318,1.26,40.0,0.0042416561712504,0.1334597048518077,7.19672244894601,0.3598361224473005,0.11201216003895685,0.03178229845450574,True,True,True,valid,-28.9533094563611,-24.4902361055848,0.12712919381802296,-0.027471480336199505,0.027471480336199505,-0.08447698973348139,0.08447698973348139,-0.05597423503484045,-0.057005509397281884,0.06281339039684498,interior_le_0.4,test
test_00088,multifidelity_test,exponential,0.4431572288304537,44.54257958867439,0.9039606273017862,14.10777103785081,0.2387147339771168,0.0640753684530661,True,-19.31438178192576,-13.011842985199548,1.26,40.0,0.0090396062730178,0.1410777103785081,44.54257958867439,2.2271289794337195,0.23871473397711515,0.06407536845306572,True,True,True,valid,-18.9012994320155,-13.2950810690748,0.25630147381226287,0.4130823499102618,0.4130823499102618,-0.2832380838752524,0.2832380838752524,0.06492213301750471,-0.6963204337855142,0.35416157327179676,interior_le_0.4,test
test_00089,multifidelity_test,exponential,0.344636139059485,20.88258869609048,0.7203208607446696,13.043937589757444,0.1902197921651579,0.0552226546461162,True,-21.949083481818896,-16.21913138519058,1.26,40.0,0.0072032086074466,0.1304393758975744,20.88258869609048,1.044129434804524,0.19021979216515544,0.05522265464611555,True,True,True,valid,-21.7721357914213,-16.4034274602027,0.2208906185844622,0.17694769039759706,0.17694769039759706,-0.18429607501212075,0.18429607501212075,-0.0036741923072618476,-0.3612437654097178,0.1806592488663632,interior_le_0.4,test
test_00090,multifidelity_test,exponential,0.3134282347648821,27.335271467079632,0.9527114616295962,16.476294904165393,0.2515886823508002,0.0578231615281867,True,-20.029947438439123,-14.073849379893584,1.26,40.0,0.0095271146162959,0.1647629490416539,27.335271467079632,1.3667635733539818,0.25158868235079856,0.05782316152818641,True,True,True,valid,-19.5746565265723,-14.3489625688633,0.25158868235079856,0.4552909118668218,0.4552909118668218,-0.2751131889697156,0.2751131889697156,0.0900888614485531,-0.7304041008365374,0.37614962526473994,interior_le_0.4,test
test_00091,multifidelity_test,exponential,0.3136307934562186,17.700500882943928,0.7344032576276383,14.125673028745622,0.193938621862102,0.0519906737281214,True,-22.3475216591828,-16.770425271638658,1.26,40.0,0.0073440325762763,0.1412567302874562,17.700500882943928,0.8850250441471964,0.1939386218620998,0.051990673728120836,True,True,True,valid,-22.1583761809724,-16.9500337382983,0.20796269491248334,0.18914547821039918,0.18914547821039918,-0.1796084666596407,0.1796084666596407,0.004768505775379239,-0.3687539448700399,0.18443862559570848,interior_le_0.4,test
test_00092,multifidelity_test,exponential,0.1938257022553254,12.029052342290353,0.8580645250633426,9.929892449323445,0.2265946531842849,0.0864122677503727,True,-20.47112637232912,-15.297614704562836,1.26,40.0,0.0085806452506334,0.0992989244932344,12.029052342290353,0.6014526171145177,0.22659465318428426,0.08641226775037258,True,True,True,valid,-20.3364330544962,-15.5646317228482,0.34564907100149034,0.1346933178329195,0.1346933178329195,-0.2670170182853635,0.2670170182853635,-0.06616185022622201,-0.401710336118283,0.21147148498420065,interior_le_0.4,test
test_00093,multifidelity_test,exponential,0.2626472497434137,17.569306962089815,0.8204904542714995,6.53853910078752,0.2166722251021183,0.1254852867932956,True,-18.978504195799925,-13.408552173103365,1.26,40.0,0.0082049045427149,0.0653853910078752,17.569306962089815,0.8784653481044908,0.2166722251021158,0.1254852867932942,True,True,True,valid,-18.9789116042039,-13.7326020242223,0.5019411471731768,-0.0004074084039764614,0.0004074084039764614,-0.3240498511189358,0.3240498511189358,-0.16222862976145613,-0.32364244271495934,0.2291380282622377,middle_0.4_to_0.7,test
test_00094,multifidelity_test,exponential,0.275859099195715,16.499906659883138,0.5556373635557079,14.851872605715924,0.1467307551047419,0.0374119397807024,True,-25.08357239370397,-19.574869972639576,1.26,40.0,0.005556373635557,0.1485187260571592,16.499906659883138,0.824995332994157,0.1467307551047399,0.03741193978070188,True,True,True,valid,-25.0094395050818,-19.6915973951187,0.14964775912280753,0.07413288862217016,0.07413288862217016,-0.11672742247912282,0.11672742247912282,-0.021297266928476333,-0.19086031110129298,0.09777774883399268,interior_le_0.4,test
test_00095,multifidelity_test,exponential,0.2259147444820557,12.427832584625127,1.0559419927959834,15.608239925296356,0.2788494369029712,0.067652855020803,True,-20.24272595305113,-15.032442262575618,1.26,40.0,0.0105594199279598,0.1560823992529635,12.427832584625127,0.6213916292312565,0.27884943690297037,0.0676528550208028,True,True,True,valid,-19.832379979356,-15.3182545656771,0.27884943690297037,0.4103459736951329,0.4103459736951329,-0.28581230310148165,0.28581230310148165,0.06226683529682564,-0.6961582767966146,0.35360464556618876,interior_le_0.4,test
test_00096,multifidelity_test,exponential,0.1660249127403951,11.921340370255496,0.3967797158091361,13.596440927533148,0.1047801878159376,0.0291826160922485,True,-28.303914480637083,-23.140636531009903,1.26,40.0,0.0039677971580913,0.1359644092753314,11.921340370255496,0.5960670185127749,0.10478018781593598,0.02918261609224815,True,True,True,valid,-28.3249241475218,-23.2211649854685,0.1167304643689926,-0.021009666884715728,0.021009666884715728,-0.08052845445859802,0.08052845445859802,-0.050769060671656874,-0.05951878757388229,0.05884827134290869,interior_le_0.4,test
test_00097,multifidelity_test,exponential,0.1500057790694964,7.049720515215948,0.8790135944419591,11.960342237594652,0.2321268095335183,0.0734940168918392,True,-22.255889042934044,-17.76521740147035,1.26,40.0,0.0087901359444195,0.1196034223759465,7.049720515215948,0.3524860257607974,0.23212680953351594,0.07349401689183845,True,True,True,valid,-22.1281100003607,-17.9857616569002,0.2939760675673538,0.12777904257334427,0.12777904257334427,-0.22054425542985,0.22054425542985,-0.04638260642825287,-0.3483232980031943,0.18023214519622666,interior_le_0.4,test
test_00098,multifidelity_test,exponential,0.4067544494690669,38.4117643886267,0.9876553379371604,9.310252809774148,0.2608165379508701,0.1060825477155995,True,-17.241451683733974,-11.0360214609294,1.26,40.0,0.0098765533793716,0.0931025280977414,38.4117643886267,1.920588219431335,0.26081653795086995,0.10608254771559955,True,True,True,valid,-16.9479694381297,-11.4313540468262,0.4243301908623982,0.29348224560427383,0.29348224560427383,-0.3953325858968011,0.3953325858968011,-0.05092517014626363,-0.6888148315010749,0.3481520371596143,middle_0.4_to_0.7,test
test_00099,multifidelity_test,exponential,0.1566203639315748,7.546378157179361,0.9578979949754824,11.904275257910022,0.2529583237826646,0.0804667209235596,True,-21.292712966397044,-16.70601836574988,1.26,40.0,0.0095789799497548,0.1190427525791002,7.546378157179361,0.377318907858968,0.252958323782664,0.08046672092355951,True,True,True,valid,-21.1198164397856,-16.9643213795444,0.32186688369423805,0.17289652661144572,0.17289652661144572,-0.2583030137945208,0.2583030137945208,-0.04270324359153754,-0.43119954040596653,0.21978814327624088,interior_le_0.4,test
test_00100,multifidelity_test,exponential,0.1959905061922397,11.258153058032848,0.4975605970083733,12.613857582115186,0.1313940474452725,0.0394455537308309,True,-26.183854504863987,-21.08664602325616,1.26,40.0,0.0049756059700837,0.1261385758211518,11.258153058032848,0.5629076529016425,0.1313940474452717,0.03944555373083066,True,True,True,valid,-26.1720948419274,-21.1915123046675,0.15778221492332264,0.011759662936587034,0.011759662936587034,-0.10486628141133991,0.10486628141133991,-0.04655330923737644,-0.11662594434792695,0.07461644138333211,interior_le_0.4,test
test_00101,multifidelity_test,exponential,0.1141014441375101,7.704961894071878,1.109725729742896,17.126322387443572,0.2930524564480816,0.0647964989002255,True,-21.337979378498225,-16.722510558100183,1.26,40.0,0.0110972572974289,0.1712632238744357,7.704961894071878,0.3852480947035939,0.29305245644808003,0.06479649890022522,True,True,True,valid,-20.9722461445,-16.9700759424259,0.29305245644808003,0.365733233998224,0.365733233998224,-0.24756538432571773,0.24756538432571773,0.05908392483625313,-0.6132986183239417,0.3122894634526916,interior_le_0.4,test
test_00102,multifidelity_test,exponential,0.4237819928895596,29.27388285113251,0.7088589020068488,6.906702359498658,0.1871929585306858,0.1026334805107054,True,-19.61636169857335,-13.606929133308462,1.26,40.0,0.0070885890200684,0.0690670235949865,29.27388285113251,1.4636941425566254,0.18719295853068352,0.1026334805107043,True,True,True,valid,-19.598745166965,-13.8531899804777,0.4105339220428172,0.017616531608350527,0.017616531608350527,-0.24626084716923735,0.24626084716923735,-0.11432215778044341,-0.2638773787775879,0.17457770051529847,middle_0.4_to_0.7,test
test_00103,multifidelity_test,exponential,0.0995432640621394,5.095836294613994,1.0979844671112566,18.19682531442024,0.2899518652265,0.0603393420632086,True,-23.030366463494502,-19.038388303853665,1.26,40.0,0.0109798446711125,0.1819682531442024,5.095836294613994,0.2547918147306997,0.2899518652264983,0.060339342063208255,True,True,True,valid,-22.7780979439403,-19.2212790956312,0.2899518652264983,0.25226851955420315,0.25226851955420315,-0.18289079177753464,0.18289079177753464,0.034688863888334254,-0.4351593113317378,0.22032753762873458,interior_le_0.4,test
test_00104,multifidelity_test,exponential,0.1971670605275784,9.915259891681416,0.4048143063304932,6.824037324787278,0.106901934140936,0.0593218188974533,True,-26.36739262430361,-21.4228052539086,1.26,40.0,0.0040481430633049,0.0682403732478727,9.915259891681416,0.4957629945840708,0.10690193414093517,0.059321818897452985,True,True,True,valid,-26.4362413717967,-21.5261365841553,0.23728727558981194,-0.06884874749309233,0.06884874749309233,-0.10333133024670005,0.10333133024670005,-0.08609003886989619,-0.034482582753607716,0.08779952688346383,interior_le_0.4,test
test_00105,multifidelity_test,exponential,0.4179615051172875,36.29636557118732,0.740566505849984,5.409876840820056,0.1955661907134398,0.136891564750987,True,-18.518141714115924,-12.351619211698567,1.26,40.0,0.0074056650584998,0.0540987684082005,36.29636557118732,1.8148182785593656,0.19556619071343878,0.13689156475098646,True,True,True,valid,-18.5678294934589,-12.6453156693623,0.5475662590039458,-0.049687779342974636,0.049687779342974636,-0.2936964576637333,0.2936964576637333,-0.17169211850335397,-0.24400867832075868,0.21062583490666717,middle_0.4_to_0.7,test
test_00106,multifidelity_test,exponential,0.23687532977557,12.633400990296074,1.0380870948656962,9.905937586358116,0.2741343784359456,0.1047944312000602,True,-18.70620974978393,-13.477625350076114,1.26,40.0,0.0103808709486569,0.0990593758635811,12.633400990296074,0.6316700495148038,0.274134378435944,0.10479443120005966,True,True,True,valid,-18.4804326280994,-13.8522058797849,0.4191777248002386,0.2257771216845299,0.2257771216845299,-0.37458052970878697,0.37458052970878697,-0.07440170401212853,-0.6003576513933169,0.3092619293681866,middle_0.4_to_0.7,test
test_00107,multifidelity_test,exponential,0.2594764032836898,13.104491014357595,0.6844731474850585,17.726181410238603,0.180753254490836,0.0386136828707906,True,-24.4016975682608,-19.13274254080321,1.26,40.0,0.0068447314748505,0.177261814102386,13.104491014357595,0.6552245507178798,0.18075325449083382,0.0386136828707902,True,True,True,valid,-24.2413580071376,-19.272838420654,0.18075325449083382,0.1603395611232017,0.1603395611232017,-0.14009587985079008,0.14009587985079008,0.010121840636205803,-0.3004354409739918,0.15055834485731429,interior_le_0.4,test
test_00108,multifidelity_test,exponential,0.2436038739882741,13.00502186513106,0.7634276205844042,13.426109986415684,0.2016032732560023,0.0568614156562718,True,-22.391043024547976,-17.13043683512934,1.26,40.0,0.007634276205844,0.1342610998641568,13.00502186513106,0.6502510932565531,0.20160327325600122,0.05686141565627152,True,True,True,valid,-22.2208097662467,-17.316956698729,0.2274456626250861,0.1702332583012769,0.1702332583012769,-0.18651986359965989,0.18651986359965989,-0.008143302649191497,-0.3567531219009368,0.17856234450340444,interior_le_0.4,test
test_00109,multifidelity_test,exponential,0.0894322674595361,6.20992048623163,0.7516344903419788,11.84489952209951,0.1984889850187136,0.0634563838164793,True,-23.979494555223106,-19.675430973437315,1.26,40.0,0.0075163449034197,0.1184489952209951,6.20992048623163,0.3104960243115815,0.19848898501871132,0.06345638381647856,True,True,True,valid,-23.9209936636954,-19.8459259949442,0.2538255352659142,0.05850089152770721,0.05850089152770721,-0.17049502150688411,0.17049502150688411,-0.05599706498958845,-0.22899591303459133,0.12745765310127408,interior_le_0.4,test
test_00110,multifidelity_test,exponential,0.2045676501135426,11.319105129717965,1.1083230477091377,12.042020546500638,0.2926820411241945,0.0920379635152849,True,-19.046696505829843,-13.943184926354814,1.26,40.0,0.0110832304770913,0.1204202054650063,11.319105129717965,0.5659552564858983,0.29268204112419255,0.0920379635152844,True,True,True,valid,-18.7120403495024,-14.3026693602676,0.3681518540611376,0.33465615632744417,0.33465615632744417,-0.3594844339127867,0.3594844339127867,-0.012414138792671281,-0.6941405902402309,0.34729224091063093,interior_le_0.4,test
test_00111,multifidelity_test,exponential,0.3797985158998668,23.001212435409062,0.8533493417067479,11.230986527841909,0.2253494841950308,0.0759816904411088,True,-19.791382191035773,-13.97713541138077,1.26,40.0,0.0085334934170674,0.112309865278419,23.001212435409062,1.1500606217704532,0.22534948419502876,0.0759816904411082,True,True,True,valid,-19.5531677436558,-14.2423780795289,0.3039267617644328,0.2382144473799741,0.2382144473799741,-0.26524266814812947,0.26524266814812947,-0.013514110384077682,-0.5034571155281036,0.25209105095866174,interior_le_0.4,test
test_00112,multifidelity_test,exponential,0.1742206961568968,8.6690177691099,0.505065330639367,6.768826072111956,0.1333758710315931,0.0746163847702147,True,-24.76324232329617,-19.98945946679377,1.26,40.0,0.0050506533063936,0.0676882607211195,8.6690177691099,0.433450888455495,0.13337587103159126,0.07461638477021378,True,True,True,valid,-24.8267021327278,-20.1303363788877,0.2984655390808551,-0.06345980943163099,0.06345980943163099,-0.14087691209392972,0.14087691209392972,-0.10216836076278035,-0.07741710266229873,0.10925532429639236,interior_le_0.4,test
test_00113,multifidelity_test,exponential,0.3491132768670607,31.67502027025101,0.6454482330206921,6.0519674561613925,0.1704476927290947,0.1066509755209561,True,-20.054068590437648,-13.985268466670751,1.26,40.0,0.0064544823302069,0.0605196745616139,31.67502027025101,1.5837510135125503,0.1704476927290942,0.10665097552095588,True,True,True,valid,-20.0861502766514,-14.2048086462704,0.42660390208382354,-0.032081686213750515,0.032081686213750515,-0.21954017959964922,0.21954017959964922,-0.12581093290669987,-0.1874584933858987,0.15688710120491708,middle_0.4_to_0.7,test
test_00114,multifidelity_test,exponential,0.1118857492167983,8.192630188012357,0.5208244090512215,14.201998253259656,0.137537472872637,0.0366726146393998,True,-27.00983167699283,-22.310943061461344,1.26,40.0,0.0052082440905122,0.1420199825325965,8.192630188012357,0.4096315094006179,0.13753747287263668,0.03667261463939978,True,True,True,valid,-26.9941492288971,-22.4126596158011,0.14669045855759913,0.01568244809573116,0.01568244809573116,-0.10171655433975602,0.10171655433975602,-0.04301705312201243,-0.11739900243548718,0.07277429699086017,interior_le_0.4,test
test_00115,multifidelity_test,exponential,0.4192507266607749,35.8605385929472,0.5586202303542893,8.000833633617438,0.1475184600476419,0.0698202532305023,True,-21.8170438324658,-15.65894850460914,1.26,40.0,0.0055862023035428,0.0800083363361743,35.8605385929472,1.7930269296473602,0.14751846004763947,0.0698202532305012,True,True,True,valid,-21.8052212009316,-15.8133952863713,0.2792810129220048,0.011822631534197825,0.011822631534197825,-0.1544467817621591,0.1544467817621591,-0.07131207511398063,-0.16626941329635692,0.10952986581997032,interior_le_0.4,test
test_00116,multifidelity_test,exponential,0.2305848045677576,16.129011839958654,0.4092065700127946,6.706609517853014,0.1080618276416159,0.0610154160494189,True,-25.225874703373723,-19.739767117624808,1.26,40.0,0.0040920657001279,0.0670660951785301,16.129011839958654,0.8064505919979328,0.10806182764161476,0.061015416049418285,True,True,True,valid,-25.2898316759035,-19.8427202956688,0.24406166419767314,-0.06395697252977683,0.06395697252977683,-0.10295317804399318,0.10295317804399318,-0.083455075286885,-0.03899620551421634,0.08570254139911135,interior_le_0.4,test
test_00117,multifidelity_test,exponential,0.2190551956958944,15.38726686838202,1.040998209732759,5.702490608594458,0.274903135381856,0.1825514991929715,True,-16.88827816372153,-11.449683143946936,1.26,40.0,0.0104099820973275,0.0570249060859445,15.38726686838202,0.7693633434191011,0.2749031353818536,0.18255149919297023,True,True,True,valid,-16.9432121062525,-11.9866092327311,0.7302059967718809,-0.05493394253096895,0.05493394253096895,-0.5369260887841634,0.5369260887841634,-0.29593001565756616,-0.4819921462531944,0.38164601587010905,nearer_boundary_gt_0.7,test
test_00118,multifidelity_test,exponential,0.3340016708109942,20.99741250807247,0.4539873457322723,8.804972731765927,0.119887376941337,0.0515603352290246,True,-24.61053986491563,-18.875706942905705,1.26,40.0,0.0045398734573227,0.0880497273176592,20.99741250807247,1.0498706254036234,0.11988737694133644,0.05156033522902445,True,True,True,valid,-24.6328549628323,-18.9842366626702,0.2062413409160978,-0.02231509791667108,0.02231509791667108,-0.1085297197644941,0.1085297197644941,-0.06542240884058259,-0.08621462184782303,0.07834750687542724,interior_le_0.4,test
test_00119,multifidelity_test,exponential,0.3170469480331161,27.427507643457744,1.0886369074771394,13.261698196214716,0.2874833946493533,0.0820888012507982,True,-18.033190048807025,-12.07443142217526,1.26,40.0,0.0108863690747713,0.1326169819621471,27.427507643457744,1.3713753821728871,0.2874833946493509,0.08208880125079757,True,True,True,valid,-17.5228241869394,-12.4566661275457,0.32835520500319026,0.5103658618676263,0.5103658618676263,-0.3822347053704398,0.3822347053704398,0.06406557824859327,-0.8926005672380661,0.4508750841139439,interior_le_0.4,test
test_00120,multifidelity_test,exponential,0.3590558913960441,22.95899975577705,0.7432989243612536,5.080481065886206,0.1962877581560162,0.1463048311216562,True,-19.002673530121573,-13.189995637861085,1.26,40.0,0.0074329892436125,0.050804810658862,22.95899975577705,1.1479499877888526,0.19628775815601526,0.14630483112165574,True,True,True,valid,-19.0855496589485,-13.4919396196793,0.585219324486623,-0.08287612882692841,0.08287612882692841,-0.3019439818182157,0.3019439818182157,-0.19241005532257205,-0.21906785299128728,0.22140304975945632,middle_0.4_to_0.7,test
test_00121,multifidelity_test,exponential,0.3198646857352284,25.46865545049443,0.5084087247860479,10.349482147504023,0.1342587827649148,0.0491240737980943,True,-23.86384780545181,-17.964549372282395,1.26,40.0,0.0050840872478604,0.1034948214750402,25.46865545049443,1.2734327725247216,0.13425878276491268,0.04912407379809362,True,True,True,valid,-23.8402355257896,-18.0851140652715,0.1964962951923745,0.023612279662213354,0.023612279662213354,-0.12056469298910599,0.12056469298910599,-0.04847620666344632,-0.14417697265131935,0.08687170122198586,interior_le_0.4,test
test_00122,multifidelity_test,exponential,0.4377235350748658,31.711602344505145,0.9742666928642228,6.591864045587502,0.257280911784894,0.1477983596334003,True,-16.648425086542808,-10.578771256858913,1.26,40.0,0.0097426669286422,0.065918640455875,31.711602344505145,1.5855801172252573,0.25728091178489326,0.14779835963339993,True,True,True,valid,-16.5741703190344,-11.0310960295015,0.5911934385335997,0.07425476750840687,0.07425476750840687,-0.4523247726425872,0.4523247726425872,-0.18903500256709016,-0.5265795401509941,0.3241230248253707,middle_0.4_to_0.7,test
test_00123,multifidelity_test,exponential,0.4349152700968933,31.22752845547371,0.4841618809101409,12.90999672939899,0.1278557617584595,0.037502866271654,True,-24.804930020687067,-18.74668995191978,1.26,40.0,0.0048416188091014,0.1290999672939899,31.22752845547371,1.5613764227736855,0.12785576175845928,0.03750286627165394,True,True,True,valid,-24.7624163451855,-18.8517431756606,0.15001146508661575,0.04251367550156715,0.04251367550156715,-0.10505322374082127,0.10505322374082127,-0.03126977411962706,-0.14756689924238842,0.08013611053386484,interior_le_0.4,test
test_00124,multifidelity_test,exponential,0.0699072719658581,4.251324659992831,1.069293327469088,11.325764526420397,0.2823752102701619,0.0944124632800437,True,-22.203880552814947,-18.522366657159942,1.26,40.0,0.0106929332746908,0.1132576452642039,4.251324659992831,0.2125662329996415,0.2823752102701598,0.09441246328004312,True,True,True,valid,-22.1348661031272,-18.7930407082711,0.37764985312017246,0.06901444968774584,0.06901444968774584,-0.2706740511111576,0.2706740511111576,-0.10082980071170589,-0.33968850079890345,0.1975189056908578,interior_le_0.4,test
test_00125,multifidelity_test,exponential,0.2962684283433374,17.34217693242198,0.6309063857785306,13.813131700141485,0.166607533001884,0.0456743915481576,True,-23.6170065948151,-18.059606802838417,1.26,40.0,0.0063090638577853,0.1381313170014148,17.34217693242198,0.8671088466210991,0.1666075330018839,0.04567439154815762,True,True,True,valid,-23.5025938492801,-18.203496967191,0.18269756619263047,0.1144127455349988,0.1144127455349988,-0.14389016435258384,0.14389016435258384,-0.014738709408792516,-0.25830290988758264,0.12998972216731208,interior_le_0.4,test
test_00126,multifidelity_test,exponential,0.2898908867131979,22.59347035580021,0.5447244360024457,12.71945912694405,0.1438489076889265,0.042826069140671,True,-24.16411985636506,-18.36520389028285,1.26,40.0,0.0054472443600244,0.1271945912694405,22.59347035580021,1.1296735177900106,0.14384890768892505,0.04282606914067063,True,True,True,valid,-24.0992536439398,-18.4881119871047,0.17130427656268252,0.06486621242525814,0.06486621242525814,-0.122908096821849,0.122908096821849,-0.02902094219829543,-0.18777430924710714,0.0982701017063881,interior_le_0.4,test
test_00127,multifidelity_test,exponential,0.1984694805006528,12.924047136007616,0.7166110890988296,5.990908307752497,0.1892401287541575,0.119616434150979,True,-20.5530955507794,-15.299353917301188,1.26,40.0,0.0071661108909882,0.0599090830775249,12.924047136007616,0.6462023568003809,0.18924012875415502,0.11961643415097754,True,True,True,valid,-20.6097981396126,-15.5628953359026,0.4784657366039102,-0.05670258883320045,0.05670258883320045,-0.26354141860141134,0.26354141860141134,-0.1601220037173059,-0.20683882976821089,0.19061645115103693,middle_0.4_to_0.7,test
