split_repeat,requested_fraction,actual_fraction,adaptation_fields,test_fields,method,response,n,rmse_db,mae_db,bias_db,r_squared_skill
1,0.05,0.06666666666666667,2,28,zero_source_mean,HH,177,4.54460186013473,3.7105279761877323,1.5642115874492213,-0.13438815681758687
1,0.05,0.06666666666666667,2,28,zero_source_mean,VV,177,5.501504551547826,4.336616512144379,3.9259954266476713,-1.0377246088454228
1,0.05,0.06666666666666667,2,28,zero_source_mean,common,177,4.809903592448694,3.7183841611244888,2.745103507048446,-0.4830638773932141
1,0.05,0.06666666666666667,2,28,zero_source_mean,differential,177,3.0494633168935725,2.6068371641583417,2.36178383919845,-1.498983521392483
1,0.05,0.06666666666666667,2,28,common_offset_source_mean,HH,177,4.444945623337616,3.822615873128424,-1.2453487132520766,-0.08518280808942724
1,0.05,0.06666666666666667,2,28,common_offset_source_mean,VV,177,4.012423162016925,3.4074248703374104,1.1164351259463738,-0.08391691722602479
1,0.05,0.06666666666666667,2,28,common_offset_source_mean,common,177,3.950156197226786,3.4535900756842786,-0.06445679365285134,-0.000266332711092776
1,0.05,0.06666666666666667,2,28,common_offset_source_mean,differential,177,3.0494633168935725,2.6068371641583417,2.36178383919845,-1.498983521392483
1,0.05,0.06666666666666667,2,28,common_offset_source_ridge,HH,177,4.44465351194143,3.739505187441083,-0.2291957523044304,-0.08504018144064962
1,0.05,0.06666666666666667,2,28,common_offset_source_ridge,VV,177,4.578588881145448,3.7345394867782122,2.066892322335529,-0.41138609894738054
1,0.05,0.06666666666666667,2,28,common_offset_source_ridge,common,177,4.256535629025096,3.519716872627165,0.9188482850155495,-0.1614477036719939
1,0.05,0.06666666666666667,2,28,common_offset_source_ridge,differential,177,2.994070761168439,2.5334473178893373,2.29608807463996,-1.4090215540929174
1,0.05,0.06666666666666667,2,28,scratch,HH,177,4.630615995204429,3.9589067016096657,-1.76624057168377,-0.1777348739199378
1,0.05,0.06666666666666667,2,28,scratch,VV,177,4.17339185271555,3.459117685160587,1.6373269843780665,-0.17262963304440238
1,0.05,0.06666666666666667,2,28,scratch,common,177,3.9501561972267867,3.4535900756842786,-0.06445679365285122,-0.0002663327110932201
1,0.05,0.06666666666666667,2,28,scratch,differential,177,3.912118629688339,3.514588071069607,3.4035675560618364,-3.1128284673280273
1,0.05,0.06666666666666667,2,28,spm_only,HH,177,4.311890751580982,3.6716885656112765,0.06215203505284569,-0.021187517493247432
1,0.05,0.06666666666666667,2,28,spm_only,VV,177,3.8490706712838865,3.3977595375258742,-0.19106562235854888,0.0025427134389975903
1,0.05,0.06666666666666667,2,28,spm_only,common,177,3.950156197226786,3.453590075684278,-0.06445679365285145,-0.000266332711092776
1,0.05,0.06666666666666667,2,28,spm_only,differential,177,2.097750662556937,1.7020983897295723,-0.2532176574113947,-0.1825630344426472
1,0.05,0.06666666666666667,2,28,i2em_only,HH,177,4.2886741349823385,3.6692622389311245,-0.1336796995783407,-0.010220313889170107
1,0.05,0.06666666666666667,2,28,i2em_only,VV,177,3.8651059081045003,3.402741713925561,0.004766112272637879,-0.0057854164722572765
1,0.05,0.06666666666666667,2,28,i2em_only,common,177,3.950156197226786,3.453590075684278,-0.06445679365285124,-0.000266332711092776
1,0.05,0.06666666666666667,2,28,i2em_only,differential,177,2.0612139878976463,1.6632515940241548,0.13844581185097846,-0.1417281987408554
1,0.05,0.06666666666666667,2,28,spm_to_i2em,HH,177,4.31538823341099,3.67257612922913,0.08618442522551259,-0.022844810543530825
1,0.05,0.06666666666666667,2,28,spm_to_i2em,VV,177,3.8577825568879645,3.405606405421622,-0.21509801253121597,-0.0019776337181141024
1,0.05,0.06666666666666667,2,28,spm_to_i2em,common,177,3.9501561972267862,3.4535900756842794,-0.0644567936528516,-0.00026633271109299805
1,0.05,0.06666666666666667,2,28,spm_to_i2em,differential,177,2.143638913769153,1.7347013762463448,-0.3012824377567285,-0.2348659907836783
1,0.05,0.06666666666666667,2,28,risk_spm_to_i2em,HH,177,4.431955826273022,3.8116920594386468,-1.1920112046901676,-0.07884945407099853
1,0.05,0.06666666666666667,2,28,risk_spm_to_i2em,VV,177,3.997767264544663,3.403221603760274,1.0630976173844615,-0.07601308348916302
1,0.05,0.06666666666666667,2,28,risk_spm_to_i2em,common,177,3.9501561972267862,3.4535900756842786,-0.06445679365285382,-0.00026633271109299805
1,0.05,0.06666666666666667,2,28,risk_spm_to_i2em,differential,177,2.9721734749243502,2.519897015983414,2.255108822074629,-1.3739134086507807
1,0.1,0.1,3,27,zero_source_mean,HH,170,4.494935341725185,3.7054744971352385,1.4746230791368404,-0.12060574639655464
1,0.1,0.1,3,27,zero_source_mean,VV,170,5.467462182671126,4.334613975878274,3.912143229815112,-1.0491207104005071
1,0.1,0.1,3,27,zero_source_mean,common,170,4.757581250412581,3.7025565289994025,2.6933831544759763,-0.47166366064887866
1,0.1,0.1,3,27,zero_source_mean,differential,170,3.1075481449767866,2.6891992019859163,2.437520150678272,-1.5991771715607497
1,0.1,0.1,3,27,common_offset_source_mean,HH,170,4.601829284275454,3.9273123827098564,-1.773951031130243,-0.17453768114714419
1,0.1,0.1,3,27,common_offset_source_mean,VV,170,3.8766740957641046,3.339312107707833,0.6635691195480287,-0.030183409882557077
1,0.1,0.1,3,27,common_offset_source_mean,common,170,3.960871562529467,3.4822185309035136,-0.5551909557911072,-0.020041069941242773
1,0.1,0.1,3,27,common_offset_source_mean,differential,170,3.1075481449767866,2.6891992019859163,2.437520150678272,-1.5991771715607497
1,0.1,0.1,3,27,common_offset_source_ridge,HH,170,4.601738087236453,3.8935668877578338,-1.2930807168748222,-0.17449112866084948
1,0.1,0.1,3,27,common_offset_source_ridge,VV,170,4.196844467083261,3.5447545793246342,1.0742398505220645,-0.20737371459212328
1,0.1,0.1,3,27,common_offset_source_ridge,common,170,4.131392092460624,3.52592859353734,-0.1094204331763788,-0.10975974181409232
1,0.1,0.1,3,27,common_offset_source_ridge,differential,170,3.0504739504272576,2.611364137873252,2.3673205673968862,-1.504579338889747
1,0.1,0.1,3,27,scratch,HH,170,4.850815396639548,4.103428751903413,-2.318439026757363,-0.3050749148075862
1,0.1,0.1,3,27,scratch,VV,170,3.990418391359368,3.3730182929796055,1.2080571151751487,-0.09152285578138453
1,0.1,0.1,3,27,scratch,common,170,3.960871562529467,3.4822185309035136,-0.5551909557911068,-0.020041069941242773
1,0.1,0.1,3,27,scratch,differential,170,4.019164560120709,3.6379368886666974,3.526496141932512,-3.3478217298515576
1,0.1,0.1,3,27,spm_only,HH,170,4.3453367964575325,3.724285255535846,-0.6794456135117605,-0.04725594332404559
1,0.1,0.1,3,27,spm_only,VV,170,3.8133489043852418,3.354625551046051,-0.4309362980704545,0.003197649616768161
1,0.1,0.1,3,27,spm_only,common,170,3.960871562529467,3.4822185309035136,-0.5551909557911074,-0.020041069941242773
1,0.1,0.1,3,27,spm_only,differential,170,2.023153316738349,1.6410529647724184,0.24850931544130578,-0.10168577768946085
1,0.1,0.1,3,27,i2em_only,HH,170,4.344349391597278,3.7313565590927094,-0.8050660575674763,-0.046780054724485876
1,0.1,0.1,3,27,i2em_only,VV,170,3.8219410441884007,3.3570194308248715,-0.3053158540147382,-0.0012993498487221533
1,0.1,0.1,3,27,i2em_only,common,170,3.9608715625294675,3.4822185309035136,-0.555190955791107,-0.020041069941242995
1,0.1,0.1,3,27,i2em_only,differential,170,2.0511450030723433,1.6596161133836933,0.49975020355273797,-0.13238179563117392
1,0.1,0.1,3,27,spm_to_i2em,HH,170,4.347352382952878,3.7244765747894135,-0.6827829020887455,-0.048227708962161
1,0.1,0.1,3,27,spm_to_i2em,VV,170,3.824211196537956,3.3641084397432417,-0.4275990094934689,-0.0024892044972981697
1,0.1,0.1,3,27,spm_to_i2em,common,170,3.960871562529467,3.4822185309035136,-0.5551909557911071,-0.020041069941242773
1,0.1,0.1,3,27,spm_to_i2em,differential,170,2.072224383402092,1.6714264704190194,0.25518389259527646,-0.15577610529646257
1,0.1,0.1,3,27,risk_spm_to_i2em,HH,170,4.586968089612176,3.9160648393126074,-1.7303132832367396,-0.16696380245199594
1,0.1,0.1,3,27,risk_spm_to_i2em,VV,170,3.8685554188686697,3.337024647107614,0.6199313716545286,-0.025873030301384103
1,0.1,0.1,3,27,risk_spm_to_i2em,common,170,3.960871562529467,3.4822185309035136,-0.5551909557911042,-0.020041069941242773
1,0.1,0.1,3,27,risk_spm_to_i2em,differential,170,3.0426929566649634,2.6163048516273935,2.3502446548912683,-1.4918185273688689
1,0.2,0.2,6,24,zero_source_mean,HH,152,4.497773156170883,3.647566319749854,1.672812696072346,-0.1605298719610473
1,0.2,0.2,6,24,zero_source_mean,VV,152,5.45557565554673,4.338848042472233,3.939698206067802,-1.0898139764017225
1,0.2,0.2,6,24,zero_source_mean,common,152,4.771122647690518,3.708447312186253,2.806255451070074,-0.5289349242591657
1,0.2,0.2,6,24,zero_source_mean,differential,152,2.988660723185139,2.548368659484269,2.266885509995456,-1.3546882012217063
1,0.2,0.2,6,24,common_offset_source_mean,HH,152,4.259176702366593,3.644514008977873,-0.8419769199638489,-0.04066882276969075
1,0.2,0.2,6,24,common_offset_source_mean,VV,152,4.033912278228933,3.3864046994256576,1.424908590031607,-0.14256091464725684
1,0.2,0.2,6,24,common_offset_source_mean,common,152,3.8695599227349966,3.3136424716543353,0.2914658350338792,-0.005705886776347979
1,0.2,0.2,6,24,common_offset_source_mean,differential,152,2.988660723185139,2.548368659484269,2.266885509995456,-1.3546882012217063
1,0.2,0.2,6,24,common_offset_source_ridge,HH,152,4.293107816242071,3.619451842256137,-0.21413952160813013,-0.057316033789540644
1,0.2,0.2,6,24,common_offset_source_ridge,VV,152,4.438368957945238,3.6427375552529226,2.0012920428863707,-0.38316269678103665
1,0.2,0.2,6,24,common_offset_source_ridge,common,152,4.108109983277222,3.394518140301861,0.8935762606391203,-0.1335272464626287
1,0.2,0.2,6,24,common_offset_source_ridge,differential,152,2.95863429958037,2.488375031474646,2.2154315644945006,-1.3076117989431735
1,0.2,0.2,6,24,scratch,HH,152,4.4003852088660995,3.761095354254539,-1.3653782721201215,-0.11081726135175574
1,0.2,0.2,6,24,scratch,VV,152,4.237317516682156,3.4836527282351155,1.9483099421878796,-0.26069050122327786
1,0.2,0.2,6,24,scratch,common,152,3.8695599227349966,3.3136424716543353,0.2914658350338792,-0.005705886776347979
1,0.2,0.2,6,24,scratch,differential,152,3.839599388560017,3.4415002384626505,3.3136882143080006,-2.886440319853887
1,0.2,0.2,6,24,spm_only,HH,152,4.216782116411665,3.5501200675700684,0.48919475105478805,-0.020054908599439925
1,0.2,0.2,6,24,spm_only,VV,152,3.76429020955251,3.266823766154019,0.09373691901296988,0.005069693304037282
1,0.2,0.2,6,24,spm_only,common,152,3.8695599227349966,3.3136424716543353,0.2914658350338792,-0.005705886776347979
1,0.2,0.2,6,24,spm_only,differential,152,2.0020710315812327,1.5956246640265201,-0.3954578320418182,-0.05666941951720128
1,0.2,0.2,6,24,i2em_only,HH,152,4.193054147850428,3.5467552798814936,0.3148740941268814,-0.008607443556869265
1,0.2,0.2,6,24,i2em_only,VV,152,3.7783592443324445,3.270805912495439,0.2680575759408766,-0.002381308891284517
1,0.2,0.2,6,24,i2em_only,common,152,3.8695599227349966,3.3136424716543353,0.2914658350338792,-0.005705886776347979
1,0.2,0.2,6,24,i2em_only,differential,152,1.9548471422412386,1.5644614743797576,-0.04681651818600473,-0.007408898906110073
1,0.2,0.2,6,24,spm_to_i2em,HH,152,4.22495083825541,3.5523035089629067,0.5403781228419128,-0.024010823540365545
1,0.2,0.2,6,24,spm_to_i2em,VV,152,3.761970357865314,3.2668084014982823,0.042553547225845534,0.006295624041922299
1,0.2,0.2,6,24,spm_to_i2em,common,152,3.8695599227349966,3.3136424716543353,0.2914658350338793,-0.005705886776347979
1,0.2,0.2,6,24,spm_to_i2em,differential,152,2.027630423848793,1.6161066216011089,-0.49782457561606724,-0.08382152866852843
1,0.2,0.2,6,24,risk_spm_to_i2em,HH,152,4.249020548791836,3.6343836083571808,-0.7857525416890212,-0.03571171869980261
1,0.2,0.2,6,24,risk_spm_to_i2em,VV,152,4.0139099193075145,3.3772301077352425,1.3686842117567821,-0.13125811439453727
1,0.2,0.2,6,24,risk_spm_to_i2em,common,152,3.8695599227349975,3.3136424716543353,0.2914658350338807,-0.005705886776348423
1,0.2,0.2,6,24,risk_spm_to_i2em,differential,152,2.904706688496027,2.4559035379725516,2.154436753445804,-1.224255867423599
2,0.05,0.06666666666666667,2,28,zero_source_mean,HH,177,4.469690675763026,3.6233881438256046,1.5345099732164933,-0.13361320763697937
2,0.05,0.06666666666666667,2,28,zero_source_mean,VV,177,5.456158837728682,4.331330845947538,3.9207097604508307,-1.067667787366529
2,0.05,0.06666666666666667,2,28,zero_source_mean,common,177,4.744742438736723,3.6927405523025554,2.727609866833662,-0.4935972410386318
2,0.05,0.06666666666666667,2,28,zero_source_mean,differential,177,3.073318200131296,2.6312531121942286,2.3861997872343372,-1.5178460245841072
2,0.05,0.06666666666666667,2,28,common_offset_source_mean,HH,177,4.469200468547968,3.81925540726034,-1.5330815206528736,-0.13336456631449667
2,0.05,0.06666666666666667,2,28,common_offset_source_mean,VV,177,3.8891535086192413,3.3181153839384683,0.8531182665814636,-0.05055047421471315
2,0.05,0.06666666666666667,2,28,common_offset_source_mean,common,177,3.897218589073854,3.3959717328532495,-0.33998162703570484,-0.007668653478502208
2,0.05,0.06666666666666667,2,28,common_offset_source_mean,differential,177,3.073318200131296,2.6312531121942286,2.3861997872343372,-1.5178460245841072
2,0.05,0.06666666666666667,2,28,common_offset_source_ridge,HH,177,4.6392319386247705,3.9067013081922215,-1.531979450056013,-0.2212431216790307
2,0.05,0.06666666666666667,2,28,common_offset_source_ridge,VV,177,4.086051147144531,3.447680288919849,0.7684924933738959,-0.15961640150740197
2,0.05,0.06666666666666667,2,28,common_offset_source_ridge,common,177,4.107143237328567,3.501697492956707,-0.3817434783410586,-0.11914901392466115
2,0.05,0.06666666666666667,2,28,common_offset_source_ridge,differential,177,2.993671930445857,2.5378311866792873,2.3004719434299092,-1.38903505755215
2,0.05,0.06666666666666667,2,28,scratch,HH,177,4.688287670049011,3.9743992206311516,-2.0548473712974786,-0.24720678002107466
2,0.05,0.06666666666666667,2,28,scratch,VV,177,4.019855450165854,3.376777851919487,1.3748841172260682,-0.12234822819124092
2,0.05,0.06666666666666667,2,28,scratch,common,177,3.897218589073854,3.3959717328532495,-0.3399816270357049,-0.007668653478502208
2,0.05,0.06666666666666667,2,28,scratch,differential,177,3.9402166578288815,3.542067874848743,3.429731488523547,-3.1386082356284204
2,0.05,0.06666666666666667,2,28,spm_only,HH,177,4.255883946535065,3.6153053708440632,-0.21493046920482947,-0.027754797715603408
2,0.05,0.06666666666666667,2,28,spm_only,VV,177,3.7804748980606946,3.3045007004527696,-0.46503278486658034,0.007342405443567235
2,0.05,0.06666666666666667,2,28,spm_only,common,177,3.897218589073854,3.3959717328532495,-0.3399816270357048,-0.007668653478502208
2,0.05,0.06666666666666667,2,28,spm_only,differential,177,2.013908219952588,1.6428681425831901,-0.250102315661751,-0.08116869236352642
2,0.05,0.06666666666666667,2,28,i2em_only,HH,177,4.246315166165918,3.6213142699614846,-0.3877485539606043,-0.023138457401388424
2,0.05,0.06666666666666667,2,28,i2em_only,VV,177,3.7801454117689524,3.298613110354676,-0.29221470011080564,0.007515427524600438
2,0.05,0.06666666666666667,2,28,i2em_only,common,177,3.8972185890738538,3.3959717328532495,-0.33998162703570484,-0.007668653478502208
2,0.05,0.06666666666666667,2,28,i2em_only,differential,177,1.971834862498861,1.6194929355417131,0.09553385384979876,-0.03646631881742768
2,0.05,0.06666666666666667,2,28,spm_to_i2em,HH,177,4.258342369093241,3.614791841559041,-0.16796466892327797,-0.02894251118493152
2,0.05,0.06666666666666667,2,28,spm_to_i2em,VV,177,3.78319069251005,3.3066873077311927,-0.511998585148132,0.0059156945812127715
2,0.05,0.06666666666666667,2,28,spm_to_i2em,common,177,3.897218589073854,3.3959717328532495,-0.3399816270357048,-0.007668653478502208
2,0.05,0.06666666666666667,2,28,spm_to_i2em,differential,177,2.0343972504226953,1.658231161093831,-0.344033916224854,-0.10327971330277186
2,0.05,0.06666666666666667,2,28,risk_spm_to_i2em,HH,177,4.4526652855166065,3.806851073790863,-1.4775671595634623,-0.12499361819759258
2,0.05,0.06666666666666667,2,28,risk_spm_to_i2em,VV,177,3.8753305409617496,3.3108247984836314,0.7976039054920526,-0.04309593770465514
2,0.05,0.06666666666666667,2,28,risk_spm_to_i2em,common,177,3.897218589073854,3.3959717328532495,-0.33998162703570484,-0.007668653478502208
2,0.05,0.06666666666666667,2,28,risk_spm_to_i2em,differential,177,2.989243879147358,2.540108160927778,2.275171065055515,-1.3819728634916255
2,0.1,0.1,3,27,zero_source_mean,HH,171,4.488341216314925,3.6661401152215616,1.5123036637396055,-0.1280683091691317
2,0.1,0.1,3,27,zero_source_mean,VV,171,5.4837335573775485,4.366428573000424,3.9900698112414417,-1.1250809777628263
2,0.1,0.1,3,27,zero_source_mean,common,171,4.761726521831853,3.7223503289600495,2.7511867374905234,-0.5010938729175785
2,0.1,0.1,3,27,zero_source_mean,differential,171,3.1204043535882424,2.6897403296483193,2.477766147501836,-1.7065065797163608
2,0.1,0.1,3,27,common_offset_source_mean,HH,171,4.397910939912182,3.7576898700495387,-1.2179803498776753,-0.08307000385526786
2,0.1,0.1,3,27,common_offset_source_mean,VV,171,3.967081658552526,3.33380653304395,1.2597857976241624,-0.11215437236134607
2,0.1,0.1,3,27,common_offset_source_mean,common,171,3.886572774056655,3.3487619910957016,0.020902723873242816,-2.8925756174746908e-05
2,0.1,0.1,3,27,common_offset_source_mean,differential,171,3.1204043535882438,2.6897403296483207,2.4777661475018373,-1.7065065797163625
2,0.1,0.1,3,27,common_offset_source_ridge,HH,171,4.676111522390549,3.9325707953656117,-1.573956155201706,-0.22442838148801525
2,0.1,0.1,3,27,common_offset_source_ridge,VV,171,4.083451373333229,3.431162517841209,0.809161370380189,-0.17835885552966513
2,0.1,0.1,3,27,common_offset_source_ridge,common,171,4.118388884068621,3.49960899620886,-0.3823973924107585,-0.12288081059550793
2,0.1,0.1,3,27,common_offset_source_ridge,differential,171,3.0391907104921,2.5923423914390042,2.3831175255818953,-1.5674573806004872
2,0.1,0.1,3,27,scratch,HH,171,4.595696048676125,3.8993490743817483,-1.7670808430721816,-0.18267730270695126
2,0.1,0.1,3,27,scratch,VV,171,4.158939745910714,3.4282118059788234,1.808886290818667,-0.22232881597888365
2,0.1,0.1,3,27,scratch,common,171,3.886572774056655,3.3487619910957016,0.020902723873242837,-2.8925756174524864e-05
2,0.1,0.1,3,27,scratch,differential,171,4.051248233780877,3.682449696282523,3.5759671338908485,-3.5621025805165
2,0.1,0.1,3,27,spm_only,HH,171,4.278034482806224,3.6357683313819575,-0.23264065308166795,-0.024830941047693678
2,0.1,0.1,3,27,spm_only,VV,171,3.732943092579996,3.2254080681095636,0.2744461008281532,0.0152510373132424
2,0.1,0.1,3,27,spm_only,common,171,3.886572774056655,3.3487619910957016,0.020902723873242837,-2.8925756174746908e-05
2,0.1,0.1,3,27,spm_only,differential,171,2.0127331231154026,1.6446988700134377,0.507086753909821,-0.12605531396623637
2,0.1,0.1,3,27,i2em_only,HH,171,4.264335087350624,3.632780000932419,-0.31671177125773425,-0.01827789188563167
2,0.1,0.1,3,27,i2em_only,VV,171,3.7552882690931617,3.2365885265157193,0.3585172190042198,0.003426454226064246
2,0.1,0.1,3,27,i2em_only,common,171,3.886572774056655,3.3487619910957016,0.020902723873242816,-2.8925756174746908e-05
2,0.1,0.1,3,27,i2em_only,differential,171,2.0375710368580933,1.6631759494235119,0.675228990261954,-0.1540187213333033
2,0.1,0.1,3,27,spm_to_i2em,HH,171,4.281449753870442,3.6374628003064844,-0.21090923569978542,-0.026467894922364454
2,0.1,0.1,3,27,spm_to_i2em,VV,171,3.7278662513630176,3.2221744041851825,0.2527146834462706,0.01792775344353492
2,0.1,0.1,3,27,spm_to_i2em,common,171,3.886572774056655,3.3487619910957016,0.020902723873242816,-2.8925756174746908e-05
2,0.1,0.1,3,27,spm_to_i2em,differential,171,2.008433681699119,1.6391765424812472,0.46362391914605605,-0.12124967144872656
2,0.1,0.1,3,27,risk_spm_to_i2em,HH,171,4.388860463709436,3.7502641573819,-1.177410842207054,-0.07861688357307006
2,0.1,0.1,3,27,risk_spm_to_i2em,VV,171,3.9525799836555344,3.325415565889628,1.2192162899535397,-0.1040382686982746
2,0.1,0.1,3,27,risk_spm_to_i2em,common,171,3.886572774056655,3.3487619910957016,0.020902723873242816,-2.8925756174746908e-05
2,0.1,0.1,3,27,risk_spm_to_i2em,differential,171,3.057478974916855,2.620610980393627,2.3966271321605936,-1.5984495869629836
2,0.2,0.2,6,24,zero_source_mean,HH,151,4.508666418400182,3.6594423569662844,1.4665979163062375,-0.11833031358671042
2,0.2,0.2,6,24,zero_source_mean,VV,151,5.539941460071851,4.44482875578704,4.1176987251896895,-1.234424097282711
2,0.2,0.2,6,24,zero_source_mean,common,151,4.789783420458347,3.7398527788297664,2.7921483207479634,-0.5147317276907901
2,0.2,0.2,6,24,zero_source_mean,differential,151,3.2046759036249615,2.7907932253670595,2.6511008088834527,-2.168160525405732
2,0.2,0.2,6,24,common_offset_source_mean,HH,151,4.4060784815432905,3.761881224675189,-1.1119191343002892,-0.0680174421257922
2,0.2,0.2,6,24,common_offset_source_mean,VV,151,4.013052306781818,3.311250043387468,1.5391816745831628,-0.1724785225038845
2,0.2,0.2,6,24,common_offset_source_mean,common,151,3.897636628705174,3.3177552367424012,0.21363127014143693,-0.003013239242053656
2,0.2,0.2,6,24,common_offset_source_mean,differential,151,3.2046759036249615,2.7907932253670595,2.6511008088834527,-2.168160525405732
2,0.2,0.2,6,24,common_offset_source_ridge,HH,151,4.6735297109968466,3.9145354264726655,-1.4087815310331904,-0.2016110242138358
2,0.2,0.2,6,24,common_offset_source_ridge,VV,151,4.152595671475578,3.425792249870054,1.1395112991294118,-0.2554359162078257
2,0.2,0.2,6,24,common_offset_source_ridge,common,151,4.13657021493179,3.462526928812643,-0.13463511595188918,-0.12975629676508071
2,0.2,0.2,6,24,common_offset_source_ridge,differential,151,3.118815314893242,2.680127906942655,2.5482928301626027,-2.0006701983695954
2,0.2,0.2,6,24,scratch,HH,151,4.597925867028082,3.9005873174307744,-1.677130907899063,-0.16304847930391753
2,0.2,0.2,6,24,scratch,VV,151,4.2457604113935785,3.4435064656683627,2.1043934481819364,-0.3123999998524618
2,0.2,0.2,6,24,scratch,common,151,3.897636628705174,3.317755236742401,0.21363127014143693,-0.003013239242053656
2,0.2,0.2,6,24,scratch,differential,151,4.1914821175318036,3.8517984659516484,3.781524356081,-4.4196867290849475
2,0.2,0.2,6,24,spm_only,HH,151,4.321467043290712,3.6680980292076204,-0.3196313824224183,-0.027392281750986625
2,0.2,0.2,6,24,spm_only,VV,151,3.739762399151298,3.1559454726883813,0.7468939227052913,-0.018223876522582172
2,0.2,0.2,6,24,spm_only,common,151,3.8976366287051745,3.3177552367424012,0.21363127014143674,-0.003013239242053878
2,0.2,0.2,6,24,spm_only,differential,151,2.1343653058954843,1.736857456408256,1.0665253051277097,-0.4053239716670065
2,0.2,0.2,6,24,i2em_only,HH,151,4.305873946732797,3.662299691707548,-0.36368198376869054,-0.019991404179754424
2,0.2,0.2,6,24,i2em_only,VV,151,3.7652693660748087,3.170632704532635,0.7909445240515643,-0.03216079016118911
2,0.2,0.2,6,24,i2em_only,common,151,3.8976366287051745,3.3177552367424012,0.21363127014143704,-0.003013239242053878
2,0.2,0.2,6,24,i2em_only,differential,151,2.160861525135375,1.7628415217002438,1.1546265078202549,-0.4404322038026145
2,0.2,0.2,6,24,spm_to_i2em,HH,151,4.326147807564826,3.671063851661575,-0.31033874811111545,-0.029619111411113064
2,0.2,0.2,6,24,spm_to_i2em,VV,151,3.7335831912284445,3.1510493672372832,0.7376012883939888,-0.014861834558058007
2,0.2,0.2,6,24,spm_to_i2em,common,151,3.897636628705174,3.3177552367424012,0.21363127014143693,-0.003013239242053656
2,0.2,0.2,6,24,spm_to_i2em,differential,151,2.131692154075282,1.7334170078582465,1.0479400365051041,-0.4018060248115214
2,0.2,0.2,6,24,risk_spm_to_i2em,HH,151,4.400204995193627,3.7568522921458767,-1.0798171582385414,-0.06517191641946818
2,0.2,0.2,6,24,risk_spm_to_i2em,VV,151,3.9989158248735395,3.302529058884027,1.5070796985214117,-0.16423266529342384
2,0.2,0.2,6,24,risk_spm_to_i2em,common,151,3.897636628705174,3.3177552367424012,0.21363127014143518,-0.003013239242053656
2,0.2,0.2,6,24,risk_spm_to_i2em,differential,151,3.152773127043078,2.733747954196368,2.586896856759953,-2.0663688114182572
3,0.05,0.06666666666666667,2,28,zero_source_mean,HH,177,4.4447564586482615,3.605104799163658,1.430577721672918,-0.11556367373751364
3,0.05,0.06666666666666667,2,28,zero_source_mean,VV,177,5.367421300513198,4.22808883687243,3.817467751375722,-1.0236657112787801
3,0.05,0.06666666666666667,2,28,zero_source_mean,common,177,4.681845022187233,3.601470143955646,2.6240227365243203,-0.4579894926998407
3,0.05,0.06666666666666667,2,28,zero_source_mean,differential,177,3.0743213138315504,2.6319433546626962,2.3868900297028044,-1.5175623545709223
3,0.05,0.06666666666666667,2,28,common_offset_source_mean,HH,177,5.265553240818481,4.43399833280637,-3.1649239442592383,-0.565620290501309
3,0.05,0.06666666666666667,2,28,common_offset_source_mean,VV,177,3.8524652051133677,3.374942111145266,-0.7780339145564337,-0.04252109687896022
3,0.05,0.06666666666666667,2,28,common_offset_source_mean,common,177,4.349816853510255,3.787156577760716,-1.9714789294078356,-0.25852622610640186
3,0.05,0.06666666666666667,2,28,common_offset_source_mean,differential,177,3.0743213138315504,2.6319433546626962,2.3868900297028044,-1.5175623545709223
3,0.05,0.06666666666666667,2,28,common_offset_source_ridge,HH,177,5.623768643300207,4.687009241995305,-3.5104654395929167,-0.7858842874159935
3,0.05,0.06666666666666667,2,28,common_offset_source_ridge,VV,177,4.17794108873434,3.6089252057463033,-1.2182918472571584,-0.2261173170756572
3,0.05,0.06666666666666667,2,28,common_offset_source_ridge,common,177,4.723477766973997,4.024383331384844,-2.364378643425037,-0.4840347754284229
3,0.05,0.06666666666666667,2,28,common_offset_source_ridge,differential,177,2.986463146970346,2.529532835585136,2.292173592335758,-1.375724321199593
3,0.05,0.06666666666666667,2,28,scratch,HH,177,5.613972707648754,4.684768034578876,-3.6932303932613384,-0.7796681103001821
3,0.05,0.06666666666666667,2,28,scratch,VV,177,3.7610482909890663,3.2900561395930192,-0.2497274655543334,0.006368795526907167
3,0.05,0.06666666666666667,2,28,scratch,common,177,4.349816853510255,3.787156577760716,-1.9714789294078356,-0.25852622610640186
3,0.05,0.06666666666666667,2,28,scratch,differential,177,3.954835139727861,3.555156645716157,3.443502927707005,-3.1661844399485037
3,0.05,0.06666666666666667,2,28,spm_only,HH,177,4.648553038695291,3.977364187580894,-1.8577551783085815,-0.22020838622150407
3,0.05,0.06666666666666667,2,28,spm_only,VV,177,4.272799420202212,3.669649314094085,-2.08520268050709,-0.2824262957244501
3,0.05,0.06666666666666667,2,28,spm_only,common,177,4.349816853510255,3.787156577760716,-1.9714789294078356,-0.25852622610640186
3,0.05,0.06666666666666667,2,28,spm_only,differential,177,2.011987535090547,1.6460413875002482,-0.22744750219850862,-0.07828185109073327
3,0.05,0.06666666666666667,2,28,i2em_only,HH,177,4.697365142604937,4.016931997939157,-2.0297056840684586,-0.24596850885928556
3,0.05,0.06666666666666667,2,28,i2em_only,VV,177,4.208954798923325,3.6265913544364126,-1.913252174747213,-0.2443883196395853
3,0.05,0.06666666666666667,2,28,i2em_only,common,177,4.349816853510255,3.787156577760716,-1.9714789294078356,-0.25852622610640186
3,0.05,0.06666666666666667,2,28,i2em_only,differential,177,1.9691249143596148,1.6194814017298456,0.11645350932124575,-0.03282860648703423
3,0.05,0.06666666666666667,2,28,spm_to_i2em,HH,177,4.663238414191826,3.986517813293916,-1.8569729995070023,-0.22793015372259018
3,0.05,0.06666666666666667,2,28,spm_to_i2em,VV,177,4.263893352178783,3.662591243387025,-2.08598485930867,-0.2770857816716703
3,0.05,0.06666666666666667,2,28,spm_to_i2em,common,177,4.349816853510255,3.787156577760716,-1.9714789294078356,-0.25852622610640186
3,0.05,0.06666666666666667,2,28,spm_to_i2em,differential,177,2.0419430492474584,1.6710986709939741,-0.22901185980166736,-0.11062891079478021
3,0.05,0.06666666666666667,2,28,risk_spm_to_i2em,HH,177,5.237896286217787,4.413480759181372,-3.114034328089487,-0.5492168580670564
3,0.05,0.06666666666666667,2,28,risk_spm_to_i2em,VV,177,3.860275108371222,3.381871166035553,-0.8289235307261846,-0.04675227945596183
3,0.05,0.06666666666666667,2,28,risk_spm_to_i2em,common,177,4.349816853510255,3.787156577760716,-1.9714789294078356,-0.25852622610640186
3,0.05,0.06666666666666667,2,28,risk_spm_to_i2em,differential,177,2.9984889859130104,2.549298350431465,2.285110797363303,-1.394895896003626
3,0.1,0.1,3,27,zero_source_mean,HH,170,4.46853024992941,3.6139535879317997,1.4490189405718157,-0.1175085824632458
3,0.1,0.1,3,27,zero_source_mean,VV,170,5.419520262656437,4.2758603343098045,3.89931879321562,-1.0732836822752798
3,0.1,0.1,3,27,zero_source_mean,common,170,4.713648869104179,3.616804482832306,2.6741688668937176,-0.4746156264371466
3,0.1,0.1,3,27,zero_source_mean,differential,170,3.1311311532619275,2.705443608631456,2.450299852643804,-1.5799865623588003
3,0.1,0.1,3,27,common_offset_source_mean,HH,170,4.664205231589116,3.9976742413325823,-1.9714724796417908,-0.21752185624838583
3,0.1,0.1,3,27,common_offset_source_mean,VV,170,3.7941782350536983,3.261960154540193,0.4788273730020134,-0.0161843395017911
3,0.1,0.1,3,27,common_offset_source_mean,common,170,3.9527590220170765,3.483466295933158,-0.7463225533198886,-0.03696728093975343
3,0.1,0.1,3,27,common_offset_source_mean,differential,170,3.1311311532619275,2.705443608631456,2.450299852643804,-1.5799865623588003
3,0.1,0.1,3,27,common_offset_source_ridge,HH,170,5.045258228436385,4.250735873558311,-2.433859841472338,-0.42458465313167526
3,0.1,0.1,3,27,common_offset_source_ridge,VV,170,4.009081157714154,3.4310411877870206,-0.08601464031243693,-0.13455808965149618
3,0.1,0.1,3,27,common_offset_source_ridge,common,170,4.295688041885187,3.707125725424732,-1.2599372408923872,-0.22470036123174264
3,0.1,0.1,3,27,common_offset_source_ridge,differential,170,3.0402272330708886,2.594978060307783,2.347845201159901,-1.4323553094133419
3,0.1,0.1,3,27,scratch,HH,170,4.938721069211538,4.190044184429002,-2.5206773895237777,-0.365055973919721
3,0.1,0.1,3,27,scratch,VV,170,3.88158738183184,3.2720605961867917,1.0280322828839998,-0.0635447683999466
3,0.1,0.1,3,27,scratch,common,170,3.9527590220170765,3.483466295933158,-0.7463225533198887,-0.03696728093975343
3,0.1,0.1,3,27,scratch,differential,170,4.05193253398803,3.6606729620598095,3.5487096724077767,-3.320552997540992
3,0.1,0.1,3,27,spm_only,HH,170,4.369072259599012,3.7498307934400854,-0.8946663522038305,-0.06831645486529414
3,0.1,0.1,3,27,spm_only,VV,170,3.7697046398169283,3.31918888074027,-0.5979787544359471,-0.0031172276325022175
3,0.1,0.1,3,27,spm_only,common,170,3.952759022017077,3.483466295933159,-0.7463225533198888,-0.036967280939753655
3,0.1,0.1,3,27,spm_only,differential,170,2.025269221007468,1.6567948329035955,0.29668759776788356,-0.07939512100945079
3,0.1,0.1,3,27,i2em_only,HH,170,4.37102688123854,3.7614975457078708,-1.0029182480649956,-0.06927254871423583
3,0.1,0.1,3,27,i2em_only,VV,170,3.7716971596913784,3.314659372201455,-0.48972685857478165,-0.004177925713326092
3,0.1,0.1,3,27,i2em_only,common,170,3.9527590220170765,3.483466295933158,-0.7463225533198886,-0.03696728093975343
3,0.1,0.1,3,27,i2em_only,differential,170,2.0410623158831487,1.675054932297324,0.513191389490214,-0.09629505291051244
3,0.1,0.1,3,27,spm_to_i2em,HH,170,4.386310926519799,3.7618390895768994,-0.9046625512002392,-0.0767634121734353
3,0.1,0.1,3,27,spm_to_i2em,VV,170,3.7569654604844316,3.307689224500168,-0.5879825554395381,0.0036510999976270275
3,0.1,0.1,3,27,spm_to_i2em,common,170,3.9527590220170765,3.483466295933158,-0.7463225533198887,-0.03696728093975343
3,0.1,0.1,3,27,spm_to_i2em,differential,170,2.052269593939932,1.679534177085119,0.316679995760701,-0.10836740890622742
3,0.1,0.1,3,27,risk_spm_to_i2em,HH,170,4.64994279706457,3.9870399579086913,-1.930386885449242,-0.21008724503812815
3,0.1,0.1,3,27,risk_spm_to_i2em,VV,170,3.7864215269816563,3.2601143727194906,0.43774177880946813,-0.012033670943734087
3,0.1,0.1,3,27,risk_spm_to_i2em,common,170,3.9527590220170756,3.483466295933158,-0.7463225533198855,-0.03696728093975321
3,0.1,0.1,3,27,risk_spm_to_i2em,differential,170,3.0693153059560347,2.6393975309972597,2.3681286642587103,-1.479122207814525
3,0.2,0.2,6,24,zero_source_mean,HH,151,4.380327445275362,3.5203008409612297,1.367620748493458,-0.10800942744591069
3,0.2,0.2,6,24,zero_source_mean,VV,151,5.408806609216144,4.263399555467656,3.88409870660743,-1.0647370159702798
3,0.2,0.2,6,24,zero_source_mean,common,151,4.655755316207541,3.530640417597847,2.6258597275504445,-0.466489238998937
3,0.2,0.2,6,24,zero_source_mean,differential,151,3.1907185193756207,2.799232725748919,2.516477958113974,-1.645692015732871
3,0.2,0.2,6,24,common_offset_source_mean,HH,151,4.562899083517095,3.9566320175081167,-1.8716746592926814,-0.20229773621930192
3,0.2,0.2,6,24,common_offset_source_mean,VV,151,3.818996919009172,3.242142737774636,0.6448032988212917,-0.029343798911478425
3,0.2,0.2,6,24,common_offset_source_mean,common,151,3.8932276570231172,3.425450108479582,-0.6134356802356947,-0.025458725045249597
3,0.2,0.2,6,24,common_offset_source_mean,differential,151,3.1907185193756207,2.799232725748919,2.516477958113974,-1.645692015732871
3,0.2,0.2,6,24,common_offset_source_ridge,HH,151,4.825286721464998,4.1228407092288935,-2.205439313849173,-0.34454874282036374
3,0.2,0.2,6,24,common_offset_source_ridge,VV,151,3.9780756622868436,3.364766471332634,0.20012397924936576,-0.11688360190859015
3,0.2,0.2,6,24,common_offset_source_ridge,common,151,4.139208719892932,3.593404791186029,-1.0026576672999032,-0.15913291248460282
3,0.2,0.2,6,24,common_offset_source_ridge,differential,151,3.1120347895066933,2.6837923398213195,2.4055632930985387,-1.5168143835361079
3,0.2,0.2,6,24,scratch,HH,151,4.821798516449734,4.1482786964122775,-2.4176934601540934,-0.3426054939676981
3,0.2,0.2,6,24,scratch,VV,151,3.9352073761619417,3.2699857962582355,1.1908220996827037,-0.09294191997272261
3,0.2,0.2,6,24,scratch,common,151,3.8932276570231172,3.425450108479582,-0.6134356802356947,-0.025458725045249597
3,0.2,0.2,6,24,scratch,differential,151,4.103938315281258,3.7329288477434157,3.608515559836797,-3.376873042737569
3,0.2,0.2,6,24,spm_only,HH,151,4.260049626207708,3.6713592266972466,-0.8392609710891527,-0.04799598454593812
3,0.2,0.2,6,24,spm_only,VV,151,3.770983522145284,3.3107514211268096,-0.3876103893822372,-0.00362415651450565
3,0.2,0.2,6,24,spm_only,common,151,3.8932276570231172,3.425450108479582,-0.6134356802356947,-0.025458725045249597
3,0.2,0.2,6,24,spm_only,differential,151,2.026769036286209,1.6366410676495153,0.4516505817069156,-0.0675072228488478
3,0.2,0.2,6,24,i2em_only,HH,151,4.271859993602538,3.6906190627230306,-0.9330720434845242,-0.05381487198165735
3,0.2,0.2,6,24,i2em_only,VV,151,3.7688243467360567,3.3008436551545777,-0.2937993169868655,-0.0024751829379050516
3,0.2,0.2,6,24,i2em_only,common,151,3.8932276570231172,3.425450108479582,-0.6134356802356947,-0.025458725045249597
3,0.2,0.2,6,24,i2em_only,differential,151,2.0680336470536083,1.677689956240829,0.6392727264976585,-0.11141819304202416
3,0.2,0.2,6,24,spm_to_i2em,HH,151,4.256121970782584,3.6668949978754144,-0.8157478593602967,-0.046064425068714554
3,0.2,0.2,6,24,spm_to_i2em,VV,151,3.772745641991725,3.3136971521598917,-0.4111235011110929,-0.00456233045844634
3,0.2,0.2,6,24,spm_to_i2em,common,151,3.8932276570231172,3.425450108479582,-0.6134356802356946,-0.025458725045249597
3,0.2,0.2,6,24,spm_to_i2em,differential,151,2.016799806885336,1.6270301221295103,0.40462435824920373,-0.057031385863421935
3,0.2,0.2,6,24,risk_spm_to_i2em,HH,151,4.546278004882445,3.9431189627132124,-1.8292884781294056,-0.1935545716852778
3,0.2,0.2,6,24,risk_spm_to_i2em,VV,151,3.811455379562142,3.241320416947407,0.6024171176580159,-0.025282432944138122
3,0.2,0.2,6,24,risk_spm_to_i2em,common,151,3.8932276570231172,3.425450108479582,-0.6134356802356947,-0.025458725045249597
3,0.2,0.2,6,24,risk_spm_to_i2em,differential,151,3.1245456083250476,2.7291286640629218,2.431705595787421,-1.5370909567739997
4,0.05,0.06666666666666667,2,28,zero_source_mean,HH,177,4.488178550878778,3.633893950210638,1.7151902452123013,-0.17102080916329587
4,0.05,0.06666666666666667,2,28,zero_source_mean,VV,177,5.4818527148864575,4.3421522161088655,3.951810887263718,-1.0819535536452674
4,0.05,0.06666666666666667,2,28,zero_source_mean,common,177,4.801875583459883,3.6918077046357207,2.83350056623801,-0.5342054645062981
4,0.05,0.06666666666666667,2,28,zero_source_mean,differential,177,2.856024388628347,2.481673967011308,2.2366206420514168,-1.5858694158891713
4,0.05,0.06666666666666667,2,28,common_offset_source_mean,HH,177,4.152800711481799,3.563100052262922,0.20948656755706774,-0.002551154276438483
4,0.05,0.06666666666666667,2,28,common_offset_source_mean,VV,177,4.518555120822427,3.6206623277712815,2.4461072096084844,-0.4145408048249102
4,0.05,0.06666666666666667,2,28,common_offset_source_mean,common,177,4.097844340319331,3.3738181295565433,1.3277968885827762,-0.11730729269579032
4,0.05,0.06666666666666667,2,28,common_offset_source_mean,differential,177,2.856024388628347,2.481673967011308,2.2366206420514168,-1.5858694158891713
4,0.05,0.06666666666666667,2,28,common_offset_source_ridge,HH,177,4.462667340563777,3.784738688599869,-0.8973255260716901,-0.15774626845240336
4,0.05,0.06666666666666667,2,28,common_offset_source_ridge,VV,177,4.200543641599582,3.4942126362440753,1.232325396267765,-0.2224393274468044
4,0.05,0.06666666666666667,2,28,common_offset_source_ridge,common,177,4.112307069145738,3.4823286588817983,0.1674999350980375,-0.12520794825222392
4,0.05,0.06666666666666667,2,28,common_offset_source_ridge,differential,177,2.7341645216135926,2.3670101655888334,2.1296509223394553,-1.3699110909012444
4,0.05,0.06666666666666667,2,28,scratch,HH,177,4.183193018415179,3.6128828788450527,-0.28573031180386205,-0.017279209591761102
4,0.05,0.06666666666666667,2,28,scratch,VV,177,4.786358123103491,3.781869624523209,2.9413240889694143,-0.5871818595726137
4,0.05,0.06666666666666667,2,28,scratch,common,177,4.097844340319331,3.3738181295565433,1.327796888582776,-0.1173072926957901
4,0.05,0.06666666666666667,2,28,scratch,differential,177,3.6942310260572304,3.3474696391424765,3.227054400773276,-3.3264418311279638
4,0.05,0.06666666666666667,2,28,spm_only,HH,177,4.563249509492787,3.6875964872686686,1.7525049993404627,-0.21052229451290638
4,0.05,0.06666666666666667,2,28,spm_only,VV,177,3.8524224207426987,3.2775579134012998,0.9030887778250896,-0.028215424222039154
4,0.05,0.06666666666666667,2,28,spm_only,common,177,4.097844340319331,3.373818129556543,1.327796888582776,-0.1173072926957901
4,0.05,0.06666666666666667,2,28,spm_only,differential,177,2.039484306756418,1.6226193691704824,-0.8494162215153734,-0.31863166952459543
4,0.05,0.06666666666666667,2,28,i2em_only,HH,177,4.436925031356795,3.6210091616627507,1.4559454582408318,-0.1444281774380647
4,0.05,0.06666666666666667,2,28,i2em_only,VV,177,3.9507227988108613,3.3190563311921184,1.1996483189247207,-0.08135782721566098
4,0.05,0.06666666666666667,2,28,i2em_only,common,177,4.097844340319331,3.3738181295565433,1.3277968885827762,-0.1173072926957901
4,0.05,0.06666666666666667,2,28,i2em_only,differential,177,1.8492473560614213,1.5060495995443062,-0.25629713931611114,-0.08410857371708058
4,0.05,0.06666666666666667,2,28,spm_to_i2em,HH,177,4.588528498810661,3.7097798974383065,1.7773736358299361,-0.22397128059688654
4,0.05,0.06666666666666667,2,28,spm_to_i2em,VV,177,3.8328714485370345,3.260378460251654,0.8782201413356162,-0.01780555801249628
4,0.05,0.06666666666666667,2,28,spm_to_i2em,common,177,4.09784434031933,3.373818129556543,1.327796888582776,-0.11730729269578988
4,0.05,0.06666666666666667,2,28,spm_to_i2em,differential,177,2.078865484072346,1.6541639934632228,-0.8991534944943196,-0.3700472439388254
4,0.05,0.06666666666666667,2,28,risk_spm_to_i2em,HH,177,4.160664945754145,3.5641778254377217,0.2715665490394292,-0.006351848320777176
4,0.05,0.06666666666666667,2,28,risk_spm_to_i2em,VV,177,4.481982355386581,3.5970136257362864,2.384027228126123,-0.3917351495122763
4,0.05,0.06666666666666667,2,28,risk_spm_to_i2em,common,177,4.097844340319331,3.3738181295565433,1.327796888582776,-0.11730729269579032
4,0.05,0.06666666666666667,2,28,risk_spm_to_i2em,differential,177,2.7621159098957615,2.379867746932651,2.1124606790866935,-1.418614014523786
4,0.1,0.1,3,27,zero_source_mean,HH,171,4.4784986627761665,3.615390250282399,1.7122244213523303,-0.17119251146930714
4,0.1,0.1,3,27,zero_source_mean,VV,171,5.448455837704644,4.308561875795985,3.9045243599738164,-1.055743063875282
4,0.1,0.1,3,27,zero_source_mean,common,171,4.783074052737834,3.6863473964944142,2.8083743906630736,-0.5261193918254523
4,0.1,0.1,3,27,zero_source_mean,differential,171,2.823836574576466,2.4459516258606717,2.192299938621486,-1.517162315384259
4,0.1,0.1,3,27,common_offset_source_mean,HH,171,4.165411251720697,3.5968888314519667,-0.4747768871257272,-0.013162625543446715
4,0.1,0.1,3,27,common_offset_source_mean,VV,171,4.170161384192245,3.4304634780462373,1.7175230514957587,-0.2042805942898569
4,0.1,0.1,3,27,common_offset_source_mean,common,171,3.9213435431119583,3.3330665970797537,0.6213730821850159,-0.02575604485255978
4,0.1,0.1,3,27,common_offset_source_mean,differential,171,2.823836574576466,2.4459516258606717,2.192299938621486,-1.517162315384259
4,0.1,0.1,3,27,common_offset_source_ridge,HH,171,4.62130697098349,3.912445885893188,-1.5127023680335792,-0.2470762955364536
4,0.1,0.1,3,27,common_offset_source_ridge,VV,171,4.044284783136313,3.4262574651051967,0.5628823673573334,-0.1326752794229349
4,0.1,0.1,3,27,common_offset_source_ridge,common,171,4.129106787278678,3.54396417440433,-0.47491000033812275,-0.13733009393714024
4,0.1,0.1,3,27,common_offset_source_ridge,differential,171,2.688371925782161,2.3212723731402685,2.0755847353909127,-1.2814492177283685
4,0.1,0.1,3,27,scratch,HH,171,4.277939488309143,3.6911590572791555,-0.9790092734568504,-0.06864304459397674
4,0.1,0.1,3,27,scratch,VV,171,4.381882053007467,3.53863247676937,2.2217554378268853,-0.3296683470071444
4,0.1,0.1,3,27,scratch,common,171,3.9213435431119583,3.3330665970797537,0.6213730821850176,-0.02575604485255978
4,0.1,0.1,3,27,scratch,differential,171,3.6736320517689136,3.323649497152705,3.2007647112837354,-3.2601355170986768
4,0.1,0.1,3,27,spm_only,HH,171,4.3292166305118025,3.583582317756106,1.034778762902037,-0.09441497099474883
4,0.1,0.1,3,27,spm_only,VV,171,3.754439739722746,3.2691938818559363,0.20796740146799797,0.02385970749676536
4,0.1,0.1,3,27,spm_only,common,171,3.9213435431119583,3.3330665970797537,0.6213730821850179,-0.02575604485255978
4,0.1,0.1,3,27,spm_only,differential,171,2.041599386215459,1.6248547096709567,-0.8268113614340394,-0.31574932632381714
4,0.1,0.1,3,27,i2em_only,HH,171,4.250839035673625,3.5588380110851467,0.761335298131775,-0.055146370207244555
4,0.1,0.1,3,27,i2em_only,VV,171,3.7964357934369035,3.275159133139893,0.4814108662382602,0.0018999389958573865
4,0.1,0.1,3,27,i2em_only,common,171,3.9213435431119588,3.333066597079753,0.6213730821850177,-0.02575604485256
4,0.1,0.1,3,27,i2em_only,differential,171,1.8594014492216957,1.511869113836359,-0.2799244318935148,-0.0913861385419954
4,0.1,0.1,3,27,spm_to_i2em,HH,171,4.351894297805395,3.5996776276209372,1.0611626512891374,-0.10591071474038727
4,0.1,0.1,3,27,spm_to_i2em,VV,171,3.740270834069944,3.2566369667082964,0.18158351308089762,0.031213529912572313
4,0.1,0.1,3,27,spm_to_i2em,common,171,3.9213435431119583,3.3330665970797537,0.6213730821850179,-0.02575604485255978
4,0.1,0.1,3,27,spm_to_i2em,differential,171,2.0855404696402764,1.6610860021776066,-0.87957913820824,-0.3729962363689048
4,0.1,0.1,3,27,risk_spm_to_i2em,HH,171,4.163058484180499,3.5920170857395615,-0.4136910777617214,-0.012018410585436179
4,0.1,0.1,3,27,risk_spm_to_i2em,VV,171,4.142150940165136,3.4146527913099254,1.6564372421317566,-0.188156927675857
4,0.1,0.1,3,27,risk_spm_to_i2em,common,171,3.9213435431119588,3.333066597079753,0.6213730821850177,-0.02575604485256
4,0.1,0.1,3,27,risk_spm_to_i2em,differential,171,2.732983712943222,2.347000028117472,2.070128319893478,-1.357795803949843
4,0.2,0.2,6,24,zero_source_mean,HH,151,4.411203289027092,3.5859036812378355,1.583403656061519,-0.14790196380509046
4,0.2,0.2,6,24,zero_source_mean,VV,151,5.434005395975851,4.334217526990397,3.941264460321329,-1.1099487703076312
4,0.2,0.2,6,24,zero_source_mean,common,151,4.72051212102079,3.648604815987249,2.762334058191424,-0.5207549388406916
4,0.2,0.2,6,24,zero_source_mean,differential,151,2.9734356328024654,2.6412080805664293,2.3578608042598104,-1.6940360259352603
4,0.2,0.2,6,24,common_offset_source_mean,HH,151,4.265163629249012,3.6715465336044892,-1.1135858589144152,-0.07315399838322278
4,0.2,0.2,6,24,common_offset_source_mean,VV,151,3.9424699411557946,3.277590931166958,1.2442749453453947,-0.11062785520943441
4,0.2,0.2,6,24,common_offset_source_mean,common,151,3.828448137951974,3.3049122343744,0.06534454321548998,-0.00029140678141659215
4,0.2,0.2,6,24,common_offset_source_mean,differential,151,2.9734356328024654,2.6412080805664293,2.3578608042598104,-1.6940360259352603
4,0.2,0.2,6,24,common_offset_source_ridge,HH,151,4.756448182547514,3.9960887207551705,-1.9010367419373888,-0.3346155892079421
4,0.2,0.2,6,24,common_offset_source_ridge,VV,151,3.990715779341709,3.3535192627719743,0.3200389516561512,-0.13797671705916326
4,0.2,0.2,6,24,common_offset_source_ridge,common,151,4.156617774621515,3.550645527212253,-0.7904988951406188,-0.1791286237784242
4,0.2,0.2,6,24,common_offset_source_ridge,differential,151,2.8265417372285233,2.4958267332026933,2.22107569359354,-1.434429047034223
4,0.2,0.2,6,24,scratch,HH,151,4.460703510501976,3.809449206412046,-1.6554072791015435,-0.1738088231150099
4,0.2,0.2,6,24,scratch,VV,151,4.124030497932454,3.3533472479807487,1.7860963655325226,-0.21527766606322207
4,0.2,0.2,6,24,scratch,common,151,3.828448137951974,3.3049122343744,0.06534454321548994,-0.00029140678141659215
4,0.2,0.2,6,24,scratch,differential,151,3.8965300118196904,3.570775980879087,3.4415036446340665,-3.626391347584504
4,0.2,0.2,6,24,spm_only,HH,151,4.1816675059951685,3.554805551583501,0.07357870279843673,-0.031548495339950744
4,0.2,0.2,6,24,spm_only,VV,151,3.6888501516334142,3.199652623227993,0.05711038363254292,0.027669727154932988
4,0.2,0.2,6,24,spm_only,common,151,3.828448137951974,3.3049122343744,0.06534454321549003,-0.00029140678141659215
4,0.2,0.2,6,24,spm_only,differential,151,1.8867582155251617,1.516651910878609,-0.016468319165893926,-0.08472291618271521
4,0.2,0.2,6,24,i2em_only,HH,151,4.159346972156892,3.551497935664337,-0.08730610369699819,-0.02056566926510439
4,0.2,0.2,6,24,i2em_only,VV,151,3.7131080360098148,3.2034402420200916,0.21799519012797794,0.014839589107255913
4,0.2,0.2,6,24,i2em_only,common,151,3.828448137951974,3.3049122343744,0.06534454321548998,-0.00029140678141659215
4,0.2,0.2,6,24,i2em_only,differential,151,1.883246256810565,1.538557481001805,0.30530129382497606,-0.08068852892840384
4,0.2,0.2,6,24,spm_to_i2em,HH,151,4.198605442730153,3.5691108124803566,0.05302208488248273,-0.03992203967519403
4,0.2,0.2,6,24,spm_to_i2em,VV,151,3.6720215341169684,3.182269523477272,0.07766700154849696,0.03652107619956124
4,0.2,0.2,6,24,spm_to_i2em,common,151,3.828448137951974,3.3049122343744,0.06534454321549,-0.00029140678141659215
4,0.2,0.2,6,24,spm_to_i2em,differential,151,1.8963119578624845,1.5254416812107987,0.02464491666601422,-0.09573588063353689
4,0.2,0.2,6,24,risk_spm_to_i2em,HH,151,4.257921850073205,3.6656285921425487,-1.069535190689125,-0.06951289696776386
4,0.2,0.2,6,24,risk_spm_to_i2em,VV,151,3.925022453302841,3.267864941805917,1.2002242771201046,-0.10081939089294689
4,0.2,0.2,6,24,risk_spm_to_i2em,common,151,3.828448137951974,3.3049122343744,0.06534454321548998,-0.00029140678141659215
4,0.2,0.2,6,24,risk_spm_to_i2em,differential,151,2.905742400931785,2.5689430223045546,2.26975946780923,-1.5727674782038958
5,0.05,0.06666666666666667,2,28,zero_source_mean,HH,177,4.404762573548263,3.5824354336445747,1.5740768477596272,-0.14640075555142884
5,0.05,0.06666666666666667,2,28,zero_source_mean,VV,177,5.515150558773008,4.415299804612551,4.045156555905925,-1.1643492345972084
5,0.05,0.06666666666666667,2,28,zero_source_mean,common,177,4.758323327307861,3.686078072030396,2.8096167018327756,-0.5352664316423037
5,0.05,0.06666666666666667,2,28,zero_source_mean,differential,177,3.0118224518923555,2.604121245036138,2.471079708146298,-2.05954986944648
5,0.05,0.06666666666666667,2,28,common_offset_source_mean,HH,177,4.123690394473338,3.595384981486666,-0.2839138298728148,-0.004762824205206018
5,0.05,0.06666666666666667,2,28,common_offset_source_mean,VV,177,4.340194546702873,3.5317640375649892,2.1871658782734835,-0.34038940763665093
5,0.05,0.06666666666666667,2,28,common_offset_source_mean,common,177,3.9564235068960696,3.3470602717716464,0.9516260242003343,-0.06140567034716904
5,0.05,0.06666666666666667,2,28,common_offset_source_mean,differential,177,3.0118224518923555,2.604121245036138,2.471079708146298,-2.05954986944648
5,0.05,0.06666666666666667,2,28,common_offset_source_ridge,HH,177,4.467380139919892,3.822287568852311,-1.1422231812501207,-0.1792266190771279
5,0.05,0.06666666666666667,2,28,common_offset_source_ridge,VV,177,4.18613371500403,3.5049353930689096,1.2269818731334252,-0.24692056175052568
5,0.05,0.06666666666666667,2,28,common_offset_source_ridge,common,177,4.07659196199992,3.496513890348303,0.0423793459416524,-0.1268609884046712
5,0.05,0.06666666666666667,2,28,common_offset_source_ridge,differential,177,2.913416120350614,2.4982446819502564,2.369205054383546,-1.8628845929435167
5,0.05,0.06666666666666667,2,28,scratch,HH,177,4.22304721018191,3.690629195076294,-0.8455463164109299,-0.053763930018730255
5,0.05,0.06666666666666667,2,28,scratch,VV,177,4.630050496291884,3.711367657111844,2.7487983648116026,-0.5254010759696759
5,0.05,0.06666666666666667,2,28,scratch,common,177,3.9564235068960705,3.3470602717716464,0.951626024200336,-0.06140567034716926
5,0.05,0.06666666666666667,2,28,scratch,differential,177,3.991220716973274,3.6387716372872214,3.594344681222532,-4.3729190067532775
5,0.05,0.06666666666666667,2,28,spm_only,HH,177,4.212751005435043,3.5654122983280496,0.6295399082451091,-0.04863183357915357
5,0.05,0.06666666666666667,2,28,spm_only,VV,177,3.91678563505868,3.2973302530906627,1.273712140155563,-0.09162179976752194
5,0.05,0.06666666666666667,2,28,spm_only,common,177,3.9564235068960705,3.3470602717716464,0.9516260242003362,-0.06140567034716926
5,0.05,0.06666666666666667,2,28,spm_only,differential,177,1.8878065647498916,1.5455765874986007,0.6441722319104539,-0.2020257948341866
5,0.05,0.06666666666666667,2,28,i2em_only,HH,177,4.1833986740340885,3.5601778300799682,0.5240111893858458,-0.03407006146967362
5,0.05,0.06666666666666667,2,28,i2em_only,VV,177,3.9639060083342934,3.3233430934542523,1.3792408590148262,-0.1180450142581615
5,0.05,0.06666666666666667,2,28,i2em_only,common,177,3.956423506896071,3.347060271771646,0.9516260242003362,-0.06140567034716948
5,0.05,0.06666666666666667,2,28,i2em_only,differential,177,1.9528447849121422,1.599594237304018,0.8552296696289805,-0.2862762654527913
5,0.05,0.06666666666666667,2,28,spm_to_i2em,HH,177,4.21748265193226,3.582200799483761,0.564327918645602,-0.050988745530289314
5,0.05,0.06666666666666667,2,28,spm_to_i2em,VV,177,3.920203291681631,3.2864446960373366,1.3389241297550702,-0.09352765650942518
5,0.05,0.06666666666666667,2,28,spm_to_i2em,common,177,3.95642350689607,3.3470602717716464,0.9516260242003362,-0.06140567034716926
5,0.05,0.06666666666666667,2,28,spm_to_i2em,differential,177,1.9227999561168434,1.571628866812339,0.7745962111094681,-0.24700159967440571
5,0.05,0.06666666666666667,2,28,risk_spm_to_i2em,HH,177,4.125281767588188,3.594687182291164,-0.2547888775807787,-0.005538469764448273
5,0.05,0.06666666666666667,2,28,risk_spm_to_i2em,VV,177,4.322197190692963,3.519258569735343,2.1580409259814513,-0.3292961494552893
5,0.05,0.06666666666666667,2,28,risk_spm_to_i2em,common,177,3.95642350689607,3.3470602717716464,0.9516260242003365,-0.06140567034716926
5,0.05,0.06666666666666667,2,28,risk_spm_to_i2em,differential,177,2.9640392323280995,2.5524035322789174,2.41282980356223,-1.9632391229846258
5,0.1,0.1,3,27,zero_source_mean,HH,173,4.4052854683266185,3.577954239001423,1.5596848874276825,-0.1433149503738531
5,0.1,0.1,3,27,zero_source_mean,VV,173,5.482352895710276,4.381091662778605,4.002390188668357,-1.1412019551969066
5,0.1,0.1,3,27,zero_source_mean,common,173,4.742501526149278,3.6777639110247744,2.781037538048019,-0.5240964072801237
5,0.1,0.1,3,27,zero_source_mean,differential,173,2.993356604047054,2.5788229430297007,2.442705301240674,-1.9933386379191225
5,0.1,0.1,3,27,common_offset_source_mean,HH,173,4.205749347344266,3.6707613261638654,-0.8452245046775156,-0.04208835274578293
5,0.1,0.1,3,27,common_offset_source_mean,VV,173,4.072960955636843,3.389987271410846,1.597480796563157,-0.18180044791133265
5,0.1,0.1,3,27,common_offset_source_mean,common,173,3.859873484930099,3.3438191184584496,0.37612814594282157,-0.009586700222122158
5,0.1,0.1,3,27,common_offset_source_mean,differential,173,2.9933566040470527,2.578822943029699,2.442705301240672,-1.9933386379191202
5,0.1,0.1,3,27,common_offset_source_ridge,HH,173,4.66818380197164,3.9856639928820905,-1.7594018786873342,-0.2838481633599903
5,0.1,0.1,3,27,common_offset_source_ridge,VV,173,4.029146480245596,3.4230133376551337,0.5740425079112347,-0.15651100454879763
5,0.1,0.1,3,27,common_offset_source_ridge,common,173,4.114804309475926,3.5642792809467014,-0.5926796853880496,-0.1473498222655274
5,0.1,0.1,3,27,common_offset_source_ridge,differential,173,2.8853881394719103,2.465467589369134,2.333444386598569,-1.7812973351405765
5,0.1,0.1,3,27,scratch,HH,173,4.373575063650805,3.7988035012192394,-1.3963594601214062,-0.12691442715552292
5,0.1,0.1,3,27,scratch,VV,173,4.298440792825076,3.4999651212956766,2.148615752007046,-0.316271732470051
5,0.1,0.1,3,27,scratch,common,173,3.859873484930099,3.3438191184584505,0.37612814594282,-0.009586700222122158
5,0.1,0.1,3,27,scratch,differential,173,3.9515833402518434,3.5916713911985623,3.5449752121284512,-4.2165242031439405
5,0.1,0.1,3,27,spm_only,HH,173,4.182050648360589,3.5779176851879853,0.2283119218696805,-0.030377450914039095
5,0.1,0.1,3,27,spm_only,VV,173,3.735493379915145,3.232456652587782,0.523944370015959,0.005923977208882825
5,0.1,0.1,3,27,spm_only,common,173,3.8598734849300986,3.3438191184584496,0.37612814594282,-0.009586700222121936
5,0.1,0.1,3,27,spm_only,differential,173,1.8145036663011944,1.4906259639155883,0.29563244814627837,-0.09990362973832667
5,0.1,0.1,3,27,i2em_only,HH,173,4.159487427906395,3.5770911903421716,0.09205680866005415,-0.01928915027022038
5,0.1,0.1,3,27,i2em_only,VV,173,3.7715446231810903,3.24749195771517,0.6601994832255853,-0.013356266417368312
5,0.1,0.1,3,27,i2em_only,common,173,3.8598734849300986,3.3438191184584496,0.3761281459428199,-0.009586700222121713
5,0.1,0.1,3,27,i2em_only,differential,173,1.859375092994792,1.5231623012653956,0.5681426745655314,-0.1549759828830053
5,0.1,0.1,3,27,spm_to_i2em,HH,173,4.19594966435845,3.5997856146100933,0.17038399573268678,-0.037237736519564635
5,0.1,0.1,3,27,spm_to_i2em,VV,173,3.722204247486484,3.210823764903458,0.5818722961529526,0.012984308123129007
5,0.1,0.1,3,27,spm_to_i2em,common,173,3.859873484930099,3.3438191184584505,0.3761281459428199,-0.009586700222122158
5,0.1,0.1,3,27,spm_to_i2em,differential,173,1.8240347620061181,1.495632367169693,0.4114883004202658,-0.11148896834931232
5,0.1,0.1,3,27,risk_spm_to_i2em,HH,173,4.202525988478853,3.667759177557893,-0.8092833872240345,-0.04049161587641503
5,0.1,0.1,3,27,risk_spm_to_i2em,VV,173,4.054997547543317,3.379810096526509,1.5615396791096756,-0.17139899827563543
5,0.1,0.1,3,27,risk_spm_to_i2em,common,173,3.859873484930099,3.3438191184584505,0.3761281459428209,-0.009586700222122158
5,0.1,0.1,3,27,risk_spm_to_i2em,differential,173,2.934955929852992,2.5155042322353403,2.3708230663337093,-1.8776773864840375
5,0.2,0.2,6,24,zero_source_mean,HH,153,4.411617117697706,3.628903336617709,1.5046235045242695,-0.1316333024365286
5,0.2,0.2,6,24,zero_source_mean,VV,153,5.446660210641037,4.348036322586893,3.925451683901316,-1.0808192133619734
5,0.2,0.2,6,24,zero_source_mean,common,153,4.728167533392405,3.7066245565131783,2.715037594212793,-0.4919487930378428
5,0.2,0.2,6,24,zero_source_mean,differential,153,2.9723178146664084,2.570889305088813,2.4208281793770463,-1.9703727856394546
5,0.2,0.2,6,24,common_offset_source_mean,HH,153,4.373770329674222,3.7892775186737104,-1.389745729959991,-0.1123002672980209
5,0.2,0.2,6,24,common_offset_source_mean,VV,153,3.914085786621502,3.3309175364344155,1.0310824494170572,-0.07456938700978943
5,0.2,0.2,6,24,common_offset_source_mean,common,153,3.875086956835896,3.409149913179791,-0.17933164027146767,-0.0021462585883798013
5,0.2,0.2,6,24,common_offset_source_mean,differential,153,2.97231781466641,2.5708893050888144,2.420828179377048,-1.9703727856394582
5,0.2,0.2,6,24,common_offset_source_ridge,HH,153,4.573855909717024,3.895803806304292,-1.4322853581633523,-0.21639618982303488
5,0.2,0.2,6,24,common_offset_source_ridge,VV,153,4.139849952748163,3.5114960804122233,0.8990207752796131,-0.20210660952070936
5,0.2,0.2,6,24,common_offset_source_ridge,common,153,4.115581497901856,3.5557926095914323,-0.2666322914418694,-0.13039601199922313
5,0.2,0.2,6,24,common_offset_source_ridge,differential,153,2.8922286847267538,2.4771547282478665,2.3313061334429652,-1.8124559335709547
5,0.2,0.2,6,24,scratch,HH,153,4.592711722346261,3.9336585217753215,-1.9302187524059042,-0.22644609801316107
5,0.2,0.2,6,24,scratch,VV,153,4.070782218509856,3.400033523449789,1.5715554718629687,-0.16233019895469236
5,0.2,0.2,6,24,scratch,common,153,3.875086956835896,3.409149913179791,-0.17933164027146767,-0.0021462585883798013
5,0.2,0.2,6,24,scratch,differential,153,3.906832729727089,3.5551929385844883,3.5017742242688734,-4.131804498866717
5,0.2,0.2,6,24,spm_only,HH,153,4.21188993446696,3.644832055963697,-0.2599140664858888,-0.031487859133658036
5,0.2,0.2,6,24,spm_only,VV,153,3.7301738786471534,3.2628577220599446,-0.09874921405704719,0.024040182961679868
5,0.2,0.2,6,24,spm_only,common,153,3.875086956835896,3.409149913179791,-0.17933164027146767,-0.0021462585883798013
5,0.2,0.2,6,24,spm_only,differential,153,1.8008976311419165,1.4669817634823041,0.1611648524288416,-0.09043183453991865
5,0.2,0.2,6,24,i2em_only,HH,153,4.198987140289867,3.646430961798324,-0.38767499356301727,-0.025177775016904214
5,0.2,0.2,6,24,i2em_only,VV,153,3.7464043827144744,3.267532471157162,0.02901171302008135,0.015528632556282895
5,0.2,0.2,6,24,i2em_only,common,153,3.875086956835896,3.409149913179791,-0.1793316402714677,-0.0021462585883798013
5,0.2,0.2,6,24,i2em_only,differential,153,1.8080049541207224,1.4711228707736002,0.4166867065830986,-0.0990556941773888
5,0.2,0.2,6,24,spm_to_i2em,HH,153,4.219552547944378,3.6493213751761724,-0.23270559958508516,-0.035244406715510435
5,0.2,0.2,6,24,spm_to_i2em,VV,153,3.7236890946857866,3.2580756929648516,-0.1259576809578504,0.02743058109990104
5,0.2,0.2,6,24,spm_to_i2em,common,153,3.875086956835896,3.409149913179791,-0.17933164027146767,-0.0021462585883798013
5,0.2,0.2,6,24,spm_to_i2em,differential,153,1.8099095737999633,1.47283018331529,0.10674791862723482,-0.10137248614201955
5,0.2,0.2,6,24,risk_spm_to_i2em,HH,153,4.361963012755624,3.780476834451472,-1.3431344105018272,-0.10630289951568939
5,0.2,0.2,6,24,risk_spm_to_i2em,VV,153,3.8995304219906917,3.3224513010849206,0.9844711299588923,-0.06659221514107139
5,0.2,0.2,6,24,risk_spm_to_i2em,common,153,3.875086956835896,3.409149913179791,-0.17933164027146767,-0.0021462585883798013
5,0.2,0.2,6,24,risk_spm_to_i2em,differential,153,2.898434401741623,2.4894118939083736,2.3276055404607194,-1.8245379864840916
6,0.05,0.06666666666666667,2,28,zero_source_mean,HH,177,4.5107900821570865,3.6700114528950976,1.5801232405717949,-0.13987273006821255
6,0.05,0.06666666666666667,2,28,zero_source_mean,VV,177,5.522574003167753,4.42458265527899,4.051621448476303,-1.1656194056213671
6,0.05,0.06666666666666667,2,28,zero_source_mean,common,177,4.789670476713892,3.706960106513509,2.815872344524049,-0.5281934063878375
6,0.05,0.06666666666666667,2,28,zero_source_mean,differential,177,3.1509250180674506,2.7165515328644,2.4714982079045082,-1.599021804113388
6,0.05,0.06666666666666667,2,28,common_offset_source_mean,HH,177,4.229052358114772,3.616629757004056,-0.1855967073643621,-0.0019297082987161929
6,0.05,0.06666666666666667,2,28,common_offset_source_mean,VV,177,4.394147577048679,3.5620037154507487,2.2859015005401466,-0.3710343102155078
6,0.05,0.06666666666666667,2,28,common_offset_source_mean,common,177,4.014302712913989,3.3347395694561945,1.0501523965878923,-0.07346351533424489
6,0.05,0.06666666666666667,2,28,common_offset_source_mean,differential,177,3.1509250180674506,2.7165515328644,2.4714982079045082,-1.599021804113388
6,0.05,0.06666666666666667,2,28,common_offset_source_ridge,HH,177,4.408306604632504,3.686259543956483,0.012574350517757803,-0.08866614008450235
6,0.05,0.06666666666666667,2,28,common_offset_source_ridge,VV,177,4.651530335984786,3.7449037321947354,2.401548218088118,-0.5363521104360411
6,0.05,0.06666666666666667,2,28,common_offset_source_ridge,common,177,4.262763720224387,3.4563114543532483,1.2070612843029378,-0.21045757415165656
6,0.05,0.06666666666666667,2,28,common_offset_source_ridge,differential,177,3.0749284603420555,2.626333110819738,2.38897386757036,-1.4751630797268773
6,0.05,0.06666666666666667,2,28,scratch,HH,177,4.304530633020516,3.6916184681299313,-0.7411823396698771,-0.03801286398396675
6,0.05,0.06666666666666667,2,28,scratch,VV,177,4.693514740452114,3.751950893981872,2.8414871328456615,-0.5642112977809981
6,0.05,0.06666666666666667,2,28,scratch,common,177,4.014302712913988,3.3347395694561945,1.0501523965878923,-0.07346351533424489
6,0.05,0.06666666666666667,2,28,scratch,differential,177,4.081375270086314,3.6875985296817464,3.582669472515539,-3.3606059530975285
6,0.05,0.06666666666666667,2,28,spm_only,HH,177,4.33025476549957,3.6187044651922093,0.7391737605475142,-0.05045638873835667
6,0.05,0.06666666666666667,2,28,spm_only,VV,177,3.9619013262785683,3.313225258044466,1.3611310326282702,-0.11456745059317397
6,0.05,0.06666666666666667,2,28,spm_only,common,177,4.014302712913989,3.3347395694561945,1.0501523965878923,-0.07346351533424489
6,0.05,0.06666666666666667,2,28,spm_only,differential,177,2.106426315579258,1.7512560404261126,0.621957272080756,-0.16151903000350654
6,0.05,0.06666666666666667,2,28,i2em_only,HH,177,4.295441452039864,3.6048083390118397,0.6511458632899068,-0.03363388437685311
6,0.05,0.06666666666666667,2,28,i2em_only,VV,177,4.013132494591381,3.3462530455145485,1.4491589298858774,-0.1435786603762892
6,0.05,0.06666666666666667,2,28,i2em_only,common,177,4.014302712913989,3.3347395694561945,1.0501523965878923,-0.07346351533424489
6,0.05,0.06666666666666667,2,28,i2em_only,differential,177,2.1572191104430587,1.7861937894820366,0.7980130665959705,-0.21821040324972318
6,0.05,0.06666666666666667,2,28,spm_to_i2em,HH,177,4.341190510613826,3.624884831741572,0.7651238570666412,-0.05576879154062819
6,0.05,0.06666666666666667,2,28,spm_to_i2em,VV,177,3.948019086101489,3.3028029664436183,1.335180936109143,-0.10677039351162998
6,0.05,0.06666666666666667,2,28,spm_to_i2em,common,177,4.014302712913989,3.3347395694561945,1.0501523965878923,-0.07346351533424489
6,0.05,0.06666666666666667,2,28,spm_to_i2em,differential,177,2.099303318650242,1.745882682744373,0.5700570790425018,-0.1536768303690268
6,0.05,0.06666666666666667,2,28,risk_spm_to_i2em,HH,177,4.229670517894562,3.6150682015653923,-0.14748811575473936,-0.0022226334558088645
6,0.05,0.06666666666666667,2,28,risk_spm_to_i2em,VV,177,4.372950744197921,3.5480023666298126,2.2477929089305237,-0.3578388087790929
6,0.05,0.06666666666666667,2,28,risk_spm_to_i2em,common,177,4.014302712913989,3.3347395694561945,1.0501523965878923,-0.07346351533424489
6,0.05,0.06666666666666667,2,28,risk_spm_to_i2em,differential,177,3.0930756082935975,2.653949260510693,2.395281024685263,-1.504464374906716
6,0.1,0.1,3,27,zero_source_mean,HH,170,4.500150919267972,3.6547966890622727,1.7099736795305918,-0.16875115177009437
6,0.1,0.1,3,27,zero_source_mean,VV,170,5.582400937364528,4.46326487176443,4.149287488564787,-1.2344635911309032
6,0.1,0.1,3,27,zero_source_mean,common,170,4.822217694555448,3.715830823284489,2.9296305840476897,-0.5850117374156794
6,0.1,0.1,3,27,zero_source_mean,differential,170,3.1327277361141395,2.6944575650218474,2.4393138090341955,-1.5400273818341286
6,0.1,0.1,3,27,common_offset_source_mean,HH,170,4.202165461127984,3.5654150431499594,0.5751923601683071,-0.01909387664218576
6,0.1,0.1,3,27,common_offset_source_mean,VV,170,4.799360478948006,3.8283064486692986,3.0145061692025026,-0.6515737604177512
6,0.1,0.1,3,27,common_offset_source_mean,common,170,4.22995650304324,3.4127262928883377,1.7948492646854053,-0.21958103152310837
6,0.1,0.1,3,27,common_offset_source_mean,differential,170,3.1327277361141395,2.6944575650218474,2.4393138090341955,-1.5400273818341286
6,0.1,0.1,3,27,common_offset_source_ridge,HH,170,4.409120872264409,3.6608269179210904,0.6830863971073501,-0.12194586942851426
6,0.1,0.1,3,27,common_offset_source_ridge,VV,170,5.003184916780323,3.984834778125458,3.036985375129504,-0.7948342225811027
6,0.1,0.1,3,27,common_offset_source_ridge,common,170,4.461480289365847,3.554963485036077,1.8600358861184272,-0.3567405811535993
6,0.1,0.1,3,27,common_offset_source_ridge,differential,170,3.0537168935367514,2.601031837170035,2.3538989780221535,-1.4135185290642367
6,0.1,0.1,3,27,scratch,HH,170,4.174154700787406,3.586110658353727,0.033499466658578274,-0.005553022474925173
6,0.1,0.1,3,27,scratch,VV,170,5.147046128997017,4.08530035880413,3.556199062712232,-0.8995352337590035
6,0.1,0.1,3,27,scratch,common,170,4.22995650304324,3.4127262928883377,1.7948492646854053,-0.21958103152310837
6,0.1,0.1,3,27,scratch,differential,170,4.032514670736659,3.634286393729808,3.5226995960536533,-3.2086712784243634
6,0.1,0.1,3,27,spm_only,HH,170,4.501037593968796,3.6574675744543677,1.6876287687954707,-0.16921176039805985
6,0.1,0.1,3,27,spm_only,VV,170,4.184706238948433,3.436007150446157,1.9020697605753392,-0.2556285601182511
6,0.1,0.1,3,27,spm_only,common,170,4.22995650304324,3.4127262928883377,1.7948492646854053,-0.21958103152310837
6,0.1,0.1,3,27,spm_only,differential,170,1.9930086268447322,1.6545774661643136,0.21444099177986833,-0.02804340445120257
6,0.1,0.1,3,27,i2em_only,HH,170,4.449473465319851,3.62697148538269,1.5685073958654778,-0.14257610354867167
6,0.1,0.1,3,27,i2em_only,VV,170,4.250032919160611,3.4777101395219674,2.021191133505332,-0.2951373272592215
6,0.1,0.1,3,27,i2em_only,common,170,4.22995650304324,3.4127262928883377,1.7948492646854053,-0.21958103152310837
6,0.1,0.1,3,27,i2em_only,differential,170,2.0374149784757734,1.687867221315179,0.4526837376398545,-0.07436557287528833
6,0.1,0.1,3,27,spm_to_i2em,HH,170,4.523978163179402,3.6740539790454867,1.7192177348898112,-0.18116044376735796
6,0.1,0.1,3,27,spm_to_i2em,VV,170,4.162089477137454,3.4180798143423665,1.8704807944809987,-0.242092837647234
6,0.1,0.1,3,27,spm_to_i2em,common,170,4.22995650304324,3.4127262928883377,1.7948492646854053,-0.21958103152310837
6,0.1,0.1,3,27,spm_to_i2em,differential,170,2.002150444570445,1.6624823955822656,0.15126305959118724,-0.03749618831066481
6,0.1,0.1,3,27,risk_spm_to_i2em,HH,170,4.210036219196471,3.5668798395477688,0.6210631694051896,-0.022915027060522286
6,0.1,0.1,3,27,risk_spm_to_i2em,VV,170,4.769843944367657,3.8071497529564566,2.9686353599656203,-0.6313215499440872
6,0.1,0.1,3,27,risk_spm_to_i2em,common,170,4.22995650304324,3.4127262928883377,1.7948492646854053,-0.21958103152310837
6,0.1,0.1,3,27,risk_spm_to_i2em,differential,170,3.062924153579823,2.619689857364126,2.3475721905604305,-1.428094466585439
6,0.2,0.2,6,24,zero_source_mean,HH,150,4.641757726745314,3.808233870497517,1.7981565038880822,-0.17656564317387247
6,0.2,0.2,6,24,zero_source_mean,VV,150,5.745880457943002,4.621229443180386,4.335419203917256,-1.3218571042562592
6,0.2,0.2,6,24,zero_source_mean,common,150,4.966966839567978,3.8427995776320008,3.066787853902669,-0.6161045152212468
6,0.2,0.2,6,24,zero_source_mean,differential,150,3.230955852386502,2.778913267676166,2.5372627000291748,-1.6088729705707663
6,0.2,0.2,6,24,common_offset_source_mean,HH,150,4.287855025252346,3.6770837411078485,0.27046762515500367,-0.00399467820270516
6,0.2,0.2,6,24,common_offset_source_mean,VV,150,4.701343652854533,3.7714728162714892,2.8077303251841776,-0.5544126114575343
6,0.2,0.2,6,24,common_offset_source_mean,common,150,4.199332982735598,3.449959538130056,1.5390989751695907,-0.15517438059275723
6,0.2,0.2,6,24,common_offset_source_mean,differential,150,3.230955852386502,2.778913267676166,2.5372627000291748,-1.6088729705707663
6,0.2,0.2,6,24,common_offset_source_ridge,HH,150,4.4628973089144655,3.76878361440068,0.38336058422627994,-0.08763960155778716
6,0.2,0.2,6,24,common_offset_source_ridge,VV,150,4.902743773421272,3.9254166927706446,2.841140351909178,-0.6904436915755257
6,0.2,0.2,6,24,common_offset_source_ridge,common,150,4.413484061046191,3.577679753274421,1.6122504680677294,-0.275998158175611
6,0.2,0.2,6,24,common_offset_source_ridge,differential,150,3.161223112505504,2.6962961147600035,2.457779767682898,-1.4974751894053044
6,0.2,0.2,6,24,scratch,HH,150,4.299426051448088,3.708275098004417,-0.2776672066795153,-0.00942066558523802
6,0.2,0.2,6,24,scratch,VV,150,5.0387441018514725,4.013119181330947,3.3558651570186933,-0.7855290526058909
6,0.2,0.2,6,24,scratch,common,150,4.199332982735598,3.449959538130056,1.5390989751695892,-0.1551743805927568
6,0.2,0.2,6,24,scratch,differential,150,4.148544683628562,3.7540734170193053,3.6335323636982078,-3.301128620971311
6,0.2,0.2,6,24,spm_only,HH,150,4.4801557948432675,3.7395935158306552,1.264170696641749,-0.09606789653394965
6,0.2,0.2,6,24,spm_only,VV,150,4.169615039696351,3.449584588763618,1.814027253697429,-0.2226840209338643
6,0.2,0.2,6,24,spm_only,common,150,4.199332982735598,3.449959538130056,1.5390989751695892,-0.1551743805927568
6,0.2,0.2,6,24,spm_only,differential,150,2.0922191689914427,1.7659779097460124,0.5498565570556798,-0.09396956323771222
6,0.2,0.2,6,24,i2em_only,HH,150,4.445937971469835,3.722278476483093,1.1830450759661775,-0.0793890869973477
6,0.2,0.2,6,24,i2em_only,VV,150,4.215798303689382,3.4757292502167427,1.8951528743730008,-0.2499192739366023
6,0.2,0.2,6,24,i2em_only,common,150,4.199332982735598,3.449959538130056,1.5390989751695896,-0.1551743805927568
6,0.2,0.2,6,24,i2em_only,differential,150,2.130973854257945,1.7906482038674547,0.7121077984068233,-0.1348726450921347
6,0.2,0.2,6,24,spm_to_i2em,HH,150,4.491560042542015,3.7456762938557344,1.2882533566155603,-0.10165508570045234
6,0.2,0.2,6,24,spm_to_i2em,VV,150,4.155738873075746,3.4409462964252286,1.7899445937236185,-0.2145595605361581
6,0.2,0.2,6,24,spm_to_i2em,common,150,4.199332982735598,3.4499595381300554,1.5390989751695896,-0.1551743805927568
6,0.2,0.2,6,24,spm_to_i2em,differential,150,2.085896544496299,1.7613932800999748,0.501691237108058,-0.08736766632408832
6,0.2,0.2,6,24,risk_spm_to_i2em,HH,150,4.291887569247959,3.6775451330542963,0.3114132424903316,-0.005883994179850083
6,0.2,0.2,6,24,risk_spm_to_i2em,VV,150,4.67607778192375,3.7539513761310292,2.7667847078488457,-0.5377501168077294
6,0.2,0.2,6,24,risk_spm_to_i2em,common,150,4.199332982735597,3.4499595381300554,1.5390989751695883,-0.15517438059275657
6,0.2,0.2,6,24,risk_spm_to_i2em,differential,150,3.1677144220664823,2.7106657255905997,2.4553714653585144,-1.5077424365296905
7,0.05,0.06666666666666667,2,28,zero_source_mean,HH,177,4.54460186013473,3.7105279761877323,1.5642115874492213,-0.13438815681758687
7,0.05,0.06666666666666667,2,28,zero_source_mean,VV,177,5.501504551547826,4.336616512144379,3.9259954266476713,-1.0377246088454228
7,0.05,0.06666666666666667,2,28,zero_source_mean,common,177,4.809903592448694,3.7183841611244888,2.745103507048446,-0.4830638773932141
7,0.05,0.06666666666666667,2,28,zero_source_mean,differential,177,3.0494633168935725,2.6068371641583417,2.36178383919845,-1.498983521392483
7,0.05,0.06666666666666667,2,28,common_offset_source_mean,HH,177,4.444945623337616,3.822615873128424,-1.2453487132520766,-0.08518280808942724
7,0.05,0.06666666666666667,2,28,common_offset_source_mean,VV,177,4.012423162016925,3.4074248703374104,1.1164351259463738,-0.08391691722602479
7,0.05,0.06666666666666667,2,28,common_offset_source_mean,common,177,3.950156197226786,3.4535900756842786,-0.06445679365285134,-0.000266332711092776
7,0.05,0.06666666666666667,2,28,common_offset_source_mean,differential,177,3.0494633168935725,2.6068371641583417,2.36178383919845,-1.498983521392483
7,0.05,0.06666666666666667,2,28,common_offset_source_ridge,HH,177,4.44465351194143,3.739505187441083,-0.2291957523044304,-0.08504018144064962
7,0.05,0.06666666666666667,2,28,common_offset_source_ridge,VV,177,4.578588881145448,3.7345394867782122,2.066892322335529,-0.41138609894738054
7,0.05,0.06666666666666667,2,28,common_offset_source_ridge,common,177,4.256535629025096,3.519716872627165,0.9188482850155495,-0.1614477036719939
7,0.05,0.06666666666666667,2,28,common_offset_source_ridge,differential,177,2.994070761168439,2.5334473178893373,2.29608807463996,-1.4090215540929174
7,0.05,0.06666666666666667,2,28,scratch,HH,177,4.630615995204429,3.9589067016096657,-1.76624057168377,-0.1777348739199378
7,0.05,0.06666666666666667,2,28,scratch,VV,177,4.17339185271555,3.459117685160587,1.6373269843780667,-0.17262963304440238
7,0.05,0.06666666666666667,2,28,scratch,common,177,3.9501561972267862,3.4535900756842786,-0.0644567936528512,-0.00026633271109299805
7,0.05,0.06666666666666667,2,28,scratch,differential,177,3.912118629688339,3.514588071069607,3.4035675560618364,-3.1128284673280273
7,0.05,0.06666666666666667,2,28,spm_only,HH,177,4.311890751580982,3.6716885656112765,0.06215203505284581,-0.021187517493247432
7,0.05,0.06666666666666667,2,28,spm_only,VV,177,3.8490706712838865,3.3977595375258742,-0.19106562235854888,0.0025427134389975903
7,0.05,0.06666666666666667,2,28,spm_only,common,177,3.950156197226786,3.453590075684278,-0.06445679365285142,-0.000266332711092776
7,0.05,0.06666666666666667,2,28,spm_only,differential,177,2.097750662556937,1.7020983897295723,-0.25321765741139474,-0.1825630344426472
7,0.05,0.06666666666666667,2,28,i2em_only,HH,177,4.2886741349823385,3.6692622389311245,-0.13367969957834067,-0.010220313889170107
7,0.05,0.06666666666666667,2,28,i2em_only,VV,177,3.8651059081045003,3.402741713925561,0.004766112272637879,-0.0057854164722572765
7,0.05,0.06666666666666667,2,28,i2em_only,common,177,3.950156197226786,3.453590075684278,-0.06445679365285124,-0.000266332711092776
7,0.05,0.06666666666666667,2,28,i2em_only,differential,177,2.0612139878976463,1.6632515940241548,0.13844581185097848,-0.1417281987408554
7,0.05,0.06666666666666667,2,28,spm_to_i2em,HH,177,4.31538823341099,3.67257612922913,0.08618442522551263,-0.022844810543530825
7,0.05,0.06666666666666667,2,28,spm_to_i2em,VV,177,3.8577825568879645,3.405606405421622,-0.21509801253121605,-0.0019776337181141024
7,0.05,0.06666666666666667,2,28,spm_to_i2em,common,177,3.9501561972267867,3.4535900756842794,-0.06445679365285166,-0.0002663327110932201
7,0.05,0.06666666666666667,2,28,spm_to_i2em,differential,177,2.143638913769153,1.7347013762463448,-0.30128243775672864,-0.2348659907836783
7,0.05,0.06666666666666667,2,28,risk_spm_to_i2em,HH,177,4.431955826273022,3.8116920594386468,-1.1920112046901676,-0.07884945407099853
7,0.05,0.06666666666666667,2,28,risk_spm_to_i2em,VV,177,3.997767264544663,3.403221603760274,1.0630976173844615,-0.07601308348916302
7,0.05,0.06666666666666667,2,28,risk_spm_to_i2em,common,177,3.9501561972267862,3.4535900756842786,-0.06445679365285382,-0.00026633271109299805
7,0.05,0.06666666666666667,2,28,risk_spm_to_i2em,differential,177,2.9721734749243502,2.519897015983414,2.255108822074629,-1.3739134086507807
7,0.1,0.1,3,27,zero_source_mean,HH,171,4.521889205437212,3.692837738958343,1.4712120032465508,-0.11838662795827593
7,0.1,0.1,3,27,zero_source_mean,VV,171,5.4162429647330494,4.24077450252643,3.815745659643874,-0.9853910874175227
7,0.1,0.1,3,27,zero_source_mean,common,171,4.750063711203934,3.650909683909888,2.6434788314452127,-0.4486628752266222
7,0.1,0.1,3,27,zero_source_mean,differential,171,3.0518713335515497,2.598185343636509,2.3445336563973234,-1.4400634108578263
7,0.1,0.1,3,27,common_offset_source_mean,HH,171,4.8468440620342275,4.134787541774735,-2.2822971178011855,-0.28490265414270555
7,0.1,0.1,3,27,common_offset_source_mean,VV,171,3.8444305560987337,3.372536292490987,0.06223653859613755,-0.00026214444137662163
7,0.1,0.1,3,27,common_offset_source_mean,common,171,4.099669763777639,3.6256759204228284,-1.110030289602524,-0.07911122700559026
7,0.1,0.1,3,27,common_offset_source_mean,differential,171,3.0518713335515497,2.598185343636509,2.3445336563973234,-1.4400634108578263
7,0.1,0.1,3,27,common_offset_source_ridge,HH,171,4.716672058015657,4.014789489679962,-1.5462442494154294,-0.21681202975051872
7,0.1,0.1,3,27,common_offset_source_ridge,VV,171,4.152239797537658,3.524732576175538,0.7322327886793818,-0.16684896530876636
7,0.1,0.1,3,27,common_offset_source_ridge,common,171,4.183245234510083,3.602699794590365,-0.4070057303680235,-0.12355700340931253
7,0.1,0.1,3,27,common_offset_source_ridge,differential,171,2.9963341786318143,2.524164675844167,2.278477038094811,-1.3520641872873318
7,0.1,0.1,3,27,scratch,HH,171,5.1271746698854415,4.339903965875985,-2.80678967258956,-0.43783270387181594
7,0.1,0.1,3,27,scratch,VV,171,3.872215122127503,3.3474412596814678,0.5867290933845113,-0.014772630804169573
7,0.1,0.1,3,27,scratch,common,171,4.099669763777639,3.6256759204228284,-1.110030289602524,-0.07911122700559026
7,0.1,0.1,3,27,scratch,differential,171,3.9159636626206265,3.5078515067264573,3.3935187659740715,-3.0174083631301283
7,0.1,0.1,3,27,spm_only,HH,171,4.43365073506621,3.8129774513867636,-0.9430754243771363,-0.07516492467743485
7,0.1,0.1,3,27,spm_only,VV,171,4.008170662060766,3.528724211551424,-1.276985154827912,-0.08728200885245663
7,0.1,0.1,3,27,spm_only,common,171,4.099669763777639,3.6256759204228284,-1.110030289602524,-0.07911122700559026
7,0.1,0.1,3,27,spm_only,differential,171,2.0533419358171066,1.683610615289845,-0.3339097304507757,-0.10456487030642392
7,0.1,0.1,3,27,i2em_only,HH,171,4.447992230006057,3.8360135676704368,-1.1247385761089552,-0.08213182932202301
7,0.1,0.1,3,27,i2em_only,VV,171,3.9764266750808126,3.506531878329038,-1.095322003096093,-0.0701280531584394
7,0.1,0.1,3,27,i2em_only,common,171,4.099669763777639,3.6256759204228284,-1.110030289602524,-0.07911122700559026
7,0.1,0.1,3,27,i2em_only,differential,171,1.9909895210288207,1.6344651762533269,0.029416573012862414,-0.038500288258407345
7,0.1,0.1,3,27,spm_to_i2em,HH,171,4.430701675224042,3.8087673529157775,-0.8968710275708485,-0.07373510019089857
7,0.1,0.1,3,27,spm_to_i2em,VV,171,4.0190010135354735,3.5353146851745394,-1.3231895516341998,-0.0931657681049125
7,0.1,0.1,3,27,spm_to_i2em,common,171,4.099669763777639,3.6256759204228284,-1.110030289602524,-0.07911122700559026
7,0.1,0.1,3,27,spm_to_i2em,differential,171,2.082739608096549,1.704952315518105,-0.42631852406335147,-0.13641936420586553
7,0.1,0.1,3,27,risk_spm_to_i2em,HH,171,4.8229479254268455,4.117532572685563,-2.2260388085825284,-0.27226411273463924
7,0.1,0.1,3,27,risk_spm_to_i2em,VV,171,3.8416729035542545,3.373914366110739,0.005978229377480366,0.0011723390801358091
7,0.1,0.1,3,27,risk_spm_to_i2em,common,171,4.099669763777639,3.6256759204228284,-1.110030289602524,-0.07911122700559026
7,0.1,0.1,3,27,risk_spm_to_i2em,differential,171,2.9680609984354676,2.506674556624676,2.232017037960009,-1.3078858115665146
7,0.2,0.2,6,24,zero_source_mean,HH,152,4.434505908763686,3.62402279162537,1.4503835629564474,-0.11978730753549716
7,0.2,0.2,6,24,zero_source_mean,VV,152,5.442860977573999,4.244453268638497,3.8054003106551457,-0.956246218333219
7,0.2,0.2,6,24,zero_source_mean,common,152,4.726718156747978,3.606925280478862,2.627891936805797,-0.4473823744932326
7,0.2,0.2,6,24,zero_source_mean,differential,152,3.035077992209038,2.6359112865992036,2.3550167476986985,-1.5130161904668578
7,0.2,0.2,6,24,common_offset_source_mean,HH,152,4.559709627552207,3.9525877415944093,-1.797142652219485,-0.18391204261953065
7,0.2,0.2,6,24,common_offset_source_mean,VV,152,3.931270482079586,3.408894062033633,0.5578740954792131,-0.02055140053398352
7,0.2,0.2,6,24,common_offset_source_mean,common,152,3.9774357494161188,3.5393351194562626,-0.619634278370136,-0.024873376038333506
7,0.2,0.2,6,24,common_offset_source_mean,differential,152,3.035077992209038,2.6359112865992036,2.3550167476986985,-1.5130161904668578
7,0.2,0.2,6,24,common_offset_source_ridge,HH,152,4.818617821834947,4.115732965556176,-1.9798683252038136,-0.322178314463448
7,0.2,0.2,6,24,common_offset_source_ridge,VV,152,4.159712866055784,3.5568782090568662,0.2757674315084732,-0.14260399711413263
7,0.2,0.2,6,24,common_offset_source_ridge,common,152,4.2527085455247375,3.6927709485846774,-0.8520504468476702,-0.17164246867115796
7,0.2,0.2,6,24,common_offset_source_ridge,differential,152,2.949992845610698,2.5320343491803126,2.255635756712287,-1.3740917610140264
7,0.2,0.2,6,24,scratch,HH,152,4.813163117655147,4.130639248259349,-2.332192378152352,-0.3191865812405761
7,0.2,0.2,6,24,scratch,VV,152,4.022866526913959,3.4006485705273146,1.0929238214120798,-0.06866178421882885
7,0.2,0.2,6,24,scratch,common,152,3.9774357494161188,3.5393351194562626,-0.6196342783701358,-0.024873376038333506
7,0.2,0.2,6,24,scratch,differential,152,3.926831804153031,3.5527419200665182,3.4251161995644326,-3.206686763385888
7,0.2,0.2,6,24,spm_only,HH,152,4.29023890082055,3.7095619452063993,-0.590991774619013,-0.04811278267640717
7,0.2,0.2,6,24,spm_only,VV,152,3.8989427696852843,3.4830341565141048,-0.6482767821212593,-0.0038359688940587944
7,0.2,0.2,6,24,spm_only,common,152,3.9774357494161188,3.5393351194562626,-0.6196342783701358,-0.024873376038333506
7,0.2,0.2,6,24,spm_only,differential,152,1.9838922682083084,1.6055523711048556,-0.0572850075022461,-0.0737217366213716
7,0.2,0.2,6,24,i2em_only,HH,152,4.288611269799771,3.7209752599729837,-0.7387419135565867,-0.04731766738430965
7,0.2,0.2,6,24,i2em_only,VV,152,3.8954506031937823,3.4733448283862076,-0.5005266431836854,-0.0020385624550192105
7,0.2,0.2,6,24,i2em_only,common,152,3.9774357494161188,3.5393351194562626,-0.619634278370136,-0.024873376038333506
7,0.2,0.2,6,24,i2em_only,differential,152,1.9630240670504644,1.5919094203732524,0.2382152703729012,-0.051251972655569134
7,0.2,0.2,6,24,spm_to_i2em,HH,152,4.294295089478259,3.7103053846451113,-0.5581713952784793,-0.05009558735784769
7,0.2,0.2,6,24,spm_to_i2em,VV,152,3.89856830469256,3.482736898680387,-0.6810971614617929,-0.0036431559190048812
7,0.2,0.2,6,24,spm_to_i2em,common,152,3.9774357494161188,3.5393351194562626,-0.619634278370136,-0.024873376038333506
7,0.2,0.2,6,24,spm_to_i2em,differential,152,1.9999074280595053,1.614152814809042,-0.12292576618331359,-0.09112715020693951
7,0.2,0.2,6,24,risk_spm_to_i2em,HH,152,4.542911214877941,3.9394558316531234,-1.7470691555431568,-0.17520481768122576
7,0.2,0.2,6,24,risk_spm_to_i2em,VV,152,3.9219771078507324,3.4078478726621553,0.5078005988028844,-0.015732014135933392
7,0.2,0.2,6,24,risk_spm_to_i2em,common,152,3.9774357494161188,3.5393351194562626,-0.619634278370136,-0.024873376038333506
7,0.2,0.2,6,24,risk_spm_to_i2em,differential,152,2.959715006314709,2.5534850931451856,2.254869754346041,-1.3897659248836467
8,0.05,0.06666666666666667,2,28,zero_source_mean,HH,176,4.529890403759493,3.694479827552708,1.559436179558751,-0.13444451249413114
8,0.05,0.06666666666666667,2,28,zero_source_mean,VV,176,5.489193216261858,4.377555182392514,3.9666970628779343,-1.0929478521266014
8,0.05,0.06666666666666667,2,28,zero_source_mean,common,176,4.788428132985843,3.725744904826459,2.7630666212183432,-0.49916857322770647
8,0.05,0.06666666666666667,2,28,zero_source_mean,differential,176,3.096146400281154,2.653706556716347,2.4072608833191835,-1.5285076234465942
8,0.05,0.06666666666666667,2,28,common_offset_source_mean,HH,176,4.369441121754782,3.761316877341126,-1.0019729759460303,-0.055503438102948666
8,0.05,0.06666666666666667,2,28,common_offset_source_mean,VV,176,4.046157520341984,3.3924307225235935,1.4052879073731532,-0.1371740590934205
8,0.05,0.06666666666666667,2,28,common_offset_source_mean,common,176,3.9160148831378763,3.3756412133107343,0.20165746571356144,-0.0026588456840150876
8,0.05,0.06666666666666667,2,28,common_offset_source_mean,differential,176,3.096146400281154,2.653706556716347,2.4072608833191835,-1.5285076234465942
8,0.05,0.06666666666666667,2,28,common_offset_source_ridge,HH,176,4.535606997022612,3.8288805180147536,-0.9303779559360208,-0.13730959280371113
8,0.05,0.06666666666666667,2,28,common_offset_source_ridge,VV,176,4.264129001975338,3.5489537826583915,1.3919734756419764,-0.26299619276842146
8,0.05,0.06666666666666667,2,28,common_offset_source_ridge,common,176,4.134935665343648,3.4745019737633096,0.23079775985297787,-0.11789763115082885
8,0.05,0.06666666666666667,2,28,common_offset_source_ridge,differential,176,3.0196493385377763,2.5610593068912917,2.322351431577997,-1.4051065272539032
8,0.05,0.06666666666666667,2,28,scratch,HH,176,4.535839653078152,3.882481106451927,-1.5340487891854593,-0.13742627343781533
8,0.05,0.06666666666666667,2,28,scratch,VV,176,4.24530262972929,3.4923346638117465,1.937363720612578,-0.25186841185455977
8,0.05,0.06666666666666667,2,28,scratch,common,176,3.9160148831378763,3.3756412133107343,0.2016574657135596,-0.0026588456840150876
8,0.05,0.06666666666666667,2,28,scratch,differential,176,3.9814797868400236,3.5814315177281344,3.4714125097980375,-3.181290309398328
8,0.05,0.06666666666666667,2,28,spm_only,HH,176,4.311790366015936,3.654942003785409,0.23334869173041775,-0.027834390480238724
8,0.05,0.06666666666666667,2,28,spm_only,VV,176,3.7560070460908217,3.261916975639157,0.1699662396967013,0.02007199742418464
8,0.05,0.06666666666666667,2,28,spm_only,common,176,3.9160148831378763,3.3756412133107343,0.2016574657135595,-0.0026588456840150876
8,0.05,0.06666666666666667,2,28,spm_only,differential,176,2.0143385816873143,1.6569119370473993,-0.06338245203371651,-0.07025245716649575
8,0.05,0.06666666666666667,2,28,i2em_only,HH,176,4.280053849644795,3.646553468117325,0.0826346465609647,-0.012759522523716482
8,0.05,0.06666666666666667,2,28,i2em_only,VV,176,3.7872670229864602,3.277377539186524,0.32068028486615446,0.0036929020579605787
8,0.05,0.06666666666666667,2,28,i2em_only,common,176,3.9160148831378763,3.3756412133107343,0.2016574657135597,-0.0026588456840150876
8,0.05,0.06666666666666667,2,28,i2em_only,differential,176,1.9959495631629847,1.6426861405900801,0.23804563830518982,-0.05080085313942018
8,0.05,0.06666666666666667,2,28,spm_to_i2em,HH,176,4.323779030608939,3.6600529694197688,0.2686135434925277,-0.03355799552450467
8,0.05,0.06666666666666667,2,28,spm_to_i2em,VV,176,3.748998477453542,3.2565310349303704,0.134701387934591,0.023725603482987134
8,0.05,0.06666666666666667,2,28,spm_to_i2em,common,176,3.9160148831378763,3.3756412133107343,0.20165746571355958,-0.0026588456840150876
8,0.05,0.06666666666666667,2,28,spm_to_i2em,differential,176,2.039465400328158,1.679509514534893,-0.13391215555793687,-0.09711960354824112
8,0.05,0.06666666666666667,2,28,risk_spm_to_i2em,HH,176,4.360748737262742,3.7533932144272693,-0.9508452512766606,-0.05130806600068549
8,0.05,0.06666666666666667,2,28,risk_spm_to_i2em,VV,176,4.026542169106807,3.381654624160758,1.354160182703779,-0.12617498171128494
8,0.05,0.06666666666666667,2,28,risk_spm_to_i2em,common,176,3.9160148831378763,3.3756412133107343,0.201657465713559,-0.0026588456840150876
8,0.05,0.06666666666666667,2,28,risk_spm_to_i2em,differential,176,3.019545084683863,2.5702457582276486,2.30500543398044,-1.4049404567814863
8,0.1,0.1,3,27,zero_source_mean,HH,170,4.538605425897946,3.7074998091258347,1.5319476558918035,-0.12858064325970386
8,0.1,0.1,3,27,zero_source_mean,VV,170,5.517492523156026,4.409553483437382,3.9980436984818284,-1.1055432287476266
8,0.1,0.1,3,27,zero_source_mean,common,170,4.801070882794513,3.739320844666087,2.764995677186816,-0.4962779053042672
8,0.1,0.1,3,27,zero_source_mean,differential,170,3.1435965745745307,2.7180888754583936,2.466096042590025,-1.600188950470872
8,0.1,0.1,3,27,common_offset_source_mean,HH,170,4.405632696417823,3.7854339464140647,-1.075882830120403,-0.06341875247770412
8,0.1,0.1,3,27,common_offset_source_mean,VV,170,4.0485877913462,3.38550311784924,1.3902132124696238,-0.13367293355097165
8,0.1,0.1,3,27,common_offset_source_mean,common,170,3.928076046116274,3.380683485373949,0.15716519117460978,-0.0016034253942427412
8,0.1,0.1,3,27,common_offset_source_mean,differential,170,3.1435965745745325,2.7180888754583954,2.466096042590027,-1.6001889504708742
8,0.1,0.1,3,27,common_offset_source_ridge,HH,170,4.6853642416327075,3.9541281384693807,-1.462187200930356,-0.20274748844871437
8,0.1,0.1,3,27,common_offset_source_ridge,VV,170,4.146693672226409,3.4759676606159915,0.9055077442383576,-0.18928122748723641
8,0.1,0.1,3,27,common_offset_source_ridge,common,170,4.150805080650051,3.5275513879747744,-0.2783397283459992,-0.11840913701338174
8,0.1,0.1,3,27,common_offset_source_ridge,differential,170,3.062463339520142,2.6148278043165956,2.3676949451687137,-1.467704151289436
8,0.1,0.1,3,27,scratch,HH,170,4.5867730511896045,3.9184893047304206,-1.6239860770721841,-0.15266271594908343
8,0.1,0.1,3,27,scratch,VV,170,4.251833827674363,3.4882891379517464,1.9383164594214033,-0.25035467261518174
8,0.1,0.1,3,27,scratch,common,170,3.928076046116274,3.380683485373949,0.15716519117460973,-0.0016034253942427412
8,0.1,0.1,3,27,scratch,differential,170,4.063745826975478,3.6736711460800926,3.562302536493587,-3.3451459410109567
8,0.1,0.1,3,27,spm_only,HH,170,4.3190302315290685,3.6726961370606137,-0.035102356874814854,-0.022021963871834194
8,0.1,0.1,3,27,spm_only,VV,170,3.779696283952811,3.26119993980707,0.349432739224034,0.011914643578519568
8,0.1,0.1,3,27,spm_only,common,170,3.928076046116274,3.380683485373949,0.15716519117460973,-0.0016034253942427412
8,0.1,0.1,3,27,spm_only,differential,170,2.039883963191935,1.6735578179348622,0.3845350960988489,-0.09486915812002428
8,0.1,0.1,3,27,i2em_only,HH,170,4.300001751693178,3.668650457374208,-0.13005900004014434,-0.013036296708964334
8,0.1,0.1,3,27,i2em_only,VV,170,3.8065664143486266,3.2735717870995305,0.44438938238936365,-0.0021840316728622966
8,0.1,0.1,3,27,i2em_only,common,170,3.928076046116274,3.380683485373949,0.15716519117460978,-0.0016034253942427412
8,0.1,0.1,3,27,i2em_only,differential,170,2.0593203166416094,1.6925472850277083,0.5744483824295078,-0.11583274749086847
8,0.1,0.1,3,27,spm_to_i2em,HH,170,4.327755950903065,3.676884782292546,-0.009593681741063332,-0.026155709063508947
8,0.1,0.1,3,27,spm_to_i2em,VV,170,3.771696885986657,3.255235058110997,0.3239240640902825,0.01609261092853198
8,0.1,0.1,3,27,spm_to_i2em,common,170,3.928076046116274,3.380683485373949,0.15716519117460978,-0.0016034253942427412
8,0.1,0.1,3,27,spm_to_i2em,differential,170,2.0472450376998985,1.6834283436188446,0.3335177458313458,-0.10278525050026732
8,0.1,0.1,3,27,risk_spm_to_i2em,HH,170,4.3978519984921896,3.7786549786501356,-1.0330440633769873,-0.05966590504069447
8,0.1,0.1,3,27,risk_spm_to_i2em,VV,170,4.032023077024843,3.3760144324624446,1.3473744457262067,-0.12441511212718659
8,0.1,0.1,3,27,risk_spm_to_i2em,common,170,3.928076046116274,3.380683485373949,0.15716519117460986,-0.0016034253942427412
8,0.1,0.1,3,27,risk_spm_to_i2em,differential,170,3.078554675869089,2.6475051326016064,2.380418509103194,-1.4937047757663904
8,0.2,0.2,6,24,zero_source_mean,HH,152,4.58927504492516,3.741988462221913,1.6407216952795847,-0.14654568393443834
8,0.2,0.2,6,24,zero_source_mean,VV,152,5.530594229944075,4.399570546405686,3.979829312284328,-1.0739475378860495
8,0.2,0.2,6,24,zero_source_mean,common,152,4.844814333103055,3.7643972727468396,2.8102755037819565,-0.5070858839996215
8,0.2,0.2,6,24,zero_source_mean,differential,152,3.067398288381196,2.6209417063969975,2.3391076170047436,-1.3895653545638043
8,0.2,0.2,6,24,common_offset_source_mean,HH,152,4.370912386724725,3.7229653600450945,-0.8575531096159082,-0.04003365504211054
8,0.2,0.2,6,24,common_offset_source_mean,VV,152,4.116240388963858,3.4374262910638422,1.4815545073888352,-0.14882964373433816
8,0.2,0.2,6,24,common_offset_source_mean,common,152,3.9587778355433776,3.390898693286621,0.31200069888646353,-0.006250213594003906
8,0.2,0.2,6,24,common_offset_source_mean,differential,152,3.067398288381196,2.6209417063969975,2.3391076170047436,-1.3895653545638043
8,0.2,0.2,6,24,common_offset_source_ridge,HH,152,4.577339731948196,3.8343781127326553,-1.0170310555285669,-0.14058980332907534
8,0.2,0.2,6,24,common_offset_source_ridge,VV,152,4.239865325399475,3.5600409437949034,1.2260584996026962,-0.21887255372819214
8,0.2,0.2,6,24,common_offset_source_ridge,common,152,4.151886506104141,3.4829480753853037,0.10451372203706483,-0.10681407202696946
8,0.2,0.2,6,24,common_offset_source_ridge,differential,152,2.9840153753146357,2.5194881475992887,2.243089555131263,-1.2614171646233951
8,0.2,0.2,6,24,scratch,HH,152,4.523571867224101,3.839067814194575,-1.389407568826686,-0.11395123525361028
8,0.2,0.2,6,24,scratch,VV,152,4.319085173789364,3.5376744613431104,2.013408966599613,-0.26484617306328717
8,0.2,0.2,6,24,scratch,common,152,3.9587778355433776,3.390898693286621,0.31200069888646353,-0.006250213594003906
8,0.2,0.2,6,24,scratch,differential,152,3.9429317199285676,3.5309844090819187,3.402816535426299,-2.9483630956334896
8,0.2,0.2,6,24,spm_only,HH,152,4.360705502168389,3.659530657326307,0.37191623484856984,-0.03518198658627236
8,0.2,0.2,6,24,spm_only,VV,152,3.800596980476006,3.3009795420642933,0.2520851629243566,0.020605159262880313
8,0.2,0.2,6,24,spm_only,common,152,3.9587778355433776,3.390898693286621,0.31200069888646337,-0.006250213594003906
8,0.2,0.2,6,24,spm_only,differential,152,2.057399320630772,1.6743535636872107,-0.11983107192421324,-0.07501804764039344
8,0.2,0.2,6,24,i2em_only,HH,152,4.3245852337721855,3.6453037166983595,0.22194655740172844,-0.018103927175012524
8,0.2,0.2,6,24,i2em_only,VV,152,3.833248636064474,3.3149321156172635,0.4020548403711986,0.0037045347271924545
8,0.2,0.2,6,24,i2em_only,common,152,3.9587778355433776,3.390898693286621,0.3120006988864637,-0.006250213594003906
8,0.2,0.2,6,24,i2em_only,differential,152,2.0258275581458394,1.6461008568294937,0.18010828296947012,-0.04227787918232506
8,0.2,0.2,6,24,spm_to_i2em,HH,152,4.372267057431828,3.6651347090474773,0.41155697440735467,-0.04067842726900084
8,0.2,0.2,6,24,spm_to_i2em,VV,152,3.792925390956816,3.2962724222495488,0.2124444233655721,0.02455502931495679
8,0.2,0.2,6,24,spm_to_i2em,common,152,3.9587778355433776,3.390898693286621,0.3120006988864636,-0.006250213594003906
8,0.2,0.2,6,24,spm_to_i2em,differential,152,2.0780559860068646,1.690963291244371,-0.19911255104178274,-0.09671317065902318
8,0.2,0.2,6,24,risk_spm_to_i2em,HH,152,4.363951733241541,3.7156573003876936,-0.8061158482022303,-0.03672379707187523
8,0.2,0.2,6,24,risk_spm_to_i2em,VV,152,4.0956443468689745,3.4272213313166717,1.430117245975154,-0.13736182579373257
8,0.2,0.2,6,24,risk_spm_to_i2em,common,152,3.9587778355433776,3.390898693286621,0.31200069888646204,-0.006250213594003906
8,0.2,0.2,6,24,risk_spm_to_i2em,differential,152,2.9914991037012304,2.5382035622998664,2.2362330941773845,-1.2727743807674643
9,0.05,0.06666666666666667,2,28,zero_source_mean,HH,176,4.406985273945283,3.6122898260256986,1.3785587137735746,-0.1084649172280896
9,0.05,0.06666666666666667,2,28,zero_source_mean,VV,176,5.417546063756088,4.297053401632118,3.89747631901396,-1.0728019455926363
9,0.05,0.06666666666666667,2,28,zero_source_mean,common,176,4.676246178332024,3.609603148047336,2.638017516393767,-0.46680105822821694
9,0.05,0.06666666666666667,2,28,zero_source_mean,differential,176,3.173883399546979,2.762319773351878,2.5189176052403854,-1.7017011840467529
9,0.05,0.06666666666666667,2,28,common_offset_source_mean,HH,176,5.078528590756223,4.282549425645383,-2.8758229378177758,-0.4720228691826003
9,0.05,0.06666666666666667,2,28,common_offset_source_mean,VV,176,3.779796967042893,3.3274771444612967,-0.3569053325773898,-0.008996190762334155
9,0.05,0.06666666666666667,2,28,common_offset_source_mean,common,176,4.185782474175832,3.665210154398176,-1.6163641351975826,-0.17524873552004183
9,0.05,0.06666666666666667,2,28,common_offset_source_mean,differential,176,3.173883399546979,2.762319773351878,2.5189176052403854,-1.7017011840467529
9,0.05,0.06666666666666667,2,28,common_offset_source_ridge,HH,176,5.667603866968532,4.715045065539396,-3.628080399134319,-0.8333176922382459
9,0.05,0.06666666666666667,2,28,common_offset_source_ridge,VV,176,4.172254982031204,3.59681409497651,-1.2104550479075855,-0.22940299302289469
9,0.05,0.06666666666666667,2,28,common_offset_source_ridge,common,176,4.730442313282303,4.011398250764702,-2.4192677235209525,-0.5009975504688007
9,0.05,0.06666666666666667,2,28,common_offset_source_ridge,differential,176,3.0903968254506102,2.656333226540029,2.417625351226734,-1.561438161104463
9,0.05,0.06666666666666667,2,28,scratch,HH,176,5.4403796623928296,4.546813939136677,-3.452033228739553,-0.6892626140172702
9,0.05,0.06666666666666667,2,28,scratch,VV,176,3.7498116504751975,3.2830389253059953,0.2193049583443873,0.006949143324711637
9,0.05,0.06666666666666667,2,28,scratch,common,176,4.185782474175832,3.665210154398176,-1.6163641351975828,-0.17524873552004183
9,0.05,0.06666666666666667,2,28,scratch,differential,176,4.151449973872248,3.7746574051290778,3.6713381870839403,-3.6222666477681678
9,0.05,0.06666666666666667,2,28,spm_only,HH,176,4.755687311137995,4.047339233749932,-2.1849664691339656,-0.29081896430249454
9,0.05,0.06666666666666667,2,28,spm_only,VV,176,3.8748119401410377,3.4055384482832225,-1.0477618012612002,-0.06036123167951257
9,0.05,0.06666666666666667,2,28,spm_only,common,176,4.185782474175832,3.665210154398176,-1.6163641351975828,-0.17524873552004183
9,0.05,0.06666666666666667,2,28,spm_only,differential,176,2.2756008132110455,1.883519085482299,1.1372046678727654,-0.3888250399277453
9,0.05,0.06666666666666667,2,28,i2em_only,HH,176,4.754451460799224,4.049776440837849,-2.211532578003187,-0.29014816671986043
9,0.05,0.06666666666666667,2,28,i2em_only,VV,176,3.880225557335975,3.4083576856765916,-1.0211956923919778,-0.06332622710209557
9,0.05,0.06666666666666667,2,28,i2em_only,common,176,4.185782474175832,3.665210154398176,-1.6163641351975826,-0.17524873552004183
9,0.05,0.06666666666666667,2,28,i2em_only,differential,176,2.288846533371802,1.89745188369112,1.1903368856112098,-0.4050401221290887
9,0.05,0.06666666666666667,2,28,spm_to_i2em,HH,176,4.766044342938236,4.053427536962897,-2.1901450176292125,-0.29644742970940596
9,0.05,0.06666666666666667,2,28,spm_to_i2em,VV,176,3.8668154025022092,3.3988050916641543,-1.0425832527659529,-0.05598916446563007
9,0.05,0.06666666666666667,2,28,spm_to_i2em,common,176,4.1857824741758325,3.665210154398176,-1.6163641351975822,-0.17524873552004205
9,0.05,0.06666666666666667,2,28,spm_to_i2em,differential,176,2.2916763269042972,1.9015997187490705,1.1475617648632594,-0.4085164856343524
9,0.05,0.06666666666666667,2,28,risk_spm_to_i2em,HH,176,5.0653063790663975,4.272329295206965,-2.8490054691304865,-0.4643678720077793
9,0.05,0.06666666666666667,2,28,risk_spm_to_i2em,VV,176,3.780407351566372,3.328480853348314,-0.38372280126468294,-0.009322094715444651
9,0.05,0.06666666666666667,2,28,risk_spm_to_i2em,common,176,4.185782474175833,3.665210154398176,-1.6163641351975855,-0.1752487355200425
9,0.05,0.06666666666666667,2,28,risk_spm_to_i2em,differential,176,3.1328129900626696,2.7178812181123386,2.4652826678658033,-1.6322329378885025
9,0.1,0.1,3,27,zero_source_mean,HH,169,4.391667124336909,3.5945941973886217,1.5008286719712547,-0.13223278097174962
9,0.1,0.1,3,27,zero_source_mean,VV,169,5.4745338347514,4.330682230194228,3.98933555516074,-1.132264679436981
9,0.1,0.1,3,27,zero_source_mean,common,169,4.705050300963038,3.6144938175254624,2.7450821135659975,-0.5160569912587392
9,0.1,0.1,3,27,zero_source_mean,differential,169,3.1566641156875552,2.7419907979091462,2.4885068831894857,-1.6418062973091958
9,0.1,0.1,3,27,common_offset_source_mean,HH,169,4.322114669923396,3.761078032273599,-1.2831296861955965,-0.09665359262850304
9,0.1,0.1,3,27,common_offset_source_mean,VV,169,3.9381031884907562,3.3442443955480092,1.2053771969938893,-0.10336958369049709
9,0.1,0.1,3,27,common_offset_source_mean,common,169,3.8214570371478294,3.383194751257299,-0.03887624460085343,-0.00010350363394784345
9,0.1,0.1,3,27,common_offset_source_mean,differential,169,3.1566641156875552,2.7419907979091462,2.4885068831894857,-1.6418062973091958
9,0.1,0.1,3,27,common_offset_source_ridge,HH,169,4.671282786987061,3.9817739739097497,-1.8104532373698323,-0.2810002485731977
9,0.1,0.1,3,27,common_offset_source_ridge,VV,169,4.031754702164733,3.4533020981562825,0.5730764284273137,-0.15647174569645328
9,0.1,0.1,3,27,common_offset_source_ridge,common,169,4.084364161872522,3.563106059259573,-0.6186884044712593,-0.1424465740238694
9,0.1,0.1,3,27,common_offset_source_ridge,differential,169,3.0698103006054844,2.63212484955537,2.383529665797146,-1.4984306696451593
9,0.1,0.1,3,27,scratch,HH,169,4.530314532075034,3.9048635078133427,-1.8373702694942844,-0.20485173276498636
9,0.1,0.1,3,27,scratch,VV,169,4.128053469842016,3.4010380532883597,1.759617780292577,-0.21237634038557807
9,0.1,0.1,3,27,scratch,common,169,3.8214570371478294,3.383194751257299,-0.038876244600853385,-0.0001035036339480655
9,0.1,0.1,3,27,scratch,differential,169,4.088400038125333,3.707856322784999,3.5969880497868614,-3.431502429850619
9,0.1,0.1,3,27,spm_only,HH,169,4.1489922143306766,3.6174120446730598,-0.3063730104157698,-0.010560073381693513
9,0.1,0.1,3,27,spm_only,VV,169,3.747366003401118,3.3119506115920205,0.22862052121406298,0.0009227965825570061
9,0.1,0.1,3,27,spm_only,common,169,3.8214570371478294,3.383194751257299,-0.038876244600853406,-0.00010350363394784345
9,0.1,0.1,3,27,spm_only,differential,169,2.024757064188049,1.6685863620326002,0.5349935316298328,-0.08690120477010077
9,0.1,0.1,3,27,i2em_only,HH,169,4.148055619594032,3.620421930735752,-0.37947497377072636,-0.010103876615359164
9,0.1,0.1,3,27,i2em_only,VV,169,3.759076500849342,3.3160590488956627,0.30172248456901923,-0.005331181152494979
9,0.1,0.1,3,27,i2em_only,common,169,3.8214570371478294,3.383194751257299,-0.038876244600853385,-0.00010350363394784345
9,0.1,0.1,3,27,i2em_only,differential,169,2.063954354606723,1.700971417301534,0.6811974583397455,-0.12939120468962928
9,0.1,0.1,3,27,spm_to_i2em,HH,169,4.162978142606866,3.6268026504132567,-0.304845893222614,-0.017384594440674528
9,0.1,0.1,3,27,spm_to_i2em,VV,169,3.7362534083203722,3.301632512112749,0.22709340402090686,0.00683942107815827
9,0.1,0.1,3,27,spm_to_i2em,common,169,3.8214570371478294,3.383194751257299,-0.03887624460085343,-0.00010350363394784345
9,0.1,0.1,3,27,spm_to_i2em,differential,169,2.0410334507179293,1.6839936645594002,0.531939297243521,-0.10444595612231833
9,0.1,0.1,3,27,risk_spm_to_i2em,HH,169,4.312462390274069,3.7540749937546134,-1.2447051179274107,-0.09176090080674815
9,0.1,0.1,3,27,risk_spm_to_i2em,VV,169,3.9251766013783977,3.339341565875666,1.1669526287257035,-0.09613798311421684
9,0.1,0.1,3,27,risk_spm_to_i2em,common,169,3.8214570371478294,3.383194751257299,-0.03887624460085343,-0.00010350363394784345
9,0.1,0.1,3,27,risk_spm_to_i2em,differential,169,3.0975072061267173,2.6787295883863256,2.411657746653114,-1.54371748499796
9,0.2,0.2,6,24,zero_source_mean,HH,153,4.378715471392364,3.5245917450403104,1.6641904171161397,-0.16883650315086318
9,0.2,0.2,6,24,zero_source_mean,VV,153,5.489840767917435,4.346188579185589,4.053602901124194,-1.198811545757151
9,0.2,0.2,6,24,zero_source_mean,common,153,4.716755998914512,3.607820739555558,2.8588966591201674,-0.5807163183842712
9,0.2,0.2,6,24,zero_source_mean,differential,153,3.103522685564606,2.669404520528464,2.3894124840080546,-1.4555011276920067
9,0.2,0.2,6,24,common_offset_source_mean,HH,153,4.097133801849514,3.5477942119714885,-0.6187777915117791,-0.02334155317280051
9,0.2,0.2,6,24,common_offset_source_mean,VV,153,4.10387650781029,3.3958755880953193,1.7706346924962753,-0.2287317491952805
9,0.2,0.2,6,24,common_offset_source_mean,common,153,3.7955487911307353,3.263886620184926,0.5759284504922484,-0.02356699347818969
9,0.2,0.2,6,24,common_offset_source_mean,differential,153,3.103522685564606,2.669404520528464,2.3894124840080546,-1.4555011276920067
9,0.2,0.2,6,24,common_offset_source_ridge,HH,153,4.260259037846826,3.630505262091141,-0.6833961361884676,-0.10645136224272611
9,0.2,0.2,6,24,common_offset_source_ridge,VV,153,4.229242945679477,3.491979852597064,1.6118120193141272,-0.3049497242391779
9,0.2,0.2,6,24,common_offset_source_ridge,common,153,3.9657392468950934,3.3555024751458915,0.46420794156282974,-0.11741739141530738
9,0.2,0.2,6,24,common_offset_source_ridge,differential,153,3.0272520259823303,2.5698002212224633,2.2952081555025945,-1.3362937460597242
9,0.2,0.2,6,24,scratch,HH,153,4.220060095962531,3.6493628113066405,-1.150475347688274,-0.08566937218429294
9,0.2,0.2,6,24,scratch,VV,153,4.34948934419489,3.5076660657600782,2.3023322486727706,-0.3802096361839824
9,0.2,0.2,6,24,scratch,common,153,3.7955487911307353,3.2638866201849264,0.5759284504922482,-0.02356699347818969
9,0.2,0.2,6,24,scratch,differential,153,3.9785885731229396,3.5785652324271067,3.452807596361044,-3.0354163691545164
9,0.2,0.2,6,24,spm_only,HH,153,4.0960979061647445,3.4660070094341546,0.587073881306963,-0.022824147035436226
9,0.2,0.2,6,24,spm_only,VV,153,3.742445230107069,3.2745174863240347,0.5647830196775331,-0.021831812313014787
9,0.2,0.2,6,24,spm_only,common,153,3.795548791130735,3.2638866201849264,0.5759284504922482,-0.02356699347818947
9,0.2,0.2,6,24,spm_only,differential,153,1.985715541325287,1.6095756536736945,-0.02229086162943008,-0.005227495446324726
9,0.2,0.2,6,24,i2em_only,HH,153,4.075937236806818,3.4668726454004313,0.450413020814887,-0.012780406435884517
9,0.2,0.2,6,24,i2em_only,VV,153,3.7680492436898105,3.2803489571089397,0.7014438801696093,-0.0358614059692175
9,0.2,0.2,6,24,i2em_only,common,153,3.795548791130735,3.2638866201849264,0.5759284504922482,-0.02356699347818947
9,0.2,0.2,6,24,i2em_only,differential,153,1.9995390516575504,1.6229143096206389,0.25103085935472236,-0.019271944332101887
9,0.2,0.2,6,24,spm_to_i2em,HH,153,4.109490081458046,3.470132423168319,0.6257151175611069,-0.029523319321794528
9,0.2,0.2,6,24,spm_to_i2em,VV,153,3.730858057807046,3.2687042562648565,0.5261417834233897,-0.015514118336722449
9,0.2,0.2,6,24,spm_to_i2em,common,153,3.7955487911307353,3.263886620184926,0.5759284504922485,-0.02356699347818969
9,0.2,0.2,6,24,spm_to_i2em,differential,153,1.9974129895431443,1.6150638172363736,-0.09957333413771724,-0.017105561650252454
9,0.2,0.2,6,24,risk_spm_to_i2em,HH,153,4.090664580912406,3.540697150456316,-0.5684849940040256,-0.020112468461556565
9,0.2,0.2,6,24,risk_spm_to_i2em,VV,153,4.081830452465316,3.3864452646383207,1.7203418949885243,-0.21556569618289645
9,0.2,0.2,6,24,risk_spm_to_i2em,common,153,3.7955487911307353,3.263886620184927,0.5759284504922492,-0.02356699347818969
9,0.2,0.2,6,24,risk_spm_to_i2em,differential,153,3.0273735496289502,2.587911015773888,2.2888268889925496,-1.3364813225362044
10,0.05,0.06666666666666667,2,28,zero_source_mean,HH,177,4.516585174047922,3.6448712194965682,1.6391232304222028,-0.1516825366951582
10,0.05,0.06666666666666667,2,28,zero_source_mean,VV,177,5.52261573082354,4.406710897774869,4.048702880135446,-1.1619521250415508
10,0.05,0.06666666666666667,2,28,zero_source_mean,common,177,4.801685086454781,3.6890360467480003,2.8439130552788243,-0.5403299521984244
10,0.05,0.06666666666666667,2,28,zero_source_mean,differential,177,3.0940157742987093,2.654632974673135,2.4095796497132427,-1.5413566798557623
10,0.05,0.06666666666666667,2,28,common_offset_source_mean,HH,177,4.218434286756907,3.5724927586379147,0.2870037661189848,-0.004650370593309638
10,0.05,0.06666666666666667,2,28,common_offset_source_mean,VV,177,4.623727026681396,3.690432665080521,2.6965834158322277,-0.5154471466116755
10,0.05,0.06666666666666667,2,28,common_offset_source_mean,common,177,4.146539077540788,3.360153355306807,1.4917935909756068,-0.14867703333667204
10,0.05,0.06666666666666667,2,28,common_offset_source_mean,differential,177,3.0940157742987093,2.654632974673135,2.4095796497132427,-1.5413566798557623
10,0.05,0.06666666666666667,2,28,common_offset_source_ridge,HH,177,4.426460440884125,3.657086256316225,0.5599206076696344,-0.10617935023209513
10,0.05,0.06666666666666667,2,28,common_offset_source_ridge,VV,177,4.923946268805202,3.9088953160590254,2.8896243346335133,-0.7186325452721514
10,0.05,0.06666666666666667,2,28,common_offset_source_ridge,common,177,4.431447036561026,3.51526901808103,1.724772471151574,-0.311950770410687
10,0.05,0.06666666666666667,2,28,common_offset_source_ridge,differential,177,3.0210439311939057,2.567062970213257,2.3297037269638787,-1.4228953529477866
10,0.05,0.06666666666666667,2,28,scratch,HH,177,4.231600699734345,3.6158014989973477,-0.24710926877356934,-0.010931508843607274
10,0.05,0.06666666666666667,2,28,scratch,VV,177,4.941064341550538,3.905128635378357,3.230696450724782,-0.7306029503082758
10,0.05,0.06666666666666667,2,28,scratch,common,177,4.146539077540789,3.360153355306807,1.4917935909756064,-0.14867703333667226
10,0.05,0.06666666666666667,2,28,scratch,differential,177,3.9832119366633827,3.586910011092431,3.477805719498351,-3.2119907138163004
10,0.05,0.06666666666666667,2,28,spm_only,HH,177,4.522241235212065,3.656936494052693,1.5125474581742868,-0.15456881706352354
10,0.05,0.06666666666666667,2,28,spm_only,VV,177,3.9939929436660497,3.3106427167960124,1.4710397237769257,-0.1307614857906374
10,0.05,0.06666666666666667,2,28,spm_only,common,177,4.146539077540789,3.360153355306807,1.4917935909756068,-0.14867703333667226
10,0.05,0.06666666666666667,2,28,spm_only,differential,177,2.0075222441412266,1.649975313546892,-0.04150773439736126,-0.06989536928479123
10,0.05,0.06666666666666667,2,28,i2em_only,HH,177,4.448114866290385,3.6218725690533096,1.357883935279538,-0.11702877257878463
10,0.05,0.06666666666666667,2,28,i2em_only,VV,177,4.074691817131147,3.356307057444366,1.6257032466716745,-0.17691732391959136
10,0.05,0.06666666666666667,2,28,i2em_only,common,177,4.146539077540788,3.3601533553068066,1.4917935909756064,-0.14867703333667204
10,0.05,0.06666666666666667,2,28,i2em_only,differential,177,2.0006332123422483,1.6486284775259608,0.2678193113921367,-0.06256504272915842
10,0.05,0.06666666666666667,2,28,spm_to_i2em,HH,177,4.541440216598287,3.670318616830486,1.5465774085122908,-0.164392971783053
10,0.05,0.06666666666666667,2,28,spm_to_i2em,VV,177,3.9769880211921307,3.2989474011923146,1.4370097734389222,-0.12115326775833779
10,0.05,0.06666666666666667,2,28,spm_to_i2em,common,177,4.146539077540789,3.360153355306807,1.4917935909756064,-0.14867703333667226
10,0.05,0.06666666666666667,2,28,spm_to_i2em,differential,177,2.0265933575813224,1.6630372852445579,-0.10956763507336863,-0.09031956503594385
10,0.05,0.06666666666666667,2,28,risk_spm_to_i2em,HH,177,4.224790722157443,3.5726063362981826,0.3379674240593381,-0.007680312998375349
10,0.05,0.06666666666666667,2,28,risk_spm_to_i2em,VV,177,4.59239352779092,3.6682861276128245,2.6456197578918754,-0.4949773530915096
10,0.05,0.06666666666666667,2,28,risk_spm_to_i2em,common,177,4.146539077540789,3.3601533553068066,1.491793590975607,-0.14867703333667226
10,0.05,0.06666666666666667,2,28,risk_spm_to_i2em,differential,177,3.017072195681737,2.571070214659123,2.307652333832537,-1.4165288292960838
10,0.1,0.1,3,27,zero_source_mean,HH,170,4.490749963988591,3.620361881725975,1.5320242695720776,-0.13171341298829065
10,0.1,0.1,3,27,zero_source_mean,VV,170,5.524682811313048,4.424575559604675,4.07110383484734,-1.1882426659275303
10,0.1,0.1,3,27,zero_source_mean,common,170,4.783461472454261,3.681486225680557,2.801564052209709,-0.5221110604592027
10,0.1,0.1,3,27,zero_source_mean,differential,170,3.138773036641168,2.7050819668039487,2.5390795652752627,-1.8933861051630583
10,0.1,0.1,3,27,common_offset_source_mean,HH,170,4.287209119251495,3.700348968049596,-0.748615492551086,-0.031449687476945654
10,0.1,0.1,3,27,common_offset_source_mean,VV,170,4.141738201193453,3.379212180695802,1.7904640727241763,-0.2298327987201858
10,0.1,0.1,3,27,common_offset_source_mean,common,170,3.9120460932640824,3.327025021638883,0.5209242900865452,-0.01805140450216447
10,0.1,0.1,3,27,common_offset_source_mean,differential,170,3.138773036641168,2.7050819668039487,2.5390795652752627,-1.8933861051630583
10,0.1,0.1,3,27,common_offset_source_ridge,HH,170,4.447903957473623,3.76171231380105,-0.5960377034679676,-0.11022119754155413
10,0.1,0.1,3,27,common_offset_source_ridge,VV,170,4.389679520902213,3.5616890833133352,1.8627788615590954,-0.3814857613619467
10,0.1,0.1,3,27,common_offset_source_ridge,common,170,4.145054536730175,3.4336887650183185,0.6333705790455639,-0.1429369650822998
10,0.1,0.1,3,27,common_offset_source_ridge,differential,170,3.0627378882963505,2.6125943920115455,2.4588165650270626,-1.7549024633927233
10,0.1,0.1,3,27,scratch,HH,170,4.438208808082945,3.8198802359281525,-1.3190871951434424,-0.10538654754859778
10,0.1,0.1,3,27,scratch,VV,170,4.40281534812247,3.5329513722533834,2.360935775316529,-0.3897661426387242
10,0.1,0.1,3,27,scratch,common,170,3.9120460932640824,3.3270250216388826,0.5209242900865434,-0.01805140450216447
10,0.1,0.1,3,27,scratch,differential,170,4.116860731713495,3.74499028632962,3.680022970459972,-3.977587651599203
10,0.1,0.1,3,27,spm_only,HH,170,4.261857223093072,3.632399060011174,-0.005794323926266287,-0.019287047609443553
10,0.1,0.1,3,27,spm_only,VV,170,3.847413674619737,3.2290654997508854,1.0476429040993531,-0.06125207453412629
10,0.1,0.1,3,27,spm_only,common,170,3.9120460932640824,3.327025021638883,0.5209242900865435,-0.01805140450216447
10,0.1,0.1,3,27,spm_only,differential,170,2.1715476978579105,1.776062685073741,1.0534372280256197,-0.3849219904333352
10,0.1,0.1,3,27,i2em_only,HH,170,4.243272078633186,3.6268695789062817,-0.06308601849764962,-0.01041659919496718
10,0.1,0.1,3,27,i2em_only,VV,170,3.882634539922989,3.252885268189188,1.1049345986707364,-0.08077131920644787
10,0.1,0.1,3,27,i2em_only,common,170,3.9120460932640824,3.327025021638883,0.5209242900865435,-0.01805140450216447
10,0.1,0.1,3,27,i2em_only,differential,170,2.2235105721653157,1.8055038298753465,1.168020617168386,-0.4519944710174475
10,0.1,0.1,3,27,spm_to_i2em,HH,170,4.2706944929965855,3.638828452258551,-0.007817853346873307,-0.02351856140806685
10,0.1,0.1,3,27,spm_to_i2em,VV,170,3.8421908008574346,3.2219643737781913,1.0496664335199601,-0.058372725490331234
10,0.1,0.1,3,27,spm_to_i2em,common,170,3.9120460932640824,3.327025021638883,0.5209242900865434,-0.01805140450216447
10,0.1,0.1,3,27,spm_to_i2em,differential,170,2.187716769172516,1.7914357555471798,1.0574842868668335,-0.405622682220689
10,0.1,0.1,3,27,risk_spm_to_i2em,HH,170,4.284420202383553,3.696719955383906,-0.7192253503447927,-0.030108165895200933
10,0.1,0.1,3,27,risk_spm_to_i2em,VV,170,4.127366007605361,3.3706203459412074,1.7610739305178793,-0.22131235313713749
10,0.1,0.1,3,27,risk_spm_to_i2em,common,170,3.9120460932640824,3.327025021638883,0.5209242900865431,-0.018051404502164248
10,0.1,0.1,3,27,risk_spm_to_i2em,differential,170,3.0929588939017605,2.6543902923011142,2.4802992808626723,-1.8095376833369756
10,0.2,0.2,6,24,zero_source_mean,HH,150,4.6204336653589,3.696513540931052,1.6821783724405703,-0.15280374146006515
10,0.2,0.2,6,24,zero_source_mean,VV,150,5.691327438786166,4.587300183480506,4.259031598950489,-1.2727709149145485
10,0.2,0.2,6,24,zero_source_mean,common,150,4.929647351734212,3.790431214435189,2.97060498569553,-0.5701708629098066
10,0.2,0.2,6,24,zero_source_mean,differential,150,3.2052361056689507,2.764989281575764,2.5768532265099195,-1.8275540247728959
10,0.2,0.2,6,24,common_offset_source_mean,HH,150,4.308723658035339,3.6879396431753184,-0.21544461478151153,-0.0025064623434081224
10,0.2,0.2,6,24,common_offset_source_mean,VV,150,4.4528764283513,3.5762837662836113,2.3614086117284074,-0.3912648223429227
10,0.2,0.2,6,24,common_offset_source_mean,common,150,4.077771376679799,3.368440975663423,1.0729819984734483,-0.07438752007654403
10,0.2,0.2,6,24,common_offset_source_mean,differential,150,3.2052361056689507,2.764989281575764,2.5768532265099195,-1.8275540247728959
10,0.2,0.2,6,24,common_offset_source_ridge,HH,150,4.470180643880691,3.713163125624983,0.3302735753546519,-0.07904621486741248
10,0.2,0.2,6,24,common_offset_source_ridge,VV,150,4.900568046763172,3.898144821825987,2.858072570873545,-0.6850832660507153
10,0.2,0.2,6,24,common_offset_source_ridge,common,150,4.416279632447011,3.5281170484441704,1.5941730731140986,-0.2601676826436685
10,0.2,0.2,6,24,common_offset_source_ridge,differential,150,3.1594400092260626,2.7020805327679733,2.527798995518893,-1.7473316288376641
10,0.2,0.2,6,24,scratch,HH,150,4.388913201840786,3.7723003373624593,-0.7754763378515827,-0.04016894218751843
10,0.2,0.2,6,24,scratch,VV,150,4.758390132947898,3.7847756421153798,2.9214403347984783,-0.5887245640745398
10,0.2,0.2,6,24,scratch,common,150,4.077771376679799,3.368440975663423,1.0729819984734479,-0.07438752007654403
10,0.2,0.2,6,24,scratch,differential,150,4.15894143976328,3.771819143339356,3.6969166726500613,-3.760542751534393
10,0.2,0.2,6,24,spm_only,HH,150,4.40605778890697,3.6637205986056105,0.6872246253913471,-0.04831132166643215
10,0.2,0.2,6,24,spm_only,VV,150,4.01120364007966,3.313335946590533,1.4587393715555492,-0.12895840011278104
10,0.2,0.2,6,24,spm_only,common,150,4.077771376679799,3.368440975663423,1.0729819984734486,-0.07438752007654403
10,0.2,0.2,6,24,spm_only,differential,150,2.1197457774166946,1.7549395788862694,0.7715147461642021,-0.23668307362054364
10,0.2,0.2,6,24,i2em_only,HH,150,4.3710886171270555,3.6517216972370874,0.6014402204338245,-0.03173727385543246
10,0.2,0.2,6,24,i2em_only,VV,150,4.065018310741152,3.349965543551619,1.5445237765130715,-0.15945401892304067
10,0.2,0.2,6,24,i2em_only,common,150,4.077771376679799,3.368440975663423,1.072981998473448,-0.07438752007654403
10,0.2,0.2,6,24,i2em_only,differential,150,2.179151561732431,1.792621245218641,0.9430835560792472,-0.3069703422838066
10,0.2,0.2,6,24,spm_to_i2em,HH,150,4.412772194627277,3.666924535515236,0.6998778409981459,-0.05150880616976505
10,0.2,0.2,6,24,spm_to_i2em,VV,150,4.004906045960969,3.3089900238374073,1.4460861559487503,-0.1254162510309884
10,0.2,0.2,6,24,spm_to_i2em,common,150,4.077771376679799,3.3684409756634226,1.0729819984734483,-0.07438752007654403
10,0.2,0.2,6,24,spm_to_i2em,differential,150,2.1238606723192732,1.7560882524065577,0.7462083149506045,-0.24148908403259473
10,0.2,0.2,6,24,risk_spm_to_i2em,HH,150,4.309253270527054,3.685177481341634,-0.178756660120536,-0.0027529263166017337
10,0.2,0.2,6,24,risk_spm_to_i2em,VV,150,4.431981380266458,3.561947938092845,2.3247206570674326,-0.37823848338895627
10,0.2,0.2,6,24,risk_spm_to_i2em,common,150,4.077771376679799,3.3684409756634235,1.0729819984734486,-0.07438752007654403
10,0.2,0.2,6,24,risk_spm_to_i2em,differential,150,3.1482324893941844,2.7030180378960615,2.5034773171879685,-1.7278749141142802
11,0.05,0.06666666666666667,2,28,zero_source_mean,HH,177,4.472889088345255,3.6646401360831367,1.4181142108903309,-0.11175164942952054
11,0.05,0.06666666666666667,2,28,zero_source_mean,VV,177,5.4279683808009995,4.294815321282113,3.931214483650553,-1.1032276754317603
11,0.05,0.06666666666666667,2,28,zero_source_mean,common,177,4.71892469148587,3.6353197903657812,2.674664347270442,-0.473311510278956
11,0.05,0.06666666666666667,2,28,zero_source_mean,differential,177,3.141043473683056,2.717888889410215,2.513100272760222,-1.7788217322749849
11,0.05,0.06666666666666667,2,28,common_offset_source_mean,HH,177,4.8890334654403045,4.159701511405256,-2.43042369653653,-0.3282430244032424
11,0.05,0.06666666666666667,2,28,common_offset_source_mean,VV,177,3.7436918733741456,3.2522292430873976,0.08267657622369191,-0.00048795147651525816
11,0.05,0.06666666666666667,2,28,common_offset_source_mean,common,177,4.061083600295578,3.5741274278796227,-1.173873560156419,-0.09116982693418896
11,0.05,0.06666666666666667,2,28,common_offset_source_mean,differential,177,3.141043473683056,2.717888889410215,2.513100272760222,-1.7788217322749849
11,0.05,0.06666666666666667,2,28,common_offset_source_ridge,HH,177,5.282565584321676,4.432475111816234,-2.8903006095518697,-0.5506769058078951
11,0.05,0.06666666666666667,2,28,common_offset_source_ridge,VV,177,4.024663930557897,3.467294025379327,-0.47184008846104003,-0.15630103044353483
11,0.05,0.06666666666666667,2,28,common_offset_source_ridge,common,177,4.439399402545928,3.815875146487604,-1.6810703490064551,-0.30393795570878
11,0.05,0.06666666666666667,2,28,common_offset_source_ridge,differential,177,3.0616612470824633,2.6205930186138,2.41846052109083,-1.6401406649279462
11,0.05,0.06666666666666667,2,28,scratch,HH,177,5.213069647069622,4.394769627004568,-3.005039611938684,-0.5101447532315793
11,0.05,0.06666666666666667,2,28,scratch,VV,177,3.782229022935085,3.228694990628512,0.6572924916258465,-0.021191791691052453
11,0.05,0.06666666666666667,2,28,scratch,common,177,4.061083600295578,3.5741274278796227,-1.173873560156419,-0.09116982693418896
11,0.05,0.06666666666666667,2,28,scratch,differential,177,4.12226915908015,3.7610002358457963,3.662332103564531,-3.7861409293640955
11,0.05,0.06666666666666667,2,28,spm_only,HH,177,4.629140536198336,3.968017283733032,-1.7598539163216762,-0.19078198367240273
11,0.05,0.06666666666666667,2,28,spm_only,VV,177,3.7550919425308815,3.2980565048384607,-0.5878932039911619,-0.00659048240136384
11,0.05,0.06666666666666667,2,28,spm_only,common,177,4.061083600295578,3.5741274278796227,-1.173873560156419,-0.09116982693418896
11,0.05,0.06666666666666667,2,28,spm_only,differential,177,2.2560397086733976,1.8374259772136954,1.171960712330514,-0.43352829978043705
11,0.05,0.06666666666666667,2,28,i2em_only,HH,177,4.6194657671706825,3.966163901146346,-1.7766242079753456,-0.18580978558640848
11,0.05,0.06666666666666667,2,28,i2em_only,VV,177,3.766613099469283,3.3046420728576464,-0.571122912337493,-0.012776683887484541
11,0.05,0.06666666666666667,2,28,i2em_only,common,177,4.061083600295578,3.5741274278796227,-1.173873560156419,-0.09116982693418896
11,0.05,0.06666666666666667,2,28,i2em_only,differential,177,2.2547896566979526,1.830555001873258,1.2055012956378521,-0.4319401287792861
11,0.05,0.06666666666666667,2,28,spm_to_i2em,HH,177,4.651913869079349,3.9853730814074444,-1.7904446652757489,-0.20252704899609641
11,0.05,0.06666666666666667,2,28,spm_to_i2em,VV,177,3.7388735133204505,3.2833513936050616,-0.557302455037089,0.0020857693678876243
11,0.05,0.06666666666666667,2,28,spm_to_i2em,common,177,4.061083600295578,3.5741274278796227,-1.173873560156419,-0.09116982693418896
11,0.05,0.06666666666666667,2,28,spm_to_i2em,differential,177,2.295507689711634,1.8811513926545982,1.23314221023866,-0.48412436837228
11,0.05,0.06666666666666667,2,28,risk_spm_to_i2em,HH,177,4.879484427735089,4.152932682464013,-2.4066762519041873,-0.32305956372551003
11,0.05,0.06666666666666667,2,28,risk_spm_to_i2em,VV,177,3.740757820274696,3.2514911566571882,0.05892913159134831,0.0010796638918370016
11,0.05,0.06666666666666667,2,28,risk_spm_to_i2em,common,177,4.061083600295578,3.5741274278796227,-1.173873560156419,-0.09116982693418896
11,0.05,0.06666666666666667,2,28,risk_spm_to_i2em,differential,177,3.1041383130511853,2.6770616265784293,2.4656053834955354,-1.7139067449662733
11,0.1,0.1,3,27,zero_source_mean,HH,171,4.475352997888255,3.6401662411005495,1.5315422138039763,-0.1326471720881921
11,0.1,0.1,3,27,zero_source_mean,VV,171,5.449865938256863,4.332103485006308,3.98137787070929,-1.1445305844068208
11,0.1,0.1,3,27,zero_source_mean,common,171,4.740870017351382,3.634857365993622,2.756460042256633,-0.5106994271299281
11,0.1,0.1,3,27,zero_source_mean,differential,171,3.0913188634746747,2.6618098390517972,2.4498356569053135,-1.688450567459033
11,0.1,0.1,3,27,common_offset_source_mean,HH,171,4.359191343403472,3.780879805459682,-1.1486454045352577,-0.07461257200389526
11,0.1,0.1,3,27,common_offset_source_mean,VV,171,3.9424313650920517,3.27417576861173,1.3011902523700545,-0.12224812545345998
11,0.1,0.1,3,27,common_offset_source_mean,common,171,3.857926131941109,3.3363270292531513,0.0762724239173993,-0.0003910182834110376
11,0.1,0.1,3,27,common_offset_source_mean,differential,171,3.091318863474673,2.6618098390517955,2.449835656905312,-1.6884505674590304
11,0.1,0.1,3,27,common_offset_source_ridge,HH,171,4.442021966461999,3.8121636482678682,-0.9002401801738128,-0.11583879302127187
11,0.1,0.1,3,27,common_offset_source_ridge,VV,171,4.21231504884275,3.4540683583613143,1.469531752988306,-0.281156833159393
11,0.1,0.1,3,27,common_offset_source_ridge,common,171,4.054582152841604,3.418283932632808,0.28464578640724686,-0.10497938796891271
11,0.1,0.1,3,27,common_offset_source_ridge,differential,171,3.031792985332183,2.5789967990192286,2.369771933162119,-1.5859107709851816
11,0.1,0.1,3,27,scratch,HH,171,4.5400442792171285,3.917217217415536,-1.691491279965142,-0.16562869268733782
11,0.1,0.1,3,27,scratch,VV,171,4.144794963620327,3.3625719477289766,1.8440361277999366,-0.24041414245436687
11,0.1,0.1,3,27,scratch,common,171,3.857926131941109,3.3363270292531513,0.07627242391739765,-0.0003910182834110376
11,0.1,0.1,3,27,scratch,differential,171,4.006030271647092,3.6414944560234748,3.535527407765079,-3.5148455812243125
11,0.1,0.1,3,27,spm_only,HH,171,4.2131982532961665,3.6227166886178606,-0.05754929275097592,-0.0038384885614772823
11,0.1,0.1,3,27,spm_only,VV,171,3.7212519453312756,3.2134066692349643,0.21009414058577064,0.00014101094889296117
11,0.1,0.1,3,27,spm_only,common,171,3.857926131941109,3.336327029253151,0.07627242391739755,-0.0003910182834110376
11,0.1,0.1,3,27,spm_only,differential,171,1.9139318081799608,1.5515439337699277,0.26764343333674645,-0.03054596652335473
11,0.1,0.1,3,27,i2em_only,HH,171,4.21765655389712,3.6376485838240553,-0.1869764175782129,-0.005964085959383469
11,0.1,0.1,3,27,i2em_only,VV,171,3.7348557915911336,3.214509342705343,0.3395212654130079,-0.0071827556611439025
11,0.1,0.1,3,27,i2em_only,common,171,3.857926131941109,3.3363270292531513,0.07627242391739773,-0.0003910182834110376
11,0.1,0.1,3,27,i2em_only,differential,171,1.9852387824062874,1.5931099781464901,0.5264976829912208,-0.10876612510705952
11,0.1,0.1,3,27,spm_to_i2em,HH,171,4.213307348814758,3.621280714586728,-0.03830449248159905,-0.003890475528040449
11,0.1,0.1,3,27,spm_to_i2em,VV,171,3.7202782803929155,3.214202341153742,0.19084934031639383,0.0006641683666507303
11,0.1,0.1,3,27,spm_to_i2em,common,171,3.8579261319411087,3.3363270292531513,0.07627242391739761,-0.00039101828341081557
11,0.1,0.1,3,27,spm_to_i2em,differential,171,1.9106235736594217,1.5499455774615272,0.22915383279799284,-0.026986444447441027
11,0.1,0.1,3,27,risk_spm_to_i2em,HH,171,4.348068829831556,3.7714429134935004,-1.104577110411841,-0.0691358018139685
11,0.1,0.1,3,27,risk_spm_to_i2em,VV,171,3.9279044010697057,3.2678869690950454,1.2571219582466373,-0.1139929040070018
11,0.1,0.1,3,27,risk_spm_to_i2em,common,171,3.857926131941109,3.336327029253151,0.07627242391739847,-0.0003910182834110376
11,0.1,0.1,3,27,risk_spm_to_i2em,differential,171,3.022233430384673,2.586383458037186,2.3616990686584787,-1.5696291952791244
11,0.2,0.2,6,24,zero_source_mean,HH,152,4.529403525387463,3.650791545477803,1.6230291743699095,-0.14731746227065567
11,0.2,0.2,6,24,zero_source_mean,VV,152,5.414769457556509,4.300670902201744,3.9259441754613427,-1.1083181542951581
11,0.2,0.2,6,24,zero_source_mean,common,152,4.760399646002544,3.6621143445087,2.774486674915626,-0.5144324666560114
11,0.2,0.2,6,24,zero_source_mean,differential,152,3.0041354812847185,2.541385956006227,2.3029150010914328,-1.4251087510011886
11,0.2,0.2,6,24,common_offset_source_mean,HH,152,4.350437744108098,3.7484896355383373,-1.022270008571045,-0.05844304228770447
11,0.2,0.2,6,24,common_offset_source_mean,VV,152,3.942935734515021,3.2742851360721112,1.280644992520388,-0.11793255799692104
11,0.2,0.2,6,24,common_offset_source_mean,common,152,3.870441562465385,3.3111161153550173,0.12918749197467166,-0.0011153316259218116
11,0.2,0.2,6,24,common_offset_source_mean,differential,152,3.0041354812847185,2.541385956006227,2.3029150010914328,-1.4251087510011886
11,0.2,0.2,6,24,common_offset_source_ridge,HH,152,4.491958949388445,3.8239829950079818,-0.9862782691137809,-0.12842612827818067
11,0.2,0.2,6,24,common_offset_source_ridge,VV,152,4.146940738896664,3.430137036338954,1.2303325802029184,-0.23660747007559557
11,0.2,0.2,6,24,common_offset_source_ridge,common,152,4.065303435426946,3.417476747753851,0.12202715554456885,-0.10445752136703601
11,0.2,0.2,6,24,common_offset_source_ridge,differential,152,2.9398736880088903,2.451988823405947,2.216610849316699,-1.3224668939823307
11,0.2,0.2,6,24,scratch,HH,152,4.511895781577964,3.876030836797827,-1.5464625336427171,-0.13846503014475808
11,0.2,0.2,6,24,scratch,VV,152,4.132612065447189,3.3689709053918193,1.8048375175920603,-0.22807668358072486
11,0.2,0.2,6,24,scratch,common,152,3.8704415624653845,3.3111161153550173,0.1291874919746717,-0.0011153316259215895
11,0.2,0.2,6,24,scratch,differential,152,3.866535982085704,3.474471971721864,3.3513000512347775,-3.017318840717036
11,0.2,0.2,6,24,spm_only,HH,152,4.254504434161146,3.5944750038351376,0.2711632013368945,-0.01227739156677865
11,0.2,0.2,6,24,spm_only,VV,152,3.7145068210952568,3.1939983427307777,-0.012788217387551327,0.007847279323886402
11,0.2,0.2,6,24,spm_only,common,152,3.870441562465385,3.311116115355017,0.12918749197467175,-0.0011153316259218116
11,0.2,0.2,6,24,spm_only,differential,152,1.9686203937484048,1.5924977576746606,-0.28395141872444585,-0.0413965846385127
11,0.2,0.2,6,24,i2em_only,HH,152,4.238592940028237,3.5985587371087946,0.10754802398951394,-0.004719883099629341
11,0.2,0.2,6,24,i2em_only,VV,152,3.724622905784131,3.1919035983893367,0.15082695995982898,0.002435864887411765
11,0.2,0.2,6,24,i2em_only,common,152,3.870441562465385,3.311116115355017,0.1291874919746716,-0.0011153316259218116
11,0.2,0.2,6,24,i2em_only,differential,152,1.9379629122509348,1.56084592071488,0.043278935970315124,-0.009213641785743798
11,0.2,0.2,6,24,spm_to_i2em,HH,152,4.258987534685665,3.5934683413610338,0.31680949839772804,-0.014411850403999837
11,0.2,0.2,6,24,spm_to_i2em,VV,152,3.713743837129242,3.195709888236935,-0.058434514448384996,0.008254826763233969
11,0.2,0.2,6,24,spm_to_i2em,common,152,3.8704415624653845,3.3111161153550173,0.12918749197467166,-0.0011153316259215895
11,0.2,0.2,6,24,spm_to_i2em,differential,152,1.9850603675980856,1.6074082066000266,-0.37524401284611303,-0.05886264316925138
11,0.2,0.2,6,24,risk_spm_to_i2em,HH,152,4.338775220507541,3.737966458503222,-0.9679698802609881,-0.05277576381342031
11,0.2,0.2,6,24,risk_spm_to_i2em,VV,152,3.924940298721879,3.264526843398467,1.226344864210331,-0.10775142562267459
11,0.2,0.2,6,24,risk_spm_to_i2em,common,152,3.870441562465385,3.3111161153550173,0.12918749197467158,-0.0011153316259218116
11,0.2,0.2,6,24,risk_spm_to_i2em,differential,152,2.9221536529423906,2.450671784861341,2.194314744471319,-1.2945540167114475
12,0.05,0.06666666666666667,2,28,zero_source_mean,HH,177,4.473695152305744,3.58892853279461,1.6896381768072293,-0.16637713918353603
12,0.05,0.06666666666666667,2,28,zero_source_mean,VV,177,5.530067008091042,4.402474755945789,4.064859203427985,-1.1753038318558713
12,0.05,0.06666666666666667,2,28,zero_source_mean,common,177,4.792194135497367,3.6820508197901813,2.8772486901176078,-0.5636825388388773
12,0.05,0.06666666666666667,2,28,zero_source_mean,differential,177,3.054616232900695,2.6202743515806484,2.3752210266207565,-1.529321403990402
12,0.05,0.06666666666666667,2,28,common_offset_source_mean,HH,177,4.224532617754893,3.5117509228471278,0.8292193263760576,-0.04007237252735463
12,0.05,0.06666666666666667,2,28,common_offset_source_mean,VV,177,4.932240742927921,3.9030865940721116,3.204440352996814,-0.7304046369824138
12,0.05,0.06666666666666667,2,28,common_offset_source_mean,common,177,4.330608180124528,3.42242935257753,2.016829839686436,-0.2769607945052801
12,0.05,0.06666666666666667,2,28,common_offset_source_mean,differential,177,3.054616232900695,2.6202743515806484,2.3752210266207565,-1.529321403990402
12,0.05,0.06666666666666667,2,28,common_offset_source_ridge,HH,177,4.677189854930242,3.741369518281677,1.8490287000092605,-0.2749002991681051
12,0.05,0.06666666666666667,2,28,common_offset_source_ridge,VV,177,5.735177801344731,4.544808136032299,4.157162683394804,-1.3396608621960202
12,0.05,0.06666666666666667,2,28,common_offset_source_ridge,common,177,5.013959859802116,3.895817656562382,3.003095691702032,-0.7117545285470215
12,0.05,0.06666666666666667,2,28,common_offset_source_ridge,differential,177,2.996258467050555,2.5454932266349224,2.3081339833855443,-1.4336003382392448
12,0.05,0.06666666666666667,2,28,scratch,HH,177,4.1643026964977405,3.5227571910765687,0.30525082637840883,-0.010626787385763059
12,0.05,0.06666666666666667,2,28,scratch,VV,177,5.278324932454073,4.177443419920343,3.7284088529944657,-0.981761472444368
12,0.05,0.06666666666666667,2,28,scratch,common,177,4.330608180124529,3.422429352577531,2.0168298396864373,-0.27696079450528055
12,0.05,0.06666666666666667,2,28,scratch,differential,177,3.922702288245097,3.5327428470283557,3.4231580266160573,-3.1712037671051316
12,0.05,0.06666666666666667,2,28,spm_only,HH,177,4.630853055569544,3.6808432319144564,2.0737680197575497,-0.24976461944024342
12,0.05,0.06666666666666667,2,28,spm_only,VV,177,4.270783943099967,3.499086088325225,1.959891659615325,-0.29740133337078967
12,0.05,0.06666666666666667,2,28,spm_only,common,177,4.330608180124529,3.42242935257753,2.0168298396864373,-0.27696079450528055
12,0.05,0.06666666666666667,2,28,spm_only,differential,177,2.086174053810131,1.6595378707280068,-0.1138763601422243,-0.17975489461005334
12,0.05,0.06666666666666667,2,28,i2em_only,HH,177,4.5398360753693305,3.628030354728159,1.8619734793009808,-0.20112046942241135
12,0.05,0.06666666666666667,2,28,i2em_only,VV,177,4.379723010199266,3.5602522283628564,2.171686200071894,-0.364433668531325
12,0.05,0.06666666666666667,2,28,i2em_only,common,177,4.330608180124529,3.42242935257753,2.0168298396864377,-0.27696079450528055
12,0.05,0.06666666666666667,2,28,i2em_only,differential,177,2.1371714099579115,1.668880130769364,0.3097127207709134,-0.2381390467338278
12,0.05,0.06666666666666667,2,28,spm_to_i2em,HH,177,4.647610817364324,3.6923424076220135,2.107303627740531,-0.2588260823871533
12,0.05,0.06666666666666667,2,28,spm_to_i2em,VV,177,4.260850185057912,3.495875071088985,1.9263560516323437,-0.29137289343890127
12,0.05,0.06666666666666667,2,28,spm_to_i2em,common,177,4.330608180124529,3.422429352577531,2.0168298396864373,-0.27696079450528055
12,0.05,0.06666666666666667,2,28,spm_to_i2em,differential,177,2.1198095148701173,1.683626746944246,-0.18094757610818712,-0.21810403781043353
12,0.05,0.06666666666666667,2,28,risk_spm_to_i2em,HH,177,4.234619255461902,3.5136799319959726,0.8800089577310594,-0.04504492608351973
12,0.05,0.06666666666666667,2,28,risk_spm_to_i2em,VV,177,4.900882078258815,3.881256281777955,3.153650721641816,-0.7084711257049641
12,0.05,0.06666666666666667,2,28,risk_spm_to_i2em,common,177,4.33060818012453,3.422429352577531,2.016829839686438,-0.276960794505281
12,0.05,0.06666666666666667,2,28,risk_spm_to_i2em,differential,177,2.9807082930753808,2.5373558720279954,2.273641763910757,-1.408405776898174
12,0.1,0.1,3,27,zero_source_mean,HH,171,4.497765393443352,3.61058292276683,1.7005641331503312,-0.1667967766527627
12,0.1,0.1,3,27,zero_source_mean,VV,171,5.4960923566464315,4.361830634512154,4.012368922256883,-1.1411389191742378
12,0.1,0.1,3,27,zero_source_mean,common,171,4.7915135953191355,3.6832334330517287,2.856466527703607,-0.5513406259281639
12,0.1,0.1,3,27,zero_source_mean,differential,171,3.00656603419507,2.565456476345738,2.311804789106552,-1.4463990175082153
12,0.1,0.1,3,27,common_offset_source_mean,HH,171,4.163994364532777,3.5455374881208637,-0.029561873442654717,-5.04040612123724e-05
12,0.1,0.1,3,27,common_offset_source_mean,VV,171,4.395060813071022,3.553510332431713,2.2822429156638973,-0.36919901775041164
12,0.1,0.1,3,27,common_offset_source_mean,common,171,4.008471588989094,3.3071695979005185,1.1263405211106214,-0.08572374452893228
12,0.1,0.1,3,27,common_offset_source_mean,differential,171,3.00656603419507,2.565456476345738,2.311804789106552,-1.4463990175082153
12,0.1,0.1,3,27,common_offset_source_ridge,HH,171,4.327538655676819,3.6108443870032447,0.24400968754448002,-0.08014867017478089
12,0.1,0.1,3,27,common_offset_source_ridge,VV,171,4.652381548178514,3.70958632647558,2.4773664706823855,-0.5342193320886826
12,0.1,0.1,3,27,common_offset_source_ridge,common,171,4.247006976376864,3.408070268400612,1.360688079113433,-0.21878658418949315
12,0.1,0.1,3,27,common_offset_source_ridge,differential,171,2.9319305487755156,2.479044420887262,2.2333567831379058,-1.326446968028209
12,0.1,0.1,3,27,scratch,HH,171,4.211958297508753,3.60603531707847,-0.5416103620441682,-0.023221716068734244
12,0.1,0.1,3,27,scratch,VV,171,4.669471035503087,3.7146139299452243,2.794291404265415,-0.5455112592125015
12,0.1,0.1,3,27,scratch,common,171,4.008471588989095,3.3071695979005185,1.1263405211106232,-0.0857237445289325
12,0.1,0.1,3,27,scratch,differential,171,3.849380077853991,3.45259199827923,3.3359017663095827,-3.0102125208957293
12,0.1,0.1,3,27,spm_only,HH,171,4.407356490942259,3.57685319353221,1.3924058687831466,-0.12036100265876737
12,0.1,0.1,3,27,spm_only,VV,171,3.838426973895908,3.2684877281636933,0.8602751734380998,-0.04434349690211459
12,0.1,0.1,3,27,spm_only,common,171,4.008471588989095,3.307169597900519,1.1263405211106232,-0.08572374452893272
12,0.1,0.1,3,27,spm_only,differential,171,2.011280145935442,1.6196497676861723,-0.5321306953450468,-0.0947902804148304
12,0.1,0.1,3,27,i2em_only,HH,171,4.33553458540515,3.5575681045445195,1.1788118825601668,-0.08414390746251788
12,0.1,0.1,3,27,i2em_only,VV,171,3.89911245340376,3.2970748478361456,1.0738691596610792,-0.07762665013915404
12,0.1,0.1,3,27,i2em_only,common,171,4.008471588989094,3.3071695979005185,1.126340521110623,-0.0857237445289325
12,0.1,0.1,3,27,i2em_only,differential,171,1.930931954299261,1.5612618100131144,-0.10494272289908751,-0.009066385877188221
12,0.1,0.1,3,27,spm_to_i2em,HH,171,4.4351181152807895,3.588095132378609,1.4505124857506368,-0.13451960283704834
12,0.1,0.1,3,27,spm_to_i2em,VV,171,3.8183485350818263,3.2573198271708343,0.8021685564706091,-0.03344635372277449
12,0.1,0.1,3,27,spm_to_i2em,common,171,4.008471588989094,3.3071695979005185,1.1263405211106232,-0.0857237445289325
12,0.1,0.1,3,27,spm_to_i2em,differential,171,2.0563896869940947,1.6537669786210527,-0.6483439292800276,-0.14444950149356095
12,0.1,0.1,3,27,risk_spm_to_i2em,HH,171,4.1655269301181805,3.542991452937186,0.030835507267282448,-0.0007866802156468733
12,0.1,0.1,3,27,risk_spm_to_i2em,VV,171,4.362840103830585,3.53386156705858,2.221845534953964,-0.3491970867430787
12,0.1,0.1,3,27,risk_spm_to_i2em,common,171,4.008471588989094,3.307169597900519,1.1263405211106232,-0.0857237445289325
12,0.1,0.1,3,27,risk_spm_to_i2em,differential,171,2.9155786450263173,2.4667982486354387,2.1910100276866813,-1.3005693060671941
12,0.2,0.2,6,24,zero_source_mean,HH,151,4.480810980567181,3.6087969006898883,1.8569596688820953,-0.20736201440429158
12,0.2,0.2,6,24,zero_source_mean,VV,151,5.53657984989942,4.435793987810714,4.069512328432268,-1.1751353334748469
12,0.2,0.2,6,24,zero_source_mean,common,151,4.822758539878085,3.7427746616105564,2.963235998657182,-0.6064806373686109
12,0.2,0.2,6,24,zero_source_mean,differential,151,2.902889460503004,2.495899935856793,2.2125526595501737,-1.38625469788639
12,0.2,0.2,6,24,common_offset_source_mean,HH,151,4.0781254848904,3.491239987175918,-0.041708977400960835,-0.00010461244308501705
12,0.2,0.2,6,24,common_offset_source_mean,VV,151,4.336513361604828,3.5483951716707907,2.1708436821492127,-0.33439536687852134
12,0.2,0.2,6,24,common_offset_source_mean,common,151,3.9511436316552735,3.2841651564715724,1.0645673523741261,-0.07827638211117094
12,0.2,0.2,6,24,common_offset_source_mean,differential,151,2.902889460503004,2.495899935856793,2.2125526595501737,-1.38625469788639
12,0.2,0.2,6,24,common_offset_source_ridge,HH,151,4.288520425001275,3.6143681304868833,-0.18171212279413004,-0.10595950620418115
12,0.2,0.2,6,24,common_offset_source_ridge,VV,151,4.415286302777242,3.6204602428026735,1.9357266866703515,-0.3833143675497126
12,0.2,0.2,6,24,common_offset_source_ridge,common,151,4.1206088746443665,3.390200997963353,0.8770072819381108,-0.17275487000518774
12,0.2,0.2,6,24,common_offset_source_ridge,differential,151,2.8026150558182725,2.392189849073634,2.1174388094644816,-1.2242453980819774
12,0.2,0.2,6,24,scratch,HH,151,4.133559527035586,3.5524959110208902,-0.5617863373278196,-0.02747828639393113
12,0.2,0.2,6,24,scratch,VV,151,4.604313572639716,3.7065628358518423,2.6909210420760714,-0.5042947300337413
12,0.2,0.2,6,24,scratch,common,151,3.9511436316552735,3.284165156471573,1.064567352374126,-0.07827638211117094
12,0.2,0.2,6,24,scratch,differential,151,3.758442720808957,3.384187611468707,3.2527073794038905,-3.0001075758924305
12,0.2,0.2,6,24,spm_only,HH,151,4.312198099885778,3.547833645892537,1.3147388049212918,-0.11820561315582334
12,0.2,0.2,6,24,spm_only,VV,151,3.8180714293409306,3.2560711332312215,0.8143958998269597,-0.034406511381038785
12,0.2,0.2,6,24,spm_only,common,151,3.9511436316552735,3.284165156471573,1.064567352374126,-0.07827638211117094
12,0.2,0.2,6,24,spm_only,differential,151,1.9746644759391219,1.5690740643611316,-0.5003429050943322,-0.10418648167159628
12,0.2,0.2,6,24,i2em_only,HH,151,4.243405857750387,3.522705415133237,1.1176377056051234,-0.08281285589504073
12,0.2,0.2,6,24,i2em_only,VV,151,3.874750163444547,3.2864459149239855,1.0114969991431286,-0.06534570214289026
12,0.2,0.2,6,24,i2em_only,common,151,3.9511436316552735,3.284165156471573,1.0645673523741261,-0.07827638211117094
12,0.2,0.2,6,24,i2em_only,differential,151,1.8958428768037672,1.506683989263524,-0.1061407064619947,-0.017795394835979472
12,0.2,0.2,6,24,spm_to_i2em,HH,151,4.338894762908484,3.5610442499812174,1.360830978755255,-0.13209401308018198
12,0.2,0.2,6,24,spm_to_i2em,VV,151,3.7986683732905075,3.2437480910387575,0.7683037259929969,-0.023919725378764634
12,0.2,0.2,6,24,spm_to_i2em,common,151,3.9511436316552735,3.284165156471573,1.0645673523741261,-0.07827638211117094
12,0.2,0.2,6,24,spm_to_i2em,differential,151,2.0163418251339054,1.605495039843851,-0.5925272527622583,-0.15128836815008828
12,0.2,0.2,6,24,risk_spm_to_i2em,HH,151,4.08017146441517,3.489063119417406,0.015185380085036304,-0.0011083612737197157
12,0.2,0.2,6,24,risk_spm_to_i2em,VV,151,4.306648895735,3.5297715405226056,2.1139493246632157,-0.3160793698062312
12,0.2,0.2,6,24,risk_spm_to_i2em,common,151,3.9511436316552735,3.284165156471573,1.064567352374126,-0.07827638211117094
12,0.2,0.2,6,24,risk_spm_to_i2em,differential,151,2.818493176938088,2.4026431806072326,2.098763944578179,-1.249519565459687
13,0.05,0.06666666666666667,2,28,zero_source_mean,HH,176,4.490702813590704,3.6476484847370885,1.4558606967607575,-0.1174457969983147
13,0.05,0.06666666666666667,2,28,zero_source_mean,VV,176,5.505804713742296,4.375831103391321,3.9814975453260586,-1.0961694027237208
13,0.05,0.06666666666666667,2,28,zero_source_mean,common,176,4.776530071024708,3.697489778835792,2.718679121043408,-0.47920156709458483
13,0.05,0.06666666666666667,2,28,zero_source_mean,differential,176,3.1144239489997974,2.6859800773146003,2.525636848565301,-1.9208778041732284
13,0.05,0.06666666666666667,2,28,common_offset_source_mean,HH,176,4.578097750026431,3.9453349212434263,-1.706486922650835,-0.16136292769845229
13,0.05,0.06666666666666667,2,28,common_offset_source_mean,VV,176,3.8900603393206032,3.307512283113719,0.8191499259144662,-0.046399314405838776
13,0.05,0.06666666666666667,2,28,common_offset_source_mean,common,176,3.9523240115975082,3.4707347810874905,-0.4436684983681843,-0.012762022716017452
13,0.05,0.06666666666666667,2,28,common_offset_source_mean,differential,176,3.1144239489997974,2.6859800773146003,2.525636848565301,-1.9208778041732284
13,0.05,0.06666666666666667,2,28,common_offset_source_ridge,HH,176,4.556260218949051,3.885093299877202,-1.1019191231694399,-0.1503099473141487
13,0.05,0.06666666666666667,2,28,common_offset_source_ridge,VV,176,4.2529711008469775,3.527900190026929,1.3516296396462757,-0.2507474732655468
13,0.05,0.06666666666666667,2,28,common_offset_source_ridge,common,176,4.1351742411272685,3.5032462676301694,0.12485525823841813,-0.10863849266685244
13,0.05,0.06666666666666667,2,28,common_offset_source_ridge,differential,176,3.0489140225504046,2.6020841638802734,2.4535487628157155,-1.7992925175362364
13,0.05,0.06666666666666667,2,28,scratch,HH,176,4.836449412283633,4.128110977397896,-2.2855473470348056,-0.29613767664267754
13,0.05,0.06666666666666667,2,28,scratch,VV,176,4.0364933771904985,3.366926321755164,1.3982103502984367,-0.1266609951933515
13,0.05,0.06666666666666667,2,28,scratch,common,176,3.9523240115975082,3.4707347810874905,-0.44366849836818417,-0.012762022716017452
13,0.05,0.06666666666666667,2,28,scratch,differential,176,4.109207105119188,3.744952099909479,3.683757697333242,-4.084801323999013
13,0.05,0.06666666666666667,2,28,spm_only,HH,176,4.434397349899327,3.8200348858422033,-1.3495275586361972,-0.08959988322006618
13,0.05,0.06666666666666667,2,28,spm_only,VV,176,3.909152537990993,3.377277370954962,0.4621905618998285,-0.05669585865549753
13,0.05,0.06666666666666667,2,28,spm_only,common,176,3.9523240115975082,3.4707347810874905,-0.4436684983681843,-0.012762022716017452
13,0.05,0.06666666666666667,2,28,spm_only,differential,176,2.721625704161082,2.146611972100456,1.8117181205360255,-1.230564180272475
13,0.05,0.06666666666666667,2,28,i2em_only,HH,176,4.4217132287869365,3.8169499673701037,-1.2600355276777273,-0.08337542943621501
13,0.05,0.06666666666666667,2,28,i2em_only,VV,176,3.867131923606011,3.345441498497591,0.37269853094135824,-0.0341004964343421
13,0.05,0.06666666666666667,2,28,i2em_only,common,176,3.9523240115975082,3.4707347810874905,-0.4436684983681843,-0.012762022716017452
13,0.05,0.06666666666666667,2,28,i2em_only,differential,176,2.5552013646292857,2.0192246072250057,1.6327340586190855,-0.9661117078062766
13,0.05,0.06666666666666667,2,28,spm_to_i2em,HH,176,4.428271489014274,3.810114396392207,-1.3613156803769364,-0.08659152542132276
13,0.05,0.06666666666666667,2,28,spm_to_i2em,VV,176,3.9268503182177703,3.391429189727725,0.4739786836405679,-0.06628540702704022
13,0.05,0.06666666666666667,2,28,spm_to_i2em,common,176,3.9523240115975082,3.4707347810874905,-0.4436684983681843,-0.012762022716017452
13,0.05,0.06666666666666667,2,28,spm_to_i2em,differential,176,2.7524576715376585,2.175800604033136,1.8352943640175043,-1.2813883828676085
13,0.05,0.06666666666666667,2,28,risk_spm_to_i2em,HH,176,4.571539342208685,3.9394731262672695,-1.6942063805122012,-0.15803786282252763
13,0.05,0.06666666666666667,2,28,risk_spm_to_i2em,VV,176,3.8909169032233284,3.3102726344961253,0.8068693837758315,-0.04686018466630171
13,0.05,0.06666666666666667,2,28,risk_spm_to_i2em,common,176,3.9523240115975082,3.4707347810874905,-0.4436684983681843,-0.012762022716017452
13,0.05,0.06666666666666667,2,28,risk_spm_to_i2em,differential,176,3.097249140721615,2.664603933654118,2.5010757642880326,-1.8887516738301846
13,0.1,0.1,3,27,zero_source_mean,HH,172,4.493197507295615,3.644657819220256,1.4386358494269096,-0.11422572381196194
13,0.1,0.1,3,27,zero_source_mean,VV,172,5.47254061035906,4.340506200239241,3.937002094311995,-1.072758735405892
13,0.1,0.1,3,27,zero_source_mean,common,172,4.761100984099592,3.689392668215148,2.687818971869453,-0.4677872094500988
13,0.1,0.1,3,27,zero_source_mean,differential,172,3.0988253935994625,2.6624383859308813,2.4983662448850867,-1.857199526376201
13,0.1,0.1,3,27,common_offset_source_mean,HH,172,4.674402750968298,4.008287970907887,-1.9315512796580743,-0.20590867646437672
13,0.1,0.1,3,27,common_offset_source_mean,VV,172,3.843175047563845,3.2947772637080557,0.566814965227012,-0.02223583200563506
13,0.1,0.1,3,27,common_offset_source_mean,common,172,3.9886511576264048,3.5010736238746625,-0.6823681572155311,-0.030149895916268488
13,0.1,0.1,3,27,common_offset_source_mean,differential,172,3.0988253935994625,2.6624383859308813,2.4983662448850867,-1.857199526376201
13,0.1,0.1,3,27,common_offset_source_ridge,HH,172,4.744534212268236,4.036969978008169,-1.7039166157421866,-0.2423653417288154
13,0.1,0.1,3,27,common_offset_source_ridge,VV,172,4.083031016191248,3.443260473677222,0.7156250500207834,-0.15381485485975155
13,0.1,0.1,3,27,common_offset_source_ridge,common,172,4.159696604076445,3.572135101962566,-0.49414578286070127,-0.12039619180796746
13,0.1,0.1,3,27,common_offset_source_ridge,differential,172,3.0250935504983296,2.571531378480191,2.4195416657629694,-1.7228516267505105
13,0.1,0.1,3,27,scratch,HH,172,4.945895838042065,4.202709323895985,-2.490047258903355,-0.3500569647086056
13,0.1,0.1,3,27,scratch,VV,172,3.9466561065343444,3.330403668369877,1.1253109444722922,-0.07802625790572293
13,0.1,0.1,3,27,scratch,common,172,3.9886511576264048,3.5010736238746625,-0.6823681572155311,-0.030149895916268488
13,0.1,0.1,3,27,scratch,differential,172,4.054455314721753,3.6812288144334864,3.6153582033756466,-3.891154638998376
13,0.1,0.1,3,27,spm_only,HH,172,4.423096720782768,3.8143870755983285,-1.0435207063752048,-0.07972966782112345
13,0.1,0.1,3,27,spm_only,VV,172,3.7796856671512824,3.301405767355713,-0.32121560805585764,0.011259928389821927
13,0.1,0.1,3,27,spm_only,common,172,3.9886511576264048,3.5010736238746625,-0.6823681572155311,-0.030149895916268488
13,0.1,0.1,3,27,spm_only,differential,172,2.0155060056468193,1.6373367871083617,0.7223050983193471,-0.2086889458326624
13,0.1,0.1,3,27,i2em_only,HH,172,4.424329279897708,3.8208757423672135,-1.1109711882806066,-0.08033151587250265
13,0.1,0.1,3,27,i2em_only,VV,172,3.7873147785407832,3.3031113888434227,-0.25376512615045616,0.007264452783857567
13,0.1,0.1,3,27,i2em_only,common,172,3.9886511576264048,3.5010736238746625,-0.6823681572155311,-0.030149895916268488
13,0.1,0.1,3,27,i2em_only,differential,172,2.0492763084780314,1.6661768948519058,0.8572060621301504,-0.2495320370706986
13,0.1,0.1,3,27,spm_to_i2em,HH,172,4.432489293210915,3.821287520152253,-1.037178257353223,-0.0843202104055385
13,0.1,0.1,3,27,spm_to_i2em,VV,172,3.7699905864053864,3.2925450771903737,-0.32755805707783947,0.016325757403727326
13,0.1,0.1,3,27,spm_to_i2em,common,172,3.9886511576264048,3.5010736238746625,-0.6823681572155311,-0.030149895916268488
13,0.1,0.1,3,27,spm_to_i2em,differential,172,2.0204525441324788,1.6436274164812403,0.7096202002753835,-0.21462905527704712
13,0.1,0.1,3,27,risk_spm_to_i2em,HH,172,4.662162358212696,3.9992919563023275,-1.8960188180057522,-0.19960135965836212
13,0.1,0.1,3,27,risk_spm_to_i2em,VV,172,3.8357054712446033,3.2920094617085343,0.531282503574689,-0.018266068388370194
13,0.1,0.1,3,27,risk_spm_to_i2em,common,172,3.9886511576264048,3.5010736238746625,-0.6823681572155311,-0.030149895916268488
13,0.1,0.1,3,27,risk_spm_to_i2em,differential,172,3.0429322049635736,2.6009091220566134,2.4273013215804413,-1.7550590414960916
13,0.2,0.2,6,24,zero_source_mean,HH,152,4.358823249870268,3.6245617619693498,1.1683695345124747,-0.0774111264132673
13,0.2,0.2,6,24,zero_source_mean,VV,152,5.315253865032637,4.258938672676846,3.8104261870258265,-1.0572923687597338
13,0.2,0.2,6,24,zero_source_mean,common,152,4.582721430904667,3.6044621600186306,2.489397860769151,-0.41860333385016313
13,0.2,0.2,6,24,zero_source_mean,differential,152,3.2399359088747897,2.8238422345151633,2.642056652513352,-1.984935024170937
13,0.2,0.2,6,24,common_offset_source_mean,HH,152,4.964545752255096,4.186595362868614,-2.6481053173545446,-0.39766140757161916
13,0.2,0.2,6,24,common_offset_source_mean,VV,152,3.7057539731232256,3.230654577986586,-0.0060486648411924564,-2.6642012804778403e-06
13,0.2,0.2,6,24,common_offset_source_mean,common,152,4.070057412908603,3.5484416956756033,-1.3270769910978681,-0.11896146330955681
13,0.2,0.2,6,24,common_offset_source_mean,differential,152,3.2399359088747897,2.8238422345151633,2.642056652513352,-1.984935024170937
13,0.2,0.2,6,24,common_offset_source_ridge,HH,152,5.12787161135779,4.286398720503035,-2.679232307894375,-0.4911358949394311
13,0.2,0.2,6,24,common_offset_source_ridge,VV,152,3.9385746753196424,3.391821545918251,-0.12587966025423492,-0.12960383835342415
13,0.2,0.2,6,24,common_offset_source_ridge,common,152,4.29021001619653,3.679852083998691,-1.402555984074305,-0.24328634483970912
13,0.2,0.2,6,24,common_offset_source_ridge,differential,152,3.160896635289518,2.7218858812796416,2.55335264764014,-1.8410745626981133
13,0.2,0.2,6,24,scratch,HH,152,5.3017376564873295,4.435727751697772,-3.213654672025654,-0.5939672959008808
13,0.2,0.2,6,24,scratch,VV,152,3.728664935702405,3.222831419856505,0.5595006898299174,-0.012405995839383399
13,0.2,0.2,6,24,scratch,common,152,4.070057412908603,3.548441695675603,-1.327076991097868,-0.11896146330955681
13,0.2,0.2,6,24,scratch,differential,152,4.214410917840796,3.8468190027603018,3.7731553618555713,-4.05051656775822
13,0.2,0.2,6,24,spm_only,HH,152,4.627894658370164,3.954263384928092,-1.8506387285232393,-0.21453453498830122
13,0.2,0.2,6,24,spm_only,VV,152,3.755977040890833,3.2684354245847067,-0.803515253672497,-0.02729186503894665
13,0.2,0.2,6,24,spm_only,common,152,4.070057412908603,3.5484416956756033,-1.3270769910978681,-0.11896146330955681
13,0.2,0.2,6,24,spm_only,differential,152,2.1881671837067755,1.814734894494024,1.0471234748507425,-0.36151692526703694
13,0.2,0.2,6,24,i2em_only,HH,152,4.631027308840827,3.9586954507080327,-1.8980846568809173,-0.21617934334294642
13,0.2,0.2,6,24,i2em_only,VV,152,3.760671447521368,3.2704222413340376,-0.7560693253148191,-0.02986139057452908
13,0.2,0.2,6,24,i2em_only,common,152,4.070057412908603,3.548441695675603,-1.3270769910978681,-0.11896146330955681
13,0.2,0.2,6,24,i2em_only,differential,152,2.2173538205200547,1.8398292012619013,1.142015331566098,-0.39808005584977635
13,0.2,0.2,6,24,spm_to_i2em,HH,152,4.629633199316441,3.955129316480214,-1.8390245733707387,-0.21544722414309647
13,0.2,0.2,6,24,spm_to_i2em,VV,152,3.7532548878949297,3.2657056409043537,-0.815129408824998,-0.025803340358177884
13,0.2,0.2,6,24,spm_to_i2em,common,152,4.070057412908602,3.5484416956756033,-1.3270769910978681,-0.11896146330955659
13,0.2,0.2,6,24,spm_to_i2em,differential,152,2.1861798301949604,1.811459180552589,1.0238951645457404,-0.35904491424792684
13,0.2,0.2,6,24,risk_spm_to_i2em,HH,152,4.949217230769206,4.175578848794641,-2.615723931823451,-0.3890438987376761
13,0.2,0.2,6,24,risk_spm_to_i2em,VV,152,3.703931521560035,3.2293869235782124,-0.038430050372289325,0.0009806759228359052
13,0.2,0.2,6,24,risk_spm_to_i2em,common,152,4.070057412908604,3.5484416956756033,-1.3270769910978713,-0.11896146330955704
13,0.2,0.2,6,24,risk_spm_to_i2em,differential,152,3.1884558096371034,2.7671147096367665,2.5772938814511615,-1.8908319628955739
14,0.05,0.06666666666666667,2,28,zero_source_mean,HH,176,4.500484217965928,3.6423707569316024,1.5877315484007355,-0.14215446470136062
14,0.05,0.06666666666666667,2,28,zero_source_mean,VV,176,5.530671310648901,4.396439185192249,4.008389958391558,-1.1064692919165768
14,0.05,0.06666666666666667,2,28,zero_source_mean,common,176,4.799292456695988,3.6785442735423417,2.7980607533961472,-0.5149375802103133
14,0.05,0.06666666666666667,2,28,zero_source_mean,differential,176,3.090717448359587,2.667104083387987,2.4206584099908235,-1.5866966973115817
14,0.05,0.06666666666666667,2,28,common_offset_source_mean,HH,176,4.240681269425489,3.6694053741488672,-0.4999108945430091,-0.014092614057866104
14,0.05,0.06666666666666667,2,28,common_offset_source_mean,VV,176,4.267365241691821,3.4855905959297258,1.9207475154478146,-0.2540621649593331
14,0.05,0.06666666666666667,2,28,common_offset_source_mean,common,176,3.9634275925049067,3.3501394589616367,0.7104183104524029,-0.033194688757812285
14,0.05,0.06666666666666667,2,28,common_offset_source_mean,differential,176,3.090717448359587,2.667104083387987,2.4206584099908235,-1.5866966973115817
14,0.05,0.06666666666666667,2,28,common_offset_source_ridge,HH,176,4.483515464262315,3.6939128034146544,1.0242684498039152,-0.13355787835796162
14,0.05,0.06666666666666667,2,28,common_offset_source_ridge,VV,176,5.244039074052245,4.141786162103773,3.3888800390625846,-0.8937876167201642
14,0.05,0.06666666666666667,2,28,common_offset_source_ridge,common,176,4.63625611407721,3.6424932308946967,2.20657424443325,-0.41375822981187316
14,0.05,0.06666666666666667,2,28,common_offset_source_ridge,differential,176,3.03714182014256,2.6021300012549307,2.3646115892586694,-1.4977964527459724
14,0.05,0.06666666666666667,2,28,scratch,HH,176,4.345192859100867,3.7729149236594015,-1.0440491403240169,-0.06469317444296396
14,0.05,0.06666666666666667,2,28,scratch,VV,176,4.529835901786286,3.6394949710525824,2.4648857612288255,-0.4130722683111301
14,0.05,0.06666666666666667,2,28,scratch,common,176,3.9634275925049076,3.3501394589616367,0.7104183104524048,-0.03319468875781273
14,0.05,0.06666666666666667,2,28,scratch,differential,176,3.9956470609488632,3.615167956377226,3.5089349015528426,-3.3231583170832373
14,0.05,0.06666666666666667,2,28,spm_only,HH,176,4.17616573961384,3.541258551888609,0.38448317324093023,0.016528434410011617
14,0.05,0.06666666666666667,2,28,spm_only,VV,176,4.085010473743203,3.4730656952161407,1.0363534476638785,-0.14917397776266417
14,0.05,0.06666666666666667,2,28,spm_only,common,176,3.9634275925049076,3.3501394589616367,0.7104183104524047,-0.03319468875781273
14,0.05,0.06666666666666667,2,28,spm_only,differential,176,2.328155619050231,1.763933922991532,0.6518702744229482,-0.46774602549476185
14,0.05,0.06666666666666667,2,28,i2em_only,HH,176,4.193053869431574,3.5686608480610333,0.3055133871642784,0.008558167264192562
14,0.05,0.06666666666666667,2,28,i2em_only,VV,176,4.071914570786065,3.4444211078855136,1.1153232337405306,-0.1418176452056581
14,0.05,0.06666666666666667,2,28,i2em_only,common,176,3.9634275925049076,3.3501394589616367,0.7104183104524047,-0.03319468875781273
14,0.05,0.06666666666666667,2,28,i2em_only,differential,176,2.3429351086517394,1.7729769639834438,0.8098098465762521,-0.48644012886379295
14,0.05,0.06666666666666667,2,28,spm_to_i2em,HH,176,4.135334085464323,3.5100929932851543,0.34421506553604514,0.03566582539835361
14,0.05,0.06666666666666667,2,28,spm_to_i2em,VV,176,4.132075221806104,3.5170836488882937,1.0766215553687637,-0.17580654234740756
14,0.05,0.06666666666666667,2,28,spm_to_i2em,common,176,3.963427592504907,3.3501394589616367,0.7104183104524046,-0.03319468875781251
14,0.05,0.06666666666666667,2,28,spm_to_i2em,differential,176,2.3484109840522027,1.7928772132150315,0.7324064898327186,-0.49339642290728447
14,0.05,0.06666666666666667,2,28,risk_spm_to_i2em,HH,176,4.231555664505756,3.6599690039416752,-0.4699779678372012,-0.009732818636114304
14,0.05,0.06666666666666667,2,28,risk_spm_to_i2em,VV,176,4.261342536232849,3.485744822943819,1.8908145887420107,-0.25052484541914866
14,0.05,0.06666666666666667,2,28,risk_spm_to_i2em,common,176,3.9634275925049076,3.3501394589616367,0.710418310452405,-0.03319468875781273
14,0.05,0.06666666666666667,2,28,risk_spm_to_i2em,differential,176,3.048798776849555,2.6202319600591917,2.360792556579212,-1.5170070024965576
14,0.1,0.1,3,27,zero_source_mean,HH,169,4.5287085431097465,3.6734827966897696,1.594016417955149,-0.14140940105021893
14,0.1,0.1,3,27,zero_source_mean,VV,169,5.512739568823524,4.357465996467819,3.953343724770059,-1.0587720247510162
14,0.1,0.1,3,27,zero_source_mean,common,169,4.809572363236904,3.689537699754962,2.773680071362604,-0.4983132338736631
14,0.1,0.1,3,27,zero_source_mean,differential,169,3.0448402216482107,2.615980789169353,2.3593273068149108,-1.5025604169033806
14,0.1,0.1,3,27,common_offset_source_mean,HH,169,4.343681057415453,3.765916723523418,-0.9482891968303718,-0.05004656889334225
14,0.1,0.1,3,27,common_offset_source_mean,VV,169,4.092969520448754,3.4106809838550403,1.4110381099845364,-0.13488100494939315
14,0.1,0.1,3,27,common_offset_source_mean,common,169,3.93601566537717,3.4058947751419812,0.23137445657708333,-0.0034675322759589733
14,0.1,0.1,3,27,common_offset_source_mean,differential,169,3.0448402216482093,2.6159807891693516,2.3593273068149085,-1.5025604169033784
14,0.1,0.1,3,27,common_offset_source_ridge,HH,169,4.420269712278761,3.69814642236953,0.5051829688618322,-0.08740228564372221
14,0.1,0.1,3,27,common_offset_source_ridge,VV,169,4.934804337367577,3.926153773505574,2.8216405497358212,-0.649731175696554
14,0.1,0.1,3,27,common_offset_source_ridge,common,169,4.436732968622806,3.5523975944727484,1.6634117592988273,-0.2750178662700349
14,0.1,0.1,3,27,common_offset_source_ridge,differential,169,3.0072842591486912,2.5638140336038235,2.31645758087399,-1.4412064985583526
14,0.1,0.1,3,27,scratch,HH,169,4.497826908867054,3.8866357918801704,-1.4811280066203603,-0.1258957481808245
14,0.1,0.1,3,27,scratch,VV,169,4.295909201402555,3.5006830963175806,1.9438769197745231,-0.25021151032238365
14,0.1,0.1,3,27,scratch,common,169,3.93601566537717,3.4058947751419812,0.23137445657708172,-0.0034675322759589733
14,0.1,0.1,3,27,scratch,differential,169,3.9244984730879255,3.5380362657950335,3.4250049263948834,-3.157419838499397
14,0.1,0.1,3,27,spm_only,HH,169,4.2444665662225205,3.6163043600307163,0.26425592232331085,-0.0026259396066361518
14,0.1,0.1,3,27,spm_only,VV,169,3.8814358921822216,3.3820256255378944,0.1984929908308522,-0.02060605608439592
14,0.1,0.1,3,27,spm_only,common,169,3.93601566537717,3.4058947751419812,0.23137445657708164,-0.0034675322759589733
14,0.1,0.1,3,27,spm_only,differential,169,2.0477316136213823,1.6218340447328148,-0.06576293149245864,-0.1318832300577708
14,0.1,0.1,3,27,i2em_only,HH,169,4.235644602145349,3.628336405775093,0.07421881593820603,0.0015375696349593237
14,0.1,0.1,3,27,i2em_only,VV,169,3.9028837991513643,3.382944851422403,0.38853009721595666,-0.031916480106098044
14,0.1,0.1,3,27,i2em_only,common,169,3.93601566537717,3.4058947751419812,0.23137445657708164,-0.0034675322759589733
14,0.1,0.1,3,27,i2em_only,differential,169,2.0922468827422076,1.6473723565811018,0.31431128127775076,-0.18162974302472823
14,0.1,0.1,3,27,spm_to_i2em,HH,169,4.236809819910074,3.608809619324381,0.27166674632090254,0.0009881438456271763
14,0.1,0.1,3,27,spm_to_i2em,VV,169,3.8989471626119645,3.3988616878595383,0.1910821668332605,-0.029835848642560725
14,0.1,0.1,3,27,spm_to_i2em,common,169,3.93601566537717,3.4058947751419812,0.23137445657708172,-0.0034675322759589733
14,0.1,0.1,3,27,spm_to_i2em,differential,169,2.0822621308266367,1.637400876615464,-0.08058457948764207,-0.17037855876784214
14,0.1,0.1,3,27,risk_spm_to_i2em,HH,169,4.332600723239387,3.7552530016128594,-0.8999879604592413,-0.044696255650684025
14,0.1,0.1,3,27,risk_spm_to_i2em,VV,169,4.078659660510598,3.406515953228229,1.3627368736134051,-0.1269593241338367
14,0.1,0.1,3,27,risk_spm_to_i2em,common,169,3.93601566537717,3.4058947751419812,0.2313744565770821,-0.0034675322759589733
14,0.1,0.1,3,27,risk_spm_to_i2em,differential,169,2.9740393464451373,2.5377498331535016,2.2627248340726465,-1.3875307571872866
14,0.2,0.2,6,24,zero_source_mean,HH,151,4.535781677823801,3.6732110846317516,1.5197549123806515,-0.12646177922014945
14,0.2,0.2,6,24,zero_source_mean,VV,151,5.444009116884012,4.284587801170066,3.867854816106816,-1.0193069264185635
14,0.2,0.2,6,24,zero_source_mean,common,151,4.770508212890604,3.626111984704691,2.693804864243734,-0.46813159735073073
14,0.2,0.2,6,24,zero_source_mean,differential,151,3.0643281400936555,2.6318004440415472,2.3480999037261654,-1.4222946202205886
14,0.2,0.2,6,24,common_offset_source_mean,HH,151,4.5127430435691505,3.9109090554407833,-1.4495479785453098,-0.11504754753640589
14,0.2,0.2,6,24,common_offset_source_mean,VV,151,3.9350133352355714,3.3095591738074486,0.8985519251808537,-0.05501118564673968
14,0.2,0.2,6,24,common_offset_source_mean,common,151,3.9467788290375867,3.4567303910990943,-0.27549802668222706,-0.004896352486094546
14,0.2,0.2,6,24,common_offset_source_mean,differential,151,3.0643281400936537,2.631800444041545,2.348099903726163,-1.4222946202205868
14,0.2,0.2,6,24,common_offset_source_ridge,HH,151,4.500361913808802,3.8396796381313734,-0.7888536508424977,-0.10893746777353397
14,0.2,0.2,6,24,common_offset_source_ridge,VV,151,4.336272343577863,3.555339217462595,1.5070835010508707,-0.28114341475236726
14,0.2,0.2,6,24,common_offset_source_ridge,common,151,4.151749336637869,3.4921748209050887,0.35911492510418663,-0.11198246762784247
14,0.2,0.2,6,24,common_offset_source_ridge,differential,151,3.0273652189298534,2.572779804286361,2.295937151893368,-1.3642100546142184
14,0.2,0.2,6,24,scratch,HH,151,4.7203411927904755,4.069096447712868,-1.9828512614990965,-0.21999754952949102
14,0.2,0.2,6,24,scratch,VV,151,4.078234746785451,3.352071173981245,1.4318552081346423,-0.13320658198800395
14,0.2,0.2,6,24,scratch,common,151,3.9467788290375867,3.4567303910990943,-0.275498026682227,-0.004896352486094546
14,0.2,0.2,6,24,scratch,differential,151,3.9394145188248944,3.5415526367489822,3.41470646963374,-3.0033152250574666
14,0.2,0.2,6,24,spm_only,HH,151,4.294620469149907,3.687856541095981,-0.20623620601243883,-0.009861360459676005
14,0.2,0.2,6,24,spm_only,VV,151,3.833669121888182,3.3570065132155444,-0.3447598473520155,-0.001368443119987628
14,0.2,0.2,6,24,spm_only,common,151,3.9467788290375867,3.4567303910990943,-0.27549802668222706,-0.004896352486094546
14,0.2,0.2,6,24,spm_only,differential,151,1.9933176663450625,1.607065423151285,-0.13852364133957662,-0.024965995876206293
14,0.2,0.2,6,24,i2em_only,HH,151,4.296318078507505,3.7028516430225094,-0.35728175159451586,-0.010659889194965189
14,0.2,0.2,6,24,i2em_only,VV,151,3.831309661814293,3.341206390233345,-0.19371430176993873,-0.00013622316645878207
14,0.2,0.2,6,24,i2em_only,common,151,3.9467788290375867,3.4567303910990943,-0.27549802668222706,-0.004896352486094546
14,0.2,0.2,6,24,i2em_only,differential,151,1.9915604463552479,1.6103869943349685,0.16356744982457697,-0.02315966376308598
14,0.2,0.2,6,24,spm_to_i2em,HH,151,4.293812987101648,3.6843375039804913,-0.16512023129686001,-0.009481644363705133
14,0.2,0.2,6,24,spm_to_i2em,VV,151,3.837302119381466,3.3633167179362413,-0.3858758220675945,-0.0032672469544392513
14,0.2,0.2,6,24,spm_to_i2em,common,151,3.9467788290375867,3.4567303910990943,-0.275498026682227,-0.004896352486094546
14,0.2,0.2,6,24,spm_to_i2em,differential,151,2.0037920415720056,1.6126365154308375,-0.22075559077073442,-0.03576616663371146
14,0.2,0.2,6,24,risk_spm_to_i2em,HH,151,4.497002712532589,3.898448354528234,-1.3975627124807402,-0.1072825991428652
14,0.2,0.2,6,24,risk_spm_to_i2em,VV,151,3.9228858099636716,3.3058220040186237,0.846566659116285,-0.04851821729520056
14,0.2,0.2,6,24,risk_spm_to_i2em,common,151,3.9467788290375867,3.4567303910990943,-0.27549802668222706,-0.004896352486094546
14,0.2,0.2,6,24,risk_spm_to_i2em,differential,151,2.9859471609059587,2.5478314196937935,2.2441293715970256,-1.2999620087029111
15,0.05,0.06666666666666667,2,28,zero_source_mean,HH,176,4.494027475807076,3.6547735633431926,1.6371834568604875,-0.15302483109394838
15,0.05,0.06666666666666667,2,28,zero_source_mean,VV,176,5.562492526632172,4.4140947582495365,4.0215355809450415,-1.0950784878837174
15,0.05,0.06666666666666667,2,28,zero_source_mean,common,176,4.823931171445954,3.7108007832492347,2.8293595189027645,-0.524419001781375
15,0.05,0.06666666666666667,2,28,zero_source_mean,differential,176,3.0321550647853828,2.630797797481718,2.384352124084554,-1.6202370048269588
15,0.05,0.06666666666666667,2,28,common_offset_source_mean,HH,176,4.18528700799871,3.6165592507601727,-0.02672185307059216,-4.076621184601059e-05
15,0.05,0.06666666666666667,2,28,common_offset_source_mean,VV,176,4.5085469028095035,3.6406395106217477,2.3576302710139623,-0.37636810695867395
15,0.05,0.06666666666666667,2,28,common_offset_source_mean,common,176,4.077170608749659,3.393827717116336,1.165454208971685,-0.08898003611094185
15,0.05,0.06666666666666667,2,28,common_offset_source_mean,differential,176,3.0321550647853828,2.630797797481718,2.384352124084554,-1.6202370048269588
15,0.05,0.06666666666666667,2,28,common_offset_source_ridge,HH,176,4.42029173544844,3.715722205980431,0.2441700481391784,-0.11549873032735603
15,0.05,0.06666666666666667,2,28,common_offset_source_ridge,VV,176,4.813447555214387,3.8714322901988436,2.547024185382841,-0.568822846400062
15,0.05,0.06666666666666667,2,28,common_offset_source_ridge,common,176,4.381229532168697,3.5535410122406614,1.39559711676101,-0.25745994860892796
15,0.05,0.06666666666666667,2,28,common_offset_source_ridge,differential,176,2.9386772419504856,2.5403725492399234,2.3028541372436626,-1.4611695896956882
15,0.05,0.06666666666666667,2,28,scratch,HH,176,4.241356290936675,3.6846821490628514,-0.5524452605883826,-0.027014857698916206
15,0.05,0.06666666666666667,2,28,scratch,VV,176,4.788084097467395,3.8069688202729037,2.883353678531753,-0.552333236017519
15,0.05,0.06666666666666667,2,28,scratch,common,176,4.077170608749659,3.393827717116336,1.165454208971685,-0.08898003611094185
15,0.05,0.06666666666666667,2,28,scratch,differential,176,3.9161747063643975,3.548113380878228,3.4357989391201356,-3.3708094876884322
15,0.05,0.06666666666666667,2,28,spm_only,HH,176,4.424837243703227,3.6491558037161798,1.2570508753958651,-0.11779410631731091
15,0.05,0.06666666666666667,2,28,spm_only,VV,176,3.9450754270075103,3.3524835180692416,1.073857542547505,-0.053833593421960924
15,0.05,0.06666666666666667,2,28,spm_only,common,176,4.077170608749659,3.393827717116336,1.165454208971685,-0.08898003611094185
15,0.05,0.06666666666666667,2,28,spm_only,differential,176,1.9473902599825854,1.5713293205364325,-0.18319333284836004,-0.08079604801164542
15,0.05,0.06666666666666667,2,28,i2em_only,HH,176,4.355991644622891,3.629431969209971,1.0674464123423812,-0.08328140832035813
15,0.05,0.06666666666666667,2,28,i2em_only,VV,176,4.015508395328354,3.3843574336989586,1.2634620056009889,-0.09179849933343598
15,0.05,0.06666666666666667,2,28,i2em_only,common,176,4.077170608749659,3.393827717116336,1.165454208971685,-0.08898003611094185
15,0.05,0.06666666666666667,2,28,i2em_only,differential,176,1.9247496124290027,1.5761986216984383,0.1960155932586076,-0.055811146495548414
15,0.05,0.06666666666666667,2,28,spm_to_i2em,HH,176,4.442860200810453,3.666680814725449,1.2466184381472891,-0.12691850240846803
15,0.05,0.06666666666666667,2,28,spm_to_i2em,VV,176,3.929510046319459,3.333702260923884,1.0842899797960803,-0.04553415198576993
15,0.05,0.06666666666666667,2,28,spm_to_i2em,common,176,4.077170608749659,3.393827717116335,1.165454208971685,-0.08898003611094185
15,0.05,0.06666666666666667,2,28,spm_to_i2em,differential,176,1.9664260079478806,1.595696647796794,-0.16232845835120902,-0.10202889064990228
15,0.05,0.06666666666666667,2,28,risk_spm_to_i2em,HH,176,4.189622403085573,3.6161699718276767,0.021968202667572448,-0.002113655048951557
15,0.05,0.06666666666666667,2,28,risk_spm_to_i2em,VV,176,4.47991516084953,3.6220722866484127,2.3089402152758,-0.3589422326275744
15,0.05,0.06666666666666667,2,28,risk_spm_to_i2em,common,176,4.077170608749659,3.3938277171163365,1.1654542089716862,-0.08898003611094185
15,0.05,0.06666666666666667,2,28,risk_spm_to_i2em,differential,176,2.9583560918665177,2.550940458403092,2.2869720126082274,-1.4942423967464475
15,0.1,0.1,3,27,zero_source_mean,HH,170,4.4808188408330505,3.614596846189613,1.7318770160198054,-0.17562585643182138
15,0.1,0.1,3,27,zero_source_mean,VV,170,5.612449828555292,4.469008452604286,4.098805985841973,-1.1429194683049482
15,0.1,0.1,3,27,zero_source_mean,common,170,4.847895956013337,3.7129752013643103,2.9153415009308894,-0.5665056681151539
15,0.1,0.1,3,27,zero_source_mean,differential,170,3.024281786392868,2.62207272580982,2.366928969822168,-1.5808316138263399
15,0.1,0.1,3,27,common_offset_source_mean,HH,170,4.159150309802476,3.5403057134724816,0.46924600561246926,-0.012893045835458583
15,0.1,0.1,3,27,common_offset_source_mean,VV,170,4.7689905703154825,3.809598920828409,2.8361749754346373,-0.5472262834040555
15,0.1,0.1,3,27,common_offset_source_mean,common,170,4.21121491956503,3.4094089348716983,1.6527104905235532,-0.18206185234322736
15,0.1,0.1,3,27,common_offset_source_mean,differential,170,3.024281786392868,2.62207272580982,2.366928969822168,-1.5808316138263399
15,0.1,0.1,3,27,common_offset_source_ridge,HH,170,4.458536086732801,3.6707430605068487,0.9645560607467055,-0.16396234266738063
15,0.1,0.1,3,27,common_offset_source_ridge,VV,170,5.2063811621166405,4.136990085588618,3.259586894047374,-0.8440505700813761
15,0.1,0.1,3,27,common_offset_source_ridge,common,170,4.61880531425052,3.6434178482638035,2.1120714773970404,-0.42195123625475306
15,0.1,0.1,3,27,common_offset_source_ridge,differential,170,2.9387833469121127,2.540932248073268,2.295030833300668,-1.436970670682478
15,0.1,0.1,3,27,scratch,HH,170,4.151994718998699,3.577006916751357,-0.05810106623979244,-0.009410789671937758
15,0.1,0.1,3,27,scratch,VV,170,5.085351855146985,4.024812802539533,3.363522047286899,-0.7593122275834132
15,0.1,0.1,3,27,scratch,common,170,4.21121491956503,3.4094089348716987,1.6527104905235532,-0.18206185234322736
15,0.1,0.1,3,27,scratch,differential,170,3.9067125411798003,3.5370631888313775,3.4216231135266915,-3.3066350976473595
15,0.1,0.1,3,27,spm_only,HH,170,4.539816064914781,3.65616406962994,1.7444244560483866,-0.2067876927062462
15,0.1,0.1,3,27,spm_only,VV,170,4.095728532582912,3.4045259378890824,1.5609965249987197,-0.14120386584050904
15,0.1,0.1,3,27,spm_only,common,170,4.21121491956503,3.4094089348716983,1.6527104905235532,-0.18206185234322736
15,0.1,0.1,3,27,spm_only,differential,170,1.957682261419305,1.5761353689480182,-0.1834279310496672,-0.0814328891371876
15,0.1,0.1,3,27,i2em_only,HH,170,4.4555053213595714,3.6110009204912585,1.569648495120299,-0.16238043430575466
15,0.1,0.1,3,27,i2em_only,VV,170,4.180401305576345,3.445906742131547,1.7357724859268076,-0.18887681127111877
15,0.1,0.1,3,27,i2em_only,common,170,4.21121491956503,3.4094089348716987,1.6527104905235532,-0.18206185234322736
15,0.1,0.1,3,27,i2em_only,differential,170,1.9280148063713887,1.572660528164918,0.1661239908065084,-0.048904362343590746
15,0.1,0.1,3,27,spm_to_i2em,HH,170,4.562177068210739,3.6717054048916453,1.7821903919104463,-0.21870511000665016
15,0.1,0.1,3,27,spm_to_i2em,VV,170,4.075452183906296,3.3913185750048584,1.52323058913666,-0.12993252784142229
15,0.1,0.1,3,27,spm_to_i2em,common,170,4.21121491956503,3.4094089348716983,1.6527104905235532,-0.18206185234322736
15,0.1,0.1,3,27,spm_to_i2em,differential,170,1.9769207912712807,1.587490635652396,-0.2589598027737865,-0.10279223598499598
15,0.1,0.1,3,27,risk_spm_to_i2em,HH,170,4.168427713424612,3.5410461173310175,0.5223787425932375,-0.01741680545393831
15,0.1,0.1,3,27,risk_spm_to_i2em,VV,170,4.735463717087884,3.7864002142153743,2.783042238453869,-0.5255481998234861
15,0.1,0.1,3,27,risk_spm_to_i2em,common,170,4.21121491956503,3.4094089348716983,1.6527104905235537,-0.18206185234322758
15,0.1,0.1,3,27,risk_spm_to_i2em,differential,170,2.943380376495002,2.5356071273433702,2.2606634958606318,-1.444600759072597
15,0.2,0.2,6,24,zero_source_mean,HH,151,4.51191228472009,3.6494203365155413,1.684059002593164,-0.16186328011607265
15,0.2,0.2,6,24,zero_source_mean,VV,151,5.540052215798898,4.405266211868639,3.9909250446418723,-1.0787545427672809
15,0.2,0.2,6,24,zero_source_mean,common,151,4.820384755452035,3.6999684234461916,2.8374920236175183,-0.5302268351506716
15,0.2,0.2,6,24,zero_source_mean,differential,151,3.0256611302647887,2.59411397925335,2.3068660420487093,-1.3883743269539495
15,0.2,0.2,6,24,common_offset_source_mean,HH,151,4.246350038284238,3.6905136657187345,-0.7142764918738183,-0.029118328698664042
15,0.2,0.2,6,24,common_offset_source_mean,VV,151,4.1594515644679415,3.4529248191556885,1.5925895501748908,-0.1717842008055983
15,0.2,0.2,6,24,common_offset_source_mean,common,151,3.9214291608540988,3.35769044926059,0.4391565291505363,-0.012700800465889506
15,0.2,0.2,6,24,common_offset_source_mean,differential,151,3.0256611302647887,2.59411397925335,2.3068660420487093,-1.3883743269539495
15,0.2,0.2,6,24,common_offset_source_ridge,HH,151,4.448447489368942,3.763748859451174,-0.39530644712648827,-0.1294074992859089
15,0.2,0.2,6,24,common_offset_source_ridge,VV,151,4.488954178705864,3.6911411118351634,1.8402903269069835,-0.3647900257744321
15,0.2,0.2,6,24,common_offset_source_ridge,common,151,4.220258508035403,3.498761929753386,0.7224919398902477,-0.17292572997816502
15,0.2,0.2,6,24,common_offset_source_ridge,differential,151,2.93878578154423,2.512439426426465,2.2355967740334717,-1.2531893098292652
15,0.2,0.2,6,24,scratch,HH,151,4.3859058922526435,3.801620540506179,-1.2454977433601915,-0.0978736153150872
15,0.2,0.2,6,24,scratch,VV,151,4.372655084135545,3.5624822107818543,2.123810801661264,-0.29498857881304485
15,0.2,0.2,6,24,scratch,common,151,3.9214291608540988,3.3576904492605895,0.43915652915053643,-0.012700800465889506
15,0.2,0.2,6,24,scratch,differential,151,3.8989920885580487,3.4983012786431202,3.3693085450214553,-2.966126208697071
15,0.2,0.2,6,24,spm_only,HH,151,4.282107812277772,3.6147022931504296,0.5412029711073494,-0.04652335615983061
15,0.2,0.2,6,24,spm_only,VV,151,3.8081847709000147,3.3039609708708633,0.3371100871937231,0.017773789269014184
15,0.2,0.2,6,24,spm_only,common,151,3.9214291608540988,3.3576904492605895,0.4391565291505363,-0.012700800465889506
15,0.2,0.2,6,24,spm_only,differential,151,2.0413256663704438,1.6676491092223478,-0.2040928839136264,-0.08714235070105492
15,0.2,0.2,6,24,i2em_only,HH,151,4.2377056138170035,3.6033928781364604,0.38252092859490033,-0.02493257834241902
15,0.2,0.2,6,24,i2em_only,VV,151,3.845669494015735,3.3182971068400593,0.4957921297061719,-0.0016578746786874987
15,0.2,0.2,6,24,i2em_only,common,151,3.9214291608540988,3.35769044926059,0.43915652915053643,-0.012700800465889506
15,0.2,0.2,6,24,i2em_only,differential,151,1.996050800648939,1.6381293175938056,0.11327120111127169,-0.039453347996235344
15,0.2,0.2,6,24,spm_to_i2em,HH,151,4.2964402646524595,3.6208176505480716,0.5800745838103883,-0.053540623577775115
15,0.2,0.2,6,24,spm_to_i2em,VV,151,3.7991295737132926,3.2982285190413427,0.298238474490684,0.022439359910618628
15,0.2,0.2,6,24,spm_to_i2em,common,151,3.9214291608540988,3.35769044926059,0.43915652915053643,-0.012700800465889506
15,0.2,0.2,6,24,spm_to_i2em,differential,151,2.067641718671822,1.687448303703834,-0.2818361093197043,-0.11535314128389063
15,0.2,0.2,6,24,risk_spm_to_i2em,HH,151,4.240924819679329,3.683462939427779,-0.6618472742811908,-0.02649036573920882
15,0.2,0.2,6,24,risk_spm_to_i2em,VV,151,4.137216122693733,3.441778348200268,1.5401603325822606,-0.15928952612661096
15,0.2,0.2,6,24,risk_spm_to_i2em,common,151,3.9214291608540988,3.3576904492605895,0.43915652915053527,-0.012700800465889506
15,0.2,0.2,6,24,risk_spm_to_i2em,differential,151,2.94848681355551,2.511401293507813,2.2020076068634515,-1.2680895718305791
16,0.05,0.06666666666666667,2,28,zero_source_mean,HH,177,4.447213131852114,3.6236645745314306,1.4442597684080734,-0.11790118098794178
16,0.05,0.06666666666666667,2,28,zero_source_mean,VV,177,5.482292890294759,4.36820502895657,3.9777820235983823,-1.1117113947011066
16,0.05,0.06666666666666667,2,28,zero_source_mean,common,177,4.7448692455346855,3.6843015500792697,2.711020896003228,-0.48467170049572084
16,0.05,0.06666666666666667,2,28,zero_source_mean,differential,177,3.1002166571556113,2.6665637920801486,2.5335222551903094,-2.0104987542580997
16,0.05,0.06666666666666667,2,28,common_offset_source_mean,HH,177,4.602316103305351,3.972304573244683,-1.8680190452101955,-0.19723778991912155
16,0.05,0.06666666666666667,2,28,common_offset_source_mean,VV,177,3.830885019183929,3.2832099515261466,0.6655032099801139,-0.031117908876923117
16,0.05,0.06666666666666667,2,28,common_offset_source_mean,common,177,3.940261532201831,3.4796214668431573,-0.6012579176150407,-0.023839851680735435
16,0.05,0.06666666666666667,2,28,common_offset_source_mean,differential,177,3.1002166571556113,2.6665637920801486,2.5335222551903094,-2.0104987542580997
16,0.05,0.06666666666666667,2,28,common_offset_source_ridge,HH,177,4.618607472372207,3.955280080036547,-1.509500958446876,-0.2057288034508764
16,0.05,0.06666666666666667,2,28,common_offset_source_ridge,VV,177,4.113896794942563,3.466451155072449,0.9465017459244708,-0.18909589625066636
16,0.05,0.06666666666666667,2,28,common_offset_source_ridge,common,177,4.101434988634537,3.5417183693290957,-0.2814996062612023,-0.10931170707171378
16,0.05,0.06666666666666667,2,28,common_offset_source_ridge,differential,177,3.037151261066826,2.5850423319380567,2.456002704371347,-1.8892638573089835
16,0.05,0.06666666666666667,2,28,scratch,HH,177,4.8819457899034315,4.162203807280522,-2.453320896751527,-0.34714217660370594
16,0.05,0.06666666666666667,2,28,scratch,VV,177,3.9595218852413865,3.333453957709201,1.2508050615214452,-0.1015281268173609
16,0.05,0.06666666666666667,2,28,scratch,common,177,3.940261532201831,3.4796214668431564,-0.6012579176150408,-0.023839851680735435
16,0.05,0.06666666666666667,2,28,scratch,differential,177,4.113365135983504,3.7459370521345563,3.7041259582729715,-4.29967071813823
16,0.05,0.06666666666666667,2,28,spm_only,HH,177,4.533656295700725,3.9063125901897915,-1.8814810199548722,-0.16178218584380333
16,0.05,0.06666666666666667,2,28,spm_only,VV,177,4.041475553531046,3.461917095503165,0.6789651847247902,-0.1475985948735392
16,0.05,0.06666666666666667,2,28,spm_only,common,177,3.940261532201831,3.479621466843156,-0.6012579176150409,-0.023839851680735435
16,0.05,0.06666666666666667,2,28,spm_only,differential,177,3.4165017702430234,2.7699428528538785,2.5604462046796623,-2.656096594225131
16,0.05,0.06666666666666667,2,28,i2em_only,HH,177,4.541202864896866,3.916405959108289,-1.966892041645795,-0.16565313066142662
16,0.05,0.06666666666666667,2,28,i2em_only,VV,177,4.074067189329536,3.488011623973537,0.7643762064157134,-0.16618236494715122
16,0.05,0.06666666666666667,2,28,i2em_only,common,177,3.9402615322018306,3.479621466843156,-0.6012579176150405,-0.023839851680735213
16,0.05,0.06666666666666667,2,28,i2em_only,differential,177,3.5126129986151167,2.895402329805234,2.7312682480615083,-2.8646927227203607
16,0.05,0.06666666666666667,2,28,spm_to_i2em,HH,177,4.534177877239425,3.907520235798569,-1.9262376393370022,-0.16204951929726508
16,0.05,0.06666666666666667,2,28,spm_to_i2em,VV,177,4.077915436072223,3.4913166916918486,0.7237218041069201,-0.16838649010365203
16,0.05,0.06666666666666667,2,28,spm_to_i2em,common,177,3.9402615322018315,3.4796214668431573,-0.6012579176150409,-0.023839851680735658
16,0.05,0.06666666666666667,2,28,spm_to_i2em,differential,177,3.5033816354786333,2.867618757228407,2.649959443443922,-2.8444061143836454
16,0.05,0.06666666666666667,2,28,risk_spm_to_i2em,HH,177,4.596106644093708,3.967664257937363,-1.868986984825282,-0.19400933540447451
16,0.05,0.06666666666666667,2,28,risk_spm_to_i2em,VV,177,3.8377164666435606,3.289598090631888,0.6664711495951969,-0.03479868156269794
16,0.05,0.06666666666666667,2,28,risk_spm_to_i2em,common,177,3.940261532201832,3.4796214668431573,-0.6012579176150438,-0.023839851680735658
16,0.05,0.06666666666666667,2,28,risk_spm_to_i2em,differential,177,3.0986907163931083,2.6640567866793594,2.5354581344204785,-2.007535921193631
16,0.1,0.1,3,27,zero_source_mean,HH,170,4.471074450744202,3.6332775893441274,1.4632643657019477,-0.1199562397360221
16,0.1,0.1,3,27,zero_source_mean,VV,170,5.537945739645793,4.421746016656232,4.066234241353331,-1.1697735933911804
16,0.1,0.1,3,27,zero_source_mean,common,170,4.77881370373342,3.703046593913961,2.764749303527639,-0.50310848222062
16,0.1,0.1,3,27,zero_source_mean,differential,170,3.1576031825984376,2.7414895934719805,2.602969875651383,-2.120638534359654
16,0.1,0.1,3,27,common_offset_source_mean,HH,170,4.377721639963961,3.79761653869467,-1.1467705162081532,-0.0736767207233524
16,0.1,0.1,3,27,common_offset_source_mean,VV,170,4.031761238484934,3.362871071477368,1.4561993594432294,-0.1500232944974469
16,0.1,0.1,3,27,common_offset_source_mean,common,170,3.900917617162687,3.391809258896131,0.1547144216175382,-0.0015754757432866473
16,0.1,0.1,3,27,common_offset_source_mean,differential,170,3.1576031825984376,2.7414895934719805,2.602969875651383,-2.120638534359654
16,0.1,0.1,3,27,common_offset_source_ridge,HH,170,4.537821826387889,3.86332696935602,-1.149477047958983,-0.15364484506800014
16,0.1,0.1,3,27,common_offset_source_ridge,VV,170,4.239596911336384,3.5269581830846786,1.3689431698497372,-0.27164579972049685
16,0.1,0.1,3,27,common_offset_source_ridge,common,170,4.110083280220404,3.4980013601570423,0.10973306094537713,-0.11186323084504601
16,0.1,0.1,3,27,common_offset_source_ridge,differential,170,3.0920671913658984,2.6527732418046477,2.5184202178087203,-1.9924452279343403
16,0.1,0.1,3,27,scratch,HH,170,4.581206146164627,3.953671692016374,-1.7326900915574484,-0.1758093783537551
16,0.1,0.1,3,27,scratch,VV,170,4.263210782725109,3.475589453875479,2.042118934792524,-0.2858509743604136
16,0.1,0.1,3,27,scratch,common,170,3.900917617162687,3.391809258896131,0.15471442161753826,-0.0015754757432866473
16,0.1,0.1,3,27,scratch,differential,170,4.178061612714622,3.818412821417991,3.7748090263499723,-4.463589288889608
16,0.1,0.1,3,27,spm_only,HH,170,4.293645297353802,3.7077517109756775,-0.8266143758068936,-0.03283174653853971
16,0.1,0.1,3,27,spm_only,VV,170,3.9835726185863605,3.368275397347373,1.1360432190419696,-0.12269684978187723
16,0.1,0.1,3,27,spm_only,common,170,3.900917617162687,3.391809258896131,0.1547144216175382,-0.0015754757432866473
16,0.1,0.1,3,27,spm_only,differential,170,2.7820583154416365,2.2348838647319904,1.9626575948488632,-1.4224834736142258
16,0.1,0.1,3,27,i2em_only,HH,170,4.290464998833826,3.7093519622743463,-0.8345031859677992,-0.03130227842662858
16,0.1,0.1,3,27,i2em_only,VV,170,3.99761782864491,3.37578768643885,1.143932029202875,-0.13062757567660843
16,0.1,0.1,3,27,i2em_only,common,170,3.900917617162687,3.391809258896132,0.15471442161753823,-0.0015754757432866473
16,0.1,0.1,3,27,i2em_only,differential,170,2.812373267664644,2.246674309633676,1.9784352151706746,-1.4755647332007018
16,0.1,0.1,3,27,spm_to_i2em,HH,170,4.264613828370968,3.6895536866809957,-0.9033918797666991,-0.018911988254464163
16,0.1,0.1,3,27,spm_to_i2em,VV,170,4.04857992138515,3.4170161093459317,1.2128207230017758,-0.1596380602286589
16,0.1,0.1,3,27,spm_to_i2em,common,170,3.900917617162687,3.391809258896131,0.15471442161753834,-0.0015754757432866473
16,0.1,0.1,3,27,spm_to_i2em,differential,170,2.8787545825219047,2.3443977239161384,2.1162126027684747,-1.593806948375871
16,0.1,0.1,3,27,risk_spm_to_i2em,HH,170,4.371818030624556,3.7927806881674715,-1.1357049095366127,-0.0707828437365221
16,0.1,0.1,3,27,risk_spm_to_i2em,VV,170,4.03111030176627,3.3641395958194873,1.445133752771686,-0.14965197689479792
16,0.1,0.1,3,27,risk_spm_to_i2em,common,170,3.900917617162687,3.391809258896132,0.1547144216175366,-0.0015754757432866473
16,0.1,0.1,3,27,risk_spm_to_i2em,differential,170,3.1395307439551194,2.720415143464202,2.580838662308299,-2.0850190151070565
16,0.2,0.2,6,24,zero_source_mean,HH,152,4.438613945044514,3.6235650474945964,1.27087197141923,-0.08930109784290319
16,0.2,0.2,6,24,zero_source_mean,VV,152,5.492568675718908,4.326414006224992,3.9288021522678,-1.0476936418471952
16,0.2,0.2,6,24,zero_source_mean,common,152,4.72582031020959,3.6415845511311034,2.599837061843515,-0.4339960935789855
16,0.2,0.2,6,24,zero_source_mean,differential,152,3.2257864783191237,2.8119139989719626,2.6579301808485702,-2.11444766554369
16,0.2,0.2,6,24,common_offset_source_mean,HH,152,4.739435814494913,4.112821848568643,-2.0919067030612135,-0.24195679205703535
16,0.2,0.2,6,24,common_offset_source_mean,VV,152,3.879846244792563,3.3613083792131326,0.5660234777873563,-0.02174617512270438
16,0.2,0.2,6,24,common_offset_source_mean,common,152,4.01949060958567,3.571287945675514,-0.7629416126369284,-0.03737456661024674
16,0.2,0.2,6,24,common_offset_source_mean,differential,152,3.2257864783191237,2.8119139989719626,2.6579301808485702,-2.11444766554369
16,0.2,0.2,6,24,common_offset_source_ridge,HH,152,5.047417131460972,4.31871573531572,-2.4691838114487408,-0.4086126675189421
16,0.2,0.2,6,24,common_offset_source_ridge,VV,152,4.072177178920529,3.5125024188825402,0.0815824990635509,-0.12555655536904764
16,0.2,0.2,6,24,common_offset_source_ridge,common,152,4.308008976753904,3.758663040640975,-1.193800656192595,-0.19164462534000593
16,0.2,0.2,6,24,common_offset_source_ridge,differential,152,3.143617021172403,2.701029561034053,2.5507663105122917,-1.957801783244021
16,0.2,0.2,6,24,scratch,HH,152,5.033266346934,4.323496844375119,-2.6613659739755895,-0.40072545230271217
16,0.2,0.2,6,24,scratch,VV,152,3.983029384562137,3.3845020649427098,1.1354827487017325,-0.07681478778061424
16,0.2,0.2,6,24,scratch,common,152,4.01949060958567,3.5712879456755133,-0.7629416126369282,-0.03737456661024652
16,0.2,0.2,6,24,scratch,differential,152,4.215609962121499,3.8477253565048986,3.7968487226773227,-4.319008049045457
16,0.2,0.2,6,24,spm_only,HH,152,4.495167773120316,3.897869293238615,-1.3209979000123573,-0.11723621769943326
16,0.2,0.2,6,24,spm_only,VV,152,3.8056719497217486,3.37051353177137,-0.20488532526150013,0.016947552739552507
16,0.2,0.2,6,24,spm_only,common,152,4.01949060958567,3.571287945675514,-0.7629416126369285,-0.03737456661024674
16,0.2,0.2,6,24,spm_only,differential,152,2.1803957330281274,1.7898479443837658,1.1161125747508571,-0.42291989010033815
16,0.2,0.2,6,24,i2em_only,HH,152,4.49077720415179,3.9012425101197676,-1.3617584637687346,-0.11505480542063973
16,0.2,0.2,6,24,i2em_only,VV,152,3.818089895190398,3.3753232390102217,-0.16412476150512256,0.010521666100921978
16,0.2,0.2,6,24,i2em_only,common,152,4.01949060958567,3.571287945675514,-0.7629416126369285,-0.03737456661024674
16,0.2,0.2,6,24,i2em_only,differential,152,2.205575128618218,1.8134648061396796,1.197633702263612,-0.45597364834693277
16,0.2,0.2,6,24,spm_to_i2em,HH,152,4.500671690538399,3.9006795329386064,-1.3156126200028504,-0.11997379757986759
16,0.2,0.2,6,24,spm_to_i2em,VV,152,3.7999797271852205,3.36568607948636,-0.21027060527100644,0.0198860973784889
16,0.2,0.2,6,24,spm_to_i2em,common,152,4.019490609585669,3.5712879456755133,-0.7629416126369282,-0.037374566610246296
16,0.2,0.2,6,24,spm_to_i2em,differential,152,2.183246239862869,1.7916662509156636,1.105342014731844,-0.4266427869242322
16,0.2,0.2,6,24,risk_spm_to_i2em,HH,152,4.727878061918279,4.103663400007136,-2.0609049188222492,-0.2359068200713994
16,0.2,0.2,6,24,risk_spm_to_i2em,VV,152,3.8733599210636376,3.3597356521350314,0.535021693548389,-0.018332722000280244
16,0.2,0.2,6,24,risk_spm_to_i2em,common,152,4.01949060958567,3.571287945675515,-0.7629416126369314,-0.03737456661024696
16,0.2,0.2,6,24,risk_spm_to_i2em,differential,152,3.1758899620029273,2.758435520744735,2.5959266123706386,-2.018844175182791
17,0.05,0.06666666666666667,2,28,zero_source_mean,HH,179,4.493874161652427,3.6691734012741257,1.5054844661337656,-0.126418462294138
17,0.05,0.06666666666666667,2,28,zero_source_mean,VV,179,5.4447244715849505,4.334953457343568,3.9309812281001837,-1.0887940918595094
17,0.05,0.06666666666666667,2,28,zero_source_mean,common,179,4.744490990810635,3.6831796093042306,2.7182328471169748,-0.4886311711918827
17,0.05,0.06666666666666667,2,28,zero_source_mean,differential,179,3.1046867888651093,2.6678120609491045,2.4254967619664183,-1.5662841462844295
17,0.05,0.06666666666666667,2,28,common_offset_source_mean,HH,179,4.600114446308219,3.9264783769775975,-1.7979520060714458,-0.1803076425660739
17,0.05,0.06666666666666667,2,28,common_offset_source_mean,VV,179,3.819191482035337,3.278043583391704,0.6275447558949725,-0.027748098355390605
17,0.05,0.06666666666666667,2,28,common_offset_source_mean,common,179,3.932412520775769,3.4449595107601407,-0.5852036250882366,-0.022647583602984467
17,0.05,0.06666666666666667,2,28,common_offset_source_mean,differential,179,3.1046867888651093,2.6678120609491045,2.4254967619664183,-1.5662841462844295
17,0.05,0.06666666666666667,2,28,common_offset_source_ridge,HH,179,4.909416644090702,4.1280841521665135,-2.14986666150062,-0.3443666404900969
17,0.05,0.06666666666666667,2,28,common_offset_source_ridge,VV,179,3.989765462126401,3.4046973653331487,0.1829393157621708,-0.1216014155756342
17,0.05,0.06666666666666667,2,28,common_offset_source_ridge,common,179,4.210993045572157,3.623195770037128,-0.9834636728692243,-0.17267294194062854
17,0.05,0.06666666666666667,2,28,common_offset_source_ridge,differential,179,3.0185014057765036,2.5675131619283764,2.3328059772627907,-1.4257828349394734
17,0.05,0.06666666666666667,2,28,scratch,HH,179,4.852838326979794,4.10645076155297,-2.3367765703266423,-0.313559022687357
17,0.05,0.06666666666666667,2,28,scratch,VV,179,3.92506092668905,3.317663904155381,1.166369320150169,-0.08551697869358232
17,0.05,0.06666666666666667,2,28,scratch,common,179,3.932412520775769,3.4449595107601407,-0.5852036250882366,-0.022647583602984467
17,0.05,0.06666666666666667,2,28,scratch,differential,179,4.007095366700691,3.6111534315394245,3.5031458904768114,-3.274925108130957
17,0.05,0.06666666666666667,2,28,spm_only,HH,179,4.324673083549834,3.6983166838775348,-0.6115189962265003,-0.04319263558444009
17,0.05,0.06666666666666667,2,28,spm_only,VV,179,3.7700750478704768,3.298108271531514,-0.558888253949973,-0.0014835189415280947
17,0.05,0.06666666666666667,2,28,spm_only,common,179,3.932412520775769,3.4449595107601407,-0.5852036250882365,-0.022647583602984467
17,0.05,0.06666666666666667,2,28,spm_only,differential,179,1.9942550885219972,1.640463742620857,0.052630742276527406,-0.05884056585317099
17,0.05,0.06666666666666667,2,28,i2em_only,HH,179,4.327260429604131,3.709174499053715,-0.7512952066776654,-0.044441242219081634
17,0.05,0.06666666666666667,2,28,i2em_only,VV,179,3.7676682056005264,3.292980185960421,-0.4191120434988077,-0.00020521894843117394
17,0.05,0.06666666666666667,2,28,i2em_only,common,179,3.932412520775769,3.4449595107601407,-0.5852036250882363,-0.022647583602984467
17,0.05,0.06666666666666667,2,28,i2em_only,differential,179,1.9963817600863556,1.6433656926550302,0.33218316317885765,-0.06110006294300341
17,0.05,0.06666666666666667,2,28,spm_to_i2em,HH,179,4.331903946355922,3.702855083352133,-0.5810533975866291,-0.046683992637994276
17,0.05,0.06666666666666667,2,28,spm_to_i2em,VV,179,3.7657746265228043,3.2938307174502577,-0.5893538525898446,0.0007999076346086875
17,0.05,0.06666666666666667,2,28,spm_to_i2em,common,179,3.932412520775769,3.4449595107601407,-0.5852036250882365,-0.022647583602984467
17,0.05,0.06666666666666667,2,28,spm_to_i2em,differential,179,2.009335149301335,1.655005527973973,-0.008300455003215626,-0.07491448825015823
17,0.05,0.06666666666666667,2,28,risk_spm_to_i2em,HH,179,4.584001311384292,3.914334292184695,-1.7492615231031383,-0.17205343589562472
17,0.05,0.06666666666666667,2,28,risk_spm_to_i2em,VV,179,3.8089666788629186,3.274035244398343,0.5788542729266611,-0.022252456007727295
17,0.05,0.06666666666666667,2,28,risk_spm_to_i2em,common,179,3.9324125207757694,3.444959510760141,-0.5852036250882396,-0.02264758360298491
17,0.05,0.06666666666666667,2,28,risk_spm_to_i2em,differential,179,3.0310258053513324,2.5878753721641323,2.328115796029799,-1.445954767291083
17,0.1,0.1,3,27,zero_source_mean,HH,172,4.442128229162128,3.662495648580409,1.4145476273993882,-0.11284653982557691
17,0.1,0.1,3,27,zero_source_mean,VV,172,5.408388133035221,4.33290652392006,3.917493013848047,-1.1037723027953454
17,0.1,0.1,3,27,zero_source_mean,common,172,4.689348276204382,3.6661032760251233,2.666020320623718,-0.47759105853845174
17,0.1,0.1,3,27,zero_source_mean,differential,172,3.1632865474987404,2.7516979371597037,2.5029453864486597,-1.6743260362262484
17,0.1,0.1,3,27,common_offset_source_mean,HH,172,4.739975060423773,4.0148080121652585,-2.1761905613483243,-0.2670834284335797
17,0.1,0.1,3,27,common_offset_source_mean,VV,172,3.743084209543555,3.229765834753192,0.32675482510033527,-0.007679042116485624
17,0.1,0.1,3,27,common_offset_source_mean,common,172,3.9670424803863895,3.466756475589694,-0.9247178681239944,-0.05745763890851907
17,0.1,0.1,3,27,common_offset_source_mean,differential,172,3.1632865474987404,2.7516979371597037,2.5029453864486597,-1.6743260362262484
17,0.1,0.1,3,27,common_offset_source_ridge,HH,172,5.0959900027648475,4.249410078690752,-2.592729048210213,-0.4645703324355017
17,0.1,0.1,3,27,common_offset_source_ridge,VV,172,3.956176538130911,3.389601490758625,-0.1880245297437164,-0.12567846245296943
17,0.1,0.1,3,27,common_offset_source_ridge,common,172,4.294956276858813,3.672464215697137,-1.3903767889769645,-0.239500683944595
17,0.1,0.1,3,27,common_offset_source_ridge,differential,172,3.074783917246518,2.6459103730070903,2.4047045184664966,-1.5267744992426553
17,0.1,0.1,3,27,scratch,HH,172,5.038769490264343,4.228795707049547,-2.7385694373278846,-0.4318650210772421
17,0.1,0.1,3,27,scratch,VV,172,3.8142382792434595,3.2470258179299543,0.8891337010798954,-0.04635407846653239
17,0.1,0.1,3,27,scratch,common,172,3.9670424803863895,3.4667564755896936,-0.9247178681239944,-0.05745763890851907
17,0.1,0.1,3,27,scratch,differential,172,4.114063573763658,3.7355798449035005,3.6277031384077802,-3.523548807578832
17,0.1,0.1,3,27,spm_only,HH,172,4.444925571027407,3.7962989058314265,-1.2974078204151018,-0.11424856706729125
17,0.1,0.1,3,27,spm_only,VV,172,3.735432693960655,3.252879695398059,-0.5520279158328874,-0.0035635101683442194
17,0.1,0.1,3,27,spm_only,common,172,3.9670424803863895,3.466756475589694,-0.9247178681239946,-0.05745763890851907
17,0.1,0.1,3,27,spm_only,differential,172,2.1146955623460695,1.736020797302265,0.7453799045822145,-0.1951791039010513
17,0.1,0.1,3,27,i2em_only,HH,172,4.448877364627001,3.803547445669363,-1.3633537575362151,-0.11623070947647585
17,0.1,0.1,3,27,i2em_only,VV,172,3.7399830904986366,3.254675504996466,-0.4860819787117738,-0.006010023734106751
17,0.1,0.1,3,27,i2em_only,common,172,3.96704248038639,3.466756475589694,-0.9247178681239943,-0.05745763890851929
17,0.1,0.1,3,27,i2em_only,differential,172,2.1471521792019432,1.7685253813988027,0.8772717788244414,-0.2321481685349931
17,0.1,0.1,3,27,spm_to_i2em,HH,172,4.448298866189013,3.7979234174853085,-1.2816702011766226,-0.11594043591507375
17,0.1,0.1,3,27,spm_to_i2em,VV,172,3.7311961027246205,3.249106151478225,-0.5677655350713664,-0.0012883909704668461
17,0.1,0.1,3,27,spm_to_i2em,common,172,3.96704248038639,3.466756475589694,-0.9247178681239943,-0.05745763890851929
17,0.1,0.1,3,27,spm_to_i2em,differential,172,2.1139229302628135,1.7382485656629176,0.7139046661052564,-0.19430591435739397
17,0.1,0.1,3,27,risk_spm_to_i2em,HH,172,4.725792087839668,4.00421610852827,-2.140498747304487,-0.25951202865415723
17,0.1,0.1,3,27,risk_spm_to_i2em,VV,172,3.738036612603602,3.228145174886789,0.2910630110564947,-0.004963138409428858
17,0.1,0.1,3,27,risk_spm_to_i2em,common,172,3.967042480386391,3.466756475589695,-0.9247178681239976,-0.05745763890851974
17,0.1,0.1,3,27,risk_spm_to_i2em,differential,172,3.1084325607201517,2.691723156286485,2.431561758360982,-1.582380197138629
17,0.2,0.2,6,24,zero_source_mean,HH,152,4.455008542743735,3.6801444377395165,1.561656158338416,-0.1400921165041944
17,0.2,0.2,6,24,zero_source_mean,VV,152,5.448445647035823,4.3379436186039895,3.951015031286557,-1.1090923766708274
17,0.2,0.2,6,24,zero_source_mean,common,152,4.728584185951158,3.714102403972951,2.756335594812487,-0.5146540353626778
17,0.2,0.2,6,24,zero_source_mean,differential,152,3.102787223568034,2.670842022436954,2.389358872948141,-1.4570361371961553
17,0.2,0.2,6,24,common_offset_source_mean,HH,152,4.330101695346492,3.702189404939998,-1.1582096239451698,-0.0770579052491398
17,0.2,0.2,6,24,common_offset_source_mean,VV,152,3.9485147415923207,3.359234032828505,1.2311492490029714,-0.10768910445191615
17,0.2,0.2,6,24,common_offset_source_mean,common,152,3.842323846271025,3.355086434396089,0.036469812528900844,-9.0098644458525e-05
17,0.2,0.2,6,24,common_offset_source_mean,differential,152,3.102787223568034,2.670842022436954,2.389358872948141,-1.4570361371961553
17,0.2,0.2,6,24,common_offset_source_ridge,HH,152,4.47364332358694,3.746692751435556,-0.9837918746133787,-0.149649808693886
17,0.2,0.2,6,24,common_offset_source_ridge,VV,152,4.222413391521827,3.539510713979038,1.3248536042342052,-0.2666944183921267
17,0.2,0.2,6,24,common_offset_source_ridge,common,152,4.076791883243894,3.450391512942555,0.17053086481041335,-0.12587008188309046
17,0.2,0.2,6,24,common_offset_source_ridge,differential,152,3.0337420183694843,2.581588945827729,2.308645478847584,-1.348901733980099
17,0.2,0.2,6,24,scratch,HH,152,4.513405649451968,3.82474278797575,-1.6925134478471324,-0.1701771048813383
17,0.2,0.2,6,24,scratch,VV,152,4.13385444382058,3.448379256591567,1.7654530729049338,-0.2141174966816164
17,0.2,0.2,6,24,scratch,common,152,3.842323846271025,3.355086434396089,0.036469812528900844,-9.0098644458525e-05
17,0.2,0.2,6,24,scratch,differential,152,3.9831339520418285,3.58431199279706,3.457966520752067,-3.049089522577871
17,0.2,0.2,6,24,spm_only,HH,152,4.19156001261904,3.594933019316929,0.03493973771744061,-0.00923949451984174
17,0.2,0.2,6,24,spm_only,VV,152,3.73636127832725,3.271104412943206,0.03799988734036103,0.008145240618162464
17,0.2,0.2,6,24,spm_only,common,152,3.842323846271025,3.355086434396089,0.036469812528900844,-9.0098644458525e-05
17,0.2,0.2,6,24,spm_only,differential,152,2.001332487281533,1.6325238414399699,0.0030601496229204087,-0.022223934908155663
17,0.2,0.2,6,24,i2em_only,HH,152,4.179780119480444,3.5921629077400654,-0.09752280761706877,-0.003574764725696955
17,0.2,0.2,6,24,i2em_only,VV,152,3.750986265601597,3.27796273782122,0.17046243267487024,0.00036534364730811397
17,0.2,0.2,6,24,i2em_only,common,152,3.842323846271025,3.355086434396089,0.03646981252890089,-9.0098644458525e-05
17,0.2,0.2,6,24,i2em_only,differential,152,2.006765921920065,1.6362199615200226,0.2679852402919391,-0.027781958401355666
17,0.2,0.2,6,24,spm_to_i2em,HH,152,4.200387540242104,3.599667698455817,0.07193921587654212,-0.013494936822575188
17,0.2,0.2,6,24,spm_to_i2em,VV,152,3.72998074444609,3.2666377657251426,0.0010004091812593618,0.0115299022317219
17,0.2,0.2,6,24,spm_to_i2em,common,152,3.842323846271025,3.355086434396089,0.036469812528900844,-9.0098644458525e-05
17,0.2,0.2,6,24,spm_to_i2em,differential,152,2.0145008130620337,1.6418257477754992,-0.07093880669528273,-0.035720206029389745
17,0.2,0.2,6,24,risk_spm_to_i2em,HH,152,4.31854586725931,3.6944919379418972,-1.108562282664714,-0.07131684463241439
17,0.2,0.2,6,24,risk_spm_to_i2em,VV,152,3.932086643746222,3.3502531407349823,1.1815019077225153,-0.09849102836223556
17,0.2,0.2,6,24,risk_spm_to_i2em,common,152,3.842323846271025,3.355086434396089,0.036469812528900844,-9.0098644458525e-05
17,0.2,0.2,6,24,risk_spm_to_i2em,differential,152,3.0279493728607725,2.5893849897961996,2.290064190387229,-1.3399402830928726
18,0.05,0.06666666666666667,2,28,zero_source_mean,HH,175,4.524425931474319,3.6970941114233855,1.4771501222944503,-0.11930872140200344
18,0.05,0.06666666666666667,2,28,zero_source_mean,VV,175,5.488692518096789,4.318882110479522,3.903568212577138,-1.0235052629465788
18,0.05,0.06666666666666667,2,28,zero_source_mean,common,175,4.785344223247106,3.688130654676699,2.690359167435794,-0.46215487091872687
18,0.05,0.06666666666666667,2,28,zero_source_mean,differential,175,3.0974624768284182,2.674272024670693,2.4264180902826893,-1.5883117278094159
18,0.05,0.06666666666666667,2,28,common_offset_source_mean,HH,175,4.724250110974167,4.044574463379531,-2.007506310186018,-0.22036202778691472
18,0.05,0.06666666666666667,2,28,common_offset_source_mean,VV,175,3.8811580549460682,3.360644738418046,0.41891178009667035,-0.01178722791337461
18,0.05,0.06666666666666667,2,28,common_offset_source_mean,common,175,4.036383905232019,3.572462903075913,-0.7942972650446739,-0.04028405156443471
18,0.05,0.06666666666666667,2,28,common_offset_source_mean,differential,175,3.0974624768284182,2.674272024670693,2.4264180902826893,-1.5883117278094159
18,0.05,0.06666666666666667,2,28,common_offset_source_ridge,HH,175,4.523205838262059,3.8339141120938813,-0.7039291041761607,-0.11870511915212356
18,0.05,0.06666666666666667,2,28,common_offset_source_ridge,VV,175,4.421848651715925,3.6527981065199984,1.663601426281318,-0.31333126163423053
18,0.05,0.06666666666666667,2,28,common_offset_source_ridge,common,175,4.206880048350456,3.537184470514668,0.47983616105257887,-0.13002295829141364
18,0.05,0.06666666666666667,2,28,common_offset_source_ridge,differential,175,3.0385710692862347,2.60640619052229,2.3675305304574787,-1.490825305611874
18,0.05,0.06666666666666667,2,28,scratch,HH,175,4.991593568942247,4.231774792904436,-2.5511516720711622,-0.3623897107027574
18,0.05,0.06666666666666667,2,28,scratch,VV,175,3.9610772262377343,3.3673974905280035,0.962557141981814,-0.05388483149862333
18,0.05,0.06666666666666667,2,28,scratch,common,175,4.036383905232019,3.572462903075913,-0.7942972650446742,-0.04028405156443471
18,0.05,0.06666666666666667,2,28,scratch,differential,175,4.00533371615716,3.6216313932907687,3.5137088140529755,-3.327946515279767
18,0.05,0.06666666666666667,2,28,spm_only,HH,175,4.413692991677564,3.8000381641342185,-0.9287251282910362,-0.06519020521615038
18,0.05,0.06666666666666667,2,28,spm_only,VV,175,3.9045930962398003,3.4590549256850682,-0.659869401798312,-0.02404277707201241
18,0.05,0.06666666666666667,2,28,spm_only,common,175,4.036383905232019,3.572462903075913,-0.7942972650446739,-0.04028405156443493
18,0.05,0.06666666666666667,2,28,spm_only,differential,175,2.069658431314206,1.6766966079170558,0.2688557264927243,-0.15558481485221876
18,0.05,0.06666666666666667,2,28,i2em_only,HH,175,4.4225633131910564,3.814480426020133,-1.0631222728611358,-0.06947599226462531
18,0.05,0.06666666666666667,2,28,i2em_only,VV,175,3.903940370920119,3.4530115392462424,-0.5254722572282121,-0.02370043011638523
18,0.05,0.06666666666666667,2,28,i2em_only,common,175,4.036383905232019,3.572462903075913,-0.7942972650446736,-0.04028405156443471
18,0.05,0.06666666666666667,2,28,i2em_only,differential,175,2.1047691645647078,1.694759119968664,0.5376500156329238,-0.19512523723987063
18,0.05,0.06666666666666667,2,28,spm_to_i2em,HH,175,4.414110570455457,3.797486613645924,-0.9314955865974257,-0.06539176969570226
18,0.05,0.06666666666666667,2,28,spm_to_i2em,VV,175,3.916094314363538,3.4686236368137817,-0.6570989434919217,-0.03008442345243667
18,0.05,0.06666666666666667,2,28,spm_to_i2em,common,175,4.036383905232019,3.572462903075913,-0.7942972650446732,-0.04028405156443471
18,0.05,0.06666666666666667,2,28,spm_to_i2em,differential,175,2.114415638593729,1.6994729495422511,0.2743966431055041,-0.20610521902903578
18,0.05,0.06666666666666667,2,28,risk_spm_to_i2em,HH,175,4.707522790249303,4.031592190992302,-1.964751162833182,-0.21173536858933195
18,0.05,0.06666666666666667,2,28,risk_spm_to_i2em,VV,175,3.8767049895048684,3.362430728732956,0.37615663274383027,-0.009466801927252355
18,0.05,0.06666666666666667,2,28,risk_spm_to_i2em,common,175,4.03638390523202,3.5724629030759134,-0.794297265044677,-0.04028405156443515
18,0.05,0.06666666666666667,2,28,risk_spm_to_i2em,differential,175,3.034739638102867,2.6047468754239342,2.3409077955770123,-1.4845477437409813
18,0.1,0.1,3,27,zero_source_mean,HH,168,4.444479768792893,3.6568375994832603,1.3443959441406201,-0.10071327641764771
18,0.1,0.1,3,27,zero_source_mean,VV,168,5.39106042250922,4.228179283355866,3.795560639707549,-0.9828773264387192
18,0.1,0.1,3,27,zero_source_mean,common,168,4.684980968324108,3.6093235911333608,2.569978291924085,-0.4304403844247555
18,0.1,0.1,3,27,zero_source_mean,differential,168,3.1365074676258677,2.7093458772210997,2.4511646955669284,-1.5689396234912993
18,0.1,0.1,3,27,common_offset_source_mean,HH,168,5.099344973195596,4.304932640607992,-2.8385417374186375,-0.44897577247090426
18,0.1,0.1,3,27,common_offset_source_mean,VV,168,3.848027141536543,3.413179268444461,-0.38737704185170924,-0.010238001876535341
18,0.1,0.1,3,27,common_offset_source_mean,common,168,4.236259699925199,3.73044840338439,-1.6129593896351733,-0.1695512386316731
18,0.1,0.1,3,27,common_offset_source_mean,differential,168,3.1365074676258677,2.7093458772210997,2.4511646955669284,-1.5689396234912993
18,0.1,0.1,3,27,common_offset_source_ridge,HH,168,4.873053588394682,4.125906254248057,-2.0262300719954385,-0.323228091358404
18,0.1,0.1,3,27,common_offset_source_ridge,VV,168,4.08699056018556,3.5303218890088304,0.36376784992291555,-0.1396059740420199
18,0.1,0.1,3,27,common_offset_source_ridge,common,168,4.226051026590763,3.6823868197952914,-0.831231111036261,-0.1639211870228332
18,0.1,0.1,3,27,common_offset_source_ridge,differential,168,3.0760782030743226,2.6388267344858654,2.3899979219183534,-1.4709046704795719
18,0.1,0.1,3,27,scratch,HH,168,5.4351292148935295,4.550163638315722,-3.386536642268651,-0.6460843445595308
18,0.1,0.1,3,27,scratch,VV,168,3.8150516896393185,3.362157083122205,0.16061786299830474,0.0070021662629772274
18,0.1,0.1,3,27,scratch,common,168,4.236259699925199,3.73044840338439,-1.6129593896351733,-0.1695512386316731
18,0.1,0.1,3,27,scratch,differential,168,4.050544774913199,3.6591792325950196,3.5471545052669557,-3.2843813497306398
18,0.1,0.1,3,27,spm_only,HH,168,4.635477665839957,3.9761382661431743,-1.7729857588075884,-0.19735056489978553
18,0.1,0.1,3,27,spm_only,VV,168,4.0620632526765466,3.567929594078437,-1.4529330204627589,-0.12574703434748047
18,0.1,0.1,3,27,spm_only,common,168,4.236259699925199,3.7304484033843903,-1.6129593896351735,-0.1695512386316731
18,0.1,0.1,3,27,spm_only,differential,168,2.047544172332089,1.6881401810017937,0.3200527383448295,-0.09478239516466824
18,0.1,0.1,3,27,i2em_only,HH,168,4.659064772908514,3.9960825044970583,-1.8881622108086067,-0.20956673385874414
18,0.1,0.1,3,27,i2em_only,VV,168,4.042853217836932,3.556409425895385,-1.3377565684617398,-0.11512459784078688
18,0.1,0.1,3,27,i2em_only,common,168,4.236259699925199,3.7304484033843903,-1.6129593896351733,-0.1695512386316731
18,0.1,0.1,3,27,i2em_only,differential,168,2.078342709329154,1.717641270281581,0.5504056423468668,-0.127964860507914
18,0.1,0.1,3,27,spm_to_i2em,HH,168,4.63254288296239,3.9737395283579504,-1.747544758813721,-0.19583492753907583
18,0.1,0.1,3,27,spm_to_i2em,VV,168,4.066989187225927,3.5699955529503096,-1.478374020456626,-0.12847900487748354
18,0.1,0.1,3,27,spm_to_i2em,common,168,4.236259699925199,3.73044840338439,-1.6129593896351735,-0.1695512386316731
18,0.1,0.1,3,27,spm_to_i2em,differential,168,2.0538072553564644,1.689683641466875,0.2691707383570951,-0.10149013790955341
18,0.1,0.1,3,27,risk_spm_to_i2em,HH,168,5.076951163889767,4.288278544670269,-2.794610864276277,-0.436277341866089
18,0.1,0.1,3,27,risk_spm_to_i2em,VV,168,3.8508311507680135,3.4170049576508514,-0.4313079149940734,-0.011710833881932725
18,0.1,0.1,3,27,risk_spm_to_i2em,common,168,4.2362596999252,3.7304484033843903,-1.6129593896351762,-0.16955123863167354
18,0.1,0.1,3,27,risk_spm_to_i2em,differential,168,3.070029700776943,2.638139479980898,2.3633029492822035,-1.4611971285238967
18,0.2,0.2,6,24,zero_source_mean,HH,148,4.328008137433126,3.5352630123376123,1.4262122282476637,-0.12181897966051713
18,0.2,0.2,6,24,zero_source_mean,VV,148,5.411693326052581,4.213788606615092,3.8377164075827612,-1.011657207595798
18,0.2,0.2,6,24,zero_source_mean,common,148,4.644774796553111,3.5151497638370364,2.6319643179152123,-0.4729555266820231
18,0.2,0.2,6,24,zero_source_mean,differential,148,3.1209656427264374,2.703609766113171,2.4115041793350978,-1.4815904630751926
18,0.2,0.2,6,24,common_offset_source_mean,HH,148,4.443720660679077,3.8898898331570235,-1.7461615596679203,-0.1826061889935764
18,0.2,0.2,6,24,common_offset_source_mean,VV,148,3.873117379031741,3.380422893569722,0.6653426196671778,-0.030407331573472085
18,0.2,0.2,6,24,common_offset_source_mean,common,148,3.8650665110942377,3.487028190092085,-0.5404094700003709,-0.0199391303344314
18,0.2,0.2,6,24,common_offset_source_mean,differential,148,3.1209656427264374,2.703609766113171,2.4115041793350978,-1.4815904630751926
18,0.2,0.2,6,24,common_offset_source_ridge,HH,148,4.388657413075651,3.803828490090067,-1.1375943073822952,-0.1534798352789073
18,0.2,0.2,6,24,common_offset_source_ridge,VV,148,4.206054755820114,3.5400852570066363,1.2216366853598537,-0.21517119591006217
18,0.2,0.2,6,24,common_offset_source_ridge,common,148,4.0132069490041795,3.493567379083708,0.042021188988779525,-0.09962200361825002
18,0.2,0.2,6,24,common_offset_source_ridge,differential,148,3.0788148587500372,2.6416853205214865,2.359230992742149,-1.415011947726025
18,0.2,0.2,6,24,scratch,HH,148,4.68617042283869,4.061695015411416,-2.284888434369264,-0.31517275457415916
18,0.2,0.2,6,24,scratch,VV,148,3.992547210498522,3.387180291132278,1.204069494368522,-0.09493349812797325
18,0.2,0.2,6,24,scratch,common,148,3.8650665110942377,3.487028190092085,-0.5404094700003709,-0.0199391303344314
18,0.2,0.2,6,24,scratch,differential,148,4.0057828672016935,3.6168930395675054,3.488957928737786,-3.088151159100174
18,0.2,0.2,6,24,spm_only,HH,148,4.127238187934185,3.6404305418101943,-0.5824299425348787,-0.020153943323755197
18,0.2,0.2,6,24,spm_only,VV,148,3.849740021769906,3.462075526667294,-0.4983889974658636,-0.0180062075176719
18,0.2,0.2,6,24,spm_only,common,148,3.8650665110942377,3.487028190092085,-0.540409470000371,-0.0199391303344314
18,0.2,0.2,6,24,spm_only,differential,148,1.9885245911453269,1.6096358474028458,0.08404094506901508,-0.007428117903079512
18,0.2,0.2,6,24,i2em_only,HH,148,4.14708559692983,3.660195759714428,-0.7136688982866162,-0.02998913836456385
18,0.2,0.2,6,24,i2em_only,VV,148,3.83769301165881,3.4501432701322257,-0.3671500417141259,-0.011644872873565415
18,0.2,0.2,6,24,i2em_only,common,148,3.8650665110942377,3.487028190092085,-0.5404094700003709,-0.0199391303344314
18,0.2,0.2,6,24,i2em_only,differential,148,2.0242175424757787,1.6487253150174261,0.34651885657249026,-0.04391828463870029
18,0.2,0.2,6,24,spm_to_i2em,HH,148,4.123433398474445,3.6360982384018836,-0.5490463149411626,-0.018273905544223146
18,0.2,0.2,6,24,spm_to_i2em,VV,148,3.8534147380361743,3.465523677490337,-0.5317726250595795,-0.019950582646056425
18,0.2,0.2,6,24,spm_to_i2em,common,148,3.8650665110942377,3.487028190092085,-0.5404094700003709,-0.0199391303344314
18,0.2,0.2,6,24,spm_to_i2em,differential,148,1.9869725033852563,1.6045875041259277,0.01727368988158312,-0.00585609144787913
18,0.2,0.2,6,24,risk_spm_to_i2em,HH,148,4.425119745929528,3.8764425339930817,-1.6980728938371017,-0.17272639729163441
18,0.2,0.2,6,24,risk_spm_to_i2em,VV,148,3.8651353995897684,3.380472984365777,0.6172539538363595,-0.026164643145754285
18,0.2,0.2,6,24,risk_spm_to_i2em,common,148,3.8650665110942377,3.487028190092085,-0.5404094700003709,-0.0199391303344314
18,0.2,0.2,6,24,risk_spm_to_i2em,differential,148,3.0474507879908432,2.62568670355983,2.3153268476734614,-1.3660588266969436
19,0.05,0.06666666666666667,2,28,zero_source_mean,HH,176,4.446933696210723,3.6160368016962265,1.4500766736794175,-0.11898275420918902
19,0.05,0.06666666666666667,2,28,zero_source_mean,VV,176,5.472180782980851,4.367654181648039,3.975012863759407,-1.117130082233433
19,0.05,0.06666666666666667,2,28,zero_source_mean,common,176,4.73956106567475,3.686982712458558,2.7125447687194124,-0.4870993778098407
19,0.05,0.06666666666666667,2,28,zero_source_mean,differential,176,3.096160082941236,2.6587336447930663,2.5249361900799894,-1.9855161601537525
19,0.05,0.06666666666666667,2,28,common_offset_source_mean,HH,176,4.571178527995745,3.947221043562371,-1.7953206387339689,-0.18238374616781927
19,0.05,0.06666666666666667,2,28,common_offset_source_mean,VV,176,3.8309756077712254,3.273207759654785,0.7296155513460204,-0.037636985710557624
19,0.05,0.06666666666666667,2,28,common_offset_source_mean,common,176,3.9229417286360575,3.4526483455284196,-0.532852543693974,-0.018796536491216376
19,0.05,0.06666666666666667,2,28,common_offset_source_mean,differential,176,3.096160082941236,2.6587336447930663,2.5249361900799894,-1.9855161601537525
19,0.05,0.06666666666666667,2,28,common_offset_source_ridge,HH,176,4.838645727410327,4.121770740756504,-2.0668207826627034,-0.3247982193049179
19,0.05,0.06666666666666667,2,28,common_offset_source_ridge,VV,176,4.017486515221711,3.409294502387817,0.36814105896363836,-0.1411310569783022
19,0.05,0.06666666666666667,2,28,common_offset_source_ridge,common,176,4.18286402638592,3.621637018690963,-0.8493398618495324,-0.15827381838460242
19,0.05,0.06666666666666667,2,28,common_offset_source_ridge,differential,176,3.0199296180234567,2.564734648895136,2.434961841626342,-1.840313348274106
19,0.05,0.06666666666666667,2,28,scratch,HH,176,4.841999241253696,4.129656550100418,-2.3732223530999508,-0.3266352079900656
19,0.05,0.06666666666666667,2,28,scratch,VV,176,3.965047355183977,3.3311254403558355,1.3075172657120024,-0.11153572837492343
19,0.05,0.06666666666666667,2,28,scratch,common,176,3.9229417286360575,3.4526483455284196,-0.5328525436939742,-0.018796536491216376
19,0.05,0.06666666666666667,2,28,scratch,differential,176,4.095757211702057,3.7237002883945225,3.6807396188119537,-4.224455340283858
19,0.05,0.06666666666666667,2,28,spm_only,HH,176,4.42750452836015,3.8223716324850203,-1.3715060708757605,-0.10922618441373699
19,0.05,0.06666666666666667,2,28,spm_only,VV,176,3.8104057722090525,3.3000360555789685,0.30580098348781215,-0.026524035578223026
19,0.05,0.06666666666666667,2,28,spm_only,common,176,3.9229417286360575,3.4526483455284196,-0.532852543693974,-0.018796536491216376
19,0.05,0.06666666666666667,2,28,spm_only,differential,176,2.585747429655721,2.0185467992482597,1.6773070543635726,-1.0823072688453639
19,0.05,0.06666666666666667,2,28,i2em_only,HH,176,4.454219643856452,3.8440000396983716,-1.5332652413104098,-0.12265248675724894
19,0.05,0.06666666666666667,2,28,i2em_only,VV,176,3.883518116775824,3.340203455550396,0.46756015392246125,-0.06629492163141903
19,0.05,0.06666666666666667,2,28,i2em_only,common,176,3.9229417286360575,3.452648345528419,-0.5328525436939742,-0.018796536491216154
19,0.05,0.06666666666666667,2,28,i2em_only,differential,176,2.8784864031273902,2.2542079977090363,2.000825395232871,-1.580482846910006
19,0.05,0.06666666666666667,2,28,spm_to_i2em,HH,176,4.495362538392824,3.856208375209856,-1.5849721276122046,-0.14348778338459955
19,0.05,0.06666666666666667,2,28,spm_to_i2em,VV,176,3.9150755071617325,3.361325980509332,0.5192670402242565,-0.08369471306449672
19,0.05,0.06666666666666667,2,28,spm_to_i2em,common,176,3.9229417286360575,3.4526483455284196,-0.532852543693974,-0.018796536491216376
19,0.05,0.06666666666666667,2,28,spm_to_i2em,differential,176,3.0845281538073697,2.3946245163327453,2.104239167836461,-1.963125793926622
19,0.05,0.06666666666666667,2,28,risk_spm_to_i2em,HH,176,4.56762723119811,3.943252644091834,-1.792615758033945,-0.18054729873546393
19,0.05,0.06666666666666667,2,28,risk_spm_to_i2em,VV,176,3.8344002411718674,3.27696236405572,0.7269106706460007,-0.03949296964217863
19,0.05,0.06666666666666667,2,28,risk_spm_to_i2em,common,176,3.922941728636057,3.452648345528419,-0.532852543693971,-0.01879653649121593
19,0.05,0.06666666666666667,2,28,risk_spm_to_i2em,differential,176,3.0941558202951818,2.652513571876998,2.519526428679946,-1.9816521340045505
19,0.1,0.1,3,27,zero_source_mean,HH,170,4.448508226794578,3.589703530823615,1.5652999870615816,-0.14130892057925326
19,0.1,0.1,3,27,zero_source_mean,VV,170,5.495577375698737,4.4077324708188215,4.02701715474586,-1.159631239859562
19,0.1,0.1,3,27,zero_source_mean,common,170,4.762262861013374,3.6883409651933654,2.796158570903721,-0.5261213666627669
19,0.1,0.1,3,27,zero_source_mean,differential,170,3.043780879556308,2.600236885504877,2.461717167684279,-1.891076820155996
19,0.1,0.1,3,27,common_offset_source_mean,HH,170,4.233474474038793,3.6866274880860876,-0.7637046077993639,-0.03363761824867639
19,0.1,0.1,3,27,common_offset_source_mean,VV,170,4.107036666649238,3.3971599159992953,1.6980125598849132,-0.20617440210309712
19,0.1,0.1,3,27,common_offset_source_mean,common,170,3.883153054037597,3.3293650634128573,0.4671539760427756,-0.014685287227746535
19,0.1,0.1,3,27,common_offset_source_mean,differential,170,3.043780879556307,2.600236885504876,2.4617171676842777,-1.8910768201559933
19,0.1,0.1,3,27,common_offset_source_ridge,HH,170,4.318970130641516,3.6912238147035423,-0.4182247029310804,-0.07580811700896262
19,0.1,0.1,3,27,common_offset_source_ridge,VV,170,4.412877262961149,3.6154770251863986,1.9683445468564582,-0.3925046176593108
19,0.1,0.1,3,27,common_offset_source_ridge,common,170,4.102622073018231,3.4151020588826064,0.7750599219626891,-0.1326229848229914
19,0.1,0.1,3,27,common_offset_source_ridge,differential,170,2.987966860358481,2.5209222737834667,2.386569249787539,-1.7860211904845755
19,0.1,0.1,3,27,scratch,HH,170,4.374762387389426,3.8068960109957803,-1.3131762218788172,-0.10378212008281373
19,0.1,0.1,3,27,scratch,VV,170,4.353537543163722,3.5421057716181075,2.2474841739643647,-0.35530654357723623
19,0.1,0.1,3,27,scratch,common,170,3.883153054037597,3.3293650634128573,0.4671539760427737,-0.014685287227746535
19,0.1,0.1,3,27,scratch,differential,170,3.9834858613255313,3.6073191217365226,3.560660395843182,-3.951758122770171
19,0.1,0.1,3,27,spm_only,HH,170,4.13249236976794,3.552166176973619,-0.11109800182485392,0.015085488321693985
19,0.1,0.1,3,27,spm_only,VV,170,4.0034016600232,3.383983242075161,1.0454059539104015,-0.1460703499240954
19,0.1,0.1,3,27,spm_only,common,170,3.883153054037597,3.3293650634128573,0.46715397604277387,-0.014685287227746535
19,0.1,0.1,3,27,spm_only,differential,170,2.4277408245130774,1.793328668820109,1.1565039557352554,-0.839236196651254
19,0.1,0.1,3,27,i2em_only,HH,170,4.148662944747532,3.578324286964392,-0.3215703124400912,0.007362403439225007
19,0.1,0.1,3,27,i2em_only,VV,170,4.08496723810516,3.428447914721909,1.2558782645256388,-0.19324631749494436
19,0.1,0.1,3,27,i2em_only,common,170,3.883153054037597,3.3293650634128573,0.46715397604277387,-0.014685287227746535
19,0.1,0.1,3,27,i2em_only,differential,170,2.7351805364000104,2.0266996395256247,1.57744857696573,-1.3345590170459447
19,0.1,0.1,3,27,spm_to_i2em,HH,170,4.137638209679881,3.5538313054191053,-0.40792146194847545,0.012631101256283084
19,0.1,0.1,3,27,spm_to_i2em,VV,170,4.209352234263443,3.532993452209019,1.3422294140340232,-0.26702004093564424
19,0.1,0.1,3,27,spm_to_i2em,common,170,3.883153054037597,3.3293650634128564,0.4671539760427739,-0.014685287227746535
19,0.1,0.1,3,27,spm_to_i2em,differential,170,3.0597192368380934,2.2707514992441533,1.7501508759824989,-1.9214335774004292
19,0.1,0.1,3,27,risk_spm_to_i2em,HH,170,4.225952547134946,3.679918235205034,-0.7560594525447113,-0.029967800704666425
19,0.1,0.1,3,27,risk_spm_to_i2em,VV,170,4.110961371267781,3.4024963255153886,1.690367404630261,-0.2084807560462858
19,0.1,0.1,3,27,risk_spm_to_i2em,common,170,3.883153054037597,3.3293650634128573,0.46715397604277553,-0.014685287227746535
19,0.1,0.1,3,27,risk_spm_to_i2em,differential,170,3.033454481125163,2.584838265700521,2.4464268571749725,-1.8714934336041544
19,0.2,0.2,6,24,zero_source_mean,HH,151,4.538607927260452,3.6728304009904607,1.5476782789783403,-0.1315839156994285
19,0.2,0.2,6,24,zero_source_mean,VV,151,5.510775348638813,4.383557354735575,3.954937462468003,-1.062090622979822
19,0.2,0.2,6,24,zero_source_mean,common,151,4.8171275736091905,3.731928241905967,2.7513078707231715,-0.4841499094697559
19,0.2,0.2,6,24,zero_source_mean,differential,151,3.01932798473591,2.5632085346784153,2.407259183489663,-1.744691631148073
19,0.2,0.2,6,24,common_offset_source_mean,HH,151,4.430259935012942,3.8629309972694523,-1.1931258230424895,-0.07820129081717875
19,0.2,0.2,6,24,common_offset_source_mean,VV,151,4.025075704639993,3.3952359356608928,1.2141333604471731,-0.10009563012678968
19,0.2,0.2,6,24,common_offset_source_mean,common,151,3.9541286511796314,3.453933923335432,0.01050376870234201,-7.056539444771914e-06
19,0.2,0.2,6,24,common_offset_source_mean,differential,151,3.01932798473591,2.5632085346784153,2.407259183489663,-1.744691631148073
19,0.2,0.2,6,24,common_offset_source_ridge,HH,151,4.458721095996222,3.8400041462365886,-0.6850676472982483,-0.09209908968857028
19,0.2,0.2,6,24,common_offset_source_ridge,VV,151,4.350476438914486,3.6085935850572914,1.6673867532396374,-0.28515637620170353
19,0.2,0.2,6,24,common_offset_source_ridge,common,151,4.14716874198395,3.5078683586826864,0.49115955297069475,-0.10003090545321758
19,0.2,0.2,6,24,common_offset_source_ridge,differential,151,2.969451770429803,2.5023263775942413,2.3524544005378853,-1.6547615888870486
19,0.2,0.2,6,24,scratch,HH,151,4.6147360947870775,4.003942198807664,-1.731370484675706,-0.1698634453155885
19,0.2,0.2,6,24,scratch,VV,151,4.2066162237976465,3.4891028667659945,1.7523780220803902,-0.20156734849752955
19,0.2,0.2,6,24,scratch,common,151,3.9541286511796314,3.453933923335432,0.01050376870234201,-7.056539444771914e-06
19,0.2,0.2,6,24,scratch,differential,151,3.9296672883817894,3.5377772624784125,3.4837485067560974,-3.64926752621517
19,0.2,0.2,6,24,spm_only,HH,151,4.282098059883524,3.684909515694609,-0.023027003904698397,-0.007290290910440644
19,0.2,0.2,6,24,spm_only,VV,151,3.8244778151755385,3.317110746072506,0.04403454130938204,0.0068230644641398275
19,0.2,0.2,6,24,spm_only,common,151,3.954128651179632,3.453933923335432,0.010503768702341869,-7.056539444993959e-06
19,0.2,0.2,6,24,spm_only,differential,151,1.8399606371163464,1.4951775242512342,0.06706154521408038,-0.019271867801182507
19,0.2,0.2,6,24,i2em_only,HH,151,4.277539152578674,3.693790418193901,-0.15710126673475222,-0.005146622781491139
19,0.2,0.2,6,24,i2em_only,VV,151,3.8340605972296853,3.316373318136209,0.17810880413943625,0.0018397322638245006
19,0.2,0.2,6,24,i2em_only,common,151,3.954128651179631,3.453933923335432,0.010503768702342268,-7.056539444771914e-06
19,0.2,0.2,6,24,i2em_only,differential,151,1.8585451756217413,1.504032981537422,0.3352100708741884,-0.03996618302761146
19,0.2,0.2,6,24,spm_to_i2em,HH,151,4.283115188492205,3.682778384164709,0.013116145649852771,-0.007768871941498334
19,0.2,0.2,6,24,spm_to_i2em,VV,151,3.8232466443767463,3.318036962633526,0.007891391754831058,0.007462405929214655
19,0.2,0.2,6,24,spm_to_i2em,common,151,3.954128651179632,3.453933923335432,0.01050376870234201,-7.056539444993959e-06
19,0.2,0.2,6,24,spm_to_i2em,differential,151,1.8395781263492796,1.4965912246905717,-0.005224753895021618,-0.01884811749950499
19,0.2,0.2,6,24,risk_spm_to_i2em,HH,151,4.418061475125309,3.8525681176935214,-1.1443949818710493,-0.07227193758888162
19,0.2,0.2,6,24,risk_spm_to_i2em,VV,151,4.010020385906646,3.386741848841732,1.1654025192757362,-0.09188146626031113
19,0.2,0.2,6,24,risk_spm_to_i2em,common,151,3.954128651179632,3.453933923335432,0.010503768702344221,-7.056539444993959e-06
19,0.2,0.2,6,24,risk_spm_to_i2em,differential,151,2.942537650808906,2.48047770450546,2.3097975011467855,-1.606855931947738
20,0.05,0.06666666666666667,2,28,zero_source_mean,HH,176,4.540292089034264,3.6869831991260695,1.6061090397765314,-0.14303487776153223
20,0.05,0.06666666666666667,2,28,zero_source_mean,VV,176,5.524392931212352,4.3681208766558255,3.993609804771454,-1.0946411446632545
20,0.05,0.06666666666666667,2,28,zero_source_mean,common,176,4.816504923809108,3.713615043918205,2.7998594222739928,-0.5103818004887575
20,0.05,0.06666666666666667,2,28,zero_source_mean,differential,176,3.0775737684160753,2.6339464383920874,2.3875007649949236,-1.511457402623365
20,0.05,0.06666666666666667,2,28,common_offset_source_mean,HH,176,4.271262291685196,3.6760996145427045,-0.4571821937440683,-0.011589655067967275
20,0.05,0.06666666666666667,2,28,common_offset_source_mean,VV,176,4.277397312873595,3.507370416631032,1.9303185712508553,-0.25573989716283174
20,0.05,0.06666666666666667,2,28,common_offset_source_mean,common,176,3.9877361489025804,3.378979479062856,0.7365681887533936,-0.035322273061007436
20,0.05,0.06666666666666667,2,28,common_offset_source_mean,differential,176,3.0775737684160753,2.6339464383920874,2.3875007649949236,-1.511457402623365
20,0.05,0.06666666666666667,2,28,common_offset_source_ridge,HH,176,4.421358647188535,3.728955977673085,-0.22828293177746495,-0.08393536539362523
20,0.05,0.06666666666666667,2,28,common_offset_source_ridge,VV,176,4.541709442150524,3.6811734261550155,2.077209474277289,-0.4157259786320817
20,0.05,0.06666666666666667,2,28,common_offset_source_ridge,common,176,4.222355919848339,3.478394354575249,0.9244632712499119,-0.1607331950120705
20,0.05,0.06666666666666667,2,28,common_offset_source_ridge,differential,176,3.006312663789794,2.5442002813680484,2.3054924060547535,-1.3964985232133045
20,0.05,0.06666666666666667,2,28,scratch,HH,176,4.37006944007686,3.77102625014291,-0.9824164821506612,-0.05893321809448726
20,0.05,0.06666666666666667,2,28,scratch,VV,176,4.52711011492654,3.63629562233826,2.4555528596574514,-0.40663890364556976
20,0.05,0.06666666666666667,2,28,scratch,common,176,3.9877361489025804,3.378979479062856,0.7365681887533952,-0.035322273061007436
20,0.05,0.06666666666666667,2,28,scratch,differential,176,3.9466830927337195,3.5482893764583476,3.4379693418081128,-3.130221884756363
20,0.05,0.06666666666666667,2,28,spm_only,HH,176,4.347092534051926,3.6287977608273665,0.8680659211080184,-0.04782719531502533
20,0.05,0.06666666666666667,2,28,spm_only,VV,176,3.853826663963381,3.3337765170552087,0.605070456398772,-0.019353603925703844
20,0.05,0.06666666666666667,2,28,spm_only,common,176,3.9877361489025804,3.378979479062856,0.7365681887533954,-0.035322273061007436
20,0.05,0.06666666666666667,2,28,spm_only,differential,176,1.9723662281413907,1.6120772309999496,-0.2629954647092467,-0.03153504844373756
20,0.05,0.06666666666666667,2,28,i2em_only,HH,176,4.3082178993665075,3.618635421493197,0.6918222811491078,-0.029170235930564337
20,0.05,0.06666666666666667,2,28,i2em_only,VV,176,3.8911475568931255,3.3451773319682747,0.7813140963576827,-0.03919227198349362
20,0.05,0.06666666666666667,2,28,i2em_only,common,176,3.9877361489025804,3.378979479062856,0.7365681887533956,-0.035322273061007436
20,0.05,0.06666666666666667,2,28,i2em_only,differential,176,1.9481743204387705,1.6001946442014598,0.08949181520857476,-0.006385804123061112
20,0.05,0.06666666666666667,2,28,spm_to_i2em,HH,176,4.365092960670275,3.635530584752074,0.9221200673284173,-0.05652284044813616
20,0.05,0.06666666666666667,2,28,spm_to_i2em,VV,176,3.839907761875855,3.328833534876877,0.5510163101783733,-0.012003682788716663
20,0.05,0.06666666666666667,2,28,spm_to_i2em,common,176,3.987736148902581,3.3789794790628562,0.7365681887533956,-0.035322273061007436
20,0.05,0.06666666666666667,2,28,spm_to_i2em,differential,176,1.9974228337930107,1.6323922843037453,-0.3711037571500443,-0.057910417300348405
20,0.05,0.06666666666666667,2,28,risk_spm_to_i2em,HH,176,4.2667666825432775,3.6703098374229173,-0.40098117723679555,-0.009461329481148528
20,0.05,0.06666666666666667,2,28,risk_spm_to_i2em,VV,176,4.251400053037071,3.494569980321828,1.8741175547435864,-0.2405219567463106
20,0.05,0.06666666666666667,2,28,risk_spm_to_i2em,common,176,3.9877361489025804,3.378979479062856,0.7365681887533957,-0.035322273061007436
20,0.05,0.06666666666666667,2,28,risk_spm_to_i2em,differential,176,2.991862679902342,2.5413961919862484,2.2750987319803815,-1.373516122465007
20,0.1,0.1,3,27,zero_source_mean,HH,170,4.470239347157415,3.639005020394394,1.4846882436560493,-0.12398511376492682
20,0.1,0.1,3,27,zero_source_mean,VV,170,5.502032996205444,4.37650180262652,4.009802458702219,-1.1327803412907809
20,0.1,0.1,3,27,zero_source_mean,common,170,4.7658985479078995,3.6932511712343183,2.747245351179134,-0.4976356366987331
20,0.1,0.1,3,27,zero_source_mean,differential,170,3.1073554590057944,2.6636339328667678,2.52511421504617,-1.944286341451877
20,0.1,0.1,3,27,common_offset_source_mean,HH,170,4.407058487712632,3.8310087327193294,-1.2819609487406727,-0.09243758640566346
20,0.1,0.1,3,27,common_offset_source_mean,VV,170,3.9672763172036705,3.3577909592215187,1.2431532663054976,-0.10888024731359969
20,0.1,0.1,3,27,common_offset_source_mean,common,170,3.8944586861885258,3.410655154749892,-0.019403841217587325,-2.4825156981878038e-05
20,0.1,0.1,3,27,common_offset_source_mean,differential,170,3.1073554590057944,2.6636339328667678,2.52511421504617,-1.944286341451877
20,0.1,0.1,3,27,common_offset_source_ridge,HH,170,4.574360983083047,3.9180407564920388,-1.338031592217431,-0.17695504013631957
20,0.1,0.1,3,27,common_offset_source_ridge,VV,170,4.147387166073812,3.485753776991146,1.0990026211107633,-0.21185011038502655
20,0.1,0.1,3,27,common_offset_source_ridge,common,170,4.0937849243595315,3.526875483432421,-0.1195144855533338,-0.10501105750213835
20,0.1,0.1,3,27,common_offset_source_ridge,differential,170,3.0356049463128514,2.5713872373241227,2.4370342133281953,-1.8098858377007119
20,0.1,0.1,3,27,scratch,HH,170,4.614179161216662,3.988187208700315,-1.8448913574344248,-0.19753416526456058
20,0.1,0.1,3,27,scratch,VV,170,4.164865137645653,3.4396751787695106,1.8060836749992497,-0.22208562053999747
20,0.1,0.1,3,27,scratch,common,170,3.8944586861885258,3.410655154749892,-0.019403841217587325,-2.4825156981878038e-05
20,0.1,0.1,3,27,scratch,differential,170,4.075078902235817,3.6963394701631174,3.6509750324336743,-4.063726210075883
20,0.1,0.1,3,27,spm_only,HH,170,4.251107627433607,3.6798054031859504,-0.4426660358131341,-0.016490224247960317
20,0.1,0.1,3,27,spm_only,VV,170,3.779317664026119,3.2862687757457674,0.403858353377959,-0.006297844749835413
20,0.1,0.1,3,27,spm_only,common,170,3.8944586861885258,3.410655154749892,-0.019403841217587387,-2.4825156981878038e-05
20,0.1,0.1,3,27,spm_only,differential,170,2.0107417282115123,1.644750854206094,0.846524389191093,-0.2328514586428625
20,0.1,0.1,3,27,i2em_only,HH,170,4.251472161167986,3.6852141099467737,-0.50134668048144,-0.016664560396113748
20,0.1,0.1,3,27,i2em_only,VV,170,3.7915503787024485,3.29099228995918,0.46253899804626514,-0.012822660773527117
20,0.1,0.1,3,27,i2em_only,common,170,3.8944586861885258,3.410655154749892,-0.01940384121758724,-2.4825156981878038e-05
20,0.1,0.1,3,27,i2em_only,differential,170,2.0577914833950284,1.6761438787697323,0.9638856785277051,-0.29122195753985913
20,0.1,0.1,3,27,spm_to_i2em,HH,170,4.255650073924458,3.6810302827632873,-0.4270334655588706,-0.0186636904372397
20,0.1,0.1,3,27,spm_to_i2em,VV,170,3.772616084078454,3.2823715530956488,0.38822578312369566,-0.0027322242157616916
20,0.1,0.1,3,27,spm_to_i2em,common,170,3.8944586861885258,3.410655154749892,-0.019403841217587283,-2.4825156981878038e-05
20,0.1,0.1,3,27,spm_to_i2em,differential,170,2.0047806626572293,1.639904720883949,0.8152592486825663,-0.22555244590573853
20,0.1,0.1,3,27,risk_spm_to_i2em,HH,170,4.39820348500521,3.8234054922631517,-1.2477756429177038,-0.08805197663798103
20,0.1,0.1,3,27,risk_spm_to_i2em,VV,170,3.9558609389725934,3.351900588473605,1.2089679604825292,-0.10250807908168369
20,0.1,0.1,3,27,risk_spm_to_i2em,common,170,3.8944586861885258,3.410655154749892,-0.019403841217587325,-2.4825156981878038e-05
20,0.1,0.1,3,27,risk_spm_to_i2em,differential,170,3.052675137364795,2.6043062326036117,2.4567436034002332,-1.8415764898898797
20,0.2,0.2,6,24,zero_source_mean,HH,149,4.40800856626705,3.6367699305902113,1.2515759064073364,-0.0876866166677881
20,0.2,0.2,6,24,zero_source_mean,VV,149,5.442659631528117,4.349912971356566,3.9592971508765635,-1.1240112401728748
20,0.2,0.2,6,24,zero_source_mean,common,149,4.69089504732167,3.678756172665321,2.6054365286419503,-0.4461232708849663
20,0.2,0.2,6,24,zero_source_mean,differential,149,3.1761897597516167,2.7601059557167194,2.707721244469228,-2.6598760637962338
20,0.2,0.2,6,24,common_offset_source_mean,HH,149,4.690169614437836,4.047428696259114,-2.033124133301166,-0.2313911348978075
20,0.2,0.2,6,24,common_offset_source_mean,VV,149,3.7949428451720846,3.2472499095035854,0.674597111168062,-0.03263047633376126
20,0.2,0.2,6,24,common_offset_source_mean,common,149,3.959494381568387,3.485350716637993,-0.6792635110665518,-0.03032288043536102
20,0.2,0.2,6,24,common_offset_source_mean,differential,149,3.1761897597516167,2.7601059557167194,2.707721244469228,-2.6598760637962338
20,0.2,0.2,6,24,common_offset_source_ridge,HH,149,4.795280388303682,4.10851670036338,-1.9397159152945098,-0.28720268670146476
20,0.2,0.2,6,24,common_offset_source_ridge,VV,149,4.060696708645174,3.427158037717343,0.6863489931092728,-0.18232144354348723
20,0.2,0.2,6,24,common_offset_source_ridge,common,149,4.161246282399625,3.6004048753899216,-0.6266834610926183,-0.1379959660505563
20,0.2,0.2,6,24,common_offset_source_ridge,differential,149,3.1151341918069155,2.669316448923059,2.626064908403782,-2.520521620630476
20,0.2,0.2,6,24,scratch,HH,149,4.976658766646748,4.2409312935599734,-2.6045180546022118,-0.3864194817247828
20,0.2,0.2,6,24,scratch,VV,149,3.921724417391961,3.30429749144834,1.2459910324691077,-0.10277929581291634
20,0.2,0.2,6,24,scratch,common,149,3.9594943815683865,3.4853507166379933,-0.6792635110665517,-0.0303228804353608
20,0.2,0.2,6,24,scratch,differential,149,4.193295451137926,3.8540572782048614,3.8505090870713197,-5.379173621334598
20,0.2,0.2,6,24,spm_only,HH,149,4.437072086187334,3.8684933724623183,-1.2981511067930827,-0.10207688637145562
20,0.2,0.2,6,24,spm_only,VV,149,3.7211509875007533,3.23714653956112,-0.060375915340021326,0.007137646938727649
20,0.2,0.2,6,24,spm_only,common,149,3.9594943815683865,3.4853507166379933,-0.6792635110665519,-0.0303228804353608
20,0.2,0.2,6,24,spm_only,differential,149,2.087765242769129,1.6913063578547176,1.2377751914530613,-0.5813092914736488
20,0.2,0.2,6,24,i2em_only,HH,149,4.441810195879897,3.8736991970770016,-1.3429083830002042,-0.1044318398606856
20,0.2,0.2,6,24,i2em_only,VV,149,3.7293500950927974,3.2414387293367035,-0.015618639132899093,0.002757521712248079
20,0.2,0.2,6,24,i2em_only,common,149,3.9594943815683865,3.485350716637993,-0.6792635110665515,-0.0303228804353608
20,0.2,0.2,6,24,i2em_only,differential,149,2.1366040497237755,1.723513363354188,1.3272897438673055,-0.656157329340805
20,0.2,0.2,6,24,spm_to_i2em,HH,149,4.443156213384013,3.8716598001033393,-1.2923485973336344,-0.10510130107829307
20,0.2,0.2,6,24,spm_to_i2em,VV,149,3.714638275510539,3.2323530046236617,-0.06617842479946957,0.01060999622991965
20,0.2,0.2,6,24,spm_to_i2em,common,149,3.9594943815683865,3.485350716637993,-0.6792635110665518,-0.0303228804353608
20,0.2,0.2,6,24,spm_to_i2em,differential,149,2.0904464303481363,1.692242733980198,1.2261701725341647,-0.5853734546197327
20,0.2,0.2,6,24,risk_spm_to_i2em,HH,149,4.6786735174570815,4.039497047411551,-2.0036527174571455,-0.225361995691435
20,0.2,0.2,6,24,risk_spm_to_i2em,VV,149,3.7886640221642205,3.2450312271508985,0.6451256953240375,-0.029216279842978254
20,0.2,0.2,6,24,risk_spm_to_i2em,common,149,3.959494381568388,3.4853507166379933,-0.6792635110665551,-0.030322880435361466
20,0.2,0.2,6,24,risk_spm_to_i2em,differential,149,3.1269056399106585,2.705166744653138,2.648778412781182,-2.547178537918342
