repeat,scenario,noise_db,size,method,rmse_db,centered_rmse_db,common_skill,differential_skill
1,none,0.0,8,unadapted,0.0,7.105427357601002e-15,1.0,1.0
1,none,0.0,8,offset_calibrated,0.0,7.105427357601002e-15,1.0,1.0
1,none,0.0,8,adaptation_mean,3.0851978608706596,3.0308074461236227,7.771561172376096e-16,4.440892098500626e-16
1,none,0.0,8,oracle_reference,0.0,0.0,1.0,1.0
1,none,0.0,16,unadapted,0.0,7.105427357601002e-15,1.0,1.0
1,none,0.0,16,offset_calibrated,0.0,7.105427357601002e-15,1.0,1.0
1,none,0.0,16,adaptation_mean,3.034109007570843,3.030807446123623,2.220446049250313e-16,3.3306690738754696e-16
1,none,0.0,16,oracle_reference,0.0,0.0,1.0,1.0
1,none,0.0,32,unadapted,0.0,7.105427357601002e-15,1.0,1.0
1,none,0.0,32,offset_calibrated,0.0,7.105427357601002e-15,1.0,1.0
1,none,0.0,32,adaptation_mean,3.032984147851147,3.0308074461236227,2.220446049250313e-16,1.1102230246251565e-16
1,none,0.0,32,oracle_reference,0.0,0.0,1.0,1.0
1,none,0.0,64,unadapted,0.0,7.105427357601002e-15,1.0,1.0
1,none,0.0,64,offset_calibrated,0.0,7.105427357601002e-15,1.0,1.0
1,none,0.0,64,adaptation_mean,3.0382626914862065,3.030807446123623,2.220446049250313e-16,5.551115123125783e-16
1,none,0.0,64,oracle_reference,0.0,0.0,1.0,1.0
1,none,0.1,8,unadapted,0.0997605805903262,0.09974525038251301,0.9995386595817985,0.9408640626300007
1,none,0.1,8,offset_calibrated,0.10089575849931853,0.09974525038251301,0.9995386595817985,0.9408640626300006
1,none,0.1,8,adaptation_mean,3.0937436648652925,3.042334145129894,0.0,3.3306690738754696e-16
1,none,0.1,8,oracle_reference,0.0997605805903262,0.09974525038251304,0.9995386595817985,0.9408640626300007
1,none,0.1,16,unadapted,0.0997605805903262,0.09974525038251301,0.9995386595817985,0.9408640626300007
1,none,0.1,16,offset_calibrated,0.1024109084093462,0.09974525038251301,0.9995386595817985,0.9408640626300007
1,none,0.1,16,adaptation_mean,3.046682444533766,3.042334145129894,-4.440892098500626e-16,4.440892098500626e-16
1,none,0.1,16,oracle_reference,0.0997605805903262,0.09974525038251304,0.9995386595817985,0.9408640626300007
1,none,0.1,32,unadapted,0.0997605805903262,0.09974525038251301,0.9995386595817985,0.9408640626300007
1,none,0.1,32,offset_calibrated,0.1018886043505132,0.09974525038251306,0.9995386595817985,0.9408640626300006
1,none,0.1,32,adaptation_mean,3.045357487751307,3.042334145129894,-4.440892098500626e-16,-2.220446049250313e-16
1,none,0.1,32,oracle_reference,0.0997605805903262,0.09974525038251304,0.9995386595817985,0.9408640626300007
1,none,0.1,64,unadapted,0.0997605805903262,0.09974525038251301,0.9995386595817985,0.9408640626300007
1,none,0.1,64,offset_calibrated,0.10183805272149068,0.09974525038251303,0.9995386595817985,0.9408640626300007
1,none,0.1,64,adaptation_mean,3.051136341508404,3.042334145129894,-6.661338147750939e-16,0.0
1,none,0.1,64,oracle_reference,0.0997605805903262,0.09974525038251304,0.9995386595817985,0.9408640626300007
1,none,0.5,8,unadapted,0.4988029029516311,0.49872625191256525,0.988883827616859,0.38327722606647063
1,none,0.5,8,offset_calibrated,0.504478792496593,0.49872625191256525,0.988883827616859,0.3832772260664702
1,none,0.5,8,adaptation_mean,3.160095144165071,3.120079924440074,1.4432899320127035e-15,4.440892098500626e-16
1,none,0.5,8,oracle_reference,0.4988029029516311,0.49872625191256537,0.988883827616859,0.38327722606647063
1,none,0.5,16,unadapted,0.4988029029516311,0.49872625191256525,0.988883827616859,0.38327722606647063
1,none,0.5,16,offset_calibrated,0.5120545420467308,0.49872625191256525,0.988883827616859,0.3832772260664705
1,none,0.5,16,adaptation_mean,3.130158889316972,3.1200799244400734,3.3306690738754696e-16,0.0
1,none,0.5,16,oracle_reference,0.4988029029516311,0.49872625191256537,0.988883827616859,0.38327722606647063
1,none,0.5,32,unadapted,0.4988029029516311,0.49872625191256525,0.988883827616859,0.38327722606647063
1,none,0.5,32,offset_calibrated,0.5094430217525658,0.4987262519125655,0.988883827616859,0.38327722606646963
1,none,0.5,32,adaptation_mean,3.12777759954266,3.1200799244400734,5.551115123125783e-16,-4.440892098500626e-16
1,none,0.5,32,oracle_reference,0.4988029029516311,0.49872625191256537,0.988883827616859,0.38327722606647063
1,none,0.5,64,unadapted,0.4988029029516311,0.49872625191256525,0.988883827616859,0.38327722606647063
1,none,0.5,64,offset_calibrated,0.5091902636074546,0.49872625191256525,0.988883827616859,0.3832772260664702
1,none,0.5,64,adaptation_mean,3.135393701137346,3.120079924440073,1.1102230246251565e-15,-4.440892098500626e-16
1,none,0.5,64,oracle_reference,0.4988029029516311,0.49872625191256537,0.988883827616859,0.38327722606647063
1,offset,0.0,8,unadapted,1.5,7.129549699527932e-15,1.0,1.0
1,offset,0.0,8,offset_calibrated,0.0,7.105427357601002e-15,1.0,1.0
1,offset,0.0,8,adaptation_mean,3.085197860870659,3.0308074461236227,2.220446049250313e-16,3.3306690738754696e-16
1,offset,0.0,8,oracle_reference,0.0,7.105427357601002e-15,1.0,1.0
1,offset,0.0,16,unadapted,1.5,7.129549699527932e-15,1.0,1.0
1,offset,0.0,16,offset_calibrated,0.0,7.105427357601002e-15,1.0,1.0
1,offset,0.0,16,adaptation_mean,3.034109007570843,3.0308074461236227,-6.661338147750939e-16,3.3306690738754696e-16
1,offset,0.0,16,oracle_reference,0.0,7.105427357601002e-15,1.0,1.0
1,offset,0.0,32,unadapted,1.5,7.129549699527932e-15,1.0,1.0
1,offset,0.0,32,offset_calibrated,0.0,7.105427357601002e-15,1.0,1.0
1,offset,0.0,32,adaptation_mean,3.032984147851147,3.0308074461236227,0.0,1.1102230246251565e-16
1,offset,0.0,32,oracle_reference,0.0,7.105427357601002e-15,1.0,1.0
1,offset,0.0,64,unadapted,1.5,7.129549699527932e-15,1.0,1.0
1,offset,0.0,64,offset_calibrated,0.0,7.105427357601002e-15,1.0,1.0
1,offset,0.0,64,adaptation_mean,3.0382626914862065,3.030807446123623,-2.220446049250313e-16,1.1102230246251565e-16
1,offset,0.0,64,oracle_reference,0.0,7.105427357601002e-15,1.0,1.0
1,offset,0.1,8,unadapted,1.501968013298379,0.09974525038251299,0.9995386595817985,0.9408640626300007
1,offset,0.1,8,offset_calibrated,0.10089575849931853,0.09974525038251301,0.9995386595817985,0.9408640626300007
1,offset,0.1,8,adaptation_mean,3.0937436648652925,3.042334145129894,2.220446049250313e-16,3.3306690738754696e-16
1,offset,0.1,8,oracle_reference,0.09976058059032619,0.099745250382513,0.9995386595817985,0.9408640626300007
1,offset,0.1,16,unadapted,1.501968013298379,0.09974525038251299,0.9995386595817985,0.9408640626300007
1,offset,0.1,16,offset_calibrated,0.10241090840934619,0.099745250382513,0.9995386595817985,0.9408640626300007
1,offset,0.1,16,adaptation_mean,3.0466824445337655,3.0423341451298938,2.220446049250313e-16,1.1102230246251565e-16
1,offset,0.1,16,oracle_reference,0.09976058059032619,0.099745250382513,0.9995386595817985,0.9408640626300007
1,offset,0.1,32,unadapted,1.501968013298379,0.09974525038251299,0.9995386595817985,0.9408640626300007
1,offset,0.1,32,offset_calibrated,0.10188860435051317,0.099745250382513,0.9995386595817985,0.9408640626300006
1,offset,0.1,32,adaptation_mean,3.045357487751307,3.042334145129894,0.0,1.1102230246251565e-16
1,offset,0.1,32,oracle_reference,0.09976058059032619,0.099745250382513,0.9995386595817985,0.9408640626300007
1,offset,0.1,64,unadapted,1.501968013298379,0.09974525038251299,0.9995386595817985,0.9408640626300007
1,offset,0.1,64,offset_calibrated,0.1018380527214911,0.09974525038251296,0.9995386595817985,0.9408640626300007
1,offset,0.1,64,adaptation_mean,3.051136341508404,3.042334145129894,-4.440892098500626e-16,1.1102230246251565e-16
1,offset,0.1,64,oracle_reference,0.09976058059032619,0.099745250382513,0.9995386595817985,0.9408640626300007
1,offset,0.5,8,unadapted,1.5808023768961799,0.49872625191256537,0.988883827616859,0.3832772260664705
1,offset,0.5,8,offset_calibrated,0.504478792496593,0.49872625191256537,0.988883827616859,0.3832772260664702
1,offset,0.5,8,adaptation_mean,3.1600951441650715,3.1200799244400725,3.3306690738754696e-16,5.551115123125783e-16
1,offset,0.5,8,oracle_reference,0.4988029029516312,0.49872625191256537,0.988883827616859,0.3832772260664705
1,offset,0.5,16,unadapted,1.5808023768961799,0.49872625191256537,0.988883827616859,0.3832772260664705
1,offset,0.5,16,offset_calibrated,0.5120545420467308,0.4987262519125653,0.988883827616859,0.3832772260664704
1,offset,0.5,16,adaptation_mean,3.1301588893169727,3.1200799244400734,8.881784197001252e-16,1.1102230246251565e-16
1,offset,0.5,16,oracle_reference,0.4988029029516312,0.49872625191256537,0.988883827616859,0.3832772260664705
1,offset,0.5,32,unadapted,1.5808023768961799,0.49872625191256537,0.988883827616859,0.3832772260664705
1,offset,0.5,32,offset_calibrated,0.5094430217525654,0.49872625191256537,0.988883827616859,0.3832772260664702
1,offset,0.5,32,adaptation_mean,3.1277775995426595,3.1200799244400734,1.1102230246251565e-15,-2.220446049250313e-16
1,offset,0.5,32,oracle_reference,0.4988029029516312,0.49872625191256537,0.988883827616859,0.3832772260664705
1,offset,0.5,64,unadapted,1.5808023768961799,0.49872625191256537,0.988883827616859,0.3832772260664705
1,offset,0.5,64,offset_calibrated,0.5091902636074546,0.49872625191256537,0.988883827616859,0.3832772260664703
1,offset,0.5,64,adaptation_mean,3.135393701137346,3.120079924440073,7.771561172376096e-16,-2.220446049250313e-16
1,offset,0.5,64,oracle_reference,0.4988029029516312,0.49872625191256537,0.988883827616859,0.3832772260664705
1,gain,0.0,8,unadapted,1.0595820052507252,1.05872391811732,0.9970251284582007,0.011934052260122785
1,gain,0.0,8,offset_calibrated,1.077285386222811,1.0587239181173203,0.9970251284582007,0.01193405226012223
1,gain,0.0,8,adaptation_mean,3.2217206983407505,3.1679370022481654,5.551115123125783e-16,4.440892098500626e-16
1,gain,0.0,8,oracle_reference,0.0,5.329070518200751e-15,1.0,1.0
1,gain,0.0,16,unadapted,1.0595820052507252,1.05872391811732,0.9970251284582007,0.011934052260122785
1,gain,0.0,16,offset_calibrated,1.0599636822681655,1.0587239181173203,0.9970251284582007,0.011934052260122452
1,gain,0.0,16,adaptation_mean,3.171993165277975,3.167937002248166,-2.220446049250313e-16,5.551115123125783e-16
1,gain,0.0,16,oracle_reference,0.0,5.329070518200751e-15,1.0,1.0
1,gain,0.0,32,unadapted,1.0595820052507252,1.05872391811732,0.9970251284582007,0.011934052260122785
1,gain,0.0,32,offset_calibrated,1.0595581702657355,1.0587239181173198,0.9970251284582007,0.011934052260123007
1,gain,0.0,32,adaptation_mean,3.170729384868544,3.1679370022481663,0.0,5.551115123125783e-16
1,gain,0.0,32,oracle_reference,0.0,5.329070518200751e-15,1.0,1.0
1,gain,0.0,64,unadapted,1.0595820052507252,1.05872391811732,0.9970251284582007,0.011934052260122785
1,gain,0.0,64,offset_calibrated,1.0616449024311265,1.0587239181173203,0.9970251284582007,0.01193405226012223
1,gain,0.0,64,adaptation_mean,3.177946548937193,3.1679370022481663,-6.661338147750939e-16,4.440892098500626e-16
1,gain,0.0,64,oracle_reference,0.0,5.329070518200751e-15,1.0,1.0
1,gain,0.1,8,unadapted,1.0637894084572392,1.0629520599157507,0.9963309921685141,0.01141857798972945
1,gain,0.1,8,offset_calibrated,1.0817756202556525,1.062952059915751,0.9963309921685141,0.011418577989728673
1,gain,0.1,8,adaptation_mean,3.230361499269814,3.1795585721565454,0.0,0.0
1,gain,0.1,8,oracle_reference,0.09976058059032622,0.09974525038251307,0.999578031956392,0.994923238950612
1,gain,0.1,16,unadapted,1.0637894084572392,1.0629520599157507,0.9963309921685141,0.01141857798972945
1,gain,0.1,16,offset_calibrated,1.0645427017626634,1.062952059915751,0.9963309921685141,0.011418577989728784
1,gain,0.1,16,adaptation_mean,3.1846783815215023,3.1795585721565462,-2.220446049250313e-16,0.0
1,gain,0.1,16,oracle_reference,0.09976058059032622,0.09974525038251307,0.999578031956392,0.994923238950612
1,gain,0.1,32,unadapted,1.0637894084572392,1.0629520599157507,0.9963309921685141,0.01141857798972945
1,gain,0.1,32,offset_calibrated,1.0645866569145488,1.0629520599157503,0.9963309921685141,0.011418577989730228
1,gain,0.1,32,adaptation_mean,3.1831805689946107,3.179558572156546,5.551115123125783e-16,2.220446049250313e-16
1,gain,0.1,32,oracle_reference,0.09976058059032622,0.09974525038251307,0.999578031956392,0.994923238950612
1,gain,0.1,64,unadapted,1.0637894084572392,1.0629520599157507,0.9963309921685141,0.01141857798972945
1,gain,0.1,64,offset_calibrated,1.067451890104929,1.0629520599157505,0.9963309921685141,0.01141857798972945
1,gain,0.1,64,adaptation_mean,3.1908990339394574,3.1795585721565454,-4.440892098500626e-16,0.0
1,gain,0.1,64,oracle_reference,0.09976058059032622,0.09974525038251307,0.999578031956392,0.994923238950612
1,gain,0.5,8,unadapted,1.1702112032074465,1.169472498085081,0.9855477365354065,0.008537252990730826
1,gain,0.5,8,offset_calibrated,1.1897853992934986,1.1694724980850815,0.9855477365354065,0.008537252990730493
1,gain,0.5,8,adaptation_mean,3.2987744415771285,3.259319473469529,-4.440892098500626e-16,0.0
1,gain,0.5,8,oracle_reference,0.4988029029516312,0.49872625191256537,0.989812539817953,0.8862213494508849
1,gain,0.5,16,unadapted,1.1702112032074465,1.169472498085081,0.9855477365354065,0.008537252990730826
1,gain,0.5,16,offset_calibrated,1.177120397556268,1.1694724980850808,0.9855477365354065,0.008537252990731381
1,gain,0.5,16,adaptation_mean,3.2705270571916873,3.259319473469529,-2.220446049250313e-16,2.220446049250313e-16
1,gain,0.5,16,oracle_reference,0.4988029029516312,0.49872625191256537,0.989812539817953,0.8862213494508849
1,gain,0.5,32,unadapted,1.1702112032074465,1.169472498085081,0.9855477365354065,0.008537252990730826
1,gain,0.5,32,offset_calibrated,1.1771659054194874,1.1694724980850808,0.9855477365354065,0.00853725299073127
1,gain,0.5,32,adaptation_mean,3.267242871165746,3.2593194734695285,-2.220446049250313e-16,-2.220446049250313e-16
1,gain,0.5,32,oracle_reference,0.4988029029516312,0.49872625191256537,0.989812539817953,0.8862213494508849
1,gain,0.5,64,unadapted,1.1702112032074465,1.169472498085081,0.9855477365354065,0.008537252990730826
1,gain,0.5,64,offset_calibrated,1.182513312677456,1.1694724980850808,0.9855477365354065,0.008537252990731381
1,gain,0.5,64,adaptation_mean,3.2768452771153234,3.259319473469529,-6.661338147750939e-16,2.220446049250313e-16
1,gain,0.5,64,oracle_reference,0.4988029029516312,0.49872625191256537,0.989812539817953,0.8862213494508849
1,nonlinear,0.0,8,unadapted,0.6468806057975036,0.6459112590338729,1.0,-1.396041156261488
1,nonlinear,0.0,8,offset_calibrated,0.6550572382562276,0.6459112590338728,1.0,-1.3960411562614858
1,nonlinear,0.0,8,adaptation_mean,3.0962704004296926,3.0354791632829032,4.440892098500626e-16,-2.220446049250313e-16
1,nonlinear,0.0,8,oracle_reference,0.0,0.0,1.0,1.0
1,nonlinear,0.0,16,unadapted,0.6468806057975036,0.6459112590338729,1.0,-1.396041156261488
1,nonlinear,0.0,16,offset_calibrated,0.6757273943448543,0.6459112590338729,1.0,-1.3960411562614885
1,nonlinear,0.0,16,adaptation_mean,3.0468482007689186,3.035479163282904,2.220446049250313e-16,-2.220446049250313e-16
1,nonlinear,0.0,16,oracle_reference,0.0,0.0,1.0,1.0
1,nonlinear,0.0,32,unadapted,0.6468806057975036,0.6459112590338729,1.0,-1.396041156261488
1,nonlinear,0.0,32,offset_calibrated,0.6474161763269378,0.6459112590338727,1.0,-1.3960411562614867
1,nonlinear,0.0,32,adaptation_mean,3.0363383049644868,3.0354791632829037,4.440892098500626e-16,-4.440892098500626e-16
1,nonlinear,0.0,32,oracle_reference,0.0,0.0,1.0,1.0
1,nonlinear,0.0,64,unadapted,0.6468806057975036,0.6459112590338729,1.0,-1.396041156261488
1,nonlinear,0.0,64,offset_calibrated,0.6537510842375409,0.645911259033873,1.0,-1.3960411562614907
1,nonlinear,0.0,64,adaptation_mean,3.0412455895786907,3.0354791632829032,2.220446049250313e-16,1.1102230246251565e-16
1,nonlinear,0.0,64,oracle_reference,0.0,0.0,1.0,1.0
1,nonlinear,0.1,8,unadapted,0.6523866172308397,0.6514324626144219,0.9995386595817985,-1.380066177265031
1,nonlinear,0.1,8,offset_calibrated,0.6607106606775486,0.6514324626144219,0.9995386595817985,-1.38006617726503
1,nonlinear,0.1,8,adaptation_mean,3.1043787032857804,3.0466594776768767,0.0,-4.440892098500626e-16
1,nonlinear,0.1,8,oracle_reference,0.09976058059032622,0.09974525038251303,0.9995386595817985,0.9675749561208762
1,nonlinear,0.1,16,unadapted,0.6523866172308397,0.6514324626144219,0.9995386595817985,-1.380066177265031
1,nonlinear,0.1,16,offset_calibrated,0.6801526538269675,0.6514324626144221,0.9995386595817985,-1.3800661772650313
1,nonlinear,0.1,16,adaptation_mean,3.058657220204051,3.0466594776768767,0.0,-2.220446049250313e-16
1,nonlinear,0.1,16,oracle_reference,0.09976058059032622,0.09974525038251303,0.9995386595817985,0.9675749561208762
1,nonlinear,0.1,32,unadapted,0.6523866172308397,0.6514324626144219,0.9995386595817985,-1.380066177265031
1,nonlinear,0.1,32,offset_calibrated,0.6520501614051804,0.6514324626144221,0.9995386595817985,-1.3800661772650304
1,nonlinear,0.1,32,adaptation_mean,3.048064350090834,3.0466594776768767,-6.661338147750939e-16,-4.440892098500626e-16
1,nonlinear,0.1,32,oracle_reference,0.09976058059032622,0.09974525038251303,0.9995386595817985,0.9675749561208762
1,nonlinear,0.1,64,unadapted,0.6523866172308397,0.6514324626144219,0.9995386595817985,-1.380066177265031
1,nonlinear,0.1,64,offset_calibrated,0.6569382633843085,0.6514324626144219,0.9995386595817985,-1.380066177265031
1,nonlinear,0.1,64,adaptation_mean,3.053121668482683,3.0466594776768767,-6.661338147750939e-16,-2.220446049250313e-16
1,nonlinear,0.1,64,oracle_reference,0.09976058059032622,0.09974525038251303,0.9995386595817985,0.9675749561208762
1,nonlinear,0.5,8,unadapted,0.808260096294328,0.8074755033592255,0.988883827616859,-0.8175085912532971
1,nonlinear,0.5,8,offset_calibrated,0.8184229546410831,0.8074755033592255,0.988883827616859,-0.817508591253296
1,nonlinear,0.5,8,adaptation_mean,3.1689799884327527,3.1231097691452083,1.4432899320127035e-15,0.0
1,nonlinear,0.5,8,oracle_reference,0.4988029029516311,0.49872625191256525,0.988883827616859,0.5239855851808981
1,nonlinear,0.5,16,unadapted,0.808260096294328,0.8074755033592255,0.988883827616859,-0.8175085912532971
1,nonlinear,0.5,16,offset_calibrated,0.8342288159707191,0.8074755033592254,0.988883827616859,-0.8175085912532956
1,nonlinear,0.5,16,adaptation_mean,3.1392379348162454,3.123109769145208,2.220446049250313e-16,-4.440892098500626e-16
1,nonlinear,0.5,16,oracle_reference,0.4988029029516311,0.49872625191256525,0.988883827616859,0.5239855851808981
1,nonlinear,0.5,32,unadapted,0.808260096294328,0.8074755033592255,0.988883827616859,-0.8175085912532971
1,nonlinear,0.5,32,offset_calibrated,0.8105764534713897,0.8074755033592257,0.988883827616859,-0.8175085912532978
1,nonlinear,0.5,32,adaptation_mean,3.1279511325015323,3.1231097691452083,7.771561172376096e-16,5.551115123125783e-16
1,nonlinear,0.5,32,oracle_reference,0.4988029029516311,0.49872625191256525,0.988883827616859,0.5239855851808981
1,nonlinear,0.5,64,unadapted,0.808260096294328,0.8074755033592255,0.988883827616859,-0.8175085912532971
1,nonlinear,0.5,64,offset_calibrated,0.8098681763584545,0.8074755033592255,0.988883827616859,-0.8175085912532978
1,nonlinear,0.5,64,adaptation_mean,3.1335095749748962,3.123109769145208,8.881784197001252e-16,0.0
1,nonlinear,0.5,64,oracle_reference,0.4988029029516311,0.49872625191256525,0.988883827616859,0.5239855851808981
2,none,0.0,8,unadapted,0.0,7.105427357601002e-15,1.0,1.0
2,none,0.0,8,offset_calibrated,0.0,7.105427357601002e-15,1.0,1.0
2,none,0.0,8,adaptation_mean,3.2779871063406683,3.0308074461236227,9.992007221626409e-16,5.551115123125783e-16
2,none,0.0,8,oracle_reference,0.0,0.0,1.0,1.0
2,none,0.0,16,unadapted,0.0,7.105427357601002e-15,1.0,1.0
2,none,0.0,16,offset_calibrated,0.0,7.105427357601002e-15,1.0,1.0
2,none,0.0,16,adaptation_mean,3.494364408846219,3.0308074461236227,5.551115123125783e-16,1.1102230246251565e-16
2,none,0.0,16,oracle_reference,0.0,0.0,1.0,1.0
2,none,0.0,32,unadapted,0.0,7.105427357601002e-15,1.0,1.0
2,none,0.0,32,offset_calibrated,0.0,7.105427357601002e-15,1.0,1.0
2,none,0.0,32,adaptation_mean,3.2560459514175264,3.030807446123623,0.0,0.0
2,none,0.0,32,oracle_reference,0.0,0.0,1.0,1.0
2,none,0.0,64,unadapted,0.0,7.105427357601002e-15,1.0,1.0
2,none,0.0,64,offset_calibrated,0.0,7.105427357601002e-15,1.0,1.0
2,none,0.0,64,adaptation_mean,3.0614744367652404,3.0308074461236223,2.220446049250313e-16,4.440892098500626e-16
2,none,0.0,64,oracle_reference,0.0,0.0,1.0,1.0
2,none,0.1,8,unadapted,0.1043223238335392,0.10399679235045341,0.9994461109665481,0.9412801081438124
2,none,0.1,8,offset_calibrated,0.10907556696919973,0.10399679235045341,0.9994461109665481,0.9412801081438124
2,none,0.1,8,adaptation_mean,3.2737335813172947,3.030380713368237,0.0,6.661338147750939e-16
2,none,0.1,8,oracle_reference,0.1043223238335392,0.10399679235045338,0.9994461109665481,0.9412801081438124
2,none,0.1,16,unadapted,0.1043223238335392,0.10399679235045341,0.9994461109665481,0.9412801081438124
2,none,0.1,16,offset_calibrated,0.10719228623183608,0.10399679235045337,0.9994461109665481,0.9412801081438125
2,none,0.1,16,adaptation_mean,3.500842468308549,3.0303807133682374,2.220446049250313e-16,1.1102230246251565e-15
2,none,0.1,16,oracle_reference,0.1043223238335392,0.10399679235045338,0.9994461109665481,0.9412801081438124
2,none,0.1,32,unadapted,0.1043223238335392,0.10399679235045341,0.9994461109665481,0.9412801081438124
2,none,0.1,32,offset_calibrated,0.10717931433187029,0.1039967923504534,0.9994461109665481,0.9412801081438124
2,none,0.1,32,adaptation_mean,3.2496556845617626,3.0303807133682374,0.0,0.0
2,none,0.1,32,oracle_reference,0.1043223238335392,0.10399679235045338,0.9994461109665481,0.9412801081438124
2,none,0.1,64,unadapted,0.1043223238335392,0.10399679235045341,0.9994461109665481,0.9412801081438124
2,none,0.1,64,offset_calibrated,0.1059526254282507,0.10399679235045343,0.9994461109665481,0.9412801081438122
2,none,0.1,64,adaptation_mean,3.0603720866837545,3.0303807133682374,2.220446049250313e-16,4.440892098500626e-16
2,none,0.1,64,oracle_reference,0.1043223238335392,0.10399679235045338,0.9994461109665481,0.9412801081438124
2,none,0.5,8,unadapted,0.5216116191676963,0.5199839617522672,0.9862474747144614,0.4020908748341303
2,none,0.5,8,offset_calibrated,0.5453778348459987,0.5199839617522674,0.9862474747144614,0.40209087483413086
2,none,0.5,8,adaptation_mean,3.292633874452382,3.064174854276472,3.3306690738754696e-16,5.551115123125783e-16
2,none,0.5,8,oracle_reference,0.5216116191676963,0.5199839617522674,0.9862474747144614,0.4020908748341303
2,none,0.5,16,unadapted,0.5216116191676963,0.5199839617522672,0.9862474747144614,0.4020908748341303
2,none,0.5,16,offset_calibrated,0.5359614311591798,0.5199839617522675,0.9862474747144614,0.4020908748341302
2,none,0.5,16,adaptation_mean,3.558712895080797,3.064174854276473,-4.440892098500626e-16,1.1102230246251565e-16
2,none,0.5,16,oracle_reference,0.5216116191676963,0.5199839617522674,0.9862474747144614,0.4020908748341303
2,none,0.5,32,unadapted,0.5216116191676963,0.5199839617522672,0.9862474747144614,0.4020908748341303
2,none,0.5,32,offset_calibrated,0.5358965716593512,0.5199839617522672,0.9862474747144614,0.4020908748341302
2,none,0.5,32,adaptation_mean,3.2593733269912937,3.064174854276472,2.220446049250313e-16,3.3306690738754696e-16
2,none,0.5,32,oracle_reference,0.5216116191676963,0.5199839617522674,0.9862474747144614,0.4020908748341303
2,none,0.5,64,unadapted,0.5216116191676963,0.5199839617522672,0.9862474747144614,0.4020908748341303
2,none,0.5,64,offset_calibrated,0.5297631271412543,0.5199839617522674,0.9862474747144614,0.4020908748341302
2,none,0.5,64,adaptation_mean,3.0924666050607916,3.064174854276472,2.220446049250313e-16,1.1102230246251565e-16
2,none,0.5,64,oracle_reference,0.5216116191676963,0.5199839617522674,0.9862474747144614,0.4020908748341303
2,offset,0.0,8,unadapted,1.5,7.129549699527932e-15,1.0,1.0
2,offset,0.0,8,offset_calibrated,3.1401849173675503e-16,7.186828968684002e-15,1.0,1.0
2,offset,0.0,8,adaptation_mean,3.277987106340668,3.0308074461236236,2.220446049250313e-16,1.1102230246251565e-16
2,offset,0.0,8,oracle_reference,0.0,7.105427357601002e-15,1.0,1.0
2,offset,0.0,16,unadapted,1.5,7.129549699527932e-15,1.0,1.0
2,offset,0.0,16,offset_calibrated,3.1401849173675503e-16,7.186828968684002e-15,1.0,1.0
2,offset,0.0,16,adaptation_mean,3.494364408846221,3.0308074461236227,2.220446049250313e-16,-2.220446049250313e-16
2,offset,0.0,16,oracle_reference,0.0,7.105427357601002e-15,1.0,1.0
2,offset,0.0,32,unadapted,1.5,7.129549699527932e-15,1.0,1.0
2,offset,0.0,32,offset_calibrated,0.0,7.105427357601002e-15,1.0,1.0
2,offset,0.0,32,adaptation_mean,3.2560459514175264,3.0308074461236227,-6.661338147750939e-16,0.0
2,offset,0.0,32,oracle_reference,0.0,7.105427357601002e-15,1.0,1.0
2,offset,0.0,64,unadapted,1.5,7.129549699527932e-15,1.0,1.0
2,offset,0.0,64,offset_calibrated,0.0,7.105427357601002e-15,1.0,1.0
2,offset,0.0,64,adaptation_mean,3.0614744367652404,3.0308074461236223,-4.440892098500626e-16,1.1102230246251565e-16
2,offset,0.0,64,oracle_reference,0.0,7.105427357601002e-15,1.0,1.0
2,offset,0.1,8,unadapted,1.495883770936224,0.10399679235045338,0.9994461109665481,0.9412801081438124
2,offset,0.1,8,offset_calibrated,0.10907556696919964,0.10399679235045334,0.9994461109665481,0.9412801081438124
2,offset,0.1,8,adaptation_mean,3.2737335813172965,3.0303807133682374,2.220446049250313e-16,1.1102230246251565e-16
2,offset,0.1,8,oracle_reference,0.10432232383353922,0.1039967923504534,0.9994461109665481,0.9412801081438122
2,offset,0.1,16,unadapted,1.495883770936224,0.10399679235045338,0.9994461109665481,0.9412801081438124
2,offset,0.1,16,offset_calibrated,0.10719228623183608,0.10399679235045337,0.9994461109665481,0.9412801081438124
2,offset,0.1,16,adaptation_mean,3.5008424683085497,3.030380713368238,4.440892098500626e-16,-2.220446049250313e-16
2,offset,0.1,16,oracle_reference,0.10432232383353922,0.1039967923504534,0.9994461109665481,0.9412801081438122
2,offset,0.1,32,unadapted,1.495883770936224,0.10399679235045338,0.9994461109665481,0.9412801081438124
2,offset,0.1,32,offset_calibrated,0.10717931433187028,0.10399679235045337,0.9994461109665481,0.9412801081438124
2,offset,0.1,32,adaptation_mean,3.2496556845617626,3.030380713368238,0.0,4.440892098500626e-16
2,offset,0.1,32,oracle_reference,0.10432232383353922,0.1039967923504534,0.9994461109665481,0.9412801081438122
2,offset,0.1,64,unadapted,1.495883770936224,0.10399679235045338,0.9994461109665481,0.9412801081438124
2,offset,0.1,64,offset_calibrated,0.10595262542825071,0.10399679235045342,0.9994461109665481,0.9412801081438122
2,offset,0.1,64,adaptation_mean,3.0603720866837545,3.0303807133682374,4.440892098500626e-16,1.1102230246251565e-16
2,offset,0.1,64,oracle_reference,0.10432232383353922,0.1039967923504534,0.9994461109665481,0.9412801081438122
2,offset,0.5,8,unadapted,1.5596486641468568,0.5199839617522674,0.9862474747144614,0.40209087483413053
2,offset,0.5,8,offset_calibrated,0.5453778348459987,0.5199839617522672,0.9862474747144614,0.4020908748341311
2,offset,0.5,8,adaptation_mean,3.292633874452382,3.064174854276472,2.220446049250313e-16,6.661338147750939e-16
2,offset,0.5,8,oracle_reference,0.5216116191676963,0.5199839617522675,0.9862474747144614,0.40209087483413064
2,offset,0.5,16,unadapted,1.5596486641468568,0.5199839617522674,0.9862474747144614,0.40209087483413053
2,offset,0.5,16,offset_calibrated,0.5359614311591798,0.5199839617522675,0.9862474747144614,0.40209087483413053
2,offset,0.5,16,adaptation_mean,3.558712895080797,3.064174854276472,0.0,1.1102230246251565e-16
2,offset,0.5,16,oracle_reference,0.5216116191676963,0.5199839617522675,0.9862474747144614,0.40209087483413064
2,offset,0.5,32,unadapted,1.5596486641468568,0.5199839617522674,0.9862474747144614,0.40209087483413053
2,offset,0.5,32,offset_calibrated,0.5358965716593513,0.5199839617522675,0.9862474747144614,0.4020908748341301
2,offset,0.5,32,adaptation_mean,3.2593733269912937,3.064174854276472,7.771561172376096e-16,-2.220446049250313e-16
2,offset,0.5,32,oracle_reference,0.5216116191676963,0.5199839617522675,0.9862474747144614,0.40209087483413064
2,offset,0.5,64,unadapted,1.5596486641468568,0.5199839617522674,0.9862474747144614,0.40209087483413053
2,offset,0.5,64,offset_calibrated,0.5297631271412544,0.5199839617522675,0.9862474747144614,0.4020908748341303
2,offset,0.5,64,adaptation_mean,3.0924666050607916,3.064174854276473,2.220446049250313e-16,6.661338147750939e-16
2,offset,0.5,64,oracle_reference,0.5216116191676963,0.5199839617522675,0.9862474747144614,0.40209087483413064
2,gain,0.0,8,unadapted,1.0595820052507252,1.05872391811732,0.9970251284582007,0.011934052260122785
2,gain,0.0,8,offset_calibrated,1.1453053856597903,1.0587239181173196,0.9970251284582007,0.011934052260123784
2,gain,0.0,8,adaptation_mean,3.4279557507416034,3.167937002248167,-6.661338147750939e-16,2.220446049250313e-16
2,gain,0.0,8,oracle_reference,0.0,5.329070518200751e-15,1.0,1.0
2,gain,0.0,16,unadapted,1.0595820052507252,1.05872391811732,0.9970251284582007,0.011934052260122785
2,gain,0.0,16,offset_calibrated,1.2207703183125853,1.0587239181173194,0.9970251284582007,0.011934052260124228
2,gain,0.0,16,adaptation_mean,3.6532820558033947,3.1679370022481663,2.220446049250313e-16,0.0
2,gain,0.0,16,oracle_reference,0.0,5.329070518200751e-15,1.0,1.0
2,gain,0.0,32,unadapted,1.0595820052507252,1.05872391811732,0.9970251284582007,0.011934052260122785
2,gain,0.0,32,offset_calibrated,1.1394925800510576,1.05872391811732,0.9970251284582007,0.011934052260123007
2,gain,0.0,32,adaptation_mean,3.417983728372864,3.1679370022481668,-2.220446049250313e-16,2.220446049250313e-16
2,gain,0.0,32,oracle_reference,0.0,5.329070518200751e-15,1.0,1.0
2,gain,0.0,64,unadapted,1.0595820052507252,1.05872391811732,0.9970251284582007,0.011934052260122785
2,gain,0.0,64,offset_calibrated,1.0698125647153511,1.05872391811732,0.9970251284582007,0.01193405226012334
2,gain,0.0,64,adaptation_mean,3.2026237415361214,3.1679370022481663,-2.220446049250313e-16,2.220446049250313e-16
2,gain,0.0,64,oracle_reference,0.0,5.329070518200751e-15,1.0,1.0
2,gain,0.1,8,unadapted,1.0649738870506682,1.0641798068640103,0.9964345598521778,0.012871827653168633
2,gain,0.1,8,offset_calibrated,1.162651910038289,1.0641798068640098,0.9964345598521778,0.012871827653169632
2,gain,0.1,8,adaptation_mean,3.4238745302872218,3.1676481593015082,-4.440892098500626e-16,0.0
2,gain,0.1,8,oracle_reference,0.1043223238335392,0.1039967923504534,0.9994936275874312,0.9948786348129084
2,gain,0.1,16,unadapted,1.0649738870506682,1.0641798068640103,0.9964345598521778,0.012871827653168633
2,gain,0.1,16,offset_calibrated,1.2366958270701756,1.0641798068640103,0.9964345598521778,0.012871827653168855
2,gain,0.1,16,adaptation_mean,3.6598632108190428,3.1676481593015087,0.0,4.440892098500626e-16
2,gain,0.1,16,oracle_reference,0.1043223238335392,0.1039967923504534,0.9994936275874312,0.9948786348129084
2,gain,0.1,32,unadapted,1.0649738870506682,1.0641798068640103,0.9964345598521778,0.012871827653168633
2,gain,0.1,32,offset_calibrated,1.1511893127918917,1.0641798068640103,0.9964345598521778,0.012871827653168855
2,gain,0.1,32,adaptation_mean,3.4117717294206678,3.1676481593015082,0.0,0.0
2,gain,0.1,32,oracle_reference,0.1043223238335392,0.1039967923504534,0.9994936275874312,0.9948786348129084
2,gain,0.1,64,unadapted,1.0649738870506682,1.0641798068640103,0.9964345598521778,0.012871827653168633
2,gain,0.1,64,offset_calibrated,1.0779404705920215,1.0641798068640098,0.9964345598521778,0.01287182765316941
2,gain,0.1,64,adaptation_mean,3.2016811268769727,3.167648159301509,-4.440892098500626e-16,-2.220446049250313e-16
2,gain,0.1,64,oracle_reference,0.1043223238335392,0.1039967923504534,0.9994936275874312,0.9948786348129084
2,gain,0.5,8,unadapted,1.1833541957636293,1.1823084769542058,0.9840608104499732,0.015018532885125002
2,gain,0.5,8,offset_calibrated,1.3237141386161386,1.1823084769542058,0.9840608104499732,0.015018532885125002
2,gain,0.5,8,adaptation_mean,3.4472967081352515,3.2045958377054435,0.0,0.0
2,gain,0.5,8,oracle_reference,0.5216116191676963,0.5199839617522675,0.9874239640265459,0.8860757774930261
2,gain,0.5,16,unadapted,1.1833541957636293,1.1823084769542058,0.9840608104499732,0.015018532885125002
2,gain,0.5,16,offset_calibrated,1.3852630741522551,1.1823084769542058,0.9840608104499732,0.01501853288512478
2,gain,0.5,16,adaptation_mean,3.7204077232594175,3.204595837705443,2.220446049250313e-16,-6.661338147750939e-16
2,gain,0.5,16,oracle_reference,0.5216116191676963,0.5199839617522675,0.9874239640265459,0.8860757774930261
2,gain,0.5,32,unadapted,1.1833541957636293,1.1823084769542058,0.9840608104499732,0.015018532885125002
2,gain,0.5,32,offset_calibrated,1.289980091114504,1.1823084769542058,0.9840608104499732,0.01501853288512478
2,gain,0.5,32,adaptation_mean,3.425952279373976,3.204595837705443,0.0,-4.440892098500626e-16
2,gain,0.5,32,oracle_reference,0.5216116191676963,0.5199839617522675,0.9874239640265459,0.8860757774930261
2,gain,0.5,64,unadapted,1.1833541957636293,1.1823084769542058,0.9840608104499732,0.015018532885125002
2,gain,0.5,64,offset_calibrated,1.208080360441392,1.1823084769542054,0.9840608104499732,0.015018532885125446
2,gain,0.5,64,adaptation_mean,3.237549692307909,3.204595837705443,0.0,-4.440892098500626e-16
2,gain,0.5,64,oracle_reference,0.5216116191676963,0.5199839617522675,0.9874239640265459,0.8860757774930261
2,nonlinear,0.0,8,unadapted,0.6468806057975036,0.6459112590338729,1.0,-1.396041156261488
2,nonlinear,0.0,8,offset_calibrated,0.6862474633121649,0.6459112590338729,1.0,-1.396041156261488
2,nonlinear,0.0,8,adaptation_mean,3.2845077683699726,3.0354791632829032,9.992007221626409e-16,-2.220446049250313e-16
2,nonlinear,0.0,8,oracle_reference,0.0,0.0,1.0,1.0
2,nonlinear,0.0,16,unadapted,0.6468806057975036,0.6459112590338729,1.0,-1.396041156261488
2,nonlinear,0.0,16,offset_calibrated,0.7012274146281039,0.6459112590338728,1.0,-1.396041156261488
2,nonlinear,0.0,16,adaptation_mean,3.4999414953792582,3.035479163282904,5.551115123125783e-16,-2.220446049250313e-16
2,nonlinear,0.0,16,oracle_reference,0.0,0.0,1.0,1.0
2,nonlinear,0.0,32,unadapted,0.6468806057975036,0.6459112590338729,1.0,-1.396041156261488
2,nonlinear,0.0,32,offset_calibrated,0.6473735852148252,0.6459112590338729,1.0,-1.396041156261488
2,nonlinear,0.0,32,adaptation_mean,3.2588333542214594,3.0354791632829037,0.0,-8.881784197001252e-16
2,nonlinear,0.0,32,oracle_reference,0.0,0.0,1.0,1.0
2,nonlinear,0.0,64,unadapted,0.6468806057975036,0.6459112590338729,1.0,-1.396041156261488
2,nonlinear,0.0,64,offset_calibrated,0.6461978524038036,0.6459112590338728,1.0,-1.3960411562614872
2,nonlinear,0.0,64,adaptation_mean,3.0656441629106173,3.035479163282904,-4.440892098500626e-16,6.661338147750939e-16
2,nonlinear,0.0,64,oracle_reference,0.0,0.0,1.0,1.0
2,nonlinear,0.1,8,unadapted,0.6517392361756009,0.6507367747597246,0.9994461109665481,-1.3708681097959752
2,nonlinear,0.1,8,offset_calibrated,0.7019955831020702,0.6507367747597247,0.9994461109665481,-1.370868109795976
2,nonlinear,0.1,8,adaptation_mean,3.2806302245210164,3.0343391750347934,2.220446049250313e-16,0.0
2,nonlinear,0.1,8,oracle_reference,0.1043223238335392,0.10399679235045337,0.9994461109665481,0.9672229573524667
2,nonlinear,0.1,16,unadapted,0.6517392361756009,0.6507367747597246,0.9994461109665481,-1.3708681097959752
2,nonlinear,0.1,16,offset_calibrated,0.7146671290885448,0.6507367747597247,0.9994461109665481,-1.3708681097959774
2,nonlinear,0.1,16,adaptation_mean,3.5063059688275766,3.034339175034794,-2.220446049250313e-16,-2.220446049250313e-16
2,nonlinear,0.1,16,oracle_reference,0.1043223238335392,0.10399679235045337,0.9994461109665481,0.9672229573524667
2,nonlinear,0.1,32,unadapted,0.6517392361756009,0.6507367747597246,0.9994461109665481,-1.3708681097959752
2,nonlinear,0.1,32,offset_calibrated,0.6514620574444174,0.6507367747597245,0.9994461109665481,-1.3708681097959747
2,nonlinear,0.1,32,adaptation_mean,3.251010798710392,3.034339175034794,-2.220446049250313e-16,0.0
2,nonlinear,0.1,32,oracle_reference,0.1043223238335392,0.10399679235045337,0.9994461109665481,0.9672229573524667
2,nonlinear,0.1,64,unadapted,0.6517392361756009,0.6507367747597246,0.9994461109665481,-1.3708681097959752
2,nonlinear,0.1,64,offset_calibrated,0.6507815877476315,0.6507367747597245,0.9994461109665481,-1.3708681097959756
2,nonlinear,0.1,64,adaptation_mean,3.0634877616839447,3.034339175034794,0.0,0.0
2,nonlinear,0.1,64,oracle_reference,0.1043223238335392,0.10399679235045337,0.9994461109665481,0.9672229573524667
2,nonlinear,0.5,8,unadapted,0.8169715409964706,0.815180289619649,0.9862474747144614,-0.7870035810861564
2,nonlinear,0.5,8,offset_calibrated,0.9039995082799528,0.815180289619649,0.9862474747144614,-0.787003581086158
2,nonlinear,0.5,8,adaptation_mean,3.301742796060207,3.065558025681997,3.3306690738754696e-16,0.0
2,nonlinear,0.5,8,oracle_reference,0.5216116191676963,0.5199839617522675,0.9862474747144614,0.5206069121564622
2,nonlinear,0.5,16,unadapted,0.8169715409964706,0.815180289619649,0.9862474747144614,-0.7870035810861564
2,nonlinear,0.5,16,offset_calibrated,0.9036635324832951,0.8151802896196487,0.9862474747144614,-0.7870035810861569
2,nonlinear,0.5,16,adaptation_mean,3.5640394217451563,3.065558025681998,-2.220446049250313e-16,2.220446049250313e-16
2,nonlinear,0.5,16,oracle_reference,0.5216116191676963,0.5199839617522675,0.9862474747144614,0.5206069121564622
2,nonlinear,0.5,32,unadapted,0.8169715409964706,0.815180289619649,0.9862474747144614,-0.7870035810861564
2,nonlinear,0.5,32,offset_calibrated,0.821730047786069,0.815180289619649,0.9862474747144614,-0.7870035810861564
2,nonlinear,0.5,32,adaptation_mean,3.2554347489797326,3.065558025681997,-2.220446049250313e-16,0.0
2,nonlinear,0.5,32,oracle_reference,0.5216116191676963,0.5199839617522675,0.9862474747144614,0.5206069121564622
2,nonlinear,0.5,64,unadapted,0.8169715409964706,0.815180289619649,0.9862474747144614,-0.7870035810861564
2,nonlinear,0.5,64,offset_calibrated,0.8194582823708554,0.815180289619649,0.9862474747144614,-0.7870035810861571
2,nonlinear,0.5,64,adaptation_mean,3.091780974589886,3.0655580256819976,2.220446049250313e-16,3.3306690738754696e-16
2,nonlinear,0.5,64,oracle_reference,0.5216116191676963,0.5199839617522675,0.9862474747144614,0.5206069121564622
3,none,0.0,8,unadapted,0.0,7.105427357601002e-15,1.0,1.0
3,none,0.0,8,offset_calibrated,0.0,7.105427357601002e-15,1.0,1.0
3,none,0.0,8,adaptation_mean,3.1487092775795373,3.030807446123623,4.440892098500626e-16,1.1102230246251565e-16
3,none,0.0,8,oracle_reference,0.0,0.0,1.0,1.0
3,none,0.0,16,unadapted,0.0,7.105427357601002e-15,1.0,1.0
3,none,0.0,16,offset_calibrated,0.0,7.105427357601002e-15,1.0,1.0
3,none,0.0,16,adaptation_mean,3.069373354638791,3.0308074461236223,4.440892098500626e-16,5.551115123125783e-16
3,none,0.0,16,oracle_reference,0.0,0.0,1.0,1.0
3,none,0.0,32,unadapted,0.0,7.105427357601002e-15,1.0,1.0
3,none,0.0,32,offset_calibrated,0.0,7.105427357601002e-15,1.0,1.0
3,none,0.0,32,adaptation_mean,3.1239322705431,3.030807446123623,2.220446049250313e-16,3.3306690738754696e-16
3,none,0.0,32,oracle_reference,0.0,0.0,1.0,1.0
3,none,0.0,64,unadapted,0.0,7.105427357601002e-15,1.0,1.0
3,none,0.0,64,offset_calibrated,0.0,7.105427357601002e-15,1.0,1.0
3,none,0.0,64,adaptation_mean,3.049927635860785,3.0308074461236236,2.220446049250313e-16,1.1102230246251565e-16
3,none,0.0,64,oracle_reference,0.0,0.0,1.0,1.0
3,none,0.1,8,unadapted,0.10357104279828074,0.10317216787704027,0.9994870685841212,0.9394875832499486
3,none,0.1,8,offset_calibrated,0.10606332281224784,0.10317216787704028,0.9994870685841212,0.9394875832499486
3,none,0.1,8,adaptation_mean,3.1495808952101902,3.0309186966538197,4.440892098500626e-16,4.440892098500626e-16
3,none,0.1,8,oracle_reference,0.10357104279828074,0.10317216787704024,0.9994870685841212,0.9394875832499486
3,none,0.1,16,unadapted,0.10357104279828074,0.10317216787704027,0.9994870685841212,0.9394875832499486
3,none,0.1,16,offset_calibrated,0.108131565060127,0.10317216787704026,0.9994870685841212,0.9394875832499487
3,none,0.1,16,adaptation_mean,3.0665209252334558,3.0309186966538193,0.0,-4.440892098500626e-16
3,none,0.1,16,oracle_reference,0.10357104279828074,0.10317216787704024,0.9994870685841212,0.9394875832499486
3,none,0.1,32,unadapted,0.10357104279828074,0.10317216787704027,0.9994870685841212,0.9394875832499486
3,none,0.1,32,offset_calibrated,0.10536092350589538,0.10317216787704023,0.9994870685841212,0.9394875832499487
3,none,0.1,32,adaptation_mean,3.1210232288087925,3.0309186966538197,-6.661338147750939e-16,-2.220446049250313e-16
3,none,0.1,32,oracle_reference,0.10357104279828074,0.10317216787704024,0.9994870685841212,0.9394875832499486
3,none,0.1,64,unadapted,0.10357104279828074,0.10317216787704027,0.9994870685841212,0.9394875832499486
3,none,0.1,64,offset_calibrated,0.10489116612178104,0.10317216787704027,0.9994870685841212,0.9394875832499486
3,none,0.1,64,adaptation_mean,3.049345472637503,3.0309186966538197,0.0,0.0
3,none,0.1,64,oracle_reference,0.10357104279828074,0.10317216787704024,0.9994870685841212,0.9394875832499486
3,none,0.5,8,unadapted,0.5178552139914034,0.5158608393852009,0.9872681743082034,0.39772045112319143
3,none,0.5,8,offset_calibrated,0.5303166140612388,0.5158608393852009,0.9872681743082034,0.39772045112319165
3,none,0.5,8,adaptation_mean,3.188493008191482,3.0662786435670712,0.0,1.1102230246251565e-16
3,none,0.5,8,oracle_reference,0.5178552139914034,0.5158608393852008,0.9872681743082034,0.39772045112319143
3,none,0.5,16,unadapted,0.5178552139914034,0.5158608393852009,0.9872681743082034,0.39772045112319143
3,none,0.5,16,offset_calibrated,0.5406578253006356,0.5158608393852008,0.9872681743082034,0.39772045112319154
3,none,0.5,16,adaptation_mean,3.0931498215452153,3.0662786435670712,-2.220446049250313e-16,-2.220446049250313e-16
3,none,0.5,16,oracle_reference,0.5178552139914034,0.5158608393852008,0.9872681743082034,0.39772045112319143
3,none,0.5,32,unadapted,0.5178552139914034,0.5158608393852009,0.9872681743082034,0.39772045112319143
3,none,0.5,32,offset_calibrated,0.5268046175294756,0.5158608393852009,0.9872681743082034,0.39772045112319143
3,none,0.5,32,adaptation_mean,3.1448461411610644,3.0662786435670712,0.0,-2.220446049250313e-16
3,none,0.5,32,oracle_reference,0.5178552139914034,0.5158608393852008,0.9872681743082034,0.39772045112319143
3,none,0.5,64,unadapted,0.5178552139914034,0.5158608393852009,0.9872681743082034,0.39772045112319143
3,none,0.5,64,offset_calibrated,0.5244558306089048,0.5158608393852009,0.9872681743082034,0.39772045112319176
3,none,0.5,64,adaptation_mean,3.08291485304159,3.0662786435670717,-6.661338147750939e-16,0.0
3,none,0.5,64,oracle_reference,0.5178552139914034,0.5158608393852008,0.9872681743082034,0.39772045112319143
3,offset,0.0,8,unadapted,1.5,7.129549699527932e-15,1.0,1.0
3,offset,0.0,8,offset_calibrated,0.0,7.105427357601002e-15,1.0,1.0
3,offset,0.0,8,adaptation_mean,3.1487092775795373,3.0308074461236236,-6.661338147750939e-16,5.551115123125783e-16
3,offset,0.0,8,oracle_reference,0.0,7.105427357601002e-15,1.0,1.0
3,offset,0.0,16,unadapted,1.5,7.129549699527932e-15,1.0,1.0
3,offset,0.0,16,offset_calibrated,0.0,7.105427357601002e-15,1.0,1.0
3,offset,0.0,16,adaptation_mean,3.069373354638791,3.0308074461236223,0.0,5.551115123125783e-16
3,offset,0.0,16,oracle_reference,0.0,7.105427357601002e-15,1.0,1.0
3,offset,0.0,32,unadapted,1.5,7.129549699527932e-15,1.0,1.0
3,offset,0.0,32,offset_calibrated,0.0,7.105427357601002e-15,1.0,1.0
3,offset,0.0,32,adaptation_mean,3.1239322705431,3.030807446123623,-4.440892098500626e-16,-2.220446049250313e-16
3,offset,0.0,32,oracle_reference,0.0,7.105427357601002e-15,1.0,1.0
3,offset,0.0,64,unadapted,1.5,7.129549699527932e-15,1.0,1.0
3,offset,0.0,64,offset_calibrated,0.0,7.105427357601002e-15,1.0,1.0
3,offset,0.0,64,adaptation_mean,3.049927635860785,3.0308074461236227,0.0,1.1102230246251565e-16
3,offset,0.0,64,oracle_reference,0.0,7.105427357601002e-15,1.0,1.0
3,offset,0.1,8,unadapted,1.4991614821575665,0.10317216787704023,0.9994870685841212,0.9394875832499487
3,offset,0.1,8,offset_calibrated,0.10606332281224781,0.10317216787704023,0.9994870685841212,0.9394875832499486
3,offset,0.1,8,adaptation_mean,3.1495808952101902,3.030918696653819,0.0,-2.220446049250313e-16
3,offset,0.1,8,oracle_reference,0.10357104279828071,0.10317216787704023,0.9994870685841212,0.9394875832499487
3,offset,0.1,16,unadapted,1.4991614821575665,0.10317216787704023,0.9994870685841212,0.9394875832499487
3,offset,0.1,16,offset_calibrated,0.10813156506012697,0.10317216787704021,0.9994870685841212,0.9394875832499486
3,offset,0.1,16,adaptation_mean,3.0665209252334558,3.0309186966538193,-2.220446049250313e-16,-4.440892098500626e-16
3,offset,0.1,16,oracle_reference,0.10357104279828071,0.10317216787704023,0.9994870685841212,0.9394875832499487
3,offset,0.1,32,unadapted,1.4991614821575665,0.10317216787704023,0.9994870685841212,0.9394875832499487
3,offset,0.1,32,offset_calibrated,0.10536092350589535,0.10317216787704023,0.9994870685841212,0.9394875832499486
3,offset,0.1,32,adaptation_mean,3.121023228808793,3.030918696653819,0.0,-4.440892098500626e-16
3,offset,0.1,32,oracle_reference,0.10357104279828071,0.10317216787704023,0.9994870685841212,0.9394875832499487
3,offset,0.1,64,unadapted,1.4991614821575665,0.10317216787704023,0.9994870685841212,0.9394875832499487
3,offset,0.1,64,offset_calibrated,0.10489116612178101,0.10317216787704023,0.9994870685841212,0.9394875832499486
3,offset,0.1,64,adaptation_mean,3.049345472637503,3.0309186966538197,-2.220446049250313e-16,0.0
3,offset,0.1,64,oracle_reference,0.10357104279828071,0.10317216787704023,0.9994870685841212,0.9394875832499487
3,offset,0.5,8,unadapted,1.5728812369147076,0.5158608393852008,0.9872681743082034,0.39772045112319154
3,offset,0.5,8,offset_calibrated,0.5303166140612388,0.5158608393852009,0.9872681743082034,0.39772045112319165
3,offset,0.5,8,adaptation_mean,3.188493008191481,3.0662786435670712,7.771561172376096e-16,9.992007221626409e-16
3,offset,0.5,8,oracle_reference,0.5178552139914034,0.5158608393852008,0.9872681743082034,0.39772045112319154
3,offset,0.5,16,unadapted,1.5728812369147076,0.5158608393852008,0.9872681743082034,0.39772045112319154
3,offset,0.5,16,offset_calibrated,0.5406578253006356,0.5158608393852009,0.9872681743082034,0.39772045112319165
3,offset,0.5,16,adaptation_mean,3.093149821545215,3.0662786435670717,2.220446049250313e-16,3.3306690738754696e-16
3,offset,0.5,16,oracle_reference,0.5178552139914034,0.5158608393852008,0.9872681743082034,0.39772045112319154
3,offset,0.5,32,unadapted,1.5728812369147076,0.5158608393852008,0.9872681743082034,0.39772045112319154
3,offset,0.5,32,offset_calibrated,0.5268046175294756,0.5158608393852009,0.9872681743082034,0.39772045112319165
3,offset,0.5,32,adaptation_mean,3.1448461411610635,3.0662786435670712,7.771561172376096e-16,3.3306690738754696e-16
3,offset,0.5,32,oracle_reference,0.5178552139914034,0.5158608393852008,0.9872681743082034,0.39772045112319154
3,offset,0.5,64,unadapted,1.5728812369147076,0.5158608393852008,0.9872681743082034,0.39772045112319154
3,offset,0.5,64,offset_calibrated,0.5244558306089052,0.5158608393852008,0.9872681743082034,0.39772045112319176
3,offset,0.5,64,adaptation_mean,3.08291485304159,3.0662786435670712,7.771561172376096e-16,-4.440892098500626e-16
3,offset,0.5,64,oracle_reference,0.5178552139914034,0.5158608393852008,0.9872681743082034,0.39772045112319154
3,gain,0.0,8,unadapted,1.0595820052507252,1.05872391811732,0.9970251284582007,0.011934052260122785
3,gain,0.0,8,offset_calibrated,1.0978042341385195,1.0587239181173194,0.9970251284582007,0.01193405226012334
3,gain,0.0,8,adaptation_mean,3.276436650358288,3.1679370022481663,3.3306690738754696e-16,4.440892098500626e-16
3,gain,0.0,8,oracle_reference,0.0,5.329070518200751e-15,1.0,1.0
3,gain,0.0,16,unadapted,1.0595820052507252,1.05872391811732,0.9970251284582007,0.011934052260122785
3,gain,0.0,16,offset_calibrated,1.071922811988084,1.0587239181173198,0.9970251284582007,0.011934052260123007
3,gain,0.0,16,adaptation_mean,3.2063369874222816,3.1679370022481663,-4.440892098500626e-16,0.0
3,gain,0.0,16,oracle_reference,0.0,5.329070518200751e-15,1.0,1.0
3,gain,0.0,32,unadapted,1.0595820052507252,1.05872391811732,0.9970251284582007,0.011934052260122785
3,gain,0.0,32,offset_calibrated,1.0917144527100247,1.0587239181173194,0.9970251284582007,0.011934052260123784
3,gain,0.0,32,adaptation_mean,3.268495990209833,3.1679370022481663,3.3306690738754696e-16,2.220446049250313e-16
3,gain,0.0,32,oracle_reference,0.0,5.329070518200751e-15,1.0,1.0
3,gain,0.0,64,unadapted,1.0595820052507252,1.05872391811732,0.9970251284582007,0.011934052260122785
3,gain,0.0,64,offset_calibrated,1.0654133343127083,1.05872391811732,0.9970251284582007,0.011934052260122785
3,gain,0.0,64,adaptation_mean,3.1879946499838625,3.1679370022481663,-4.440892098500626e-16,0.0
3,gain,0.0,64,oracle_reference,0.0,5.329070518200751e-15,1.0,1.0
3,gain,0.1,8,unadapted,1.0669156796685044,1.0663622278066671,0.9965487486400274,0.013102756272970417
3,gain,0.1,8,offset_calibrated,1.099025551975544,1.066362227806667,0.9965487486400274,0.013102756272969973
3,gain,0.1,8,adaptation_mean,3.277452981465863,3.1682085298198013,3.3306690738754696e-16,0.0
3,gain,0.1,8,oracle_reference,0.1035710427982807,0.10317216787704021,0.9995310245902871,0.9947217898851244
3,gain,0.1,16,unadapted,1.0669156796685044,1.0663622278066671,0.9965487486400274,0.013102756272970417
3,gain,0.1,16,offset_calibrated,1.0763733097595964,1.0663622278066671,0.9965487486400274,0.013102756272969973
3,gain,0.1,16,adaptation_mean,3.203592749586086,3.1682085298198013,0.0,-4.440892098500626e-16
3,gain,0.1,16,oracle_reference,0.1035710427982807,0.10317216787704021,0.9995310245902871,0.9947217898851244
3,gain,0.1,32,unadapted,1.0669156796685044,1.0663622278066671,0.9965487486400274,0.013102756272970417
3,gain,0.1,32,offset_calibrated,1.0949631851565615,1.0663622278066667,0.9965487486400273,0.01310275627297075
3,gain,0.1,32,adaptation_mean,3.2657252792496196,3.1682085298198017,-2.220446049250313e-16,0.0
3,gain,0.1,32,oracle_reference,0.1035710427982807,0.10317216787704021,0.9995310245902871,0.9947217898851244
3,gain,0.1,64,unadapted,1.0669156796685044,1.0663622278066671,0.9965487486400274,0.013102756272970417
3,gain,0.1,64,offset_calibrated,1.0712045873955967,1.0663622278066671,0.9965487486400274,0.013102756272969973
3,gain,0.1,64,adaptation_mean,3.187561687626893,3.168208529819801,-2.220446049250313e-16,-2.220446049250313e-16
3,gain,0.1,64,oracle_reference,0.1035710427982807,0.10317216787704021,0.9995310245902871,0.9947217898851244
3,gain,0.5,8,unadapted,1.191103723478704,1.1910812004089846,0.9853684330917851,0.015924064824485273
3,gain,0.5,8,offset_calibrated,1.202925382325199,1.1910812004089846,0.9853684330917851,0.01592406482448494
3,gain,0.5,8,adaptation_mean,3.3194906329521405,3.2073264520791605,-2.220446049250313e-16,9.992007221626409e-16
3,gain,0.5,8,oracle_reference,0.5178552139914034,0.5158608393852009,0.9883523641483151,0.8851360664185896
3,gain,0.5,16,unadapted,1.191103723478704,1.1910812004089846,0.9853684330917851,0.015924064824485273
3,gain,0.5,16,offset_calibrated,1.1964723865961964,1.1910812004089841,0.9853684330917851,0.015924064824485384
3,gain,0.5,16,adaptation_mean,3.2326588470731195,3.207326452079161,-6.661338147750939e-16,-4.440892098500626e-16
3,gain,0.5,16,oracle_reference,0.5178552139914034,0.5158608393852009,0.9883523641483151,0.8851360664185896
3,gain,0.5,32,unadapted,1.191103723478704,1.1910812004089846,0.9853684330917851,0.015924064824485273
3,gain,0.5,32,offset_calibrated,1.2047497023341103,1.1910812004089846,0.9853684330917851,0.015924064824484385
3,gain,0.5,32,adaptation_mean,3.292661173730048,3.2073264520791613,-4.440892098500626e-16,5.551115123125783e-16
3,gain,0.5,32,oracle_reference,0.5178552139914034,0.5158608393852009,0.9883523641483151,0.8851360664185896
3,gain,0.5,64,unadapted,1.191103723478704,1.1910812004089846,0.9853684330917851,0.015924064824485273
3,gain,0.5,64,offset_calibrated,1.1916686629173712,1.1910812004089846,0.9853684330917851,0.01592406482448472
3,gain,0.5,64,adaptation_mean,3.2245571876227253,3.207326452079162,-4.440892098500626e-16,-6.661338147750939e-16
3,gain,0.5,64,oracle_reference,0.5178552139914034,0.5158608393852009,0.9883523641483151,0.8851360664185896
3,nonlinear,0.0,8,unadapted,0.6468806057975036,0.6459112590338729,1.0,-1.396041156261488
3,nonlinear,0.0,8,offset_calibrated,0.7299732851316842,0.6459112590338728,1.0,-1.3960411562614872
3,nonlinear,0.0,8,adaptation_mean,3.1511531792415086,3.0354791632829037,5.551115123125783e-16,0.0
3,nonlinear,0.0,8,oracle_reference,0.0,0.0,1.0,1.0
3,nonlinear,0.0,16,unadapted,0.6468806057975036,0.6459112590338729,1.0,-1.396041156261488
3,nonlinear,0.0,16,offset_calibrated,0.6816908487881865,0.6459112590338729,1.0,-1.396041156261488
3,nonlinear,0.0,16,adaptation_mean,3.076882791736435,3.0354791632829037,5.551115123125783e-16,-8.881784197001252e-16
3,nonlinear,0.0,16,oracle_reference,0.0,0.0,1.0,1.0
3,nonlinear,0.0,32,unadapted,0.6468806057975036,0.6459112590338729,1.0,-1.396041156261488
3,nonlinear,0.0,32,offset_calibrated,0.6461443609107778,0.6459112590338728,1.0,-1.3960411562614872
3,nonlinear,0.0,32,adaptation_mean,3.12860398161114,3.035479163282904,2.220446049250313e-16,0.0
3,nonlinear,0.0,32,oracle_reference,0.0,0.0,1.0,1.0
3,nonlinear,0.0,64,unadapted,0.6468806057975036,0.6459112590338729,1.0,-1.396041156261488
3,nonlinear,0.0,64,offset_calibrated,0.646055503697849,0.6459112590338727,1.0,-1.396041156261488
3,nonlinear,0.0,64,adaptation_mean,3.054609559517,3.035479163282904,2.220446049250313e-16,-2.220446049250313e-16
3,nonlinear,0.0,64,oracle_reference,0.0,0.0,1.0,1.0
3,nonlinear,0.1,8,unadapted,0.6564248897804847,0.6550031307047472,0.9994870685841212,-1.3218767996017116
3,nonlinear,0.1,8,offset_calibrated,0.7270869718140656,0.655003130704747,0.9994870685841212,-1.3218767996017133
3,nonlinear,0.1,8,adaptation_mean,3.15010368516357,3.0356212462926946,4.440892098500626e-16,-6.661338147750939e-16
3,nonlinear,0.1,8,oracle_reference,0.10357104279828071,0.10317216787704024,0.9994870685841212,0.9672004482984818
3,nonlinear,0.1,16,unadapted,0.6564248897804847,0.6550031307047472,0.9994870685841212,-1.3218767996017116
3,nonlinear,0.1,16,offset_calibrated,0.6834255579935998,0.6550031307047471,0.9994870685841212,-1.321876799601713
3,nonlinear,0.1,16,adaptation_mean,3.0727874636161316,3.0356212462926946,0.0,-6.661338147750939e-16
3,nonlinear,0.1,16,oracle_reference,0.10357104279828071,0.10317216787704024,0.9994870685841212,0.9672004482984818
3,nonlinear,0.1,32,unadapted,0.6564248897804847,0.6550031307047472,0.9994870685841212,-1.3218767996017116
3,nonlinear,0.1,32,offset_calibrated,0.6560386625172839,0.655003130704747,0.9994870685841212,-1.321876799601713
3,nonlinear,0.1,32,adaptation_mean,3.1261812454140694,3.035621246292694,-2.220446049250313e-16,-2.220446049250313e-16
3,nonlinear,0.1,32,oracle_reference,0.10357104279828071,0.10317216787704024,0.9994870685841212,0.9672004482984818
3,nonlinear,0.1,64,unadapted,0.6564248897804847,0.6550031307047472,0.9994870685841212,-1.3218767996017116
3,nonlinear,0.1,64,offset_calibrated,0.6550482974439501,0.6550031307047469,0.9994870685841212,-1.321876799601713
3,nonlinear,0.1,64,adaptation_mean,3.0541539312290986,3.0356212462926946,2.220446049250313e-16,0.0
3,nonlinear,0.1,64,oracle_reference,0.10357104279828071,0.10317216787704024,0.9994870685841212,0.9672004482984818
3,nonlinear,0.5,8,unadapted,0.833658249144417,0.8300518993072806,0.9872681743082034,-0.6988357136934267
3,nonlinear,0.5,8,offset_calibrated,0.8581646142350001,0.8300518993072806,0.9872681743082034,-0.6988357136934267
3,nonlinear,0.5,8,adaptation_mean,3.18178802148688,3.0714882030129385,2.220446049250313e-16,0.0
3,nonlinear,0.5,8,oracle_reference,0.5178552139914034,0.5158608393852009,0.9872681743082034,0.5556542832838263
3,nonlinear,0.5,16,unadapted,0.833658249144417,0.8300518993072806,0.9872681743082034,-0.6988357136934267
3,nonlinear,0.5,16,offset_calibrated,0.8423836254268708,0.8300518993072806,0.9872681743082034,-0.6988357136934262
3,nonlinear,0.5,16,adaptation_mean,3.0945214025391117,3.0714882030129385,-2.220446049250313e-16,9.992007221626409e-16
3,nonlinear,0.5,16,oracle_reference,0.5178552139914034,0.5158608393852009,0.9872681743082034,0.5556542832838263
3,nonlinear,0.5,32,unadapted,0.833658249144417,0.8300518993072806,0.9872681743082034,-0.6988357136934267
3,nonlinear,0.5,32,offset_calibrated,0.8389141271888811,0.8300518993072805,0.9872681743082034,-0.698835713693426
3,nonlinear,0.5,32,adaptation_mean,3.1521230866928325,3.0714882030129385,0.0,9.992007221626409e-16
3,nonlinear,0.5,32,oracle_reference,0.5178552139914034,0.5158608393852009,0.9872681743082034,0.5556542832838263
3,nonlinear,0.5,64,unadapted,0.833658249144417,0.8300518993072806,0.9872681743082034,-0.6988357136934267
3,nonlinear,0.5,64,offset_calibrated,0.8340784840445028,0.8300518993072807,0.9872681743082034,-0.6988357136934267
3,nonlinear,0.5,64,adaptation_mean,3.0885120327462525,3.0714882030129385,2.220446049250313e-16,3.3306690738754696e-16
3,nonlinear,0.5,64,oracle_reference,0.5178552139914034,0.5158608393852009,0.9872681743082034,0.5556542832838263
4,none,0.0,8,unadapted,0.0,7.105427357601002e-15,1.0,1.0
4,none,0.0,8,offset_calibrated,0.0,7.105427357601002e-15,1.0,1.0
4,none,0.0,8,adaptation_mean,3.2120851496436638,3.0308074461236227,7.771561172376096e-16,1.1102230246251565e-16
4,none,0.0,8,oracle_reference,0.0,0.0,1.0,1.0
4,none,0.0,16,unadapted,0.0,7.105427357601002e-15,1.0,1.0
4,none,0.0,16,offset_calibrated,0.0,7.105427357601002e-15,1.0,1.0
4,none,0.0,16,adaptation_mean,3.5130054758701927,3.0308074461236227,2.220446049250313e-16,1.1102230246251565e-16
4,none,0.0,16,oracle_reference,0.0,0.0,1.0,1.0
4,none,0.0,32,unadapted,0.0,7.105427357601002e-15,1.0,1.0
4,none,0.0,32,offset_calibrated,0.0,7.105427357601002e-15,1.0,1.0
4,none,0.0,32,adaptation_mean,3.2436197887704976,3.0308074461236227,2.220446049250313e-16,4.440892098500626e-16
4,none,0.0,32,oracle_reference,0.0,0.0,1.0,1.0
4,none,0.0,64,unadapted,0.0,7.105427357601002e-15,1.0,1.0
4,none,0.0,64,offset_calibrated,0.0,7.105427357601002e-15,1.0,1.0
4,none,0.0,64,adaptation_mean,3.0854092158203468,3.0308074461236227,2.220446049250313e-16,7.771561172376096e-16
4,none,0.0,64,oracle_reference,0.0,0.0,1.0,1.0
4,none,0.1,8,unadapted,0.10304981695234974,0.10295085679064894,0.9993938516268911,0.9492010264023941
4,none,0.1,8,offset_calibrated,0.12751521002070756,0.10295085679064908,0.9993938516268911,0.949201026402394
4,none,0.1,8,adaptation_mean,3.1812262206696778,3.020239835575487,2.220446049250313e-16,2.220446049250313e-16
4,none,0.1,8,oracle_reference,0.10304981695234974,0.10295085679064897,0.9993938516268911,0.9492010264023941
4,none,0.1,16,unadapted,0.10304981695234974,0.10295085679064894,0.9993938516268911,0.9492010264023941
4,none,0.1,16,offset_calibrated,0.11521475239653672,0.10295085679064897,0.9993938516268911,0.9492010264023941
4,none,0.1,16,adaptation_mean,3.4779896469315714,3.0202398355754867,-1.1102230246251565e-15,2.220446049250313e-16
4,none,0.1,16,oracle_reference,0.10304981695234974,0.10295085679064897,0.9993938516268911,0.9492010264023941
4,none,0.1,32,unadapted,0.10304981695234974,0.10295085679064894,0.9993938516268911,0.9492010264023941
4,none,0.1,32,offset_calibrated,0.10815184439360084,0.10295085679064911,0.9993938516268911,0.949201026402394
4,none,0.1,32,adaptation_mean,3.222291902817075,3.020239835575487,2.220446049250313e-16,-2.220446049250313e-16
4,none,0.1,32,oracle_reference,0.10304981695234974,0.10295085679064897,0.9993938516268911,0.9492010264023941
4,none,0.1,64,unadapted,0.10304981695234974,0.10295085679064894,0.9993938516268911,0.9492010264023941
4,none,0.1,64,offset_calibrated,0.10411117530993375,0.10295085679064896,0.9993938516268911,0.9492010264023941
4,none,0.1,64,adaptation_mean,3.0726050499620268,3.0202398355754876,0.0,2.220446049250313e-16
4,none,0.1,64,oracle_reference,0.10304981695234974,0.10295085679064897,0.9993938516268911,0.9492010264023941
4,none,0.5,8,unadapted,0.5152490847617492,0.5147542839532452,0.9845288731093839,0.4726775504435179
4,none,0.5,8,offset_calibrated,0.6375760501035364,0.5147542839532452,0.9845288731093839,0.47267755044351767
4,none,0.5,8,adaptation_mean,3.1092850773327196,3.012975212678391,-2.220446049250313e-16,-4.440892098500626e-16
4,none,0.5,8,oracle_reference,0.5152490847617492,0.5147542839532452,0.9845288731093839,0.4726775504435179
4,none,0.5,16,unadapted,0.5152490847617492,0.5147542839532452,0.9845288731093839,0.4726775504435179
4,none,0.5,16,offset_calibrated,0.5760737619826857,0.5147542839532452,0.9845288731093839,0.4726775504435178
4,none,0.5,16,adaptation_mean,3.3739384226378366,3.012975212678391,-2.220446049250313e-16,-2.220446049250313e-16
4,none,0.5,16,oracle_reference,0.5152490847617492,0.5147542839532452,0.9845288731093839,0.4726775504435179
4,none,0.5,32,unadapted,0.5152490847617492,0.5147542839532452,0.9845288731093839,0.4726775504435179
4,none,0.5,32,offset_calibrated,0.5407592219680044,0.5147542839532452,0.9845288731093839,0.4726775504435178
4,none,0.5,32,adaptation_mean,3.1727245886579003,3.0129752126783904,-2.220446049250313e-16,-4.440892098500626e-16
4,none,0.5,32,oracle_reference,0.5152490847617492,0.5147542839532452,0.9845288731093839,0.4726775504435179
4,none,0.5,64,unadapted,0.5152490847617492,0.5147542839532452,0.9845288731093839,0.4726775504435179
4,none,0.5,64,offset_calibrated,0.520555876549669,0.5147542839532453,0.9845288731093839,0.4726775504435178
4,none,0.5,64,adaptation_mean,3.056573771218684,3.012975212678391,4.440892098500626e-16,-4.440892098500626e-16
4,none,0.5,64,oracle_reference,0.5152490847617492,0.5147542839532452,0.9845288731093839,0.4726775504435179
4,offset,0.0,8,unadapted,1.5,7.129549699527932e-15,1.0,1.0
4,offset,0.0,8,offset_calibrated,0.0,7.105427357601002e-15,1.0,1.0
4,offset,0.0,8,adaptation_mean,3.2120851496436638,3.0308074461236227,0.0,5.551115123125783e-16
4,offset,0.0,8,oracle_reference,0.0,7.105427357601002e-15,1.0,1.0
4,offset,0.0,16,unadapted,1.5,7.129549699527932e-15,1.0,1.0
4,offset,0.0,16,offset_calibrated,0.0,7.105427357601002e-15,1.0,1.0
4,offset,0.0,16,adaptation_mean,3.5130054758701927,3.0308074461236227,-6.661338147750939e-16,1.1102230246251565e-16
4,offset,0.0,16,oracle_reference,0.0,7.105427357601002e-15,1.0,1.0
4,offset,0.0,32,unadapted,1.5,7.129549699527932e-15,1.0,1.0
4,offset,0.0,32,offset_calibrated,0.0,7.105427357601002e-15,1.0,1.0
4,offset,0.0,32,adaptation_mean,3.2436197887704967,3.0308074461236223,2.220446049250313e-16,3.3306690738754696e-16
4,offset,0.0,32,oracle_reference,0.0,7.105427357601002e-15,1.0,1.0
4,offset,0.0,64,unadapted,1.5,7.129549699527932e-15,1.0,1.0
4,offset,0.0,64,offset_calibrated,0.0,7.105427357601002e-15,1.0,1.0
4,offset,0.0,64,adaptation_mean,3.0854092158203485,3.0308074461236227,-4.440892098500626e-16,5.551115123125783e-16
4,offset,0.0,64,oracle_reference,0.0,7.105427357601002e-15,1.0,1.0
4,offset,0.1,8,unadapted,1.5083251539681968,0.10295085679064898,0.9993938516268911,0.9492010264023941
4,offset,0.1,8,offset_calibrated,0.12751521002070756,0.10295085679064912,0.9993938516268911,0.949201026402394
4,offset,0.1,8,adaptation_mean,3.1812262206696778,3.020239835575488,4.440892098500626e-16,-4.440892098500626e-16
4,offset,0.1,8,oracle_reference,0.10304981695234974,0.10295085679064897,0.9993938516268911,0.9492010264023941
4,offset,0.1,16,unadapted,1.5083251539681968,0.10295085679064898,0.9993938516268911,0.9492010264023941
4,offset,0.1,16,offset_calibrated,0.11521475239653678,0.10295085679064898,0.9993938516268911,0.9492010264023941
4,offset,0.1,16,adaptation_mean,3.4779896469315723,3.020239835575487,-4.440892098500626e-16,4.440892098500626e-16
4,offset,0.1,16,oracle_reference,0.10304981695234974,0.10295085679064897,0.9993938516268911,0.9492010264023941
4,offset,0.1,32,unadapted,1.5083251539681968,0.10295085679064898,0.9993938516268911,0.9492010264023941
4,offset,0.1,32,offset_calibrated,0.10815184439360088,0.10295085679064914,0.9993938516268911,0.949201026402394
4,offset,0.1,32,adaptation_mean,3.2222919028170764,3.0202398355754867,0.0,-2.220446049250313e-16
4,offset,0.1,32,oracle_reference,0.10304981695234974,0.10295085679064897,0.9993938516268911,0.9492010264023941
4,offset,0.1,64,unadapted,1.5083251539681968,0.10295085679064898,0.9993938516268911,0.9492010264023941
4,offset,0.1,64,offset_calibrated,0.10411117530993381,0.102950856790649,0.9993938516268911,0.9492010264023941
4,offset,0.1,64,adaptation_mean,3.0726050499620268,3.020239835575488,4.440892098500626e-16,-2.220446049250313e-16
4,offset,0.1,64,oracle_reference,0.10304981695234974,0.10295085679064897,0.9993938516268911,0.9492010264023941
4,offset,0.5,8,unadapted,1.617168778924288,0.5147542839532453,0.9845288731093839,0.47267755044351756
4,offset,0.5,8,offset_calibrated,0.6375760501035364,0.5147542839532453,0.9845288731093839,0.47267755044351767
4,offset,0.5,8,adaptation_mean,3.1092850773327196,3.0129752126783904,0.0,-2.220446049250313e-16
4,offset,0.5,8,oracle_reference,0.5152490847617492,0.5147542839532453,0.9845288731093839,0.47267755044351756
4,offset,0.5,16,unadapted,1.617168778924288,0.5147542839532453,0.9845288731093839,0.47267755044351756
4,offset,0.5,16,offset_calibrated,0.5760737619826857,0.5147542839532453,0.9845288731093839,0.4726775504435179
4,offset,0.5,16,adaptation_mean,3.3739384226378366,3.0129752126783904,-2.220446049250313e-16,0.0
4,offset,0.5,16,oracle_reference,0.5152490847617492,0.5147542839532453,0.9845288731093839,0.47267755044351756
4,offset,0.5,32,unadapted,1.617168778924288,0.5147542839532453,0.9845288731093839,0.47267755044351756
4,offset,0.5,32,offset_calibrated,0.5407592219680044,0.5147542839532453,0.9845288731093839,0.4726775504435181
4,offset,0.5,32,adaptation_mean,3.1727245886579007,3.0129752126783904,0.0,-4.440892098500626e-16
4,offset,0.5,32,oracle_reference,0.5152490847617492,0.5147542839532453,0.9845288731093839,0.47267755044351756
4,offset,0.5,64,unadapted,1.617168778924288,0.5147542839532453,0.9845288731093839,0.47267755044351756
4,offset,0.5,64,offset_calibrated,0.520555876549669,0.5147542839532453,0.9845288731093839,0.47267755044351756
4,offset,0.5,64,adaptation_mean,3.056573771218683,3.012975212678391,-1.1102230246251565e-15,0.0
4,offset,0.5,64,oracle_reference,0.5152490847617492,0.5147542839532453,0.9845288731093839,0.47267755044351756
4,gain,0.0,8,unadapted,1.0595820052507252,1.05872391811732,0.9970251284582007,0.011934052260122785
4,gain,0.0,8,offset_calibrated,1.1194329211625922,1.05872391811732,0.9970251284582007,0.011934052260123007
4,gain,0.0,8,adaptation_mean,3.339111238637021,3.1679370022481663,-2.220446049250313e-16,-2.220446049250313e-16
4,gain,0.0,8,oracle_reference,0.0,5.329070518200751e-15,1.0,1.0
4,gain,0.0,16,unadapted,1.0595820052507252,1.05872391811732,0.9970251284582007,0.011934052260122785
4,gain,0.0,16,offset_calibrated,1.2245173947384673,1.05872391811732,0.9970251284582007,0.011934052260123007
4,gain,0.0,16,adaptation_mean,3.653414096951,3.1679370022481663,3.3306690738754696e-16,4.440892098500626e-16
4,gain,0.0,16,oracle_reference,0.0,5.329070518200751e-15,1.0,1.0
4,gain,0.0,32,unadapted,1.0595820052507252,1.05872391811732,0.9970251284582007,0.011934052260122785
4,gain,0.0,32,offset_calibrated,1.1309717586956811,1.0587239181173198,0.9970251284582007,0.011934052260123007
4,gain,0.0,32,adaptation_mean,3.375734606591069,3.167937002248167,0.0,9.992007221626409e-16
4,gain,0.0,32,oracle_reference,0.0,5.329070518200751e-15,1.0,1.0
4,gain,0.0,64,unadapted,1.0595820052507252,1.05872391811732,0.9970251284582007,0.011934052260122785
4,gain,0.0,64,offset_calibrated,1.0771483026210025,1.0587239181173198,0.9970251284582007,0.011934052260123007
4,gain,0.0,64,adaptation_mean,3.22046521619853,3.1679370022481663,-4.440892098500626e-16,4.440892098500626e-16
4,gain,0.0,64,oracle_reference,0.0,5.329070518200751e-15,1.0,1.0
4,gain,0.1,8,unadapted,1.0614973638216068,1.060634876760369,0.9969919284538536,0.016133779547745752
4,gain,0.1,8,offset_calibrated,1.1441404262048358,1.060634876760369,0.9969919284538536,0.01613377954774531
4,gain,0.1,8,adaptation_mean,3.3087828325210387,3.157554952970049,0.0,2.220446049250313e-16
4,gain,0.1,8,oracle_reference,0.10304981695234973,0.10295085679064894,0.9994458417630233,0.9954292470407136
4,gain,0.1,16,unadapted,1.0614973638216068,1.060634876760369,0.9969919284538536,0.016133779547745752
4,gain,0.1,16,offset_calibrated,1.2330578974824355,1.060634876760369,0.9969919284538536,0.01613377954774531
4,gain,0.1,16,adaptation_mean,3.618608109935626,3.157554952970049,-2.220446049250313e-16,4.440892098500626e-16
4,gain,0.1,16,oracle_reference,0.10304981695234973,0.10295085679064894,0.9994458417630233,0.9954292470407136
4,gain,0.1,32,unadapted,1.0614973638216068,1.060634876760369,0.9969919284538536,0.016133779547745752
4,gain,0.1,32,offset_calibrated,1.138331931865174,1.060634876760369,0.9969919284538536,0.01613377954774553
4,gain,0.1,32,adaptation_mean,3.3546172822742504,3.157554952970049,3.3306690738754696e-16,9.992007221626409e-16
4,gain,0.1,32,oracle_reference,0.10304981695234973,0.10295085679064894,0.9994458417630233,0.9954292470407136
4,gain,0.1,64,unadapted,1.0614973638216068,1.060634876760369,0.9969919284538536,0.016133779547745752
4,gain,0.1,64,offset_calibrated,1.0812877615857948,1.0606348767603686,0.9969919284538536,0.016133779547746308
4,gain,0.1,64,adaptation_mean,3.207855981606214,3.157554952970049,5.551115123125783e-16,2.220446049250313e-16
4,gain,0.1,64,oracle_reference,0.10304981695234973,0.10295085679064894,0.9994458417630233,0.9954292470407136
4,gain,0.5,8,unadapted,1.163775651737331,1.1627278276550705,0.9855690898416799,0.02986855543634981
4,gain,0.5,8,offset_calibrated,1.3576252603779753,1.1627278276550705,0.9855690898416799,0.029868555436349253
4,gain,0.5,8,adaptation_mean,3.251298093216748,3.1545764906263534,-6.661338147750939e-16,-2.220446049250313e-16
4,gain,0.5,8,oracle_reference,0.5152490847617491,0.5147542839532452,0.9858497938500553,0.8970571086423003
4,gain,0.5,16,unadapted,1.163775651737331,1.1627278276550705,0.9855690898416799,0.02986855543634981
4,gain,0.5,16,offset_calibrated,1.3572169930543765,1.1627278276550705,0.9855690898416799,0.029868555436349364
4,gain,0.5,16,adaptation_mean,3.5201748802305772,3.1545764906263525,-4.440892098500626e-16,2.220446049250313e-16
4,gain,0.5,16,oracle_reference,0.5152490847617491,0.5147542839532452,0.9858497938500553,0.8970571086423003
4,gain,0.5,32,unadapted,1.163775651737331,1.1627278276550705,0.9855690898416799,0.02986855543634981
4,gain,0.5,32,offset_calibrated,1.259499747893602,1.1627278276550703,0.9855690898416799,0.02986855543634981
4,gain,0.5,32,adaptation_mean,3.3103832199282017,3.1545764906263525,0.0,-2.220446049250313e-16
4,gain,0.5,32,oracle_reference,0.5152490847617491,0.5147542839532452,0.9858497938500553,0.8970571086423003
4,gain,0.5,64,unadapted,1.163775651737331,1.1627278276550705,0.9855690898416799,0.02986855543634981
4,gain,0.5,64,offset_calibrated,1.1912400990830034,1.1627278276550705,0.9855690898416799,0.029868555436349253
4,gain,0.5,64,adaptation_mean,3.196475524152181,3.154576490626353,0.0,-2.220446049250313e-16
4,gain,0.5,64,oracle_reference,0.5152490847617491,0.5147542839532452,0.9858497938500553,0.8970571086423003
4,nonlinear,0.0,8,unadapted,0.6468806057975036,0.6459112590338729,1.0,-1.396041156261488
4,nonlinear,0.0,8,offset_calibrated,0.6794165293980776,0.6459112590338727,1.0,-1.396041156261488
4,nonlinear,0.0,8,adaptation_mean,3.2132331670147125,3.0354791632829032,5.551115123125783e-16,1.1102230246251565e-16
4,nonlinear,0.0,8,oracle_reference,0.0,0.0,1.0,1.0
4,nonlinear,0.0,16,unadapted,0.6468806057975036,0.6459112590338729,1.0,-1.396041156261488
4,nonlinear,0.0,16,offset_calibrated,0.6758864071095814,0.6459112590338728,1.0,-1.396041156261489
4,nonlinear,0.0,16,adaptation_mean,3.5163638849681718,3.0354791632829032,2.220446049250313e-16,-2.220446049250313e-16
4,nonlinear,0.0,16,oracle_reference,0.0,0.0,1.0,1.0
4,nonlinear,0.0,32,unadapted,0.6468806057975036,0.6459112590338729,1.0,-1.396041156261488
4,nonlinear,0.0,32,offset_calibrated,0.7136495331376296,0.6459112590338728,1.0,-1.3960411562614872
4,nonlinear,0.0,32,adaptation_mean,3.246977524425189,3.035479163282904,4.440892098500626e-16,0.0
4,nonlinear,0.0,32,oracle_reference,0.0,0.0,1.0,1.0
4,nonlinear,0.0,64,unadapted,0.6468806057975036,0.6459112590338729,1.0,-1.396041156261488
4,nonlinear,0.0,64,offset_calibrated,0.6755471368121455,0.6459112590338728,1.0,-1.3960411562614858
4,nonlinear,0.0,64,adaptation_mean,3.0901308370841796,3.0354791632829032,2.220446049250313e-16,6.661338147750939e-16
4,nonlinear,0.0,64,oracle_reference,0.0,0.0,1.0,1.0
4,nonlinear,0.1,8,unadapted,0.6527868497811748,0.6517125068765199,0.9993938516268911,-1.3165616326304646
4,nonlinear,0.1,8,offset_calibrated,0.7060426889336081,0.6517125068765196,0.9993938516268911,-1.3165616326304623
4,nonlinear,0.1,8,adaptation_mean,3.1839106384985314,3.024648539284554,0.0,-6.661338147750939e-16
4,nonlinear,0.1,8,oracle_reference,0.10304981695234974,0.10295085679064894,0.9993938516268911,0.9714930504148264
4,nonlinear,0.1,16,unadapted,0.6527868497811748,0.6517125068765199,0.9993938516268911,-1.3165616326304646
4,nonlinear,0.1,16,offset_calibrated,0.6863015005166596,0.6517125068765199,0.9993938516268911,-1.3165616326304632
4,nonlinear,0.1,16,adaptation_mean,3.481181641133528,3.024648539284554,-1.3322676295501878e-15,0.0
4,nonlinear,0.1,16,oracle_reference,0.10304981695234974,0.10295085679064894,0.9993938516268911,0.9714930504148264
4,nonlinear,0.1,32,unadapted,0.6527868497811748,0.6517125068765199,0.9993938516268911,-1.3165616326304646
4,nonlinear,0.1,32,offset_calibrated,0.7247808460144511,0.6517125068765199,0.9993938516268911,-1.3165616326304637
4,nonlinear,0.1,32,adaptation_mean,3.2261820485562596,3.024648539284554,-6.661338147750939e-16,0.0
4,nonlinear,0.1,32,oracle_reference,0.10304981695234974,0.10295085679064894,0.9993938516268911,0.9714930504148264
4,nonlinear,0.1,64,unadapted,0.6527868497811748,0.6517125068765199,0.9993938516268911,-1.3165616326304646
4,nonlinear,0.1,64,offset_calibrated,0.684336313876014,0.6517125068765197,0.9993938516268911,-1.3165616326304623
4,nonlinear,0.1,64,adaptation_mean,3.077599767124437,3.024648539284554,-2.220446049250313e-16,3.3306690738754696e-16
4,nonlinear,0.1,64,oracle_reference,0.10304981695234974,0.10295085679064894,0.9993938516268911,0.9714930504148264
4,nonlinear,0.5,8,unadapted,0.8182128377756932,0.8167575847137984,0.9845288731093839,-0.7029774979469954
4,nonlinear,0.5,8,offset_calibrated,0.9828661687303553,0.8167575847137983,0.9845288731093839,-0.7029774979469949
4,nonlinear,0.5,8,adaptation_mean,3.121109835050434,3.0168337171417425,-4.440892098500626e-16,0.0
4,nonlinear,0.5,8,oracle_reference,0.5152490847617491,0.5147542839532452,0.9845288731093839,0.5860942472793143
4,nonlinear,0.5,16,unadapted,0.8182128377756932,0.8167575847137984,0.9845288731093839,-0.7029774979469954
4,nonlinear,0.5,16,offset_calibrated,0.8879897041369593,0.8167575847137984,0.9845288731093839,-0.7029774979469954
4,nonlinear,0.5,16,adaptation_mean,3.377160073249284,3.016833717141742,-2.220446049250313e-16,0.0
4,nonlinear,0.5,16,oracle_reference,0.5152490847617491,0.5147542839532452,0.9845288731093839,0.5860942472793143
4,nonlinear,0.5,32,unadapted,0.8182128377756932,0.8167575847137984,0.9845288731093839,-0.7029774979469954
4,nonlinear,0.5,32,offset_calibrated,0.9052981917644127,0.8167575847137986,0.9845288731093839,-0.7029774979469954
4,nonlinear,0.5,32,adaptation_mean,3.179685723206469,3.0168337171417425,-2.220446049250313e-16,-4.440892098500626e-16
4,nonlinear,0.5,32,oracle_reference,0.5152490847617491,0.5147542839532452,0.9845288731093839,0.5860942472793143
4,nonlinear,0.5,64,unadapted,0.8182128377756932,0.8167575847137984,0.9845288731093839,-0.7029774979469954
4,nonlinear,0.5,64,offset_calibrated,0.8559738023716643,0.8167575847137986,0.9845288731093839,-0.7029774979469958
4,nonlinear,0.5,64,adaptation_mean,3.0632971294347318,3.016833717141742,2.220446049250313e-16,-4.440892098500626e-16
4,nonlinear,0.5,64,oracle_reference,0.5152490847617491,0.5147542839532452,0.9845288731093839,0.5860942472793143
5,none,0.0,8,unadapted,0.0,7.105427357601002e-15,1.0,1.0
5,none,0.0,8,offset_calibrated,0.0,7.105427357601002e-15,1.0,1.0
5,none,0.0,8,adaptation_mean,3.1746417223696763,3.0308074461236227,2.220446049250313e-16,8.881784197001252e-16
5,none,0.0,8,oracle_reference,0.0,0.0,1.0,1.0
5,none,0.0,16,unadapted,0.0,7.105427357601002e-15,1.0,1.0
5,none,0.0,16,offset_calibrated,0.0,7.105427357601002e-15,1.0,1.0
5,none,0.0,16,adaptation_mean,3.0321489734034195,3.0308074461236227,4.440892098500626e-16,4.440892098500626e-16
5,none,0.0,16,oracle_reference,0.0,0.0,1.0,1.0
5,none,0.0,32,unadapted,0.0,7.105427357601002e-15,1.0,1.0
5,none,0.0,32,offset_calibrated,0.0,7.105427357601002e-15,1.0,1.0
5,none,0.0,32,adaptation_mean,3.0404420382106068,3.0308074461236227,-6.661338147750939e-16,0.0
5,none,0.0,32,oracle_reference,0.0,0.0,1.0,1.0
5,none,0.0,64,unadapted,0.0,7.105427357601002e-15,1.0,1.0
5,none,0.0,64,offset_calibrated,0.0,7.105427357601002e-15,1.0,1.0
5,none,0.0,64,adaptation_mean,3.0319128403475815,3.0308074461236227,9.992007221626409e-16,5.551115123125783e-16
5,none,0.0,64,oracle_reference,0.0,0.0,1.0,1.0
5,none,0.1,8,unadapted,0.09563606421306219,0.09538809782734839,0.9995714911719191,0.9468447367205747
5,none,0.1,8,offset_calibrated,0.10137093897613544,0.09538809782734833,0.9995714911719191,0.9468447367205748
5,none,0.1,8,adaptation_mean,3.1604138413098464,3.024299804030368,9.992007221626409e-16,1.1102230246251565e-16
5,none,0.1,8,oracle_reference,0.09563606421306219,0.09538809782734839,0.9995714911719191,0.9468447367205747
5,none,0.1,16,unadapted,0.09563606421306219,0.09538809782734839,0.9995714911719191,0.9468447367205747
5,none,0.1,16,offset_calibrated,0.09651412320207602,0.09538809782734839,0.9995714911719191,0.9468447367205747
5,none,0.1,16,adaptation_mean,3.0258797572459892,3.0242998040303672,0.0,0.0
5,none,0.1,16,oracle_reference,0.09563606421306219,0.09538809782734839,0.9995714911719191,0.9468447367205747
5,none,0.1,32,unadapted,0.09563606421306219,0.09538809782734839,0.9995714911719191,0.9468447367205747
5,none,0.1,32,offset_calibrated,0.09860145968114592,0.09538809782734839,0.9995714911719191,0.9468447367205747
5,none,0.1,32,adaptation_mean,3.0335718248479866,3.0242998040303677,-2.220446049250313e-16,-2.220446049250313e-16
5,none,0.1,32,oracle_reference,0.09563606421306219,0.09538809782734839,0.9995714911719191,0.9468447367205747
5,none,0.1,64,unadapted,0.09563606421306219,0.09538809782734839,0.9995714911719191,0.9468447367205747
5,none,0.1,64,offset_calibrated,0.0957505382025303,0.09538809782734839,0.9995714911719191,0.9468447367205748
5,none,0.1,64,adaptation_mean,3.0256392605453826,3.0242998040303677,4.440892098500626e-16,-4.440892098500626e-16
5,none,0.1,64,oracle_reference,0.09563606421306219,0.09538809782734839,0.9995714911719191,0.9468447367205747
5,none,0.5,8,unadapted,0.4781803210653112,0.47694048913674214,0.9891597468151987,0.43241782333302103
5,none,0.5,8,offset_calibrated,0.5068546948806774,0.47694048913674214,0.9891597468151987,0.43241782333302126
5,none,0.5,8,adaptation_mean,3.1360116733838046,3.0283044144913114,2.220446049250313e-16,2.220446049250313e-16
5,none,0.5,8,oracle_reference,0.4781803210653112,0.47694048913674225,0.9891597468151987,0.43241782333302103
5,none,0.5,16,unadapted,0.4781803210653112,0.47694048913674214,0.9891597468151987,0.43241782333302103
5,none,0.5,16,offset_calibrated,0.4825706160103802,0.47694048913674214,0.9891597468151987,0.4324178233330209
5,none,0.5,16,adaptation_mean,3.03153495436585,3.0283044144913114,5.551115123125783e-16,1.1102230246251565e-16
5,none,0.5,16,oracle_reference,0.4781803210653112,0.47694048913674225,0.9891597468151987,0.43241782333302103
5,none,0.5,32,unadapted,0.4781803210653112,0.47694048913674214,0.9891597468151987,0.43241782333302103
5,none,0.5,32,offset_calibrated,0.49300729840573,0.47694048913674214,0.9891597468151987,0.4324178233330209
5,none,0.5,32,adaptation_mean,3.0381741071516544,3.028304414491311,2.220446049250313e-16,0.0
5,none,0.5,32,oracle_reference,0.4781803210653112,0.47694048913674225,0.9891597468151987,0.43241782333302103
5,none,0.5,64,unadapted,0.4781803210653112,0.47694048913674214,0.9891597468151987,0.43241782333302103
5,none,0.5,64,offset_calibrated,0.4787526910126517,0.47694048913674214,0.9891597468151986,0.43241782333302115
5,none,0.5,64,adaptation_mean,3.030796093656538,3.028304414491311,-2.220446049250313e-16,4.440892098500626e-16
5,none,0.5,64,oracle_reference,0.4781803210653112,0.47694048913674225,0.9891597468151987,0.43241782333302103
5,offset,0.0,8,unadapted,1.5,7.129549699527932e-15,1.0,1.0
5,offset,0.0,8,offset_calibrated,0.0,7.105427357601002e-15,1.0,1.0
5,offset,0.0,8,adaptation_mean,3.1746417223696763,3.030807446123623,-2.220446049250313e-16,0.0
5,offset,0.0,8,oracle_reference,0.0,7.105427357601002e-15,1.0,1.0
5,offset,0.0,16,unadapted,1.5,7.129549699527932e-15,1.0,1.0
5,offset,0.0,16,offset_calibrated,0.0,7.105427357601002e-15,1.0,1.0
5,offset,0.0,16,adaptation_mean,3.0321489734034204,3.0308074461236227,2.220446049250313e-16,1.1102230246251565e-16
5,offset,0.0,16,oracle_reference,0.0,7.105427357601002e-15,1.0,1.0
5,offset,0.0,32,unadapted,1.5,7.129549699527932e-15,1.0,1.0
5,offset,0.0,32,offset_calibrated,0.0,7.105427357601002e-15,1.0,1.0
5,offset,0.0,32,adaptation_mean,3.0404420382106068,3.0308074461236227,0.0,5.551115123125783e-16
5,offset,0.0,32,oracle_reference,0.0,7.105427357601002e-15,1.0,1.0
5,offset,0.0,64,unadapted,1.5,7.129549699527932e-15,1.0,1.0
5,offset,0.0,64,offset_calibrated,0.0,7.105427357601002e-15,1.0,1.0
5,offset,0.0,64,adaptation_mean,3.031912840347581,3.0308074461236236,4.440892098500626e-16,5.551115123125783e-16
5,offset,0.0,64,oracle_reference,0.0,7.105427357601002e-15,1.0,1.0
5,offset,0.1,8,unadapted,1.5011611748849432,0.09538809782734839,0.9995714911719191,0.9468447367205748
5,offset,0.1,8,offset_calibrated,0.10137093897613542,0.09538809782734833,0.9995714911719191,0.9468447367205748
5,offset,0.1,8,adaptation_mean,3.160413841309846,3.0242998040303672,9.992007221626409e-16,-2.220446049250313e-16
5,offset,0.1,8,oracle_reference,0.0956360642130622,0.09538809782734839,0.9995714911719191,0.9468447367205748
5,offset,0.1,16,unadapted,1.5011611748849432,0.09538809782734839,0.9995714911719191,0.9468447367205748
5,offset,0.1,16,offset_calibrated,0.09651412320207603,0.09538809782734839,0.9995714911719191,0.9468447367205748
5,offset,0.1,16,adaptation_mean,3.0258797572459892,3.0242998040303672,5.551115123125783e-16,0.0
5,offset,0.1,16,oracle_reference,0.0956360642130622,0.09538809782734839,0.9995714911719191,0.9468447367205748
5,offset,0.1,32,unadapted,1.5011611748849432,0.09538809782734839,0.9995714911719191,0.9468447367205748
5,offset,0.1,32,offset_calibrated,0.09860145968114592,0.0953880978273484,0.9995714911719191,0.9468447367205748
5,offset,0.1,32,adaptation_mean,3.0335718248479866,3.024299804030367,2.220446049250313e-16,3.3306690738754696e-16
5,offset,0.1,32,oracle_reference,0.0956360642130622,0.09538809782734839,0.9995714911719191,0.9468447367205748
5,offset,0.1,64,unadapted,1.5011611748849432,0.09538809782734839,0.9995714911719191,0.9468447367205748
5,offset,0.1,64,offset_calibrated,0.0957505382025303,0.09538809782734839,0.9995714911719191,0.9468447367205748
5,offset,0.1,64,adaptation_mean,3.0256392605453826,3.0242998040303677,4.440892098500626e-16,0.0
5,offset,0.1,64,oracle_reference,0.0956360642130622,0.09538809782734839,0.9995714911719191,0.9468447367205748
5,offset,0.5,8,unadapted,1.5717108928993335,0.47694048913674214,0.9891597468151987,0.4324178233330208
5,offset,0.5,8,offset_calibrated,0.5068546948806775,0.47694048913674214,0.9891597468151987,0.43241782333302103
5,offset,0.5,8,adaptation_mean,3.1360116733838046,3.0283044144913114,2.220446049250313e-16,1.1102230246251565e-16
5,offset,0.5,8,oracle_reference,0.4781803210653113,0.4769404891367422,0.9891597468151987,0.4324178233330208
5,offset,0.5,16,unadapted,1.5717108928993335,0.47694048913674214,0.9891597468151987,0.4324178233330208
5,offset,0.5,16,offset_calibrated,0.4825706160103802,0.47694048913674214,0.9891597468151986,0.43241782333302115
5,offset,0.5,16,adaptation_mean,3.03153495436585,3.028304414491311,2.220446049250313e-16,-2.220446049250313e-16
5,offset,0.5,16,oracle_reference,0.4781803210653113,0.4769404891367422,0.9891597468151987,0.4324178233330208
5,offset,0.5,32,unadapted,1.5717108928993335,0.47694048913674214,0.9891597468151987,0.4324178233330208
5,offset,0.5,32,offset_calibrated,0.4930072984057299,0.47694048913674214,0.9891597468151987,0.43241782333302103
5,offset,0.5,32,adaptation_mean,3.0381741071516544,3.028304414491311,7.771561172376096e-16,4.440892098500626e-16
5,offset,0.5,32,oracle_reference,0.4781803210653113,0.4769404891367422,0.9891597468151987,0.4324178233330208
5,offset,0.5,64,unadapted,1.5717108928993335,0.47694048913674214,0.9891597468151987,0.4324178233330208
5,offset,0.5,64,offset_calibrated,0.47875269101265183,0.47694048913674214,0.9891597468151986,0.43241782333302137
5,offset,0.5,64,adaptation_mean,3.030796093656539,3.0283044144913105,2.220446049250313e-16,2.220446049250313e-16
5,offset,0.5,64,oracle_reference,0.4781803210653113,0.4769404891367422,0.9891597468151987,0.4324178233330208
5,gain,0.0,8,unadapted,1.0595820052507252,1.05872391811732,0.9970251284582007,0.011934052260122785
5,gain,0.0,8,offset_calibrated,1.1125304765941384,1.0587239181173198,0.9970251284582007,0.011934052260123007
5,gain,0.0,8,adaptation_mean,3.3432149248414236,3.1679370022481663,3.3306690738754696e-16,2.220446049250313e-16
5,gain,0.0,8,oracle_reference,0.0,5.329070518200751e-15,1.0,1.0
5,gain,0.0,16,unadapted,1.0595820052507252,1.05872391811732,0.9970251284582007,0.011934052260122785
5,gain,0.0,16,offset_calibrated,1.059180994482666,1.0587239181173198,0.9970251284582007,0.011934052260123007
5,gain,0.0,16,adaptation_mean,3.1692583986138754,3.1679370022481663,0.0,2.220446049250313e-16
5,gain,0.0,16,oracle_reference,0.0,5.329070518200751e-15,1.0,1.0
5,gain,0.0,32,unadapted,1.0595820052507252,1.05872391811732,0.9970251284582007,0.011934052260122785
5,gain,0.0,32,offset_calibrated,1.06239511879732,1.0587239181173196,0.9970251284582007,0.011934052260123784
5,gain,0.0,32,adaptation_mean,3.180146978086393,3.1679370022481654,-6.661338147750939e-16,-2.220446049250313e-16
5,gain,0.0,32,oracle_reference,0.0,5.329070518200751e-15,1.0,1.0
5,gain,0.0,64,unadapted,1.0595820052507252,1.05872391811732,0.9970251284582007,0.011934052260122785
5,gain,0.0,64,offset_calibrated,1.0591244693360304,1.05872391811732,0.9970251284582007,0.011934052260123007
5,gain,0.0,64,adaptation_mean,3.169193308865599,3.167937002248167,-2.220446049250313e-16,0.0
5,gain,0.0,64,oracle_reference,0.0,5.329070518200751e-15,1.0,1.0
5,gain,0.1,8,unadapted,1.0609456087986404,1.0603283110294484,0.9966353622187973,0.013383223161732016
5,gain,0.1,8,offset_calibrated,1.116471914414334,1.060328311029448,0.9966353622187973,0.013383223161732793
5,gain,0.1,8,adaptation_mean,3.3291970255116716,3.1615701249584873,5.551115123125783e-16,5.551115123125783e-16
5,gain,0.1,8,oracle_reference,0.09563606421306213,0.09538809782734832,0.9996083489692055,0.9953378770793225
5,gain,0.1,16,unadapted,1.0609456087986404,1.0603283110294484,0.9966353622187973,0.013383223161732016
5,gain,0.1,16,offset_calibrated,1.0604782896775866,1.0603283110294484,0.9966353622187973,0.013383223161732238
5,gain,0.1,16,adaptation_mean,3.1631414213510656,3.1615701249584878,-2.220446049250313e-16,2.220446049250313e-16
5,gain,0.1,16,oracle_reference,0.09563606421306213,0.09538809782734832,0.9996083489692055,0.9953378770793225
5,gain,0.1,32,unadapted,1.0609456087986404,1.0603283110294484,0.9966353622187973,0.013383223161732016
5,gain,0.1,32,offset_calibrated,1.065578878474739,1.060328311029448,0.9966353622187973,0.013383223161732793
5,gain,0.1,32,adaptation_mean,3.1734601316927407,3.1615701249584873,0.0,2.220446049250313e-16
5,gain,0.1,32,oracle_reference,0.09563606421306213,0.09538809782734832,0.9996083489692055,0.9953378770793225
5,gain,0.1,64,unadapted,1.0609456087986404,1.0603283110294484,0.9966353622187973,0.013383223161732016
5,gain,0.1,64,offset_calibrated,1.0608545237055769,1.0603283110294484,0.9966353622187973,0.013383223161732238
5,gain,0.1,64,adaptation_mean,3.1630588522898613,3.1615701249584873,5.551115123125783e-16,2.220446049250313e-16
5,gain,0.1,64,oracle_reference,0.09563606421306213,0.09538809782734832,0.9996083489692055,0.9953378770793225
5,gain,0.5,8,unadapted,1.1492455065361225,1.1491971859987267,0.987159878300771,0.017563537026037523
5,gain,0.5,8,offset_calibrated,1.218620828483202,1.149197185998727,0.987159878300771,0.01756353702603719
5,gain,0.5,8,adaptation_mean,3.3098618867294625,3.1687973384296617,3.3306690738754696e-16,5.551115123125783e-16
5,gain,0.5,8,oracle_reference,0.47818032106531116,0.47694048913674214,0.9901016658253778,0.8930174991010068
5,gain,0.5,16,unadapted,1.1492455065361225,1.1491971859987267,0.987159878300771,0.017563537026037523
5,gain,0.5,16,offset_calibrated,1.150268635290581,1.1491971859987267,0.987159878300771,0.017563537026037968
5,gain,0.5,16,adaptation_mean,3.172262528411597,3.168797338429662,5.551115123125783e-16,0.0
5,gain,0.5,16,oracle_reference,0.47818032106531116,0.47694048913674214,0.9901016658253778,0.8930174991010068
5,gain,0.5,32,unadapted,1.1492455065361225,1.1491971859987267,0.987159878300771,0.017563537026037523
5,gain,0.5,32,offset_calibrated,1.1656789693472014,1.149197185998727,0.987159878300771,0.01756353702603719
5,gain,0.5,32,adaptation_mean,3.1823231511150327,3.168797338429662,3.3306690738754696e-16,0.0
5,gain,0.5,32,oracle_reference,0.47818032106531116,0.47694048913674214,0.9901016658253778,0.8930174991010068
5,gain,0.5,64,unadapted,1.1492455065361225,1.1491971859987267,0.987159878300771,0.017563537026037523
5,gain,0.5,64,offset_calibrated,1.1507726166725565,1.1491971859987267,0.987159878300771,0.01756353702603841
5,gain,0.5,64,adaptation_mean,3.1713985032558067,3.1687973384296613,2.220446049250313e-16,3.3306690738754696e-16
5,gain,0.5,64,oracle_reference,0.47818032106531116,0.47694048913674214,0.9901016658253778,0.8930174991010068
5,nonlinear,0.0,8,unadapted,0.6468806057975036,0.6459112590338729,1.0,-1.396041156261488
5,nonlinear,0.0,8,offset_calibrated,0.7024849082308549,0.645911259033873,1.0,-1.396041156261489
5,nonlinear,0.0,8,adaptation_mean,3.1722060808614767,3.035479163282904,2.220446049250313e-16,-2.220446049250313e-16
5,nonlinear,0.0,8,oracle_reference,0.0,0.0,1.0,1.0
5,nonlinear,0.0,16,unadapted,0.6468806057975036,0.6459112590338729,1.0,-1.396041156261488
5,nonlinear,0.0,16,offset_calibrated,0.6587670012952607,0.6459112590338727,1.0,-1.3960411562614872
5,nonlinear,0.0,16,adaptation_mean,3.0357440824356816,3.0354791632829046,4.440892098500626e-16,-6.661338147750939e-16
5,nonlinear,0.0,16,oracle_reference,0.0,0.0,1.0,1.0
5,nonlinear,0.0,32,unadapted,0.6468806057975036,0.6459112590338729,1.0,-1.396041156261488
5,nonlinear,0.0,32,offset_calibrated,0.6528306967678097,0.6459112590338727,1.0,-1.396041156261488
5,nonlinear,0.0,32,adaptation_mean,3.044218651741631,3.0354791632829037,2.220446049250313e-16,-6.661338147750939e-16
5,nonlinear,0.0,32,oracle_reference,0.0,0.0,1.0,1.0
5,nonlinear,0.0,64,unadapted,0.6468806057975036,0.6459112590338729,1.0,-1.396041156261488
5,nonlinear,0.0,64,offset_calibrated,0.6547504342141599,0.6459112590338728,1.0,-1.3960411562614872
5,nonlinear,0.0,64,adaptation_mean,3.0356136905208637,3.0354791632829032,2.220446049250313e-16,-2.220446049250313e-16
5,nonlinear,0.0,64,oracle_reference,0.0,0.0,1.0,1.0
5,nonlinear,0.1,8,unadapted,0.6528196116711997,0.6514733139702815,0.9995714911719191,-1.3473525688976542
5,nonlinear,0.1,8,offset_calibrated,0.7031335862106278,0.6514733139702819,0.9995714911719191,-1.3473525688976546
5,nonlinear,0.1,8,adaptation_mean,3.1564413987111424,3.0290980886185706,5.551115123125783e-16,4.440892098500626e-16
5,nonlinear,0.1,8,oracle_reference,0.09563606421306216,0.09538809782734836,0.9995714911719191,0.9708003877439491
5,nonlinear,0.1,16,unadapted,0.6528196116711997,0.6514733139702815,0.9995714911719191,-1.3473525688976542
5,nonlinear,0.1,16,offset_calibrated,0.6633522847281228,0.6514733139702815,0.9995714911719191,-1.3473525688976524
5,nonlinear,0.1,16,adaptation_mean,3.029358286284148,3.029098088618571,-2.220446049250313e-16,-2.220446049250313e-16
5,nonlinear,0.1,16,oracle_reference,0.09563606421306216,0.09538809782734836,0.9995714911719191,0.9708003877439491
5,nonlinear,0.1,32,unadapted,0.6528196116711997,0.6514733139702815,0.9995714911719191,-1.3473525688976542
5,nonlinear,0.1,32,offset_calibrated,0.655785552476733,0.6514733139702816,0.9995714911719191,-1.3473525688976533
5,nonlinear,0.1,32,adaptation_mean,3.036658149780152,3.0290980886185706,-2.220446049250313e-16,3.3306690738754696e-16
5,nonlinear,0.1,32,oracle_reference,0.09563606421306216,0.09538809782734836,0.9995714911719191,0.9708003877439491
5,nonlinear,0.1,64,unadapted,0.6528196116711997,0.6514733139702815,0.9995714911719191,-1.3473525688976542
5,nonlinear,0.1,64,offset_calibrated,0.659006942262754,0.6514733139702816,0.9995714911719191,-1.3473525688976538
5,nonlinear,0.1,64,adaptation_mean,3.0291829975759477,3.029098088618571,4.440892098500626e-16,-2.220446049250313e-16
5,nonlinear,0.1,64,oracle_reference,0.09563606421306216,0.09538809782734836,0.9995714911719191,0.9708003877439491
5,nonlinear,0.5,8,unadapted,0.7985946191655073,0.7955792462852833,0.9891597468151987,-0.7724184774354288
5,nonlinear,0.5,8,offset_calibrated,0.8393643414142358,0.7955792462852832,0.9891597468151987,-0.7724184774354288
5,nonlinear,0.5,8,adaptation_mean,3.1263079125571838,3.033860703388007,2.220446049250313e-16,3.3306690738754696e-16
5,nonlinear,0.5,8,oracle_reference,0.47818032106531116,0.47694048913674214,0.9891597468151987,0.5700105338144921
5,nonlinear,0.5,16,unadapted,0.7985946191655073,0.7955792462852833,0.9891597468151987,-0.7724184774354288
5,nonlinear,0.5,16,offset_calibrated,0.8056575989357178,0.7955792462852833,0.9891597468151987,-0.7724184774354297
5,nonlinear,0.5,16,adaptation_mean,3.034874631411288,3.033860703388007,4.440892098500626e-16,2.220446049250313e-16
5,nonlinear,0.5,16,oracle_reference,0.47818032106531116,0.47694048913674214,0.9891597468151987,0.5700105338144921
5,nonlinear,0.5,32,unadapted,0.7985946191655073,0.7955792462852833,0.9891597468151987,-0.7724184774354288
5,nonlinear,0.5,32,offset_calibrated,0.7987213838634282,0.7955792462852833,0.9891597468151987,-0.7724184774354288
5,nonlinear,0.5,32,adaptation_mean,3.0389715878581716,3.033860703388007,2.220446049250313e-16,3.3306690738754696e-16
5,nonlinear,0.5,32,oracle_reference,0.47818032106531116,0.47694048913674214,0.9891597468151987,0.5700105338144921
5,nonlinear,0.5,64,unadapted,0.7985946191655073,0.7955792462852833,0.9891597468151987,-0.7724184774354288
5,nonlinear,0.5,64,offset_calibrated,0.798505809823089,0.7955792462852832,0.9891597468151987,-0.7724184774354297
5,nonlinear,0.5,64,adaptation_mean,3.033962533230896,3.033860703388007,0.0,5.551115123125783e-16
5,nonlinear,0.5,64,oracle_reference,0.47818032106531116,0.47694048913674214,0.9891597468151987,0.5700105338144921
6,none,0.0,8,unadapted,0.0,7.105427357601002e-15,1.0,1.0
6,none,0.0,8,offset_calibrated,0.0,7.105427357601002e-15,1.0,1.0
6,none,0.0,8,adaptation_mean,3.055712713442788,3.0308074461236236,0.0,4.440892098500626e-16
6,none,0.0,8,oracle_reference,0.0,0.0,1.0,1.0
6,none,0.0,16,unadapted,0.0,7.105427357601002e-15,1.0,1.0
6,none,0.0,16,offset_calibrated,0.0,7.105427357601002e-15,1.0,1.0
6,none,0.0,16,adaptation_mean,3.033884943401599,3.0308074461236236,4.440892098500626e-16,3.3306690738754696e-16
6,none,0.0,16,oracle_reference,0.0,0.0,1.0,1.0
6,none,0.0,32,unadapted,0.0,7.105427357601002e-15,1.0,1.0
6,none,0.0,32,offset_calibrated,0.0,7.105427357601002e-15,1.0,1.0
6,none,0.0,32,adaptation_mean,3.031456846327486,3.0308074461236227,2.220446049250313e-16,3.3306690738754696e-16
6,none,0.0,32,oracle_reference,0.0,0.0,1.0,1.0
6,none,0.0,64,unadapted,0.0,7.105427357601002e-15,1.0,1.0
6,none,0.0,64,offset_calibrated,0.0,7.105427357601002e-15,1.0,1.0
6,none,0.0,64,adaptation_mean,3.0357233886621557,3.0308074461236227,-2.220446049250313e-16,0.0
6,none,0.0,64,oracle_reference,0.0,0.0,1.0,1.0
6,none,0.1,8,unadapted,0.09205695747179418,0.09166203177529084,0.9995304558900384,0.9567239540135474
6,none,0.1,8,offset_calibrated,0.09204088080477658,0.09166203177529082,0.9995304558900384,0.9567239540135474
6,none,0.1,8,adaptation_mean,3.0567216577301357,3.032859432290731,-2.220446049250313e-16,-2.220446049250313e-16
6,none,0.1,8,oracle_reference,0.09205695747179418,0.09166203177529084,0.9995304558900384,0.9567239540135474
6,none,0.1,16,unadapted,0.09205695747179418,0.09166203177529084,0.9995304558900384,0.9567239540135474
6,none,0.1,16,offset_calibrated,0.09348556126917973,0.09166203177529086,0.9995304558900384,0.9567239540135474
6,none,0.1,16,adaptation_mean,3.0364666338812087,3.032859432290731,4.440892098500626e-16,7.771561172376096e-16
6,none,0.1,16,oracle_reference,0.09205695747179418,0.09166203177529084,0.9995304558900384,0.9567239540135474
6,none,0.1,32,unadapted,0.09205695747179418,0.09166203177529084,0.9995304558900384,0.9567239540135474
6,none,0.1,32,offset_calibrated,0.09244009886018961,0.09166203177529081,0.9995304558900384,0.9567239540135474
6,none,0.1,32,adaptation_mean,3.0333137847482265,3.0328594322907314,-4.440892098500626e-16,8.881784197001252e-16
6,none,0.1,32,oracle_reference,0.09205695747179418,0.09166203177529084,0.9995304558900384,0.9567239540135474
6,none,0.1,64,unadapted,0.09205695747179418,0.09166203177529084,0.9995304558900384,0.9567239540135474
6,none,0.1,64,offset_calibrated,0.092690678953101,0.09166203177529084,0.9995304558900384,0.9567239540135474
6,none,0.1,64,adaptation_mean,3.0376109480123143,3.0328594322907305,4.440892098500626e-16,9.992007221626409e-16
6,none,0.1,64,oracle_reference,0.09205695747179418,0.09166203177529084,0.9995304558900384,0.9567239540135474
6,none,0.5,8,unadapted,0.46028478735897055,0.4583101588764539,0.988413347601218,0.4694867119478252
6,none,0.5,8,offset_calibrated,0.4602044040238827,0.458310158876454,0.988413347601218,0.4694867119478253
6,none,0.5,8,adaptation_mean,3.0883747738590035,3.068646098888501,0.0,0.0
6,none,0.5,8,oracle_reference,0.46028478735897055,0.4583101588764539,0.988413347601218,0.4694867119478252
6,none,0.5,16,unadapted,0.46028478735897055,0.4583101588764539,0.988413347601218,0.4694867119478252
6,none,0.5,16,offset_calibrated,0.46742780634589787,0.4583101588764539,0.988413347601218,0.4694867119478252
6,none,0.5,16,adaptation_mean,3.075385838433162,3.068646098888501,3.3306690738754696e-16,3.3306690738754696e-16
6,none,0.5,16,oracle_reference,0.46028478735897055,0.4583101588764539,0.988413347601218,0.4694867119478252
6,none,0.5,32,unadapted,0.46028478735897055,0.4583101588764539,0.988413347601218,0.4694867119478252
6,none,0.5,32,offset_calibrated,0.46220049430094745,0.4583101588764539,0.988413347601218,0.4694867119478252
6,none,0.5,32,adaptation_mean,3.068768894153285,3.0686460988885016,-2.220446049250313e-16,-2.220446049250313e-16
6,none,0.5,32,oracle_reference,0.46028478735897055,0.4583101588764539,0.988413347601218,0.4694867119478252
6,none,0.5,64,unadapted,0.46028478735897055,0.4583101588764539,0.988413347601218,0.4694867119478252
6,none,0.5,64,offset_calibrated,0.4634533947655045,0.4583101588764539,0.988413347601218,0.4694867119478252
6,none,0.5,64,adaptation_mean,3.0732890936176886,3.0686460988885007,-6.661338147750939e-16,-8.881784197001252e-16
6,none,0.5,64,oracle_reference,0.46028478735897055,0.4583101588764539,0.988413347601218,0.4694867119478252
6,offset,0.0,8,unadapted,1.5,7.129549699527932e-15,1.0,1.0
6,offset,0.0,8,offset_calibrated,0.0,7.105427357601002e-15,1.0,1.0
6,offset,0.0,8,adaptation_mean,3.055712713442788,3.0308074461236227,-6.661338147750939e-16,1.1102230246251565e-16
6,offset,0.0,8,oracle_reference,0.0,7.105427357601002e-15,1.0,1.0
6,offset,0.0,16,unadapted,1.5,7.129549699527932e-15,1.0,1.0
6,offset,0.0,16,offset_calibrated,3.1401849173675503e-16,7.186828968684002e-15,1.0,1.0
6,offset,0.0,16,adaptation_mean,3.033884943401599,3.030807446123623,0.0,5.551115123125783e-16
6,offset,0.0,16,oracle_reference,0.0,7.105427357601002e-15,1.0,1.0
6,offset,0.0,32,unadapted,1.5,7.129549699527932e-15,1.0,1.0
6,offset,0.0,32,offset_calibrated,0.0,7.105427357601002e-15,1.0,1.0
6,offset,0.0,32,adaptation_mean,3.031456846327486,3.030807446123623,-2.220446049250313e-16,3.3306690738754696e-16
6,offset,0.0,32,oracle_reference,0.0,7.105427357601002e-15,1.0,1.0
6,offset,0.0,64,unadapted,1.5,7.129549699527932e-15,1.0,1.0
6,offset,0.0,64,offset_calibrated,0.0,7.105427357601002e-15,1.0,1.0
6,offset,0.0,64,adaptation_mean,3.0357233886621557,3.0308074461236227,-6.661338147750939e-16,5.551115123125783e-16
6,offset,0.0,64,oracle_reference,0.0,7.105427357601002e-15,1.0,1.0
6,offset,0.1,8,unadapted,1.5085348137108492,0.09166203177529084,0.9995304558900384,0.9567239540135475
6,offset,0.1,8,offset_calibrated,0.0920408808047766,0.09166203177529081,0.9995304558900384,0.9567239540135474
6,offset,0.1,8,adaptation_mean,3.056721657730135,3.0328594322907305,4.440892098500626e-16,3.3306690738754696e-16
6,offset,0.1,8,oracle_reference,0.09205695747179418,0.09166203177529085,0.9995304558900384,0.9567239540135474
6,offset,0.1,16,unadapted,1.5085348137108492,0.09166203177529084,0.9995304558900384,0.9567239540135475
6,offset,0.1,16,offset_calibrated,0.09348556126917974,0.09166203177529086,0.9995304558900384,0.9567239540135474
6,offset,0.1,16,adaptation_mean,3.0364666338812087,3.0328594322907314,5.551115123125783e-16,8.881784197001252e-16
6,offset,0.1,16,oracle_reference,0.09205695747179418,0.09166203177529085,0.9995304558900384,0.9567239540135474
6,offset,0.1,32,unadapted,1.5085348137108492,0.09166203177529084,0.9995304558900384,0.9567239540135475
6,offset,0.1,32,offset_calibrated,0.09244009886018961,0.09166203177529082,0.9995304558900384,0.9567239540135475
6,offset,0.1,32,adaptation_mean,3.033313784748227,3.0328594322907314,0.0,0.0
6,offset,0.1,32,oracle_reference,0.09205695747179418,0.09166203177529085,0.9995304558900384,0.9567239540135474
6,offset,0.1,64,unadapted,1.5085348137108492,0.09166203177529084,0.9995304558900384,0.9567239540135475
6,offset,0.1,64,offset_calibrated,0.09269067895310115,0.09166203177529081,0.9995304558900384,0.9567239540135474
6,offset,0.1,64,adaptation_mean,3.037610948012315,3.0328594322907314,7.771561172376096e-16,3.3306690738754696e-16
6,offset,0.1,64,oracle_reference,0.09205695747179418,0.09166203177529085,0.9995304558900384,0.9567239540135474
6,offset,0.5,8,unadapted,1.5992599516890023,0.4583101588764539,0.9884133476012179,0.4694867119478252
6,offset,0.5,8,offset_calibrated,0.46020440402388274,0.458310158876454,0.988413347601218,0.46948671194782476
6,offset,0.5,8,adaptation_mean,3.0883747738590035,3.0686460988885007,-6.661338147750939e-16,-6.661338147750939e-16
6,offset,0.5,8,oracle_reference,0.4602847873589706,0.4583101588764539,0.988413347601218,0.4694867119478252
6,offset,0.5,16,unadapted,1.5992599516890023,0.4583101588764539,0.9884133476012179,0.4694867119478252
6,offset,0.5,16,offset_calibrated,0.46742780634589787,0.4583101588764539,0.988413347601218,0.4694867119478252
6,offset,0.5,16,adaptation_mean,3.075385838433162,3.0686460988885003,-6.661338147750939e-16,-2.220446049250313e-16
6,offset,0.5,16,oracle_reference,0.4602847873589706,0.4583101588764539,0.988413347601218,0.4694867119478252
6,offset,0.5,32,unadapted,1.5992599516890023,0.4583101588764539,0.9884133476012179,0.4694867119478252
6,offset,0.5,32,offset_calibrated,0.4622004943009475,0.4583101588764539,0.988413347601218,0.4694867119478252
6,offset,0.5,32,adaptation_mean,3.068768894153285,3.068646098888502,-6.661338147750939e-16,-6.661338147750939e-16
6,offset,0.5,32,oracle_reference,0.4602847873589706,0.4583101588764539,0.988413347601218,0.4694867119478252
6,offset,0.5,64,unadapted,1.5992599516890023,0.4583101588764539,0.9884133476012179,0.4694867119478252
6,offset,0.5,64,offset_calibrated,0.46345339476550457,0.4583101588764539,0.9884133476012179,0.46948671194782554
6,offset,0.5,64,adaptation_mean,3.0732890936176886,3.0686460988885007,-2.220446049250313e-16,-4.440892098500626e-16
6,offset,0.5,64,oracle_reference,0.4602847873589706,0.4583101588764539,0.988413347601218,0.4694867119478252
6,gain,0.0,8,unadapted,1.0595820052507252,1.05872391811732,0.9970251284582007,0.011934052260122785
6,gain,0.0,8,offset_calibrated,1.0684457310751572,1.05872391811732,0.9970251284582007,0.011934052260123007
6,gain,0.0,8,adaptation_mean,3.2011223187061963,3.1679370022481663,-4.440892098500626e-16,5.551115123125783e-16
6,gain,0.0,8,oracle_reference,0.0,5.329070518200751e-15,1.0,1.0
6,gain,0.0,16,unadapted,1.0595820052507252,1.05872391811732,0.9970251284582007,0.011934052260122785
6,gain,0.0,16,offset_calibrated,1.0599546564538427,1.0587239181173198,0.9970251284582007,0.011934052260123007
6,gain,0.0,16,adaptation_mean,3.1722436744146587,3.1679370022481668,2.220446049250313e-16,2.220446049250313e-16
6,gain,0.0,16,oracle_reference,0.0,5.329070518200751e-15,1.0,1.0
6,gain,0.0,32,unadapted,1.0595820052507252,1.05872391811732,0.9970251284582007,0.011934052260122785
6,gain,0.0,32,offset_calibrated,1.058939427686776,1.0587239181173196,0.9970251284582007,0.011934052260123784
6,gain,0.0,32,adaptation_mean,3.1685364089489543,3.1679370022481663,-2.220446049250313e-16,-2.220446049250313e-16
6,gain,0.0,32,oracle_reference,0.0,5.329070518200751e-15,1.0,1.0
6,gain,0.0,64,unadapted,1.0595820052507252,1.05872391811732,0.9970251284582007,0.011934052260122785
6,gain,0.0,64,offset_calibrated,1.0606749817071401,1.0587239181173196,0.9970251284582007,0.011934052260123784
6,gain,0.0,64,adaptation_mean,3.1747121278229633,3.1679370022481663,-4.440892098500626e-16,4.440892098500626e-16
6,gain,0.0,64,oracle_reference,0.0,5.329070518200751e-15,1.0,1.0
6,gain,0.1,8,unadapted,1.0610187349102802,1.0602849159414869,0.996659651124476,0.011951565835109479
6,gain,0.1,8,offset_calibrated,1.0690066235680222,1.060284915941487,0.996659651124476,0.011951565835108813
6,gain,0.1,8,adaptation_mean,3.2021773043216184,3.1700355596728076,0.0,-2.220446049250313e-16
6,gain,0.1,8,oracle_reference,0.09205695747179421,0.09166203177529086,0.9995706025808112,0.9963107340911076
6,gain,0.1,16,unadapted,1.0610187349102802,1.0602849159414869,0.996659651124476,0.011951565835109479
6,gain,0.1,16,offset_calibrated,1.0621152893932861,1.0602849159414864,0.996659651124476,0.01195156583510959
6,gain,0.1,16,adaptation_mean,3.1748836289740536,3.170035559672807,0.0,2.220446049250313e-16
6,gain,0.1,16,oracle_reference,0.09205695747179421,0.09166203177529086,0.9995706025808112,0.9963107340911076
6,gain,0.1,32,unadapted,1.0610187349102802,1.0602849159414869,0.996659651124476,0.011951565835109479
6,gain,0.1,32,offset_calibrated,1.0607508219796966,1.0602849159414873,0.996659651124476,0.011951565835108702
6,gain,0.1,32,adaptation_mean,3.1704492472117396,3.1700355596728067,3.3306690738754696e-16,-4.440892098500626e-16
6,gain,0.1,32,oracle_reference,0.09205695747179421,0.09166203177529086,0.9995706025808112,0.9963107340911076
6,gain,0.1,64,unadapted,1.0610187349102802,1.0602849159414869,0.996659651124476,0.011951565835109479
6,gain,0.1,64,offset_calibrated,1.0618881105275482,1.060284915941487,0.996659651124476,0.011951565835108813
6,gain,0.1,64,adaptation_mean,3.1766558782027197,3.170035559672807,3.3306690738754696e-16,5.551115123125783e-16
6,gain,0.1,64,oracle_reference,0.09205695747179421,0.09166203177529086,0.9995706025808112,0.9963107340911076
6,gain,0.5,8,unadapted,1.1439735043033283,1.1430497941242397,0.9867559700372448,0.01119506612661103
6,gain,0.5,8,offset_calibrated,1.1480654639516668,1.1430497941242397,0.9867559700372448,0.011195066126611586
6,gain,0.5,8,adaptation_mean,3.2347615254831776,3.206789986462132,-2.220446049250313e-16,3.3306690738754696e-16
6,gain,0.5,8,oracle_reference,0.4602847873589705,0.4583101588764539,0.9893897003872263,0.9140494691381555
6,gain,0.5,16,unadapted,1.1439735043033283,1.1430497941242397,0.9867559700372448,0.01119506612661103
6,gain,0.5,16,offset_calibrated,1.1500735916321094,1.14304979412424,0.9867559700372448,0.011195066126611253
6,gain,0.5,16,adaptation_mean,3.2150434836646338,3.206789986462132,-4.440892098500626e-16,8.881784197001252e-16
6,gain,0.5,16,oracle_reference,0.4602847873589705,0.4583101588764539,0.9893897003872263,0.9140494691381555
6,gain,0.5,32,unadapted,1.1439735043033283,1.1430497941242397,0.9867559700372448,0.01119506612661103
6,gain,0.5,32,offset_calibrated,1.1457513859247892,1.1430497941242395,0.9867559700372448,0.01119506612661203
6,gain,0.5,32,adaptation_mean,3.207091588184805,3.206789986462132,-8.881784197001252e-16,0.0
6,gain,0.5,32,oracle_reference,0.4602847873589705,0.4583101588764539,0.9893897003872263,0.9140494691381555
6,gain,0.5,64,unadapted,1.1439735043033283,1.1430497941242397,0.9867559700372448,0.01119506612661103
6,gain,0.5,64,offset_calibrated,1.1450243481522888,1.14304979412424,0.9867559700372448,0.011195066126611586
6,gain,0.5,64,adaptation_mean,3.21350674274802,3.206789986462132,-4.440892098500626e-16,5.551115123125783e-16
6,gain,0.5,64,oracle_reference,0.4602847873589705,0.4583101588764539,0.9893897003872263,0.9140494691381555
6,nonlinear,0.0,8,unadapted,0.6468806057975036,0.6459112590338729,1.0,-1.396041156261488
6,nonlinear,0.0,8,offset_calibrated,0.7440224626543881,0.6459112590338729,1.0,-1.396041156261488
6,nonlinear,0.0,8,adaptation_mean,3.0631482175936298,3.0354791632829032,0.0,-2.220446049250313e-16
6,nonlinear,0.0,8,oracle_reference,0.0,0.0,1.0,1.0
6,nonlinear,0.0,16,unadapted,0.6468806057975036,0.6459112590338729,1.0,-1.396041156261488
6,nonlinear,0.0,16,offset_calibrated,0.6622817118578287,0.6459112590338728,1.0,-1.396041156261488
6,nonlinear,0.0,16,adaptation_mean,3.037699442967917,3.0354791632829032,4.440892098500626e-16,3.3306690738754696e-16
6,nonlinear,0.0,16,oracle_reference,0.0,0.0,1.0,1.0
6,nonlinear,0.0,32,unadapted,0.6468806057975036,0.6459112590338729,1.0,-1.396041156261488
6,nonlinear,0.0,32,offset_calibrated,0.6506091363923807,0.6459112590338728,1.0,-1.3960411562614872
6,nonlinear,0.0,32,adaptation_mean,3.035542015155117,3.0354791632829037,4.440892098500626e-16,0.0
6,nonlinear,0.0,32,oracle_reference,0.0,0.0,1.0,1.0
6,nonlinear,0.0,64,unadapted,0.6468806057975036,0.6459112590338729,1.0,-1.396041156261488
6,nonlinear,0.0,64,offset_calibrated,0.6652540801764499,0.6459112590338727,1.0,-1.3960411562614876
6,nonlinear,0.0,64,adaptation_mean,3.0396256036238745,3.0354791632829046,-2.220446049250313e-16,-2.220446049250313e-16
6,nonlinear,0.0,64,oracle_reference,0.0,0.0,1.0,1.0
6,nonlinear,0.1,8,unadapted,0.6545512910733269,0.6532005022189811,0.9995304558900384,-1.3553664691194007
6,nonlinear,0.1,8,offset_calibrated,0.7531903847980596,0.6532005022189811,0.9995304558900384,-1.3553664691194012
6,nonlinear,0.1,8,adaptation_mean,3.0652150617636824,3.0379225791459303,-4.440892098500626e-16,1.1102230246251565e-16
6,nonlinear,0.1,8,oracle_reference,0.0920569574717942,0.09166203177529084,0.9995304558900384,0.9768910418607983
6,nonlinear,0.1,16,unadapted,0.6545512910733269,0.6532005022189811,0.9995304558900384,-1.3553664691194007
6,nonlinear,0.1,16,offset_calibrated,0.6704260630468153,0.653200502218981,0.9995304558900384,-1.3553664691193994
6,nonlinear,0.1,16,adaptation_mean,3.0408758867146055,3.0379225791459294,4.440892098500626e-16,1.1102230246251565e-16
6,nonlinear,0.1,16,oracle_reference,0.0920569574717942,0.09166203177529084,0.9995304558900384,0.9768910418607983
6,nonlinear,0.1,32,unadapted,0.6545512910733269,0.6532005022189811,0.9995304558900384,-1.3553664691194007
6,nonlinear,0.1,32,offset_calibrated,0.6590674915796224,0.6532005022189813,0.9995304558900384,-1.355366469119403
6,nonlinear,0.1,32,adaptation_mean,3.038032950081674,3.03792257914593,-4.440892098500626e-16,0.0
6,nonlinear,0.1,32,oracle_reference,0.0920569574717942,0.09166203177529084,0.9995304558900384,0.9768910418607983
6,nonlinear,0.1,64,unadapted,0.6545512910733269,0.6532005022189811,0.9995304558900384,-1.3553664691194007
6,nonlinear,0.1,64,offset_calibrated,0.6754771946823643,0.6532005022189812,0.9995304558900384,-1.3553664691194016
6,nonlinear,0.1,64,adaptation_mean,3.0426268503199942,3.0379225791459312,4.440892098500626e-16,0.0
6,nonlinear,0.1,64,oracle_reference,0.0920569574717942,0.09166203177529084,0.9995304558900384,0.9768910418607983
6,nonlinear,0.5,8,unadapted,0.7987673868954042,0.795466720512046,0.988413347601218,-0.8584270980050324
6,nonlinear,0.5,8,offset_calibrated,0.8896348495965143,0.7954667205120459,0.988413347601218,-0.858427098005031
6,nonlinear,0.5,8,adaptation_mean,3.10089170379662,3.0751204160051238,2.220446049250313e-16,2.220446049250313e-16
6,nonlinear,0.5,8,oracle_reference,0.4602847873589706,0.458310158876454,0.988413347601218,0.6339918605385271
6,nonlinear,0.5,16,unadapted,0.7987673868954042,0.795466720512046,0.988413347601218,-0.8584270980050324
6,nonlinear,0.5,16,offset_calibrated,0.8172684566429571,0.795466720512046,0.988413347601218,-0.8584270980050324
6,nonlinear,0.5,16,adaptation_mean,3.082039703180955,3.0751204160051233,0.0,2.220446049250313e-16
6,nonlinear,0.5,16,oracle_reference,0.4602847873589706,0.458310158876454,0.988413347601218,0.6339918605385271
6,nonlinear,0.5,32,unadapted,0.7987673868954042,0.795466720512046,0.988413347601218,-0.8584270980050324
6,nonlinear,0.5,32,offset_calibrated,0.806077769284461,0.795466720512046,0.988413347601218,-0.8584270980050328
6,nonlinear,0.5,32,adaptation_mean,3.0758980760284746,3.075120416005123,-6.661338147750939e-16,4.440892098500626e-16
6,nonlinear,0.5,32,oracle_reference,0.4602847873589706,0.458310158876454,0.988413347601218,0.6339918605385271
6,nonlinear,0.5,64,unadapted,0.7987673868954042,0.795466720512046,0.988413347601218,-0.8584270980050324
6,nonlinear,0.5,64,offset_calibrated,0.8265158643230031,0.795466720512046,0.988413347601218,-0.8584270980050319
6,nonlinear,0.5,64,adaptation_mean,3.082594489083944,3.0751204160051238,3.3306690738754696e-16,0.0
6,nonlinear,0.5,64,oracle_reference,0.4602847873589706,0.458310158876454,0.988413347601218,0.6339918605385271
7,none,0.0,8,unadapted,0.0,7.105427357601002e-15,1.0,1.0
7,none,0.0,8,offset_calibrated,0.0,7.105427357601002e-15,1.0,1.0
7,none,0.0,8,adaptation_mean,3.1506248873660674,3.0308074461236227,7.771561172376096e-16,7.771561172376096e-16
7,none,0.0,8,oracle_reference,0.0,0.0,1.0,1.0
7,none,0.0,16,unadapted,0.0,7.105427357601002e-15,1.0,1.0
7,none,0.0,16,offset_calibrated,0.0,7.105427357601002e-15,1.0,1.0
7,none,0.0,16,adaptation_mean,3.0414356210409483,3.030807446123623,4.440892098500626e-16,4.440892098500626e-16
7,none,0.0,16,oracle_reference,0.0,0.0,1.0,1.0
7,none,0.0,32,unadapted,0.0,7.105427357601002e-15,1.0,1.0
7,none,0.0,32,offset_calibrated,0.0,7.105427357601002e-15,1.0,1.0
7,none,0.0,32,adaptation_mean,3.0857334808638193,3.0308074461236227,0.0,5.551115123125783e-16
7,none,0.0,32,oracle_reference,0.0,0.0,1.0,1.0
7,none,0.0,64,unadapted,0.0,7.105427357601002e-15,1.0,1.0
7,none,0.0,64,offset_calibrated,0.0,7.105427357601002e-15,1.0,1.0
7,none,0.0,64,adaptation_mean,3.0625953451239436,3.030807446123623,4.440892098500626e-16,7.771561172376096e-16
7,none,0.0,64,oracle_reference,0.0,0.0,1.0,1.0
7,none,0.1,8,unadapted,0.09871741106223769,0.09837121380277788,0.9995129685842131,0.9459286844935139
7,none,0.1,8,offset_calibrated,0.10498215844687768,0.09837121380277809,0.9995129685842131,0.9459286844935136
7,none,0.1,8,adaptation_mean,3.1740998596480248,3.045662986338411,-2.220446049250313e-16,4.440892098500626e-16
7,none,0.1,8,oracle_reference,0.09871741106223769,0.09837121380277788,0.9995129685842131,0.9459286844935139
7,none,0.1,16,unadapted,0.09871741106223769,0.09837121380277788,0.9995129685842131,0.9459286844935139
7,none,0.1,16,offset_calibrated,0.10354765362870012,0.09837121380277788,0.9995129685842131,0.945928684493514
7,none,0.1,16,adaptation_mean,3.0587445318788156,3.045662986338412,-2.220446049250313e-16,-2.220446049250313e-16
7,none,0.1,16,oracle_reference,0.09871741106223769,0.09837121380277788,0.9995129685842131,0.9459286844935139
7,none,0.1,32,unadapted,0.09871741106223769,0.09837121380277788,0.9995129685842131,0.9459286844935139
7,none,0.1,32,offset_calibrated,0.09985807012419937,0.09837121380277816,0.9995129685842131,0.9459286844935136
7,none,0.1,32,adaptation_mean,3.1032605722400373,3.045662986338412,0.0,0.0
7,none,0.1,32,oracle_reference,0.09871741106223769,0.09837121380277788,0.9995129685842131,0.9459286844935139
7,none,0.1,64,unadapted,0.09871741106223769,0.09837121380277788,0.9995129685842131,0.9459286844935139
7,none,0.1,64,offset_calibrated,0.09864137311676852,0.0983712138027779,0.9995129685842131,0.9459286844935139
7,none,0.1,64,adaptation_mean,3.0775645683133614,3.0456629863384115,2.220446049250313e-16,-2.220446049250313e-16
7,none,0.1,64,oracle_reference,0.09871741106223769,0.09837121380277788,0.9995129685842131,0.9459286844935139
7,none,0.5,8,unadapted,0.4935870553111885,0.4918560690138897,0.9883629643480737,0.4242883046846231
7,none,0.5,8,offset_calibrated,0.5249107922343873,0.4918560690138898,0.9883629643480737,0.42428830468462286
7,none,0.5,8,adaptation_mean,3.300651268539296,3.135805459568762,0.0,2.220446049250313e-16
7,none,0.5,8,oracle_reference,0.4935870553111885,0.4918560690138897,0.9883629643480737,0.4242883046846231
7,none,0.5,16,unadapted,0.4935870553111885,0.4918560690138897,0.9883629643480737,0.4242883046846231
7,none,0.5,16,offset_calibrated,0.5177382681434992,0.4918560690138896,0.9883629643480737,0.4242883046846231
7,none,0.5,16,adaptation_mean,3.161938428960294,3.1358054595687626,0.0,3.3306690738754696e-16
7,none,0.5,16,oracle_reference,0.4935870553111885,0.4918560690138897,0.9883629643480737,0.4242883046846231
7,none,0.5,32,unadapted,0.4935870553111885,0.4918560690138897,0.9883629643480737,0.4242883046846231
7,none,0.5,32,offset_calibrated,0.4992903506209956,0.49185606901388984,0.9883629643480737,0.42428830468462286
7,none,0.5,32,adaptation_mean,3.2041644770691438,3.135805459568762,0.0,5.551115123125783e-16
7,none,0.5,32,oracle_reference,0.4935870553111885,0.4918560690138897,0.9883629643480737,0.4242883046846231
7,none,0.5,64,unadapted,0.4935870553111885,0.4918560690138897,0.9883629643480737,0.4242883046846231
7,none,0.5,64,offset_calibrated,0.4932068655838428,0.4918560690138896,0.9883629643480737,0.4242883046846231
7,none,0.5,64,adaptation_mean,3.167996119797765,3.135805459568761,0.0,3.3306690738754696e-16
7,none,0.5,64,oracle_reference,0.4935870553111885,0.4918560690138897,0.9883629643480737,0.4242883046846231
7,offset,0.0,8,unadapted,1.5,7.129549699527932e-15,1.0,1.0
7,offset,0.0,8,offset_calibrated,0.0,7.105427357601002e-15,1.0,1.0
7,offset,0.0,8,adaptation_mean,3.1506248873660674,3.030807446123623,2.220446049250313e-16,5.551115123125783e-16
7,offset,0.0,8,oracle_reference,0.0,7.105427357601002e-15,1.0,1.0
7,offset,0.0,16,unadapted,1.5,7.129549699527932e-15,1.0,1.0
7,offset,0.0,16,offset_calibrated,0.0,7.105427357601002e-15,1.0,1.0
7,offset,0.0,16,adaptation_mean,3.0414356210409474,3.0308074461236236,0.0,1.1102230246251565e-16
7,offset,0.0,16,oracle_reference,0.0,7.105427357601002e-15,1.0,1.0
7,offset,0.0,32,unadapted,1.5,7.129549699527932e-15,1.0,1.0
7,offset,0.0,32,offset_calibrated,0.0,7.105427357601002e-15,1.0,1.0
7,offset,0.0,32,adaptation_mean,3.085733480863819,3.0308074461236227,-6.661338147750939e-16,1.1102230246251565e-16
7,offset,0.0,32,oracle_reference,0.0,7.105427357601002e-15,1.0,1.0
7,offset,0.0,64,unadapted,1.5,7.129549699527932e-15,1.0,1.0
7,offset,0.0,64,offset_calibrated,0.0,7.105427357601002e-15,1.0,1.0
7,offset,0.0,64,adaptation_mean,3.0625953451239427,3.0308074461236227,0.0,0.0
7,offset,0.0,64,oracle_reference,0.0,7.105427357601002e-15,1.0,1.0
7,offset,0.1,8,unadapted,1.4955112514585416,0.09837121380277787,0.9995129685842131,0.945928684493514
7,offset,0.1,8,offset_calibrated,0.10498215844687764,0.09837121380277801,0.9995129685842131,0.9459286844935137
7,offset,0.1,8,adaptation_mean,3.1740998596480257,3.045662986338411,-6.661338147750939e-16,-2.220446049250313e-16
7,offset,0.1,8,oracle_reference,0.09871741106223766,0.09837121380277787,0.9995129685842131,0.945928684493514
7,offset,0.1,16,unadapted,1.4955112514585416,0.09837121380277787,0.9995129685842131,0.945928684493514
7,offset,0.1,16,offset_calibrated,0.10354765362870008,0.09837121380277786,0.9995129685842131,0.945928684493514
7,offset,0.1,16,adaptation_mean,3.0587445318788156,3.045662986338412,-2.220446049250313e-16,-4.440892098500626e-16
7,offset,0.1,16,oracle_reference,0.09871741106223766,0.09837121380277787,0.9995129685842131,0.945928684493514
7,offset,0.1,32,unadapted,1.4955112514585416,0.09837121380277787,0.9995129685842131,0.945928684493514
7,offset,0.1,32,offset_calibrated,0.09985807012419931,0.09837121380277791,0.9995129685842131,0.945928684493514
7,offset,0.1,32,adaptation_mean,3.1032605722400373,3.045662986338412,0.0,-2.220446049250313e-16
7,offset,0.1,32,oracle_reference,0.09871741106223766,0.09837121380277787,0.9995129685842131,0.945928684493514
7,offset,0.1,64,unadapted,1.4955112514585416,0.09837121380277787,0.9995129685842131,0.945928684493514
7,offset,0.1,64,offset_calibrated,0.09864137311676849,0.09837121380277786,0.9995129685842131,0.945928684493514
7,offset,0.1,64,adaptation_mean,3.077564568313361,3.0456629863384115,0.0,-2.220446049250313e-16
7,offset,0.1,64,oracle_reference,0.09871741106223766,0.09837121380277787,0.9995129685842131,0.945928684493514
7,offset,0.5,8,unadapted,1.545705202854022,0.49185606901388973,0.9883629643480737,0.4242883046846231
7,offset,0.5,8,offset_calibrated,0.5249107922343873,0.4918560690138898,0.9883629643480737,0.4242883046846231
7,offset,0.5,8,adaptation_mean,3.300651268539296,3.135805459568762,8.881784197001252e-16,5.551115123125783e-16
7,offset,0.5,8,oracle_reference,0.49358705531118857,0.49185606901388973,0.9883629643480737,0.4242883046846231
7,offset,0.5,16,unadapted,1.545705202854022,0.49185606901388973,0.9883629643480737,0.4242883046846231
7,offset,0.5,16,offset_calibrated,0.5177382681434992,0.49185606901388956,0.9883629643480737,0.424288304684623
7,offset,0.5,16,adaptation_mean,3.161938428960294,3.135805459568762,3.3306690738754696e-16,7.771561172376096e-16
7,offset,0.5,16,oracle_reference,0.49358705531118857,0.49185606901388973,0.9883629643480737,0.4242883046846231
7,offset,0.5,32,unadapted,1.545705202854022,0.49185606901388973,0.9883629643480737,0.4242883046846231
7,offset,0.5,32,offset_calibrated,0.4992903506209956,0.4918560690138897,0.9883629643480737,0.42428830468462275
7,offset,0.5,32,adaptation_mean,3.204164477069143,3.1358054595687626,3.3306690738754696e-16,1.1102230246251565e-16
7,offset,0.5,32,oracle_reference,0.49358705531118857,0.49185606901388973,0.9883629643480737,0.4242883046846231
7,offset,0.5,64,unadapted,1.545705202854022,0.49185606901388973,0.9883629643480737,0.4242883046846231
7,offset,0.5,64,offset_calibrated,0.4932068655838425,0.4918560690138894,0.9883629643480738,0.42428830468462364
7,offset,0.5,64,adaptation_mean,3.167996119797765,3.135805459568763,8.881784197001252e-16,7.771561172376096e-16
7,offset,0.5,64,oracle_reference,0.49358705531118857,0.49185606901388973,0.9883629643480737,0.4242883046846231
7,gain,0.0,8,unadapted,1.0595820052507252,1.05872391811732,0.9970251284582007,0.011934052260122785
7,gain,0.0,8,offset_calibrated,1.1004056337918489,1.0587239181173196,0.9970251284582007,0.011934052260123784
7,gain,0.0,8,adaptation_mean,3.2919645942304507,3.1679370022481668,-2.220446049250313e-16,0.0
7,gain,0.0,8,oracle_reference,0.0,5.329070518200751e-15,1.0,1.0
7,gain,0.0,16,unadapted,1.0595820052507252,1.05872391811732,0.9970251284582007,0.011934052260122785
7,gain,0.0,16,offset_calibrated,1.0624313298714412,1.0587239181173198,0.9970251284582007,0.011934052260123007
7,gain,0.0,16,adaptation_mean,3.179009439642761,3.1679370022481663,-2.220446049250313e-16,2.220446049250313e-16
7,gain,0.0,16,oracle_reference,0.0,5.329070518200751e-15,1.0,1.0
7,gain,0.0,32,unadapted,1.0595820052507252,1.05872391811732,0.9970251284582007,0.011934052260122785
7,gain,0.0,32,offset_calibrated,1.078011080282144,1.0587239181173198,0.9970251284582007,0.011934052260123007
7,gain,0.0,32,adaptation_mean,3.2260506887656604,3.167937002248167,2.220446049250313e-16,4.440892098500626e-16
7,gain,0.0,32,oracle_reference,0.0,5.329070518200751e-15,1.0,1.0
7,gain,0.0,64,unadapted,1.0595820052507252,1.05872391811732,0.9970251284582007,0.011934052260122785
7,gain,0.0,64,offset_calibrated,1.0700557477623607,1.0587239181173203,0.9970251284582007,0.011934052260122563
7,gain,0.0,64,adaptation_mean,3.202756751163001,3.1679370022481663,2.220446049250313e-16,5.551115123125783e-16
7,gain,0.0,64,oracle_reference,0.0,5.329070518200751e-15,1.0,1.0
7,gain,0.1,8,unadapted,1.0617432932662298,1.060900476700266,0.9961633061610803,0.013022853328620076
7,gain,0.1,8,offset_calibrated,1.1081839460122351,1.060900476700266,0.9961633061610803,0.013022853328620076
7,gain,0.1,8,adaptation_mean,3.315375994489161,3.1827768683316684,0.0,-4.440892098500626e-16
7,gain,0.1,8,oracle_reference,0.09871741106223769,0.09837121380277788,0.9995545218378762,0.9952803091122283
7,gain,0.1,16,unadapted,1.0617432932662298,1.060900476700266,0.9961633061610803,0.013022853328620076
7,gain,0.1,16,offset_calibrated,1.0666764958657031,1.060900476700266,0.9961633061610803,0.01302285332862052
7,gain,0.1,16,adaptation_mean,3.196253994642883,3.1827768683316675,3.3306690738754696e-16,5.551115123125783e-16
7,gain,0.1,16,oracle_reference,0.09871741106223769,0.09837121380277788,0.9995545218378762,0.9952803091122283
7,gain,0.1,32,unadapted,1.0617432932662298,1.060900476700266,0.9961633061610803,0.013022853328620076
7,gain,0.1,32,offset_calibrated,1.0820687680311254,1.0609004767002665,0.9961633061610803,0.013022853328619743
7,gain,0.1,32,adaptation_mean,3.2435521165895183,3.1827768683316684,-2.220446049250313e-16,4.440892098500626e-16
7,gain,0.1,32,oracle_reference,0.09871741106223769,0.09837121380277788,0.9995545218378762,0.9952803091122283
7,gain,0.1,64,unadapted,1.0617432932662298,1.060900476700266,0.9961633061610803,0.013022853328620076
7,gain,0.1,64,offset_calibrated,1.0732689997724123,1.060900476700266,0.9961633061610803,0.013022853328620299
7,gain,0.1,64,adaptation_mean,3.217712757430107,3.1827768683316684,-2.220446049250313e-16,4.440892098500626e-16
7,gain,0.1,64,oracle_reference,0.09871741106223769,0.09837121380277788,0.9995545218378762,0.9952803091122283
7,gain,0.5,8,unadapted,1.156941015054539,1.1555415649308558,0.9843903576689728,0.015868292860992117
7,gain,0.5,8,offset_calibrated,1.2284980612892153,1.1555415649308562,0.9843903576689728,0.015868292860991562
7,gain,0.5,8,adaptation_mean,3.4404946421870575,3.272394639069162,5.551115123125783e-16,-2.220446049250313e-16
7,gain,0.5,8,oracle_reference,0.4935870553111885,0.4918560690138897,0.989333607542682,0.8924818773540747
7,gain,0.5,16,unadapted,1.156941015054539,1.1555415649308558,0.9843903576689728,0.015868292860992117
7,gain,0.5,16,offset_calibrated,1.1764678240765136,1.1555415649308562,0.9843903576689728,0.015868292860992117
7,gain,0.5,16,adaptation_mean,3.297881395253832,3.2723946390691623,0.0,-6.661338147750939e-16
7,gain,0.5,16,oracle_reference,0.4935870553111885,0.4918560690138897,0.989333607542682,0.8924818773540747
7,gain,0.5,32,unadapted,1.156941015054539,1.1555415649308558,0.9843903576689728,0.015868292860992117
7,gain,0.5,32,offset_calibrated,1.1839479370938457,1.1555415649308558,0.9843903576689728,0.015868292860993005
7,gain,0.5,32,adaptation_mean,3.343762202798887,3.2723946390691627,-4.440892098500626e-16,0.0
7,gain,0.5,32,oracle_reference,0.4935870553111885,0.4918560690138897,0.989333607542682,0.8924818773540747
7,gain,0.5,64,unadapted,1.156941015054539,1.1555415649308558,0.9843903576689728,0.015868292860992117
7,gain,0.5,64,offset_calibrated,1.1712760567097562,1.1555415649308562,0.9843903576689728,0.01586829286099234
7,gain,0.5,64,adaptation_mean,3.307709345788478,3.2723946390691623,0.0,-4.440892098500626e-16
7,gain,0.5,64,oracle_reference,0.4935870553111885,0.4918560690138897,0.989333607542682,0.8924818773540747
7,nonlinear,0.0,8,unadapted,0.6468806057975036,0.6459112590338729,1.0,-1.396041156261488
7,nonlinear,0.0,8,offset_calibrated,0.6781595273844943,0.6459112590338729,1.0,-1.3960411562614885
7,nonlinear,0.0,8,adaptation_mean,3.1570590609132783,3.0354791632829037,5.551115123125783e-16,0.0
7,nonlinear,0.0,8,oracle_reference,0.0,0.0,1.0,1.0
7,nonlinear,0.0,16,unadapted,0.6468806057975036,0.6459112590338729,1.0,-1.396041156261488
7,nonlinear,0.0,16,offset_calibrated,0.6504203214667243,0.6459112590338727,1.0,-1.396041156261488
7,nonlinear,0.0,16,adaptation_mean,3.046533753592813,3.0354791632829032,4.440892098500626e-16,1.1102230246251565e-16
7,nonlinear,0.0,16,oracle_reference,0.0,0.0,1.0,1.0
7,nonlinear,0.0,32,unadapted,0.6468806057975036,0.6459112590338729,1.0,-1.396041156261488
7,nonlinear,0.0,32,offset_calibrated,0.6488317943156583,0.6459112590338728,1.0,-1.3960411562614885
7,nonlinear,0.0,32,adaptation_mean,3.0903621048500476,3.035479163282904,2.220446049250313e-16,-2.220446049250313e-16
7,nonlinear,0.0,32,oracle_reference,0.0,0.0,1.0,1.0
7,nonlinear,0.0,64,unadapted,0.6468806057975036,0.6459112590338729,1.0,-1.396041156261488
7,nonlinear,0.0,64,offset_calibrated,0.6461222490595089,0.6459112590338729,1.0,-1.3960411562614894
7,nonlinear,0.0,64,adaptation_mean,3.0671576138964793,3.035479163282904,5.551115123125783e-16,0.0
7,nonlinear,0.0,64,oracle_reference,0.0,0.0,1.0,1.0
7,nonlinear,0.1,8,unadapted,0.6514148756105913,0.6504872752735851,0.9995129685842131,-1.3676279359586219
7,nonlinear,0.1,8,offset_calibrated,0.6893443527213547,0.6504872752735851,0.9995129685842131,-1.3676279359586214
7,nonlinear,0.1,8,adaptation_mean,3.180768287560688,3.049916896118245,-2.220446049250313e-16,4.440892098500626e-16
7,nonlinear,0.1,8,oracle_reference,0.09871741106223769,0.09837121380277787,0.9995129685842131,0.9699910774393614
7,nonlinear,0.1,16,unadapted,0.6514148756105913,0.6504872752735851,0.9995129685842131,-1.3676279359586219
7,nonlinear,0.1,16,offset_calibrated,0.6580959805328701,0.6504872752735851,0.9995129685842131,-1.3676279359586228
7,nonlinear,0.1,16,adaptation_mean,3.0637148082842414,3.049916896118244,2.220446049250313e-16,4.440892098500626e-16
7,nonlinear,0.1,16,oracle_reference,0.09871741106223769,0.09837121380277787,0.9995129685842131,0.9699910774393614
7,nonlinear,0.1,32,unadapted,0.6514148756105913,0.6504872752735851,0.9995129685842131,-1.3676279359586219
7,nonlinear,0.1,32,offset_calibrated,0.6545135627127867,0.6504872752735852,0.9995129685842131,-1.367627935958624
7,nonlinear,0.1,32,adaptation_mean,3.1074932408165967,3.0499168961182446,2.220446049250313e-16,-2.220446049250313e-16
7,nonlinear,0.1,32,oracle_reference,0.09871741106223769,0.09837121380277787,0.9995129685842131,0.9699910774393614
7,nonlinear,0.1,64,unadapted,0.6514148756105913,0.6504872752735851,0.9995129685842131,-1.3676279359586219
7,nonlinear,0.1,64,offset_calibrated,0.6505541915114483,0.6504872752735851,0.9995129685842131,-1.3676279359586214
7,nonlinear,0.1,64,adaptation_mean,3.0815764799638496,3.049916896118244,2.220446049250313e-16,-2.220446049250313e-16
7,nonlinear,0.1,64,oracle_reference,0.09871741106223769,0.09837121380277787,0.9995129685842131,0.9699910774393614
7,nonlinear,0.5,8,unadapted,0.8018388937438614,0.8004444322578357,0.9883629643480737,-0.8062805305957226
7,nonlinear,0.5,8,offset_calibrated,0.8679339700656052,0.8004444322578355,0.9883629643480737,-0.8062805305957228
7,nonlinear,0.5,8,adaptation_mean,3.307483765114741,3.137971574752968,3.3306690738754696e-16,2.220446049250313e-16
7,nonlinear,0.5,8,oracle_reference,0.4935870553111885,0.4918560690138898,0.9883629643480737,0.5484906631895453
7,nonlinear,0.5,16,unadapted,0.8018388937438614,0.8004444322578357,0.9883629643480737,-0.8062805305957226
7,nonlinear,0.5,16,offset_calibrated,0.8291606586903151,0.8004444322578359,0.9883629643480737,-0.8062805305957232
7,nonlinear,0.5,16,adaptation_mean,3.165689273184683,3.137971574752968,-4.440892098500626e-16,0.0
7,nonlinear,0.5,16,oracle_reference,0.4935870553111885,0.4918560690138898,0.9883629643480737,0.5484906631895453
7,nonlinear,0.5,32,unadapted,0.8018388937438614,0.8004444322578357,0.9883629643480737,-0.8062805305957226
7,nonlinear,0.5,32,offset_calibrated,0.8108485679777659,0.8004444322578357,0.9883629643480737,-0.8062805305957226
7,nonlinear,0.5,32,adaptation_mean,3.2063761637936397,3.137971574752969,2.220446049250313e-16,5.551115123125783e-16
7,nonlinear,0.5,32,oracle_reference,0.4935870553111885,0.4918560690138898,0.9883629643480737,0.5484906631895453
7,nonlinear,0.5,64,unadapted,0.8018388937438614,0.8004444322578357,0.9883629643480737,-0.8062805305957226
7,nonlinear,0.5,64,offset_calibrated,0.8007086653919748,0.8004444322578357,0.9883629643480737,-0.8062805305957217
7,nonlinear,0.5,64,adaptation_mean,3.1694446105450904,3.137971574752968,0.0,3.3306690738754696e-16
7,nonlinear,0.5,64,oracle_reference,0.4935870553111885,0.4918560690138898,0.9883629643480737,0.5484906631895453
8,none,0.0,8,unadapted,0.0,7.105427357601002e-15,1.0,1.0
8,none,0.0,8,offset_calibrated,0.0,7.105427357601002e-15,1.0,1.0
8,none,0.0,8,adaptation_mean,3.419489658488672,3.0308074461236227,4.440892098500626e-16,5.551115123125783e-16
8,none,0.0,8,oracle_reference,0.0,0.0,1.0,1.0
8,none,0.0,16,unadapted,0.0,7.105427357601002e-15,1.0,1.0
8,none,0.0,16,offset_calibrated,0.0,7.105427357601002e-15,1.0,1.0
8,none,0.0,16,adaptation_mean,3.3932077137839283,3.0308074461236227,0.0,5.551115123125783e-16
8,none,0.0,16,oracle_reference,0.0,0.0,1.0,1.0
8,none,0.0,32,unadapted,0.0,7.105427357601002e-15,1.0,1.0
8,none,0.0,32,offset_calibrated,0.0,7.105427357601002e-15,1.0,1.0
8,none,0.0,32,adaptation_mean,3.1544336774887487,3.030807446123623,0.0,5.551115123125783e-16
8,none,0.0,32,oracle_reference,0.0,0.0,1.0,1.0
8,none,0.0,64,unadapted,0.0,7.105427357601002e-15,1.0,1.0
8,none,0.0,64,offset_calibrated,0.0,7.105427357601002e-15,1.0,1.0
8,none,0.0,64,adaptation_mean,3.1008497711971437,3.0308074461236236,5.551115123125783e-16,5.551115123125783e-16
8,none,0.0,64,oracle_reference,0.0,0.0,1.0,1.0
8,none,0.1,8,unadapted,0.10390197525857686,0.10358272721133188,0.9993709801587256,0.9474828669907502
8,none,0.1,8,offset_calibrated,0.10465414177713032,0.1035827272113319,0.9993709801587256,0.9474828669907501
8,none,0.1,8,adaptation_mean,3.4130542719816437,3.031211512322978,2.220446049250313e-16,0.0
8,none,0.1,8,oracle_reference,0.10390197525857686,0.10358272721133188,0.9993709801587256,0.9474828669907502
8,none,0.1,16,unadapted,0.10390197525857686,0.10358272721133188,0.9993709801587256,0.9474828669907502
8,none,0.1,16,offset_calibrated,0.10609841113487209,0.10358272721133188,0.9993709801587256,0.9474828669907502
8,none,0.1,16,adaptation_mean,3.387149318753866,3.0312115123229786,9.992007221626409e-16,-4.440892098500626e-16
8,none,0.1,16,oracle_reference,0.10390197525857686,0.10358272721133188,0.9993709801587256,0.9474828669907502
8,none,0.1,32,unadapted,0.10390197525857686,0.10358272721133188,0.9993709801587256,0.9474828669907502
8,none,0.1,32,offset_calibrated,0.10551224896711006,0.1035827272113319,0.9993709801587256,0.9474828669907502
8,none,0.1,32,adaptation_mean,3.1495087994705298,3.0312115123229786,0.0,-2.220446049250313e-16
8,none,0.1,32,oracle_reference,0.10390197525857686,0.10358272721133188,0.9993709801587256,0.9474828669907502
8,none,0.1,64,unadapted,0.10390197525857686,0.10358272721133188,0.9993709801587256,0.9474828669907502
8,none,0.1,64,offset_calibrated,0.10429174610050015,0.10358272721133191,0.9993709801587256,0.9474828669907501
8,none,0.1,64,adaptation_mean,3.098829580769795,3.0312115123229777,-2.220446049250313e-16,4.440892098500626e-16
8,none,0.1,64,oracle_reference,0.10390197525857686,0.10358272721133188,0.9993709801587256,0.9474828669907502
8,none,0.5,8,unadapted,0.5195098762928843,0.5179136360566594,0.9844565434630308,0.40727777565579093
8,none,0.5,8,offset_calibrated,0.5232707088856516,0.5179136360566594,0.9844565434630308,0.40727777565579126
8,none,0.5,8,adaptation_mean,3.4193040228073146,3.0678965526194446,0.0,0.0
8,none,0.5,8,oracle_reference,0.5195098762928843,0.5179136360566593,0.9844565434630308,0.40727777565579093
8,none,0.5,16,unadapted,0.5195098762928843,0.5179136360566594,0.9844565434630308,0.40727777565579093
8,none,0.5,16,offset_calibrated,0.5304920556743598,0.5179136360566594,0.9844565434630308,0.40727777565579093
8,none,0.5,16,adaptation_mean,3.395536605658215,3.0678965526194446,0.0,4.440892098500626e-16
8,none,0.5,16,oracle_reference,0.5195098762928843,0.5179136360566593,0.9844565434630308,0.40727777565579093
8,none,0.5,32,unadapted,0.5195098762928843,0.5179136360566594,0.9844565434630308,0.40727777565579093
8,none,0.5,32,offset_calibrated,0.52756124483555,0.5179136360566594,0.9844565434630308,0.40727777565579093
8,none,0.5,32,adaptation_mean,3.16491540996115,3.0678965526194446,-6.661338147750939e-16,1.1102230246251565e-16
8,none,0.5,32,oracle_reference,0.5195098762928843,0.5179136360566593,0.9844565434630308,0.40727777565579093
8,none,0.5,64,unadapted,0.5195098762928843,0.5179136360566594,0.9844565434630308,0.40727777565579093
8,none,0.5,64,offset_calibrated,0.5214587305025014,0.5179136360566594,0.9844565434630308,0.40727777565579093
8,none,0.5,64,adaptation_mean,3.125665154853667,3.067896552619445,2.220446049250313e-16,0.0
8,none,0.5,64,oracle_reference,0.5195098762928843,0.5179136360566593,0.9844565434630308,0.40727777565579093
8,offset,0.0,8,unadapted,1.5,7.129549699527932e-15,1.0,1.0
8,offset,0.0,8,offset_calibrated,0.0,7.105427357601002e-15,1.0,1.0
8,offset,0.0,8,adaptation_mean,3.4194896584886716,3.0308074461236227,-4.440892098500626e-16,5.551115123125783e-16
8,offset,0.0,8,oracle_reference,0.0,7.105427357601002e-15,1.0,1.0
8,offset,0.0,16,unadapted,1.5,7.129549699527932e-15,1.0,1.0
8,offset,0.0,16,offset_calibrated,0.0,7.105427357601002e-15,1.0,1.0
8,offset,0.0,16,adaptation_mean,3.3932077137839283,3.0308074461236227,2.220446049250313e-16,5.551115123125783e-16
8,offset,0.0,16,oracle_reference,0.0,7.105427357601002e-15,1.0,1.0
8,offset,0.0,32,unadapted,1.5,7.129549699527932e-15,1.0,1.0
8,offset,0.0,32,offset_calibrated,0.0,7.105427357601002e-15,1.0,1.0
8,offset,0.0,32,adaptation_mean,3.1544336774887487,3.0308074461236227,-8.881784197001252e-16,1.1102230246251565e-16
8,offset,0.0,32,oracle_reference,0.0,7.105427357601002e-15,1.0,1.0
8,offset,0.0,64,unadapted,1.5,7.129549699527932e-15,1.0,1.0
8,offset,0.0,64,offset_calibrated,0.0,7.105427357601002e-15,1.0,1.0
8,offset,0.0,64,adaptation_mean,3.1008497711971437,3.0308074461236227,2.220446049250313e-16,1.1102230246251565e-16
8,offset,0.0,64,oracle_reference,0.0,7.105427357601002e-15,1.0,1.0
8,offset,0.1,8,unadapted,1.5105476535128795,0.1035827272113319,0.9993709801587256,0.9474828669907502
8,offset,0.1,8,offset_calibrated,0.10465414177713034,0.10358272721133191,0.9993709801587256,0.9474828669907501
8,offset,0.1,8,adaptation_mean,3.413054271981644,3.0312115123229786,9.992007221626409e-16,-8.881784197001252e-16
8,offset,0.1,8,oracle_reference,0.10390197525857689,0.10358272721133191,0.9993709801587256,0.9474828669907501
8,offset,0.1,16,unadapted,1.5105476535128795,0.1035827272113319,0.9993709801587256,0.9474828669907502
8,offset,0.1,16,offset_calibrated,0.1060984111348721,0.1035827272113319,0.9993709801587256,0.9474828669907501
8,offset,0.1,16,adaptation_mean,3.3871493187538673,3.0312115123229786,-2.220446049250313e-16,-2.220446049250313e-16
8,offset,0.1,16,oracle_reference,0.10390197525857689,0.10358272721133191,0.9993709801587256,0.9474828669907501
8,offset,0.1,32,unadapted,1.5105476535128795,0.1035827272113319,0.9993709801587256,0.9474828669907502
8,offset,0.1,32,offset_calibrated,0.10551224896711009,0.10358272721133191,0.9993709801587256,0.9474828669907501
8,offset,0.1,32,adaptation_mean,3.1495087994705298,3.0312115123229786,-2.220446049250313e-16,3.3306690738754696e-16
8,offset,0.1,32,oracle_reference,0.10390197525857689,0.10358272721133191,0.9993709801587256,0.9474828669907501
8,offset,0.1,64,unadapted,1.5105476535128795,0.1035827272113319,0.9993709801587256,0.9474828669907502
8,offset,0.1,64,offset_calibrated,0.10429174610050018,0.10358272721133194,0.9993709801587256,0.9474828669907502
8,offset,0.1,64,adaptation_mean,3.098829580769795,3.0312115123229786,2.220446049250313e-16,3.3306690738754696e-16
8,offset,0.1,64,oracle_reference,0.10390197525857689,0.10358272721133191,0.9993709801587256,0.9474828669907501
8,offset,0.5,8,unadapted,1.624765432495464,0.5179136360566594,0.9844565434630308,0.40727777565579104
8,offset,0.5,8,offset_calibrated,0.5232707088856516,0.5179136360566594,0.9844565434630308,0.4072777756557908
8,offset,0.5,8,adaptation_mean,3.4193040228073146,3.0678965526194446,-6.661338147750939e-16,0.0
8,offset,0.5,8,oracle_reference,0.5195098762928843,0.5179136360566594,0.9844565434630308,0.40727777565579104
8,offset,0.5,16,unadapted,1.624765432495464,0.5179136360566594,0.9844565434630308,0.40727777565579104
8,offset,0.5,16,offset_calibrated,0.5304920556743598,0.5179136360566594,0.9844565434630308,0.4072777756557907
8,offset,0.5,16,adaptation_mean,3.395536605658215,3.0678965526194446,0.0,5.551115123125783e-16
8,offset,0.5,16,oracle_reference,0.5195098762928843,0.5179136360566594,0.9844565434630308,0.40727777565579104
8,offset,0.5,32,unadapted,1.624765432495464,0.5179136360566594,0.9844565434630308,0.40727777565579104
8,offset,0.5,32,offset_calibrated,0.52756124483555,0.5179136360566594,0.9844565434630308,0.4072777756557907
8,offset,0.5,32,adaptation_mean,3.1649154099611496,3.0678965526194446,-6.661338147750939e-16,7.771561172376096e-16
8,offset,0.5,32,oracle_reference,0.5195098762928843,0.5179136360566594,0.9844565434630308,0.40727777565579104
8,offset,0.5,64,unadapted,1.624765432495464,0.5179136360566594,0.9844565434630308,0.40727777565579104
8,offset,0.5,64,offset_calibrated,0.5214587305025014,0.5179136360566594,0.9844565434630308,0.4072777756557907
8,offset,0.5,64,adaptation_mean,3.125665154853667,3.0678965526194446,-2.220446049250313e-16,1.1102230246251565e-16
8,offset,0.5,64,oracle_reference,0.5195098762928843,0.5179136360566594,0.9844565434630308,0.40727777565579104
8,gain,0.0,8,unadapted,1.0595820052507252,1.05872391811732,0.9970251284582007,0.011934052260122785
8,gain,0.0,8,offset_calibrated,1.1924967022922375,1.0587239181173198,0.9970251284582007,0.01193405226012334
8,gain,0.0,8,adaptation_mean,3.5601913941615235,3.1679370022481663,-4.440892098500626e-16,4.440892098500626e-16
8,gain,0.0,8,oracle_reference,0.0,5.329070518200751e-15,1.0,1.0
8,gain,0.0,16,unadapted,1.0595820052507252,1.05872391811732,0.9970251284582007,0.011934052260122785
8,gain,0.0,16,offset_calibrated,1.1838493466718398,1.05872391811732,0.9970251284582007,0.011934052260123007
8,gain,0.0,16,adaptation_mean,3.5364546274053774,3.1679370022481663,-4.440892098500626e-16,0.0
8,gain,0.0,16,oracle_reference,0.0,5.329070518200751e-15,1.0,1.0
8,gain,0.0,32,unadapted,1.0595820052507252,1.05872391811732,0.9970251284582007,0.011934052260122785
8,gain,0.0,32,offset_calibrated,1.100890078266171,1.0587239181173198,0.9970251284582007,0.011934052260123007
8,gain,0.0,32,adaptation_mean,3.290023399378951,3.167937002248167,0.0,7.771561172376096e-16
8,gain,0.0,32,oracle_reference,0.0,5.329070518200751e-15,1.0,1.0
8,gain,0.0,64,unadapted,1.0595820052507252,1.05872391811732,0.9970251284582007,0.011934052260122785
8,gain,0.0,64,offset_calibrated,1.0826626469410525,1.05872391811732,0.9970251284582007,0.011934052260123007
8,gain,0.0,64,adaptation_mean,3.2374488489113658,3.1679370022481668,-6.661338147750939e-16,4.440892098500626e-16
8,gain,0.0,64,oracle_reference,0.0,5.329070518200751e-15,1.0,1.0
8,gain,0.1,8,unadapted,1.070916291548651,1.0701135929285626,0.9964537104713673,0.010806743401724828
8,gain,0.1,8,offset_calibrated,1.2034632072132658,1.0701135929285621,0.9964537104713673,0.010806743401725494
8,gain,0.1,8,adaptation_mean,3.5538235867249304,3.168425542322461,0.0,5.551115123125783e-16
8,gain,0.1,8,oracle_reference,0.10390197525857683,0.10358272721133185,0.9994248517200681,0.995600966743018
8,gain,0.1,16,unadapted,1.070916291548651,1.0701135929285626,0.9964537104713673,0.010806743401724828
8,gain,0.1,16,offset_calibrated,1.2024536833113035,1.0701135929285626,0.9964537104713673,0.01080674340172505
8,gain,0.1,16,adaptation_mean,3.5304889914109663,3.168425542322461,-4.440892098500626e-16,5.551115123125783e-16
8,gain,0.1,16,oracle_reference,0.10390197525857683,0.10358272721133185,0.9994248517200681,0.995600966743018
8,gain,0.1,32,unadapted,1.070916291548651,1.0701135929285626,0.9964537104713673,0.010806743401724828
8,gain,0.1,32,offset_calibrated,1.1139254227191375,1.0701135929285626,0.9964537104713673,0.010806743401724495
8,gain,0.1,32,adaptation_mean,3.285187517232277,3.1684255423224608,-4.440892098500626e-16,7.771561172376096e-16
8,gain,0.1,32,oracle_reference,0.10390197525857683,0.10358272721133185,0.9994248517200681,0.995600966743018
8,gain,0.1,64,unadapted,1.070916291548651,1.0701135929285626,0.9964537104713673,0.010806743401724828
8,gain,0.1,64,offset_calibrated,1.0934560471955956,1.0701135929285621,0.9964537104713673,0.010806743401725272
8,gain,0.1,64,adaptation_mean,3.2355054031600075,3.168425542322461,0.0,5.551115123125783e-16
8,gain,0.1,64,oracle_reference,0.10390197525857683,0.10358272721133185,0.9994248517200681,0.995600966743018
8,gain,0.5,8,unadapted,1.2086274096046328,1.207465129436223,0.9828508341756623,0.006107872111345669
8,gain,0.5,8,offset_calibrated,1.3309366694195268,1.2074651294362235,0.9828508341756623,0.006107872111345558
8,gain,0.5,8,adaptation_mean,3.5618987242768556,3.207283079862874,3.3306690738754696e-16,0.0
8,gain,0.5,8,oracle_reference,0.5195098762928843,0.5179136360566594,0.9857733936897071,0.9041743762078589
8,gain,0.5,16,unadapted,1.2086274096046328,1.207465129436223,0.9828508341756623,0.006107872111345669
8,gain,0.5,16,offset_calibrated,1.3594105486558785,1.2074651294362233,0.9828508341756623,0.006107872111346224
8,gain,0.5,16,adaptation_mean,3.541572798611602,3.207283079862874,-2.220446049250313e-16,3.3306690738754696e-16
8,gain,0.5,16,oracle_reference,0.5195098762928843,0.5179136360566594,0.9857733936897071,0.9041743762078589
8,gain,0.5,32,unadapted,1.2086274096046328,1.207465129436223,0.9828508341756623,0.006107872111345669
8,gain,0.5,32,offset_calibrated,1.2564193875096594,1.2074651294362229,0.9828508341756623,0.006107872111346668
8,gain,0.5,32,adaptation_mean,3.303003739726969,3.207283079862874,3.3306690738754696e-16,-4.440892098500626e-16
8,gain,0.5,32,oracle_reference,0.5195098762928843,0.5179136360566594,0.9857733936897071,0.9041743762078589
8,gain,0.5,64,unadapted,1.2086274096046328,1.207465129436223,0.9828508341756623,0.006107872111345669
8,gain,0.5,64,offset_calibrated,1.2278415528046716,1.207465129436223,0.9828508341756623,0.006107872111346557
8,gain,0.5,64,adaptation_mean,3.2643383613884227,3.207283079862874,-2.220446049250313e-16,0.0
8,gain,0.5,64,oracle_reference,0.5195098762928843,0.5179136360566594,0.9857733936897071,0.9041743762078589
8,nonlinear,0.0,8,unadapted,0.6468806057975036,0.6459112590338729,1.0,-1.396041156261488
8,nonlinear,0.0,8,offset_calibrated,0.7709918680632111,0.6459112590338729,1.0,-1.396041156261488
8,nonlinear,0.0,8,adaptation_mean,3.426946554081959,3.0354791632829037,5.551115123125783e-16,-2.220446049250313e-16
8,nonlinear,0.0,8,oracle_reference,0.0,0.0,1.0,1.0
8,nonlinear,0.0,16,unadapted,0.6468806057975036,0.6459112590338729,1.0,-1.396041156261488
8,nonlinear,0.0,16,offset_calibrated,0.6918259631729267,0.6459112590338727,1.0,-1.396041156261488
8,nonlinear,0.0,16,adaptation_mean,3.397097405751369,3.035479163282904,2.220446049250313e-16,-4.440892098500626e-16
8,nonlinear,0.0,16,oracle_reference,0.0,0.0,1.0,1.0
8,nonlinear,0.0,32,unadapted,0.6468806057975036,0.6459112590338729,1.0,-1.396041156261488
8,nonlinear,0.0,32,offset_calibrated,0.6709002479658495,0.6459112590338729,1.0,-1.396041156261488
8,nonlinear,0.0,32,adaptation_mean,3.158239134042472,3.035479163282904,0.0,-6.661338147750939e-16
8,nonlinear,0.0,32,oracle_reference,0.0,0.0,1.0,1.0
8,nonlinear,0.0,64,unadapted,0.6468806057975036,0.6459112590338729,1.0,-1.396041156261488
8,nonlinear,0.0,64,offset_calibrated,0.6591691488577189,0.6459112590338728,1.0,-1.396041156261488
8,nonlinear,0.0,64,adaptation_mean,3.105100212176205,3.0354791632829032,5.551115123125783e-16,-4.440892098500626e-16
8,nonlinear,0.0,64,oracle_reference,0.0,0.0,1.0,1.0
8,nonlinear,0.1,8,unadapted,0.6597104034492458,0.6584669757754946,0.9993709801587256,-1.3291699347026635
8,nonlinear,0.1,8,offset_calibrated,0.7822502677353742,0.6584669757754948,0.9993709801587256,-1.3291699347026649
8,nonlinear,0.1,8,adaptation_mean,3.4207713194591847,3.0362412854154535,5.551115123125783e-16,3.3306690738754696e-16
8,nonlinear,0.1,8,oracle_reference,0.10390197525857686,0.10358272721133188,0.9993709801587257,0.9726871888721496
8,nonlinear,0.1,16,unadapted,0.6597104034492458,0.6584669757754946,0.9993709801587256,-1.3291699347026635
8,nonlinear,0.1,16,offset_calibrated,0.7102435876091311,0.6584669757754948,0.9993709801587256,-1.3291699347026653
8,nonlinear,0.1,16,adaptation_mean,3.3917630083207264,3.036241285415454,9.992007221626409e-16,4.440892098500626e-16
8,nonlinear,0.1,16,oracle_reference,0.10390197525857686,0.10358272721133188,0.9993709801587257,0.9726871888721496
8,nonlinear,0.1,32,unadapted,0.6597104034492458,0.6584669757754946,0.9993709801587256,-1.3291699347026635
8,nonlinear,0.1,32,offset_calibrated,0.6847452215813167,0.6584669757754946,0.9993709801587256,-1.329169934702664
8,nonlinear,0.1,32,adaptation_mean,3.1537858287628096,3.0362412854154543,2.220446049250313e-16,-2.220446049250313e-16
8,nonlinear,0.1,32,oracle_reference,0.10390197525857686,0.10358272721133188,0.9993709801587257,0.9726871888721496
8,nonlinear,0.1,64,unadapted,0.6597104034492458,0.6584669757754946,0.9993709801587256,-1.3291699347026635
8,nonlinear,0.1,64,offset_calibrated,0.6710420030512605,0.6584669757754945,0.9993709801587256,-1.329169934702664
8,nonlinear,0.1,64,adaptation_mean,3.1033444942782644,3.0362412854154543,5.551115123125783e-16,-2.220446049250313e-16
8,nonlinear,0.1,64,oracle_reference,0.10390197525857686,0.10358272721133188,0.9993709801587257,0.9726871888721496
8,nonlinear,0.5,8,unadapted,0.8475290427322782,0.8448714128497954,0.9844565434630308,-0.7709064264346019
8,nonlinear,0.5,8,offset_calibrated,0.9489957752371458,0.8448714128497953,0.9844565434630309,-0.7709064264346035
8,nonlinear,0.5,8,adaptation_mean,3.4281884554875446,3.0743896346684334,2.220446049250313e-16,3.3306690738754696e-16
8,nonlinear,0.5,8,oracle_reference,0.5195098762928843,0.5179136360566593,0.9844565434630309,0.6108721597699999
8,nonlinear,0.5,16,unadapted,0.8475290427322782,0.8448714128497954,0.9844565434630308,-0.7709064264346019
8,nonlinear,0.5,16,offset_calibrated,0.912473594042335,0.8448714128497953,0.9844565434630308,-0.770906426434603
8,nonlinear,0.5,16,adaptation_mean,3.4033253583143788,3.0743896346684325,5.551115123125783e-16,2.220446049250313e-16
8,nonlinear,0.5,16,oracle_reference,0.5195098762928843,0.5179136360566593,0.9844565434630309,0.6108721597699999
8,nonlinear,0.5,32,unadapted,0.8475290427322782,0.8448714128497954,0.9844565434630308,-0.7709064264346019
8,nonlinear,0.5,32,offset_calibrated,0.8755116896626007,0.8448714128497952,0.9844565434630308,-0.7709064264346024
8,nonlinear,0.5,32,adaptation_mean,3.1712202727669814,3.074389634668433,-2.220446049250313e-16,1.2212453270876722e-15
8,nonlinear,0.5,32,oracle_reference,0.5195098762928843,0.5179136360566593,0.9844565434630309,0.6108721597699999
8,nonlinear,0.5,64,unadapted,0.8475290427322782,0.8448714128497954,0.9844565434630308,-0.7709064264346019
8,nonlinear,0.5,64,offset_calibrated,0.8551208872541605,0.8448714128497952,0.9844565434630308,-0.7709064264346017
8,nonlinear,0.5,64,adaptation_mean,3.131258579112721,3.074389634668433,0.0,2.220446049250313e-16
8,nonlinear,0.5,64,oracle_reference,0.5195098762928843,0.5179136360566593,0.9844565434630309,0.6108721597699999
9,none,0.0,8,unadapted,0.0,7.105427357601002e-15,1.0,1.0
9,none,0.0,8,offset_calibrated,0.0,7.105427357601002e-15,1.0,1.0
9,none,0.0,8,adaptation_mean,3.039691552046882,3.030807446123622,4.440892098500626e-16,1.1102230246251565e-16
9,none,0.0,8,oracle_reference,0.0,0.0,1.0,1.0
9,none,0.0,16,unadapted,0.0,7.105427357601002e-15,1.0,1.0
9,none,0.0,16,offset_calibrated,0.0,7.105427357601002e-15,1.0,1.0
9,none,0.0,16,adaptation_mean,3.318649175451019,3.0308074461236227,0.0,4.440892098500626e-16
9,none,0.0,16,oracle_reference,0.0,0.0,1.0,1.0
9,none,0.0,32,unadapted,0.0,7.105427357601002e-15,1.0,1.0
9,none,0.0,32,offset_calibrated,0.0,7.105427357601002e-15,1.0,1.0
9,none,0.0,32,adaptation_mean,3.1322311227108734,3.030807446123623,7.771561172376096e-16,7.771561172376096e-16
9,none,0.0,32,oracle_reference,0.0,0.0,1.0,1.0
9,none,0.0,64,unadapted,0.0,7.105427357601002e-15,1.0,1.0
9,none,0.0,64,offset_calibrated,0.0,7.105427357601002e-15,1.0,1.0
9,none,0.0,64,adaptation_mean,3.0992976878410134,3.0308074461236227,2.220446049250313e-16,5.551115123125783e-16
9,none,0.0,64,oracle_reference,0.0,0.0,1.0,1.0
9,none,0.1,8,unadapted,0.10805700206363433,0.10797578485124328,0.9993291281862662,0.9456160197156654
9,none,0.1,8,offset_calibrated,0.11001656214996429,0.10797578485124329,0.9993291281862662,0.9456160197156656
9,none,0.1,8,adaptation_mean,3.0429789541755143,3.0348062459726997,-6.661338147750939e-16,1.1102230246251565e-16
9,none,0.1,8,oracle_reference,0.10805700206363433,0.10797578485124326,0.9993291281862662,0.9456160197156654
9,none,0.1,16,unadapted,0.10805700206363433,0.10797578485124328,0.9993291281862662,0.9456160197156654
9,none,0.1,16,offset_calibrated,0.10930895329367568,0.10797578485124323,0.9993291281862662,0.9456160197156656
9,none,0.1,16,adaptation_mean,3.321276909140937,3.0348062459726983,-6.661338147750939e-16,1.1102230246251565e-16
9,none,0.1,16,oracle_reference,0.10805700206363433,0.10797578485124326,0.9993291281862662,0.9456160197156654
9,none,0.1,32,unadapted,0.10805700206363433,0.10797578485124328,0.9993291281862662,0.9456160197156654
9,none,0.1,32,offset_calibrated,0.10847438183778588,0.10797578485124328,0.9993291281862662,0.9456160197156654
9,none,0.1,32,adaptation_mean,3.1385358909980177,3.0348062459726988,-2.220446049250313e-16,1.1102230246251565e-16
9,none,0.1,32,oracle_reference,0.10805700206363433,0.10797578485124326,0.9993291281862662,0.9456160197156654
9,none,0.1,64,unadapted,0.10805700206363433,0.10797578485124328,0.9993291281862662,0.9456160197156654
9,none,0.1,64,offset_calibrated,0.10825286167882561,0.10797578485124323,0.9993291281862662,0.9456160197156654
9,none,0.1,64,adaptation_mean,3.103701957029968,3.034806245972698,-6.661338147750939e-16,5.551115123125783e-16
9,none,0.1,64,oracle_reference,0.10805700206363433,0.10797578485124326,0.9993291281862662,0.9456160197156654
9,none,0.5,8,unadapted,0.5402850103181718,0.5398789242562162,0.983549083959975,0.4571138782453201
9,none,0.5,8,offset_calibrated,0.5500828107498215,0.5398789242562161,0.983549083959975,0.4571138782453201
9,none,0.5,8,adaptation_mean,3.0954717485007874,3.088708795018543,2.220446049250313e-16,-2.220446049250313e-16
9,none,0.5,8,oracle_reference,0.5402850103181718,0.5398789242562161,0.983549083959975,0.4571138782453201
9,none,0.5,16,unadapted,0.5402850103181718,0.5398789242562162,0.983549083959975,0.4571138782453201
9,none,0.5,16,offset_calibrated,0.5465447664683782,0.5398789242562162,0.983549083959975,0.4571138782453199
9,none,0.5,16,adaptation_mean,3.3674161297472502,3.0887087950185435,3.3306690738754696e-16,-4.440892098500626e-16
9,none,0.5,16,oracle_reference,0.5402850103181718,0.5398789242562161,0.983549083959975,0.4571138782453201
9,none,0.5,32,unadapted,0.5402850103181718,0.5398789242562162,0.983549083959975,0.4571138782453201
9,none,0.5,32,offset_calibrated,0.5423719091889295,0.5398789242562162,0.983549083959975,0.4571138782453198
9,none,0.5,32,adaptation_mean,3.2005634883807206,3.0887087950185426,-2.220446049250313e-16,-6.661338147750939e-16
9,none,0.5,32,oracle_reference,0.5402850103181718,0.5398789242562161,0.983549083959975,0.4571138782453201
9,none,0.5,64,unadapted,0.5402850103181718,0.5398789242562162,0.983549083959975,0.4571138782453201
9,none,0.5,64,offset_calibrated,0.541264308394128,0.5398789242562161,0.983549083959975,0.4571138782453201
9,none,0.5,64,adaptation_mean,3.158580330263927,3.088708795018544,-6.661338147750939e-16,-2.220446049250313e-16
9,none,0.5,64,oracle_reference,0.5402850103181718,0.5398789242562161,0.983549083959975,0.4571138782453201
9,offset,0.0,8,unadapted,1.5,7.129549699527932e-15,1.0,1.0
9,offset,0.0,8,offset_calibrated,0.0,7.105427357601002e-15,1.0,1.0
9,offset,0.0,8,adaptation_mean,3.039691552046882,3.030807446123622,2.220446049250313e-16,-2.220446049250313e-16
9,offset,0.0,8,oracle_reference,0.0,7.105427357601002e-15,1.0,1.0
9,offset,0.0,16,unadapted,1.5,7.129549699527932e-15,1.0,1.0
9,offset,0.0,16,offset_calibrated,0.0,7.105427357601002e-15,1.0,1.0
9,offset,0.0,16,adaptation_mean,3.318649175451019,3.0308074461236227,-4.440892098500626e-16,1.1102230246251565e-16
9,offset,0.0,16,oracle_reference,0.0,7.105427357601002e-15,1.0,1.0
9,offset,0.0,32,unadapted,1.5,7.129549699527932e-15,1.0,1.0
9,offset,0.0,32,offset_calibrated,0.0,7.105427357601002e-15,1.0,1.0
9,offset,0.0,32,adaptation_mean,3.1322311227108734,3.0308074461236236,2.220446049250313e-16,1.1102230246251565e-16
9,offset,0.0,32,oracle_reference,0.0,7.105427357601002e-15,1.0,1.0
9,offset,0.0,64,unadapted,1.5,7.129549699527932e-15,1.0,1.0
9,offset,0.0,64,offset_calibrated,0.0,7.105427357601002e-15,1.0,1.0
9,offset,0.0,64,adaptation_mean,3.0992976878410126,3.0308074461236227,-6.661338147750939e-16,7.771561172376096e-16
9,offset,0.0,64,oracle_reference,0.0,7.105427357601002e-15,1.0,1.0
9,offset,0.1,8,unadapted,1.5003513816366745,0.10797578485124325,0.9993291281862662,0.9456160197156654
9,offset,0.1,8,offset_calibrated,0.1100165621499643,0.10797578485124325,0.9993291281862662,0.9456160197156654
9,offset,0.1,8,adaptation_mean,3.0429789541755143,3.034806245972699,-4.440892098500626e-16,2.220446049250313e-16
9,offset,0.1,8,oracle_reference,0.10805700206363435,0.10797578485124326,0.9993291281862662,0.9456160197156654
9,offset,0.1,16,unadapted,1.5003513816366745,0.10797578485124325,0.9993291281862662,0.9456160197156654
9,offset,0.1,16,offset_calibrated,0.10930895329367568,0.10797578485124323,0.9993291281862662,0.9456160197156654
9,offset,0.1,16,adaptation_mean,3.321276909140937,3.0348062459726988,0.0,0.0
9,offset,0.1,16,oracle_reference,0.10805700206363435,0.10797578485124326,0.9993291281862662,0.9456160197156654
9,offset,0.1,32,unadapted,1.5003513816366745,0.10797578485124325,0.9993291281862662,0.9456160197156654
9,offset,0.1,32,offset_calibrated,0.10847438183778589,0.10797578485124325,0.9993291281862662,0.9456160197156654
9,offset,0.1,32,adaptation_mean,3.1385358909980177,3.0348062459726997,0.0,0.0
9,offset,0.1,32,oracle_reference,0.10805700206363435,0.10797578485124326,0.9993291281862662,0.9456160197156654
9,offset,0.1,64,unadapted,1.5003513816366745,0.10797578485124325,0.9993291281862662,0.9456160197156654
9,offset,0.1,64,offset_calibrated,0.10825286167882561,0.10797578485124326,0.9993291281862662,0.9456160197156656
9,offset,0.1,64,adaptation_mean,3.103701957029968,3.034806245972699,0.0,-4.440892098500626e-16
9,offset,0.1,64,oracle_reference,0.10805700206363435,0.10797578485124326,0.9993291281862662,0.9456160197156654
9,offset,0.5,8,unadapted,1.5872961991339105,0.5398789242562161,0.983549083959975,0.4571138782453201
9,offset,0.5,8,offset_calibrated,0.5500828107498215,0.5398789242562162,0.983549083959975,0.45711387824532
9,offset,0.5,8,adaptation_mean,3.0954717485007874,3.088708795018543,-4.440892098500626e-16,-4.440892098500626e-16
9,offset,0.5,8,oracle_reference,0.5402850103181718,0.5398789242562161,0.983549083959975,0.4571138782453201
9,offset,0.5,16,unadapted,1.5872961991339105,0.5398789242562161,0.983549083959975,0.4571138782453201
9,offset,0.5,16,offset_calibrated,0.5465447664683781,0.5398789242562161,0.983549083959975,0.45711387824532
9,offset,0.5,16,adaptation_mean,3.3674161297472516,3.088708795018543,-2.220446049250313e-16,-2.220446049250313e-16
9,offset,0.5,16,oracle_reference,0.5402850103181718,0.5398789242562161,0.983549083959975,0.4571138782453201
9,offset,0.5,32,unadapted,1.5872961991339105,0.5398789242562161,0.983549083959975,0.4571138782453201
9,offset,0.5,32,offset_calibrated,0.5423719091889295,0.5398789242562161,0.983549083959975,0.45711387824532
9,offset,0.5,32,adaptation_mean,3.2005634883807197,3.088708795018543,-2.220446049250313e-16,0.0
9,offset,0.5,32,oracle_reference,0.5402850103181718,0.5398789242562161,0.983549083959975,0.4571138782453201
9,offset,0.5,64,unadapted,1.5872961991339105,0.5398789242562161,0.983549083959975,0.4571138782453201
9,offset,0.5,64,offset_calibrated,0.541264308394128,0.5398789242562162,0.983549083959975,0.4571138782453199
9,offset,0.5,64,adaptation_mean,3.158580330263927,3.0887087950185435,0.0,2.220446049250313e-16
9,offset,0.5,64,oracle_reference,0.5402850103181718,0.5398789242562161,0.983549083959975,0.4571138782453201
9,gain,0.0,8,unadapted,1.0595820052507252,1.05872391811732,0.9970251284582007,0.011934052260122785
9,gain,0.0,8,offset_calibrated,1.0617449223645192,1.0587239181173203,0.9970251284582007,0.011934052260122563
9,gain,0.0,8,adaptation_mean,3.176646283685999,3.1679370022481668,-4.440892098500626e-16,2.220446049250313e-16
9,gain,0.0,8,oracle_reference,0.0,5.329070518200751e-15,1.0,1.0
9,gain,0.0,16,unadapted,1.0595820052507252,1.05872391811732,0.9970251284582007,0.011934052260122785
9,gain,0.0,16,offset_calibrated,1.1590651161386165,1.0587239181173198,0.9970251284582007,0.011934052260123007
9,gain,0.0,16,adaptation_mean,3.467346967338889,3.1679370022481663,0.0,2.220446049250313e-16
9,gain,0.0,16,oracle_reference,0.0,5.329070518200751e-15,1.0,1.0
9,gain,0.0,32,unadapted,1.0595820052507252,1.05872391811732,0.9970251284582007,0.011934052260122785
9,gain,0.0,32,offset_calibrated,1.09378457424245,1.05872391811732,0.9970251284582007,0.011934052260123007
9,gain,0.0,32,adaptation_mean,3.271368447901927,3.1679370022481663,0.0,0.0
9,gain,0.0,32,oracle_reference,0.0,5.329070518200751e-15,1.0,1.0
9,gain,0.0,64,unadapted,1.0595820052507252,1.05872391811732,0.9970251284582007,0.011934052260122785
9,gain,0.0,64,offset_calibrated,1.0824165033926334,1.0587239181173196,0.9970251284582007,0.011934052260123784
9,gain,0.0,64,adaptation_mean,3.237898760771018,3.167937002248167,2.220446049250313e-16,4.440892098500626e-16
9,gain,0.0,64,oracle_reference,0.0,5.329070518200751e-15,1.0,1.0
9,gain,0.1,8,unadapted,1.0622537047842076,1.061410521251233,0.9961553260883098,0.01643171394222287
9,gain,0.1,8,offset_calibrated,1.066212589678613,1.061410521251233,0.9961553260883098,0.016431713942223314
9,gain,0.1,8,adaptation_mean,3.1801304152784935,3.172107737265372,0.0,0.0
9,gain,0.1,8,oracle_reference,0.10805700206363432,0.10797578485124323,0.9993866557532833,0.995060684885152
9,gain,0.1,16,unadapted,1.0622537047842076,1.061410521251233,0.9961553260883098,0.01643171394222287
9,gain,0.1,16,offset_calibrated,1.1685120044065722,1.0614105212512335,0.9961553260883098,0.016431713942222537
9,gain,0.1,16,adaptation_mean,3.4701427411668977,3.172107737265372,-1.3322676295501878e-15,-4.440892098500626e-16
9,gain,0.1,16,oracle_reference,0.10805700206363432,0.10797578485124323,0.9993866557532833,0.995060684885152
9,gain,0.1,32,unadapted,1.0622537047842076,1.061410521251233,0.9961553260883098,0.01643171394222287
9,gain,0.1,32,offset_calibrated,1.0952012610719302,1.061410521251233,0.9961553260883098,0.016431713942223314
9,gain,0.1,32,adaptation_mean,3.277841620915747,3.172107737265372,-4.440892098500626e-16,0.0
9,gain,0.1,32,oracle_reference,0.10805700206363432,0.10797578485124323,0.9993866557532833,0.995060684885152
9,gain,0.1,64,unadapted,1.0622537047842076,1.061410521251233,0.9961553260883098,0.01643171394222287
9,gain,0.1,64,offset_calibrated,1.086553741889964,1.0614105212512328,0.9961553260883098,0.01643171394222409
9,gain,0.1,64,adaptation_mean,3.242469707998973,3.1721077372653714,0.0,-2.220446049250313e-16
9,gain,0.1,64,oracle_reference,0.10805700206363432,0.10797578485124323,0.9993866557532833,0.995060684885152
9,gain,0.5,8,unadapted,1.1789948502076142,1.178127107659927,0.9807529137193062,0.031182113905210085
9,gain,0.5,8,offset_calibrated,1.1928812770170905,1.1781271076599271,0.9807529137193062,0.031182113905209752
9,gain,0.5,8,adaptation_mean,3.236949000287107,3.2297046763722705,-8.881784197001252e-16,-2.220446049250313e-16
9,gain,0.5,8,oracle_reference,0.5402850103181718,0.5398789242562161,0.9849505008374262,0.8884620196822293
9,gain,0.5,16,unadapted,1.1789948502076142,1.178127107659927,0.9807529137193062,0.031182113905210085
9,gain,0.5,16,offset_calibrated,1.3029102933886976,1.1781271076599271,0.9807529137193062,0.031182113905210307
9,gain,0.5,16,adaptation_mean,3.5202514020156634,3.22970467637227,0.0,-8.881784197001252e-16
9,gain,0.5,16,oracle_reference,0.5402850103181718,0.5398789242562161,0.9849505008374262,0.8884620196822293
9,gain,0.5,32,unadapted,1.1789948502076142,1.178127107659927,0.9807529137193062,0.031182113905210085
9,gain,0.5,32,offset_calibrated,1.205571199375824,1.178127107659927,0.9807529137193062,0.031182113905209752
9,gain,0.5,32,adaptation_mean,3.3434243401121337,3.229704676372271,-4.440892098500626e-16,0.0
9,gain,0.5,32,oracle_reference,0.5402850103181718,0.5398789242562161,0.9849505008374262,0.8884620196822293
9,gain,0.5,64,unadapted,1.1789948502076142,1.178127107659927,0.9807529137193062,0.031182113905210085
9,gain,0.5,64,offset_calibrated,1.2067457742294936,1.1781271076599271,0.9807529137193062,0.031182113905209974
9,gain,0.5,64,adaptation_mean,3.3010015732817237,3.2297046763722705,-4.440892098500626e-16,2.220446049250313e-16
9,gain,0.5,64,oracle_reference,0.5402850103181718,0.5398789242562161,0.9849505008374262,0.8884620196822293
9,nonlinear,0.0,8,unadapted,0.6468806057975036,0.6459112590338729,1.0,-1.396041156261488
9,nonlinear,0.0,8,offset_calibrated,0.6469478237085414,0.6459112590338728,1.0,-1.396041156261489
9,nonlinear,0.0,8,adaptation_mean,3.0442791638074502,3.035479163282904,4.440892098500626e-16,0.0
9,nonlinear,0.0,8,oracle_reference,0.0,0.0,1.0,1.0
9,nonlinear,0.0,16,unadapted,0.6468806057975036,0.6459112590338729,1.0,-1.396041156261488
9,nonlinear,0.0,16,offset_calibrated,0.6798554152244907,0.6459112590338729,1.0,-1.396041156261488
9,nonlinear,0.0,16,adaptation_mean,3.3236786409313313,3.0354791632829032,0.0,0.0
9,nonlinear,0.0,16,oracle_reference,0.0,0.0,1.0,1.0
9,nonlinear,0.0,32,unadapted,0.6468806057975036,0.6459112590338729,1.0,-1.396041156261488
9,nonlinear,0.0,32,offset_calibrated,0.6586572429077345,0.6459112590338729,1.0,-1.3960411562614894
9,nonlinear,0.0,32,adaptation_mean,3.1367371802891566,3.0354791632829037,5.551115123125783e-16,4.440892098500626e-16
9,nonlinear,0.0,32,oracle_reference,0.0,0.0,1.0,1.0
9,nonlinear,0.0,64,unadapted,0.6468806057975036,0.6459112590338729,1.0,-1.396041156261488
9,nonlinear,0.0,64,offset_calibrated,0.6542879949217695,0.6459112590338727,1.0,-1.396041156261488
9,nonlinear,0.0,64,adaptation_mean,3.1038710707138915,3.0354791632829037,2.220446049250313e-16,0.0
9,nonlinear,0.0,64,oracle_reference,0.0,0.0,1.0,1.0
9,nonlinear,0.1,8,unadapted,0.6478151030961801,0.6468774531585089,0.9993291281862662,-1.3649133811634164
9,nonlinear,0.1,8,offset_calibrated,0.649372154558749,0.6468774531585086,0.9993291281862662,-1.3649133811634142
9,nonlinear,0.1,8,adaptation_mean,3.0463007154115527,3.038103341368876,-6.661338147750939e-16,1.1102230246251565e-16
9,nonlinear,0.1,8,oracle_reference,0.10805700206363433,0.10797578485124325,0.9993291281862662,0.9681068384340394
9,nonlinear,0.1,16,unadapted,0.6478151030961801,0.6468774531585089,0.9993291281862662,-1.3649133811634164
9,nonlinear,0.1,16,offset_calibrated,0.6862329556883173,0.6468774531585089,0.9993291281862662,-1.3649133811634138
9,nonlinear,0.1,16,adaptation_mean,3.32547848405565,3.038103341368876,-6.661338147750939e-16,3.3306690738754696e-16
9,nonlinear,0.1,16,oracle_reference,0.10805700206363433,0.10797578485124325,0.9993291281862662,0.9681068384340394
9,nonlinear,0.1,32,unadapted,0.6478151030961801,0.6468774531585089,0.9993291281862662,-1.3649133811634164
9,nonlinear,0.1,32,offset_calibrated,0.6587980668254312,0.6468774531585086,0.9993291281862662,-1.3649133811634142
9,nonlinear,0.1,32,adaptation_mean,3.1416434067894943,3.038103341368876,-2.220446049250313e-16,1.1102230246251565e-16
9,nonlinear,0.1,32,oracle_reference,0.10805700206363433,0.10797578485124325,0.9993291281862662,0.9681068384340394
9,nonlinear,0.1,64,unadapted,0.6478151030961801,0.6468774531585089,0.9993291281862662,-1.3649133811634164
9,nonlinear,0.1,64,offset_calibrated,0.6564361035718462,0.6468774531585089,0.9993291281862662,-1.364913381163416
9,nonlinear,0.1,64,adaptation_mean,3.1070406761624567,3.038103341368875,-6.661338147750939e-16,1.1102230246251565e-16
9,nonlinear,0.1,64,oracle_reference,0.10805700206363433,0.10797578485124325,0.9993291281862662,0.9681068384340394
9,nonlinear,0.5,8,unadapted,0.8110802954147702,0.8101904462945495,0.983549083959975,-0.7594747636194437
9,nonlinear,0.5,8,offset_calibrated,0.8222200451022699,0.8101904462945494,0.983549083959975,-0.7594747636194448
9,nonlinear,0.5,8,adaptation_mean,3.09427722389561,3.086940268368073,-2.220446049250313e-16,-6.661338147750939e-16
9,nonlinear,0.5,8,oracle_reference,0.5402850103181718,0.5398789242562161,0.983549083959975,0.5148244909262862
9,nonlinear,0.5,16,unadapted,0.8110802954147702,0.8101904462945495,0.983549083959975,-0.7594747636194437
9,nonlinear,0.5,16,offset_calibrated,0.8628173939754238,0.8101904462945493,0.983549083959975,-0.7594747636194448
9,nonlinear,0.5,16,adaptation_mean,3.368884025268878,3.086940268368073,2.220446049250313e-16,0.0
9,nonlinear,0.5,16,oracle_reference,0.5402850103181718,0.5398789242562161,0.983549083959975,0.5148244909262862
9,nonlinear,0.5,32,unadapted,0.8110802954147702,0.8101904462945495,0.983549083959975,-0.7594747636194437
9,nonlinear,0.5,32,offset_calibrated,0.8186258765351717,0.8101904462945493,0.983549083959975,-0.7594747636194432
9,nonlinear,0.5,32,adaptation_mean,3.1985442534396715,3.0869402683680724,-6.661338147750939e-16,-2.220446049250313e-16
9,nonlinear,0.5,32,oracle_reference,0.5402850103181718,0.5398789242562161,0.983549083959975,0.5148244909262862
9,nonlinear,0.5,64,unadapted,0.8110802954147702,0.8101904462945495,0.983549083959975,-0.7594747636194437
9,nonlinear,0.5,64,offset_calibrated,0.8224363535465884,0.8101904462945493,0.983549083959975,-0.7594747636194445
9,nonlinear,0.5,64,adaptation_mean,3.157429791938255,3.086940268368073,-6.661338147750939e-16,-6.661338147750939e-16
9,nonlinear,0.5,64,oracle_reference,0.5402850103181718,0.5398789242562161,0.983549083959975,0.5148244909262862
10,none,0.0,8,unadapted,0.0,7.105427357601002e-15,1.0,1.0
10,none,0.0,8,offset_calibrated,0.0,7.105427357601002e-15,1.0,1.0
10,none,0.0,8,adaptation_mean,3.7697640035045987,3.0308074461236227,2.220446049250313e-16,0.0
10,none,0.0,8,oracle_reference,0.0,0.0,1.0,1.0
10,none,0.0,16,unadapted,0.0,7.105427357601002e-15,1.0,1.0
10,none,0.0,16,offset_calibrated,0.0,7.105427357601002e-15,1.0,1.0
10,none,0.0,16,adaptation_mean,3.517607690509829,3.0308074461236227,0.0,5.551115123125783e-16
10,none,0.0,16,oracle_reference,0.0,0.0,1.0,1.0
10,none,0.0,32,unadapted,0.0,7.105427357601002e-15,1.0,1.0
10,none,0.0,32,offset_calibrated,0.0,7.105427357601002e-15,1.0,1.0
10,none,0.0,32,adaptation_mean,3.1274617813266357,3.030807446123623,2.220446049250313e-16,1.1102230246251565e-16
10,none,0.0,32,oracle_reference,0.0,0.0,1.0,1.0
10,none,0.0,64,unadapted,0.0,7.105427357601002e-15,1.0,1.0
10,none,0.0,64,offset_calibrated,0.0,7.105427357601002e-15,1.0,1.0
10,none,0.0,64,adaptation_mean,3.038624752918638,3.0308074461236227,4.440892098500626e-16,3.3306690738754696e-16
10,none,0.0,64,oracle_reference,0.0,0.0,1.0,1.0
10,none,0.1,8,unadapted,0.10381774950892128,0.10375013357769403,0.9993781664679564,0.944739259825305
10,none,0.1,8,offset_calibrated,0.10510230747533875,0.10375013357769405,0.9993781664679564,0.944739259825305
10,none,0.1,8,adaptation_mean,3.7628064185472194,3.027830526101095,2.220446049250313e-16,-6.661338147750939e-16
10,none,0.1,8,oracle_reference,0.10381774950892128,0.10375013357769404,0.9993781664679564,0.944739259825305
10,none,0.1,16,unadapted,0.10381774950892128,0.10375013357769403,0.9993781664679564,0.944739259825305
10,none,0.1,16,offset_calibrated,0.10547664505812096,0.10375013357769405,0.9993781664679564,0.944739259825305
10,none,0.1,16,adaptation_mean,3.507250251014726,3.027830526101093,2.220446049250313e-16,-2.220446049250313e-16
10,none,0.1,16,oracle_reference,0.10381774950892128,0.10375013357769404,0.9993781664679564,0.944739259825305
10,none,0.1,32,unadapted,0.10381774950892128,0.10375013357769403,0.9993781664679564,0.944739259825305
10,none,0.1,32,offset_calibrated,0.10624253871135109,0.10375013357769405,0.9993781664679564,0.944739259825305
10,none,0.1,32,adaptation_mean,3.12549880091324,3.027830526101095,0.0,-4.440892098500626e-16
10,none,0.1,32,oracle_reference,0.10381774950892128,0.10375013357769404,0.9993781664679564,0.944739259825305
10,none,0.1,64,unadapted,0.10381774950892128,0.10375013357769403,0.9993781664679564,0.944739259825305
10,none,0.1,64,offset_calibrated,0.10545530784012767,0.103750133577694,0.9993781664679564,0.9447392598253049
10,none,0.1,64,adaptation_mean,3.0358375238643145,3.027830526101094,4.440892098500626e-16,0.0
10,none,0.1,64,oracle_reference,0.10381774950892128,0.10375013357769404,0.9993781664679564,0.944739259825305
10,none,0.5,8,unadapted,0.519088747544606,0.5187506678884698,0.9845187054837516,0.3628063594653178
10,none,0.5,8,offset_calibrated,0.5255115373766928,0.5187506678884698,0.9845187054837516,0.3628063594653175
10,none,0.5,8,adaptation_mean,3.7636693101431993,3.051165899184428,4.440892098500626e-16,-2.220446049250313e-16
10,none,0.5,8,oracle_reference,0.519088747544606,0.5187506678884698,0.9845187054837516,0.3628063594653178
10,none,0.5,16,unadapted,0.519088747544606,0.5187506678884698,0.9845187054837516,0.3628063594653178
10,none,0.5,16,offset_calibrated,0.5273832252906048,0.5187506678884698,0.9845187054837516,0.36280635946531736
10,none,0.5,16,adaptation_mean,3.497003035640971,3.0511658991844275,0.0,5.551115123125783e-16
10,none,0.5,16,oracle_reference,0.519088747544606,0.5187506678884698,0.9845187054837516,0.3628063594653178
10,none,0.5,32,unadapted,0.519088747544606,0.5187506678884698,0.9845187054837516,0.3628063594653178
10,none,0.5,32,offset_calibrated,0.5312126935567539,0.5187506678884698,0.9845187054837516,0.3628063594653178
10,none,0.5,32,adaptation_mean,3.1530775608262234,3.0511658991844284,5.551115123125783e-16,0.0
10,none,0.5,32,oracle_reference,0.519088747544606,0.5187506678884698,0.9845187054837516,0.3628063594653178
10,none,0.5,64,unadapted,0.519088747544606,0.5187506678884698,0.9845187054837516,0.3628063594653178
10,none,0.5,64,offset_calibrated,0.5272765392006379,0.5187506678884698,0.9845187054837516,0.3628063594653175
10,none,0.5,64,adaptation_mean,3.0609678923578345,3.0511658991844275,0.0,0.0
10,none,0.5,64,oracle_reference,0.519088747544606,0.5187506678884698,0.9845187054837516,0.3628063594653178
10,offset,0.0,8,unadapted,1.5,7.129549699527932e-15,1.0,1.0
10,offset,0.0,8,offset_calibrated,0.0,7.105427357601002e-15,1.0,1.0
10,offset,0.0,8,adaptation_mean,3.7697640035045987,3.0308074461236236,-4.440892098500626e-16,0.0
10,offset,0.0,8,oracle_reference,0.0,7.105427357601002e-15,1.0,1.0
10,offset,0.0,16,unadapted,1.5,7.129549699527932e-15,1.0,1.0
10,offset,0.0,16,offset_calibrated,0.0,7.105427357601002e-15,1.0,1.0
10,offset,0.0,16,adaptation_mean,3.517607690509829,3.0308074461236236,0.0,5.551115123125783e-16
10,offset,0.0,16,oracle_reference,0.0,7.105427357601002e-15,1.0,1.0
10,offset,0.0,32,unadapted,1.5,7.129549699527932e-15,1.0,1.0
10,offset,0.0,32,offset_calibrated,0.0,7.105427357601002e-15,1.0,1.0
10,offset,0.0,32,adaptation_mean,3.127461781326635,3.030807446123623,2.220446049250313e-16,5.551115123125783e-16
10,offset,0.0,32,oracle_reference,0.0,7.105427357601002e-15,1.0,1.0
10,offset,0.0,64,unadapted,1.5,7.129549699527932e-15,1.0,1.0
10,offset,0.0,64,offset_calibrated,0.0,7.105427357601002e-15,1.0,1.0
10,offset,0.0,64,adaptation_mean,3.038624752918638,3.0308074461236227,-2.220446049250313e-16,0.0
10,offset,0.0,64,oracle_reference,0.0,7.105427357601002e-15,1.0,1.0
10,offset,0.1,8,unadapted,1.5036291024187696,0.10375013357769403,0.9993781664679564,0.944739259825305
10,offset,0.1,8,offset_calibrated,0.10510230747533875,0.10375013357769405,0.9993781664679564,0.944739259825305
10,offset,0.1,8,adaptation_mean,3.7628064185472194,3.027830526101094,0.0,3.3306690738754696e-16
10,offset,0.1,8,oracle_reference,0.10381774950892128,0.10375013357769405,0.9993781664679564,0.944739259825305
10,offset,0.1,16,unadapted,1.5036291024187696,0.10375013357769403,0.9993781664679564,0.944739259825305
10,offset,0.1,16,offset_calibrated,0.10547664505812093,0.10375013357769403,0.9993781664679564,0.944739259825305
10,offset,0.1,16,adaptation_mean,3.507250251014726,3.0278305261010936,0.0,-2.220446049250313e-16
10,offset,0.1,16,oracle_reference,0.10381774950892128,0.10375013357769405,0.9993781664679564,0.944739259825305
10,offset,0.1,32,unadapted,1.5036291024187696,0.10375013357769403,0.9993781664679564,0.944739259825305
10,offset,0.1,32,offset_calibrated,0.10624253871135106,0.10375013357769403,0.9993781664679564,0.944739259825305
10,offset,0.1,32,adaptation_mean,3.12549880091324,3.027830526101095,5.551115123125783e-16,-2.220446049250313e-16
10,offset,0.1,32,oracle_reference,0.10381774950892128,0.10375013357769405,0.9993781664679564,0.944739259825305
10,offset,0.1,64,unadapted,1.5036291024187696,0.10375013357769403,0.9993781664679564,0.944739259825305
10,offset,0.1,64,offset_calibrated,0.10545530784012766,0.10375013357769398,0.9993781664679564,0.9447392598253049
10,offset,0.1,64,adaptation_mean,3.0358375238643136,3.027830526101094,2.220446049250313e-16,-2.220446049250313e-16
10,offset,0.1,64,oracle_reference,0.10381774950892128,0.10375013357769405,0.9993781664679564,0.944739259825305
10,offset,0.5,8,unadapted,1.5974239681229832,0.5187506678884698,0.9845187054837516,0.36280635946531725
10,offset,0.5,8,offset_calibrated,0.5255115373766928,0.5187506678884698,0.9845187054837516,0.36280635946531736
10,offset,0.5,8,adaptation_mean,3.763669310143201,3.0511658991844275,-2.220446049250313e-16,-2.220446049250313e-16
10,offset,0.5,8,oracle_reference,0.519088747544606,0.5187506678884698,0.9845187054837516,0.36280635946531725
10,offset,0.5,16,unadapted,1.5974239681229832,0.5187506678884698,0.9845187054837516,0.36280635946531725
10,offset,0.5,16,offset_calibrated,0.5273832252906048,0.5187506678884698,0.9845187054837516,0.3628063594653176
10,offset,0.5,16,adaptation_mean,3.4970030356409723,3.0511658991844275,0.0,5.551115123125783e-16
10,offset,0.5,16,oracle_reference,0.519088747544606,0.5187506678884698,0.9845187054837516,0.36280635946531725
10,offset,0.5,32,unadapted,1.5974239681229832,0.5187506678884698,0.9845187054837516,0.36280635946531725
10,offset,0.5,32,offset_calibrated,0.5312126935567539,0.5187506678884698,0.9845187054837516,0.3628063594653177
10,offset,0.5,32,adaptation_mean,3.153077560826224,3.051165899184428,-2.220446049250313e-16,0.0
10,offset,0.5,32,oracle_reference,0.519088747544606,0.5187506678884698,0.9845187054837516,0.36280635946531725
10,offset,0.5,64,unadapted,1.5974239681229832,0.5187506678884698,0.9845187054837516,0.36280635946531725
10,offset,0.5,64,offset_calibrated,0.5272765392006378,0.5187506678884697,0.9845187054837516,0.36280635946531703
10,offset,0.5,64,adaptation_mean,3.060967892357835,3.0511658991844275,0.0,2.220446049250313e-16
10,offset,0.5,64,oracle_reference,0.519088747544606,0.5187506678884698,0.9845187054837516,0.36280635946531725
10,gain,0.0,8,unadapted,1.0595820052507252,1.05872391811732,0.9970251284582007,0.011934052260122785
10,gain,0.0,8,offset_calibrated,1.3170754846298607,1.05872391811732,0.9970251284582007,0.011934052260123007
10,gain,0.0,8,adaptation_mean,3.941858787502585,3.1679370022481668,-4.440892098500626e-16,4.440892098500626e-16
10,gain,0.0,8,oracle_reference,0.0,5.329070518200751e-15,1.0,1.0
10,gain,0.0,16,unadapted,1.0595820052507252,1.05872391811732,0.9970251284582007,0.011934052260122785
10,gain,0.0,16,offset_calibrated,1.2290338253626736,1.05872391811732,0.9970251284582007,0.011934052260123007
10,gain,0.0,16,adaptation_mean,3.678586010824954,3.1679370022481663,-4.440892098500626e-16,0.0
10,gain,0.0,16,oracle_reference,0.0,5.329070518200751e-15,1.0,1.0
10,gain,0.0,32,unadapted,1.0595820052507252,1.05872391811732,0.9970251284582007,0.011934052260122785
10,gain,0.0,32,offset_calibrated,1.0932290606091628,1.0587239181173203,0.9970251284582007,0.01193405226012223
10,gain,0.0,32,adaptation_mean,3.274156930406847,3.1679370022481663,-2.220446049250313e-16,0.0
10,gain,0.0,32,oracle_reference,0.0,5.329070518200751e-15,1.0,1.0
10,gain,0.0,64,unadapted,1.0595820052507252,1.05872391811732,0.9970251284582007,0.011934052260122785
10,gain,0.0,64,offset_calibrated,1.0617260196967846,1.05872391811732,0.9970251284582007,0.011934052260123229
10,gain,0.0,64,adaptation_mean,3.1780074837913994,3.167937002248167,-2.220446049250313e-16,-2.220446049250313e-16
10,gain,0.0,64,oracle_reference,0.0,5.329070518200751e-15,1.0,1.0
10,gain,0.1,8,unadapted,1.0569382644224758,1.0559380630079545,0.9966174596063757,0.008777779658797225
10,gain,0.1,8,offset_calibrated,1.30617320837898,1.0559380630079545,0.9966174596063757,0.00877777965879789
10,gain,0.1,8,adaptation_mean,3.935041768151164,3.165137644756988,-6.661338147750939e-16,9.992007221626409e-16
10,gain,0.1,8,oracle_reference,0.10381774950892125,0.103750133577694,0.9994314201184825,0.9953600334089507
10,gain,0.1,16,unadapted,1.0569382644224758,1.0559380630079545,0.9966174596063757,0.008777779658797225
10,gain,0.1,16,offset_calibrated,1.2212980559845512,1.055938063007954,0.9966174596063757,0.008777779658797669
10,gain,0.1,16,adaptation_mean,3.6683781589284497,3.165137644756988,-2.220446049250313e-16,4.440892098500626e-16
10,gain,0.1,16,oracle_reference,0.10381774950892125,0.103750133577694,0.9994314201184825,0.9953600334089507
10,gain,0.1,32,unadapted,1.0569382644224758,1.0559380630079545,0.9966174596063757,0.008777779658797225
10,gain,0.1,32,offset_calibrated,1.0853399816431768,1.0559380630079545,0.9966174596063757,0.008777779658797003
10,gain,0.1,32,adaptation_mean,3.272385203762782,3.165137644756987,-6.661338147750939e-16,5.551115123125783e-16
10,gain,0.1,32,oracle_reference,0.10381774950892125,0.103750133577694,0.9994314201184825,0.9953600334089507
10,gain,0.1,64,unadapted,1.0569382644224758,1.0559380630079545,0.9966174596063757,0.008777779658797225
10,gain,0.1,64,offset_calibrated,1.058222713461221,1.055938063007954,0.9966174596063757,0.00877777965879789
10,gain,0.1,64,adaptation_mean,3.1754194738525188,3.165137644756988,-6.661338147750939e-16,5.551115123125783e-16
10,gain,0.1,64,oracle_reference,0.10381774950892125,0.103750133577694,0.9994314201184825,0.9953600334089507
10,gain,0.5,8,unadapted,1.1461825655317457,1.1446002027817326,0.9836909380619587,-0.004334064300930862
10,gain,0.5,8,offset_calibrated,1.3471192784775958,1.1446002027817332,0.9836909380619587,-0.004334064300931528
10,gain,0.5,8,adaptation_mean,3.9388073041812537,3.1922222777794342,2.220446049250313e-16,3.3306690738754696e-16
10,gain,0.5,8,oracle_reference,0.519088747544606,0.5187506678884697,0.9858300530165649,0.8882641742683625
10,gain,0.5,16,unadapted,1.1461825655317457,1.1446002027817326,0.9836909380619587,-0.004334064300930862
10,gain,0.5,16,offset_calibrated,1.279685387488698,1.1446002027817328,0.9836909380619587,-0.004334064300930862
10,gain,0.5,16,adaptation_mean,3.6613027272688172,3.1922222777794342,0.0,2.220446049250313e-16
10,gain,0.5,16,oracle_reference,0.519088747544606,0.5187506678884697,0.9858300530165649,0.8882641742683625
10,gain,0.5,32,unadapted,1.1461825655317457,1.1446002027817326,0.9836909380619587,-0.004334064300930862
10,gain,0.5,32,offset_calibrated,1.157586688852068,1.1446002027817326,0.9836909380619587,-0.004334064300931084
10,gain,0.5,32,adaptation_mean,3.303802489882341,3.1922222777794347,2.220446049250313e-16,3.3306690738754696e-16
10,gain,0.5,32,oracle_reference,0.519088747544606,0.5187506678884697,0.9858300530165649,0.8882641742683625
10,gain,0.5,64,unadapted,1.1461825655317457,1.1446002027817326,0.9836909380619587,-0.004334064300930862
10,gain,0.5,64,offset_calibrated,1.1475383221629032,1.1446002027817324,0.9836909380619587,-0.004334064300930196
10,gain,0.5,64,adaptation_mean,3.204736435355897,3.1922222777794342,0.0,2.220446049250313e-16
10,gain,0.5,64,oracle_reference,0.519088747544606,0.5187506678884697,0.9858300530165649,0.8882641742683625
10,nonlinear,0.0,8,unadapted,0.6468806057975036,0.6459112590338729,1.0,-1.396041156261488
10,nonlinear,0.0,8,offset_calibrated,0.6493700791520255,0.6459112590338728,1.0,-1.3960411562614876
10,nonlinear,0.0,8,adaptation_mean,3.7749862691073703,3.035479163282904,2.220446049250313e-16,0.0
10,nonlinear,0.0,8,oracle_reference,0.0,0.0,1.0,1.0
10,nonlinear,0.0,16,unadapted,0.6468806057975036,0.6459112590338729,1.0,-1.396041156261488
10,nonlinear,0.0,16,offset_calibrated,0.6484164950572873,0.6459112590338728,1.0,-1.3960411562614867
10,nonlinear,0.0,16,adaptation_mean,3.5262806565301084,3.035479163282904,0.0,-2.220446049250313e-16
10,nonlinear,0.0,16,oracle_reference,0.0,0.0,1.0,1.0
10,nonlinear,0.0,32,unadapted,0.6468806057975036,0.6459112590338729,1.0,-1.396041156261488
10,nonlinear,0.0,32,offset_calibrated,0.6592563116599638,0.6459112590338729,1.0,-1.396041156261488
10,nonlinear,0.0,32,adaptation_mean,3.1344855722638765,3.0354791632829032,2.220446049250313e-16,1.1102230246251565e-16
10,nonlinear,0.0,32,oracle_reference,0.0,0.0,1.0,1.0
10,nonlinear,0.0,64,unadapted,0.6468806057975036,0.6459112590338729,1.0,-1.396041156261488
10,nonlinear,0.0,64,offset_calibrated,0.6599327159156656,0.6459112590338728,1.0,-1.396041156261488
10,nonlinear,0.0,64,adaptation_mean,3.0430780191636986,3.035479163282904,4.440892098500626e-16,-6.661338147750939e-16
10,nonlinear,0.0,64,oracle_reference,0.0,0.0,1.0,1.0
10,nonlinear,0.1,8,unadapted,0.6566853282205213,0.6559207969739123,0.9993781664679564,-1.3875914739168964
10,nonlinear,0.1,8,offset_calibrated,0.6580456632598468,0.6559207969739125,0.9993781664679564,-1.3875914739168982
10,nonlinear,0.1,8,adaptation_mean,3.7691371916553242,3.0336309220927387,0.0,6.661338147750939e-16
10,nonlinear,0.1,8,oracle_reference,0.10381774950892131,0.10375013357769411,0.9993781664679564,0.9710805885065658
10,nonlinear,0.1,16,unadapted,0.6566853282205213,0.6559207969739123,0.9993781664679564,-1.3875914739168964
10,nonlinear,0.1,16,offset_calibrated,0.6595694836258976,0.6559207969739125,0.9993781664679564,-1.3875914739168969
10,nonlinear,0.1,16,adaptation_mean,3.517155229072599,3.0336309220927387,5.551115123125783e-16,0.0
10,nonlinear,0.1,16,oracle_reference,0.10381774950892131,0.10375013357769411,0.9993781664679564,0.9710805885065658
10,nonlinear,0.1,32,unadapted,0.6566853282205213,0.6559207969739123,0.9993781664679564,-1.3875914739168964
10,nonlinear,0.1,32,offset_calibrated,0.6738916190399451,0.6559207969739123,0.9993781664679564,-1.3875914739168973
10,nonlinear,0.1,32,adaptation_mean,3.1348741857637394,3.0336309220927387,0.0,4.440892098500626e-16
10,nonlinear,0.1,32,oracle_reference,0.10381774950892131,0.10375013357769411,0.9993781664679564,0.9710805885065658
10,nonlinear,0.1,64,unadapted,0.6566853282205213,0.6559207969739123,0.9993781664679564,-1.3875914739168964
10,nonlinear,0.1,64,offset_calibrated,0.6734831283380462,0.655920796973912,0.9993781664679564,-1.387591473916895
10,nonlinear,0.1,64,adaptation_mean,3.0422765783905845,3.0336309220927387,2.220446049250313e-16,3.3306690738754696e-16
10,nonlinear,0.1,64,oracle_reference,0.10381774950892131,0.10375013357769411,0.9993781664679564,0.9710805885065658
10,nonlinear,0.5,8,unadapted,0.8354663808290489,0.8352924437268826,0.9845187054837516,-0.8847499566202244
10,nonlinear,0.5,8,offset_calibrated,0.8362031702703334,0.8352924437268827,0.9845187054837516,-0.8847499566202244
10,nonlinear,0.5,8,adaptation_mean,3.774583239160521,3.061796409555528,4.440892098500626e-16,-2.220446049250313e-16
10,nonlinear,0.5,8,oracle_reference,0.519088747544606,0.5187506678884697,0.9845187054837516,0.5649581448103478
10,nonlinear,0.5,16,unadapted,0.8354663808290489,0.8352924437268826,0.9845187054837516,-0.8847499566202244
10,nonlinear,0.5,16,offset_calibrated,0.8461653369556482,0.8352924437268827,0.9845187054837516,-0.8847499566202235
10,nonlinear,0.5,16,adaptation_mean,3.511971974114605,3.0617964095555275,4.440892098500626e-16,-2.220446049250313e-16
10,nonlinear,0.5,16,oracle_reference,0.519088747544606,0.5187506678884697,0.9845187054837516,0.5649581448103478
10,nonlinear,0.5,32,unadapted,0.8354663808290489,0.8352924437268826,0.9845187054837516,-0.8847499566202244
10,nonlinear,0.5,32,offset_calibrated,0.8705977804504097,0.8352924437268826,0.9845187054837516,-0.8847499566202239
10,nonlinear,0.5,32,adaptation_mean,3.1719444646552724,3.0617964095555275,-2.220446049250313e-16,2.220446049250313e-16
10,nonlinear,0.5,32,oracle_reference,0.519088747544606,0.5187506678884697,0.9845187054837516,0.5649581448103478
10,nonlinear,0.5,64,unadapted,0.8354663808290489,0.8352924437268826,0.9845187054837516,-0.8847499566202244
10,nonlinear,0.5,64,offset_calibrated,0.8649703842261414,0.8352924437268826,0.9845187054837516,-0.8847499566202233
10,nonlinear,0.5,64,adaptation_mean,3.0756401644575027,3.0617964095555283,0.0,-4.440892098500626e-16
10,nonlinear,0.5,64,oracle_reference,0.519088747544606,0.5187506678884697,0.9845187054837516,0.5649581448103478
11,none,0.0,8,unadapted,0.0,7.105427357601002e-15,1.0,1.0
11,none,0.0,8,offset_calibrated,0.0,7.105427357601002e-15,1.0,1.0
11,none,0.0,8,adaptation_mean,3.100843210297376,3.0308074461236227,4.440892098500626e-16,7.771561172376096e-16
11,none,0.0,8,oracle_reference,0.0,0.0,1.0,1.0
11,none,0.0,16,unadapted,0.0,7.105427357601002e-15,1.0,1.0
11,none,0.0,16,offset_calibrated,0.0,7.105427357601002e-15,1.0,1.0
11,none,0.0,16,adaptation_mean,3.0444387413909184,3.0308074461236227,-2.220446049250313e-16,0.0
11,none,0.0,16,oracle_reference,0.0,0.0,1.0,1.0
11,none,0.0,32,unadapted,0.0,7.105427357601002e-15,1.0,1.0
11,none,0.0,32,offset_calibrated,0.0,7.105427357601002e-15,1.0,1.0
11,none,0.0,32,adaptation_mean,3.0445246720009944,3.0308074461236236,-2.220446049250313e-16,5.551115123125783e-16
11,none,0.0,32,oracle_reference,0.0,0.0,1.0,1.0
11,none,0.0,64,unadapted,0.0,7.105427357601002e-15,1.0,1.0
11,none,0.0,64,offset_calibrated,0.0,7.105427357601002e-15,1.0,1.0
11,none,0.0,64,adaptation_mean,3.07593931374036,3.0308074461236227,4.440892098500626e-16,1.1102230246251565e-16
11,none,0.0,64,oracle_reference,0.0,0.0,1.0,1.0
11,none,0.1,8,unadapted,0.10347477314326724,0.10339652231875643,0.999481511417953,0.9457511414542509
11,none,0.1,8,offset_calibrated,0.11514633188677713,0.10339652231875641,0.999481511417953,0.9457511414542509
11,none,0.1,8,adaptation_mean,3.1054912060850297,3.0323889863167555,4.440892098500626e-16,3.3306690738754696e-16
11,none,0.1,8,oracle_reference,0.10347477314326724,0.10339652231875641,0.999481511417953,0.9457511414542509
11,none,0.1,16,unadapted,0.10347477314326724,0.10339652231875643,0.999481511417953,0.9457511414542509
11,none,0.1,16,offset_calibrated,0.10699744519157478,0.1033965223187564,0.999481511417953,0.9457511414542509
11,none,0.1,16,adaptation_mean,3.0451729814752952,3.0323889863167564,-2.220446049250313e-16,6.661338147750939e-16
11,none,0.1,16,oracle_reference,0.10347477314326724,0.10339652231875641,0.999481511417953,0.9457511414542509
11,none,0.1,32,unadapted,0.10347477314326724,0.10339652231875643,0.999481511417953,0.9457511414542509
11,none,0.1,32,offset_calibrated,0.10414553182272018,0.10339652231875641,0.999481511417953,0.9457511414542509
11,none,0.1,32,adaptation_mean,3.0452597678604496,3.032388986316756,0.0,3.3306690738754696e-16
11,none,0.1,32,oracle_reference,0.10347477314326724,0.10339652231875641,0.999481511417953,0.9457511414542509
11,none,0.1,64,unadapted,0.10347477314326724,0.10339652231875643,0.999481511417953,0.9457511414542509
11,none,0.1,64,offset_calibrated,0.10421851849022168,0.10339652231875641,0.999481511417953,0.9457511414542509
11,none,0.1,64,adaptation_mean,3.0773917044749024,3.0323889863167555,5.551115123125783e-16,2.220446049250313e-16
11,none,0.1,64,oracle_reference,0.10347477314326724,0.10339652231875641,0.999481511417953,0.9457511414542509
11,none,0.5,8,unadapted,0.5173738657163359,0.5169826115937819,0.987118979597473,0.5095759098490593
11,none,0.5,8,offset_calibrated,0.5757316594338844,0.5169826115937819,0.987118979597473,0.5095759098490595
11,none,0.5,8,adaptation_mean,3.1658662397845347,3.073741878214391,0.0,0.0
11,none,0.5,8,oracle_reference,0.5173738657163359,0.5169826115937819,0.987118979597473,0.5095759098490593
11,none,0.5,16,unadapted,0.5173738657163359,0.5169826115937819,0.987118979597473,0.5095759098490593
11,none,0.5,16,offset_calibrated,0.5349872259578747,0.5169826115937819,0.987118979597473,0.5095759098490595
11,none,0.5,16,adaptation_mean,3.085424102224687,3.073741878214391,-2.220446049250313e-16,-4.440892098500626e-16
11,none,0.5,16,oracle_reference,0.5173738657163359,0.5169826115937819,0.987118979597473,0.5095759098490593
11,none,0.5,32,unadapted,0.5173738657163359,0.5169826115937819,0.987118979597473,0.5095759098490593
11,none,0.5,32,offset_calibrated,0.5207276591136003,0.5169826115937819,0.987118979597473,0.5095759098490594
11,none,0.5,32,adaptation_mean,3.0836566323955292,3.0737418782143906,-2.220446049250313e-16,-4.440892098500626e-16
11,none,0.5,32,oracle_reference,0.5173738657163359,0.5169826115937819,0.987118979597473,0.5095759098490593
11,none,0.5,64,unadapted,0.5173738657163359,0.5169826115937819,0.987118979597473,0.5095759098490593
11,none,0.5,64,offset_calibrated,0.5210925924511076,0.5169826115937819,0.987118979597473,0.5095759098490595
11,none,0.5,64,adaptation_mean,3.1182923391335726,3.073741878214391,2.220446049250313e-16,0.0
11,none,0.5,64,oracle_reference,0.5173738657163359,0.5169826115937819,0.987118979597473,0.5095759098490593
11,offset,0.0,8,unadapted,1.5,7.129549699527932e-15,1.0,1.0
11,offset,0.0,8,offset_calibrated,3.1401849173675503e-16,7.186828968684002e-15,1.0,1.0
11,offset,0.0,8,adaptation_mean,3.100843210297376,3.0308074461236227,0.0,5.551115123125783e-16
11,offset,0.0,8,oracle_reference,0.0,7.105427357601002e-15,1.0,1.0
11,offset,0.0,16,unadapted,1.5,7.129549699527932e-15,1.0,1.0
11,offset,0.0,16,offset_calibrated,3.1401849173675503e-16,7.186828968684002e-15,1.0,1.0
11,offset,0.0,16,adaptation_mean,3.0444387413909184,3.0308074461236223,0.0,7.771561172376096e-16
11,offset,0.0,16,oracle_reference,0.0,7.105427357601002e-15,1.0,1.0
11,offset,0.0,32,unadapted,1.5,7.129549699527932e-15,1.0,1.0
11,offset,0.0,32,offset_calibrated,3.1401849173675503e-16,7.186828968684002e-15,1.0,1.0
11,offset,0.0,32,adaptation_mean,3.0445246720009944,3.030807446123623,0.0,1.1102230246251565e-16
11,offset,0.0,32,oracle_reference,0.0,7.105427357601002e-15,1.0,1.0
11,offset,0.0,64,unadapted,1.5,7.129549699527932e-15,1.0,1.0
11,offset,0.0,64,offset_calibrated,0.0,7.105427357601002e-15,1.0,1.0
11,offset,0.0,64,adaptation_mean,3.07593931374036,3.0308074461236227,-4.440892098500626e-16,1.1102230246251565e-16
11,offset,0.0,64,oracle_reference,0.0,7.105427357601002e-15,1.0,1.0
11,offset,0.1,8,unadapted,1.5015262231849806,0.10339652231875646,0.999481511417953,0.9457511414542509
11,offset,0.1,8,offset_calibrated,0.11514633188677727,0.10339652231875641,0.999481511417953,0.9457511414542509
11,offset,0.1,8,adaptation_mean,3.1054912060850297,3.032388986316756,7.771561172376096e-16,6.661338147750939e-16
11,offset,0.1,8,oracle_reference,0.10347477314326722,0.10339652231875643,0.999481511417953,0.9457511414542509
11,offset,0.1,16,unadapted,1.5015262231849806,0.10339652231875646,0.999481511417953,0.9457511414542509
11,offset,0.1,16,offset_calibrated,0.10699744519157482,0.10339652231875646,0.999481511417953,0.9457511414542509
11,offset,0.1,16,adaptation_mean,3.0451729814752952,3.0323889863167564,2.220446049250313e-16,2.220446049250313e-16
11,offset,0.1,16,oracle_reference,0.10347477314326722,0.10339652231875643,0.999481511417953,0.9457511414542509
11,offset,0.1,32,unadapted,1.5015262231849806,0.10339652231875646,0.999481511417953,0.9457511414542509
11,offset,0.1,32,offset_calibrated,0.10414553182272021,0.10339652231875643,0.999481511417953,0.9457511414542509
11,offset,0.1,32,adaptation_mean,3.0452597678604496,3.0323889863167555,4.440892098500626e-16,3.3306690738754696e-16
11,offset,0.1,32,oracle_reference,0.10347477314326722,0.10339652231875643,0.999481511417953,0.9457511414542509
11,offset,0.1,64,unadapted,1.5015262231849806,0.10339652231875646,0.999481511417953,0.9457511414542509
11,offset,0.1,64,offset_calibrated,0.10421851849022169,0.10339652231875643,0.999481511417953,0.9457511414542509
11,offset,0.1,64,adaptation_mean,3.0773917044749024,3.032388986316756,0.0,6.661338147750939e-16
11,offset,0.1,64,oracle_reference,0.10347477314326722,0.10339652231875643,0.999481511417953,0.9457511414542509
11,offset,0.5,8,unadapted,1.5836579216205755,0.5169826115937819,0.987118979597473,0.5095759098490593
11,offset,0.5,8,offset_calibrated,0.5757316594338844,0.5169826115937819,0.987118979597473,0.5095759098490595
11,offset,0.5,8,adaptation_mean,3.165866239784534,3.073741878214391,2.220446049250313e-16,-4.440892098500626e-16
11,offset,0.5,8,oracle_reference,0.5173738657163359,0.5169826115937819,0.987118979597473,0.5095759098490593
11,offset,0.5,16,unadapted,1.5836579216205755,0.5169826115937819,0.987118979597473,0.5095759098490593
11,offset,0.5,16,offset_calibrated,0.5349872259578748,0.5169826115937819,0.987118979597473,0.5095759098490594
11,offset,0.5,16,adaptation_mean,3.0854241022246867,3.0737418782143906,0.0,-2.220446049250313e-16
11,offset,0.5,16,oracle_reference,0.5173738657163359,0.5169826115937819,0.987118979597473,0.5095759098490593
11,offset,0.5,32,unadapted,1.5836579216205755,0.5169826115937819,0.987118979597473,0.5095759098490593
11,offset,0.5,32,offset_calibrated,0.5207276591136003,0.5169826115937819,0.987118979597473,0.5095759098490594
11,offset,0.5,32,adaptation_mean,3.0836566323955292,3.0737418782143906,5.551115123125783e-16,0.0
11,offset,0.5,32,oracle_reference,0.5173738657163359,0.5169826115937819,0.987118979597473,0.5095759098490593
11,offset,0.5,64,unadapted,1.5836579216205755,0.5169826115937819,0.987118979597473,0.5095759098490593
11,offset,0.5,64,offset_calibrated,0.5210925924511077,0.5169826115937819,0.987118979597473,0.5095759098490595
11,offset,0.5,64,adaptation_mean,3.118292339133572,3.073741878214391,2.220446049250313e-16,2.220446049250313e-16
11,offset,0.5,64,oracle_reference,0.5173738657163359,0.5169826115937819,0.987118979597473,0.5095759098490593
11,gain,0.0,8,unadapted,1.0595820052507252,1.05872391811732,0.9970251284582007,0.011934052260122785
11,gain,0.0,8,offset_calibrated,1.0830836701984596,1.0587239181173198,0.9970251284582007,0.011934052260123229
11,gain,0.0,8,adaptation_mean,3.2404051969728958,3.167937002248167,0.0,2.220446049250313e-16
11,gain,0.0,8,oracle_reference,0.0,5.329070518200751e-15,1.0,1.0
11,gain,0.0,16,unadapted,1.0595820052507252,1.05872391811732,0.9970251284582007,0.011934052260122785
11,gain,0.0,16,offset_calibrated,1.063264853780463,1.0587239181173196,0.9970251284582007,0.011934052260123784
11,gain,0.0,16,adaptation_mean,3.1806397385159553,3.1679370022481663,-4.440892098500626e-16,5.551115123125783e-16
11,gain,0.0,16,oracle_reference,0.0,5.329070518200751e-15,1.0,1.0
11,gain,0.0,32,unadapted,1.0595820052507252,1.05872391811732,0.9970251284582007,0.011934052260122785
11,gain,0.0,32,offset_calibrated,1.0635497031553507,1.0587239181173203,0.9970251284582007,0.01193405226012223
11,gain,0.0,32,adaptation_mean,3.1825133812860598,3.1679370022481668,-2.220446049250313e-16,-2.220446049250313e-16
11,gain,0.0,32,oracle_reference,0.0,5.329070518200751e-15,1.0,1.0
11,gain,0.0,64,unadapted,1.0595820052507252,1.05872391811732,0.9970251284582007,0.011934052260122785
11,gain,0.0,64,offset_calibrated,1.074193406184707,1.0587239181173198,0.9970251284582007,0.011934052260123007
11,gain,0.0,64,adaptation_mean,3.2130388040564415,3.1679370022481668,-4.440892098500626e-16,5.551115123125783e-16
11,gain,0.0,64,oracle_reference,0.0,5.329070518200751e-15,1.0,1.0
11,gain,0.1,8,unadapted,1.0652569250019455,1.0643097273078168,0.9965661204034674,0.022909222230959814
11,gain,0.1,8,offset_calibrated,1.0793977257886873,1.0643097273078173,0.9965661204034674,0.022909222230959037
11,gain,0.1,8,adaptation_mean,3.2452191450631664,3.169601071462757,2.220446049250313e-16,0.0
11,gain,0.1,8,oracle_reference,0.10347477314326725,0.1033965223187564,0.9995259427121285,0.9947635017139982
11,gain,0.1,16,unadapted,1.0652569250019455,1.0643097273078168,0.9965661204034674,0.022909222230959814
11,gain,0.1,16,offset_calibrated,1.0717614794601407,1.0643097273078168,0.9965661204034674,0.022909222230959814
11,gain,0.1,16,adaptation_mean,3.1814826315462863,3.1696010714627576,2.220446049250313e-16,-4.440892098500626e-16
11,gain,0.1,16,oracle_reference,0.10347477314326725,0.1033965223187564,0.9995259427121285,0.9947635017139982
11,gain,0.1,32,unadapted,1.0652569250019455,1.0643097273078168,0.9965661204034674,0.022909222230959814
11,gain,0.1,32,offset_calibrated,1.068306543357174,1.0643097273078173,0.9965661204034674,0.02290922223095948
11,gain,0.1,32,adaptation_mean,3.1833229305808635,3.169601071462757,-4.440892098500626e-16,-8.881784197001252e-16
11,gain,0.1,32,oracle_reference,0.10347477314326725,0.1033965223187564,0.9995259427121285,0.9947635017139982
11,gain,0.1,64,unadapted,1.0652569250019455,1.0643097273078168,0.9965661204034674,0.022909222230959814
11,gain,0.1,64,offset_calibrated,1.0775900736938886,1.0643097273078168,0.9965661204034674,0.022909222230960258
11,gain,0.1,64,adaptation_mean,3.2145698451780556,3.169601071462757,-2.220446049250313e-16,0.0
11,gain,0.1,64,oracle_reference,0.10347477314326725,0.1033965223187564,0.9995259427121285,0.9947635017139982
11,gain,0.5,8,unadapted,1.1827210644742925,1.1813806325224228,0.9853436358937043,0.0575905908438239
11,gain,0.5,8,offset_calibrated,1.1848683234239783,1.1813806325224228,0.9853436358937044,0.05759059084382423
11,gain,0.5,8,adaptation_mean,3.308781567699449,3.2128243426973837,0.0,-4.440892098500626e-16
11,gain,0.5,8,oracle_reference,0.5173738657163359,0.5169826115937819,0.9882156415671594,0.888542684730092
11,gain,0.5,16,unadapted,1.1827210644742925,1.1813806325224228,0.9853436358937043,0.0575905908438239
11,gain,0.5,16,offset_calibrated,1.205052672659221,1.1813806325224223,0.9853436358937044,0.057590590843824674
11,gain,0.5,16,adaptation_mean,3.224318424102302,3.2128243426973846,2.220446049250313e-16,-4.440892098500626e-16
11,gain,0.5,16,oracle_reference,0.5173738657163359,0.5169826115937819,0.9882156415671594,0.888542684730092
11,gain,0.5,32,unadapted,1.1827210644742925,1.1813806325224228,0.9853436358937043,0.0575905908438239
11,gain,0.5,32,offset_calibrated,1.1832430027744605,1.1813806325224228,0.9853436358937044,0.057590590843823675
11,gain,0.5,32,adaptation_mean,3.2233774442954317,3.2128243426973837,2.220446049250313e-16,-6.661338147750939e-16
11,gain,0.5,32,oracle_reference,0.5173738657163359,0.5169826115937819,0.9882156415671594,0.888542684730092
11,gain,0.5,64,unadapted,1.1827210644742925,1.1813806325224228,0.9853436358937043,0.0575905908438239
11,gain,0.5,64,offset_calibrated,1.1871223355675706,1.1813806325224228,0.9853436358937044,0.05759059084382401
11,gain,0.5,64,adaptation_mean,3.2571662192700965,3.2128243426973837,0.0,-2.220446049250313e-16
11,gain,0.5,64,oracle_reference,0.5173738657163359,0.5169826115937819,0.9882156415671594,0.888542684730092
11,nonlinear,0.0,8,unadapted,0.6468806057975036,0.6459112590338729,1.0,-1.396041156261488
11,nonlinear,0.0,8,offset_calibrated,0.6762419649707903,0.645911259033873,1.0,-1.3960411562614898
11,nonlinear,0.0,8,adaptation_mean,3.1080277064074133,3.035479163282904,4.440892098500626e-16,-2.220446049250313e-16
11,nonlinear,0.0,8,oracle_reference,0.0,0.0,1.0,1.0
11,nonlinear,0.0,16,unadapted,0.6468806057975036,0.6459112590338729,1.0,-1.396041156261488
11,nonlinear,0.0,16,offset_calibrated,0.6469426757769066,0.6459112590338728,1.0,-1.396041156261488
11,nonlinear,0.0,16,adaptation_mean,3.050698647820489,3.0354791632829032,0.0,-2.220446049250313e-16
11,nonlinear,0.0,16,oracle_reference,0.0,0.0,1.0,1.0
11,nonlinear,0.0,32,unadapted,0.6468806057975036,0.6459112590338729,1.0,-1.396041156261488
11,nonlinear,0.0,32,offset_calibrated,0.6475204405933844,0.6459112590338729,1.0,-1.396041156261489
11,nonlinear,0.0,32,adaptation_mean,3.049281072868994,3.035479163282904,-2.220446049250313e-16,-8.881784197001252e-16
11,nonlinear,0.0,32,oracle_reference,0.0,0.0,1.0,1.0
11,nonlinear,0.0,64,unadapted,0.6468806057975036,0.6459112590338729,1.0,-1.396041156261488
11,nonlinear,0.0,64,offset_calibrated,0.6619916479800826,0.6459112590338728,1.0,-1.396041156261488
11,nonlinear,0.0,64,adaptation_mean,3.0809679510386987,3.035479163282904,4.440892098500626e-16,6.661338147750939e-16
11,nonlinear,0.0,64,oracle_reference,0.0,0.0,1.0,1.0
11,nonlinear,0.1,8,unadapted,0.6377786836627188,0.6369574861195625,0.999481511417953,-1.34893437040519
11,nonlinear,0.1,8,offset_calibrated,0.6547460379270029,0.6369574861195625,0.999481511417953,-1.3489343704051904
11,nonlinear,0.1,8,adaptation_mean,3.106933695820406,3.0333975803850195,2.220446049250313e-16,0.0
11,nonlinear,0.1,8,oracle_reference,0.10347477314326724,0.10339652231875641,0.999481511417953,0.9649264636206297
11,nonlinear,0.1,16,unadapted,0.6377786836627188,0.6369574861195625,0.999481511417953,-1.34893437040519
11,nonlinear,0.1,16,offset_calibrated,0.6370599548659464,0.6369574861195626,0.999481511417953,-1.3489343704051895
11,nonlinear,0.1,16,adaptation_mean,3.047226917788815,3.033397580385019,4.440892098500626e-16,0.0
11,nonlinear,0.1,16,oracle_reference,0.10347477314326724,0.10339652231875641,0.999481511417953,0.9649264636206297
11,nonlinear,0.1,32,unadapted,0.6377786836627188,0.6369574861195625,0.999481511417953,-1.34893437040519
11,nonlinear,0.1,32,offset_calibrated,0.6380693369735297,0.6369574861195625,0.999481511417953,-1.34893437040519
11,nonlinear,0.1,32,adaptation_mean,3.046317118156667,3.03339758038502,0.0,0.0
11,nonlinear,0.1,32,oracle_reference,0.10347477314326724,0.10339652231875641,0.999481511417953,0.9649264636206297
11,nonlinear,0.1,64,unadapted,0.6377786836627188,0.6369574861195625,0.999481511417953,-1.34893437040519
11,nonlinear,0.1,64,offset_calibrated,0.6504959978992382,0.6369574861195626,0.999481511417953,-1.3489343704051904
11,nonlinear,0.1,64,adaptation_mean,3.0784108787660354,3.03339758038502,9.992007221626409e-16,0.0
11,nonlinear,0.1,64,oracle_reference,0.10347477314326724,0.10339652231875641,0.999481511417953,0.9649264636206297
11,nonlinear,0.5,8,unadapted,0.7578307015196808,0.7574769657318688,0.987118979597473,-0.6469960969131903
11,nonlinear,0.5,8,offset_calibrated,0.7612307836741621,0.7574769657318692,0.987118979597473,-0.6469960969131903
11,nonlinear,0.5,8,adaptation_mean,3.145045953484671,3.060280540489639,0.0,-4.440892098500626e-16
11,nonlinear,0.5,8,oracle_reference,0.5173738657163359,0.5169826115937819,0.987118979597473,0.459348976582433
11,nonlinear,0.5,16,unadapted,0.7578307015196808,0.7574769657318688,0.987118979597473,-0.6469960969131903
11,nonlinear,0.5,16,offset_calibrated,0.764233362840411,0.7574769657318688,0.987118979597473,-0.6469960969131898
11,nonlinear,0.5,16,adaptation_mean,3.0709466779342094,3.0602805404896385,0.0,0.0
11,nonlinear,0.5,16,oracle_reference,0.5173738657163359,0.5169826115937819,0.987118979597473,0.459348976582433
11,nonlinear,0.5,32,unadapted,0.7578307015196808,0.7574769657318688,0.987118979597473,-0.6469960969131903
11,nonlinear,0.5,32,offset_calibrated,0.7587870326389612,0.7574769657318687,0.987118979597473,-0.6469960969131907
11,nonlinear,0.5,32,adaptation_mean,3.0700302281020435,3.0602805404896394,-4.440892098500626e-16,0.0
11,nonlinear,0.5,32,oracle_reference,0.5173738657163359,0.5169826115937819,0.987118979597473,0.459348976582433
11,nonlinear,0.5,64,unadapted,0.7578307015196808,0.7574769657318688,0.987118979597473,-0.6469960969131903
11,nonlinear,0.5,64,offset_calibrated,0.7617280309494963,0.7574769657318688,0.987118979597473,-0.6469960969131889
11,nonlinear,0.5,64,adaptation_mean,3.1034281584800025,3.0602805404896385,0.0,-8.881784197001252e-16
11,nonlinear,0.5,64,oracle_reference,0.5173738657163359,0.5169826115937819,0.987118979597473,0.459348976582433
12,none,0.0,8,unadapted,0.0,7.105427357601002e-15,1.0,1.0
12,none,0.0,8,offset_calibrated,0.0,7.105427357601002e-15,1.0,1.0
12,none,0.0,8,adaptation_mean,3.2460352330881173,3.030807446123623,-2.220446049250313e-16,1.1102230246251565e-16
12,none,0.0,8,oracle_reference,0.0,0.0,1.0,1.0
12,none,0.0,16,unadapted,0.0,7.105427357601002e-15,1.0,1.0
12,none,0.0,16,offset_calibrated,0.0,7.105427357601002e-15,1.0,1.0
12,none,0.0,16,adaptation_mean,3.0493476199897804,3.030807446123623,4.440892098500626e-16,0.0
12,none,0.0,16,oracle_reference,0.0,0.0,1.0,1.0
12,none,0.0,32,unadapted,0.0,7.105427357601002e-15,1.0,1.0
12,none,0.0,32,offset_calibrated,0.0,7.105427357601002e-15,1.0,1.0
12,none,0.0,32,adaptation_mean,3.0426174794448957,3.030807446123623,-2.220446049250313e-16,5.551115123125783e-16
12,none,0.0,32,oracle_reference,0.0,0.0,1.0,1.0
12,none,0.0,64,unadapted,0.0,7.105427357601002e-15,1.0,1.0
12,none,0.0,64,offset_calibrated,0.0,7.105427357601002e-15,1.0,1.0
12,none,0.0,64,adaptation_mean,3.0324874840200406,3.0308074461236227,0.0,3.3306690738754696e-16
12,none,0.0,64,oracle_reference,0.0,0.0,1.0,1.0
12,none,0.1,8,unadapted,0.09619765762172389,0.09591249125808189,0.9995111848621743,0.951364826057309
12,none,0.1,8,offset_calibrated,0.10621080612353243,0.09591249125808188,0.9995111848621743,0.951364826057309
12,none,0.1,8,adaptation_mean,3.2595286572267,3.036924635923495,0.0,-2.220446049250313e-16
12,none,0.1,8,oracle_reference,0.09619765762172389,0.09591249125808188,0.9995111848621743,0.951364826057309
12,none,0.1,16,unadapted,0.09619765762172389,0.09591249125808189,0.9995111848621743,0.951364826057309
12,none,0.1,16,offset_calibrated,0.0987338227936421,0.09591249125808188,0.9995111848621743,0.951364826057309
12,none,0.1,16,adaptation_mean,3.056044430474712,3.036924635923495,0.0,-4.440892098500626e-16
12,none,0.1,16,oracle_reference,0.09619765762172389,0.09591249125808188,0.9995111848621743,0.951364826057309
12,none,0.1,32,unadapted,0.09619765762172389,0.09591249125808189,0.9995111848621743,0.951364826057309
12,none,0.1,32,offset_calibrated,0.09640792921643668,0.09591249125808188,0.9995111848621743,0.951364826057309
12,none,0.1,32,adaptation_mean,3.048946931902691,3.0369246359234956,4.440892098500626e-16,-2.220446049250313e-16
12,none,0.1,32,oracle_reference,0.09619765762172389,0.09591249125808188,0.9995111848621743,0.951364826057309
12,none,0.1,64,unadapted,0.09619765762172389,0.09591249125808189,0.9995111848621743,0.951364826057309
12,none,0.1,64,offset_calibrated,0.0960166715003863,0.0959124912580819,0.9995111848621743,0.951364826057309
12,none,0.1,64,adaptation_mean,3.038698855313812,3.0369246359234956,0.0,-2.220446049250313e-16
12,none,0.1,64,oracle_reference,0.09619765762172389,0.09591249125808188,0.9995111848621743,0.951364826057309
12,none,0.5,8,unadapted,0.4809882881086193,0.47956245629040917,0.9880623146467985,0.452107261643902
12,none,0.5,8,offset_calibrated,0.531054030617661,0.47956245629040917,0.9880623146467985,0.45210726164390147
12,none,0.5,8,adaptation_mean,3.3467476504770817,3.091025138845974,-2.220446049250313e-16,-4.440892098500626e-16
12,none,0.5,8,oracle_reference,0.4809882881086193,0.4795624562904093,0.9880623146467985,0.452107261643902
12,none,0.5,16,unadapted,0.4809882881086193,0.47956245629040917,0.9880623146467985,0.452107261643902
12,none,0.5,16,offset_calibrated,0.49366911396820967,0.47956245629040917,0.9880623146467985,0.45210726164390214
12,none,0.5,16,adaptation_mean,3.1140914135985764,3.0910251388459735,3.3306690738754696e-16,-2.220446049250313e-16
12,none,0.5,16,oracle_reference,0.4809882881086193,0.4795624562904093,0.9880623146467985,0.452107261643902
12,none,0.5,32,unadapted,0.4809882881086193,0.47956245629040917,0.9880623146467985,0.452107261643902
12,none,0.5,32,offset_calibrated,0.4820396460821834,0.47956245629040917,0.9880623146467985,0.4521072616439018
12,none,0.5,32,adaptation_mean,3.104107175695685,3.091025138845973,2.220446049250313e-16,-4.440892098500626e-16
12,none,0.5,32,oracle_reference,0.4809882881086193,0.4795624562904093,0.9880623146467985,0.452107261643902
12,none,0.5,64,unadapted,0.4809882881086193,0.47956245629040917,0.9880623146467985,0.452107261643902
12,none,0.5,64,offset_calibrated,0.48008335750193126,0.47956245629040917,0.9880623146467985,0.4521072616439019
12,none,0.5,64,adaptation_mean,3.093215564132064,3.091025138845974,-4.440892098500626e-16,-4.440892098500626e-16
12,none,0.5,64,oracle_reference,0.4809882881086193,0.4795624562904093,0.9880623146467985,0.452107261643902
12,offset,0.0,8,unadapted,1.5,7.129549699527932e-15,1.0,1.0
12,offset,0.0,8,offset_calibrated,0.0,7.105427357601002e-15,1.0,1.0
12,offset,0.0,8,adaptation_mean,3.246035233088117,3.030807446123622,0.0,5.551115123125783e-16
12,offset,0.0,8,oracle_reference,0.0,7.105427357601002e-15,1.0,1.0
12,offset,0.0,16,unadapted,1.5,7.129549699527932e-15,1.0,1.0
12,offset,0.0,16,offset_calibrated,0.0,7.105427357601002e-15,1.0,1.0
12,offset,0.0,16,adaptation_mean,3.0493476199897804,3.030807446123623,-2.220446049250313e-16,0.0
12,offset,0.0,16,oracle_reference,0.0,7.105427357601002e-15,1.0,1.0
12,offset,0.0,32,unadapted,1.5,7.129549699527932e-15,1.0,1.0
12,offset,0.0,32,offset_calibrated,0.0,7.105427357601002e-15,1.0,1.0
12,offset,0.0,32,adaptation_mean,3.0426174794448957,3.030807446123623,-6.661338147750939e-16,5.551115123125783e-16
12,offset,0.0,32,oracle_reference,0.0,7.105427357601002e-15,1.0,1.0
12,offset,0.0,64,unadapted,1.5,7.129549699527932e-15,1.0,1.0
12,offset,0.0,64,offset_calibrated,0.0,7.105427357601002e-15,1.0,1.0
12,offset,0.0,64,adaptation_mean,3.0324874840200406,3.0308074461236227,-6.661338147750939e-16,5.551115123125783e-16
12,offset,0.0,64,oracle_reference,0.0,7.105427357601002e-15,1.0,1.0
12,offset,0.1,8,unadapted,1.5084396861359788,0.09591249125808182,0.9995111848621743,0.951364826057309
12,offset,0.1,8,offset_calibrated,0.10621080612353237,0.09591249125808185,0.9995111848621743,0.9513648260573091
12,offset,0.1,8,adaptation_mean,3.2595286572267,3.036924635923495,2.220446049250313e-16,0.0
12,offset,0.1,8,oracle_reference,0.09619765762172383,0.09591249125808182,0.9995111848621743,0.951364826057309
12,offset,0.1,16,unadapted,1.5084396861359788,0.09591249125808182,0.9995111848621743,0.951364826057309
12,offset,0.1,16,offset_calibrated,0.09873382279364207,0.09591249125808185,0.9995111848621743,0.951364826057309
12,offset,0.1,16,adaptation_mean,3.056044430474712,3.036924635923495,0.0,-6.661338147750939e-16
12,offset,0.1,16,oracle_reference,0.09619765762172383,0.09591249125808182,0.9995111848621743,0.951364826057309
12,offset,0.1,32,unadapted,1.5084396861359788,0.09591249125808182,0.9995111848621743,0.951364826057309
12,offset,0.1,32,offset_calibrated,0.09640792921643665,0.09591249125808185,0.9995111848621743,0.951364826057309
12,offset,0.1,32,adaptation_mean,3.048946931902691,3.0369246359234956,4.440892098500626e-16,1.1102230246251565e-16
12,offset,0.1,32,oracle_reference,0.09619765762172383,0.09591249125808182,0.9995111848621743,0.951364826057309
12,offset,0.1,64,unadapted,1.5084396861359788,0.09591249125808182,0.9995111848621743,0.951364826057309
12,offset,0.1,64,offset_calibrated,0.09601667150038624,0.09591249125808185,0.9995111848621743,0.951364826057309
12,offset,0.1,64,adaptation_mean,3.038698855313812,3.036924635923496,0.0,-6.661338147750939e-16
12,offset,0.1,64,oracle_reference,0.09619765762172383,0.09591249125808182,0.9995111848621743,0.951364826057309
12,offset,0.5,8,unadapted,1.6085986484258012,0.47956245629040917,0.9880623146467985,0.45210726164390214
12,offset,0.5,8,offset_calibrated,0.531054030617661,0.47956245629040917,0.9880623146467985,0.45210726164390147
12,offset,0.5,8,adaptation_mean,3.346747650477081,3.091025138845973,0.0,-2.220446049250313e-16
12,offset,0.5,8,oracle_reference,0.4809882881086193,0.4795624562904091,0.9880623146467985,0.45210726164390214
12,offset,0.5,16,unadapted,1.6085986484258012,0.47956245629040917,0.9880623146467985,0.45210726164390214
12,offset,0.5,16,offset_calibrated,0.49366911396820967,0.47956245629040906,0.9880623146467985,0.452107261643902
12,offset,0.5,16,adaptation_mean,3.1140914135985764,3.0910251388459735,7.771561172376096e-16,2.220446049250313e-16
12,offset,0.5,16,oracle_reference,0.4809882881086193,0.4795624562904091,0.9880623146467985,0.45210726164390214
12,offset,0.5,32,unadapted,1.6085986484258012,0.47956245629040917,0.9880623146467985,0.45210726164390214
12,offset,0.5,32,offset_calibrated,0.4820396460821832,0.47956245629040906,0.9880623146467985,0.45210726164390225
12,offset,0.5,32,adaptation_mean,3.1041071756956846,3.091025138845973,9.992007221626409e-16,0.0
12,offset,0.5,32,oracle_reference,0.4809882881086193,0.4795624562904091,0.9880623146467985,0.45210726164390214
12,offset,0.5,64,unadapted,1.6085986484258012,0.47956245629040917,0.9880623146467985,0.45210726164390214
12,offset,0.5,64,offset_calibrated,0.4800833575019312,0.47956245629040917,0.9880623146467985,0.4521072616439017
12,offset,0.5,64,adaptation_mean,3.093215564132064,3.091025138845974,2.220446049250313e-16,1.1102230246251565e-16
12,offset,0.5,64,oracle_reference,0.4809882881086193,0.4795624562904091,0.9880623146467985,0.45210726164390214
12,gain,0.0,8,unadapted,1.0595820052507252,1.05872391811732,0.9970251284582007,0.011934052260122785
12,gain,0.0,8,offset_calibrated,1.1332836156188089,1.05872391811732,0.9970251284582007,0.011934052260123007
12,gain,0.0,8,adaptation_mean,3.388535983008298,3.1679370022481663,-4.440892098500626e-16,4.440892098500626e-16
12,gain,0.0,8,oracle_reference,0.0,5.329070518200751e-15,1.0,1.0
12,gain,0.0,16,unadapted,1.0595820052507252,1.05872391811732,0.9970251284582007,0.011934052260122785
12,gain,0.0,16,offset_calibrated,1.0653662235357844,1.05872391811732,0.9970251284582007,0.011934052260123007
12,gain,0.0,16,adaptation_mean,3.188476896764799,3.167937002248167,-2.220446049250313e-16,0.0
12,gain,0.0,16,oracle_reference,0.0,5.329070518200751e-15,1.0,1.0
12,gain,0.0,32,unadapted,1.0595820052507252,1.05872391811732,0.9970251284582007,0.011934052260122785
12,gain,0.0,32,offset_calibrated,1.0628682347785994,1.0587239181173198,0.9970251284582007,0.011934052260123007
12,gain,0.0,32,adaptation_mean,3.1804131722273383,3.1679370022481663,0.0,5.551115123125783e-16
12,gain,0.0,32,oracle_reference,0.0,5.329070518200751e-15,1.0,1.0
12,gain,0.0,64,unadapted,1.0595820052507252,1.05872391811732,0.9970251284582007,0.011934052260122785
12,gain,0.0,64,offset_calibrated,1.0593657114747117,1.05872391811732,0.9970251284582007,0.011934052260123229
12,gain,0.0,64,adaptation_mean,3.1700775026949213,3.1679370022481663,-4.440892098500626e-16,0.0
12,gain,0.0,64,oracle_reference,0.0,5.329070518200751e-15,1.0,1.0
12,gain,0.1,8,unadapted,1.0573685151267962,1.0562300072316892,0.9965429155067621,0.01315457205583137
12,gain,0.1,8,offset_calibrated,1.1458827851627513,1.0562300072316892,0.9965429155067621,0.013154572055831593
12,gain,0.1,8,adaptation_mean,3.4020889825794542,3.1741830308158114,8.881784197001252e-16,2.220446049250313e-16
12,gain,0.1,8,oracle_reference,0.09619765762172389,0.09591249125808188,0.9995529293226088,0.995744545807184
12,gain,0.1,16,unadapted,1.0573685151267962,1.0562300072316892,0.9965429155067621,0.01315457205583137
12,gain,0.1,16,offset_calibrated,1.0657112231132262,1.0562300072316897,0.9965429155067621,0.013154572055830371
12,gain,0.1,16,adaptation_mean,3.1953034216977603,3.1741830308158114,0.0,-2.220446049250313e-16
12,gain,0.1,16,oracle_reference,0.09619765762172389,0.09591249125808188,0.9995529293226088,0.995744545807184
12,gain,0.1,32,unadapted,1.0573685151267962,1.0562300072316892,0.9965429155067621,0.01315457205583137
12,gain,0.1,32,offset_calibrated,1.0612577759522352,1.056230007231689,0.9965429155067621,0.01315457205583126
12,gain,0.1,32,adaptation_mean,3.186870199637533,3.1741830308158114,8.881784197001252e-16,-6.661338147750939e-16
12,gain,0.1,32,oracle_reference,0.09619765762172389,0.09591249125808188,0.9995529293226088,0.995744545807184
12,gain,0.1,64,unadapted,1.0573685151267962,1.0562300072316892,0.9965429155067621,0.01315457205583137
12,gain,0.1,64,offset_calibrated,1.0568501874235345,1.0562300072316895,0.9965429155067621,0.013154572055830371
12,gain,0.1,64,adaptation_mean,3.1764190151826988,3.1741830308158105,6.661338147750939e-16,2.220446049250313e-16
12,gain,0.1,64,oracle_reference,0.09619765762172389,0.09591249125808188,0.9995529293226088,0.995744545807184
12,gain,0.5,8,unadapted,1.1354458725984413,1.1329068969279081,0.9859412912828999,0.016747131544243343
12,gain,0.5,8,offset_calibrated,1.286194853924027,1.1329068969279081,0.9859412912828999,0.016747131544243676
12,gain,0.5,8,adaptation_mean,3.490813391071927,3.2309130466390545,-2.220446049250313e-16,0.0
12,gain,0.5,8,oracle_reference,0.48098828810861927,0.4795624562904091,0.9890620880194511,0.8993403278415311
12,gain,0.5,16,unadapted,1.1354458725984413,1.1329068969279081,0.9859412912828999,0.016747131544243343
12,gain,0.5,16,offset_calibrated,1.1569295946227807,1.1329068969279077,0.9859412912828999,0.01674713154424423
12,gain,0.5,16,adaptation_mean,3.2560684848396892,3.2309130466390537,2.220446049250313e-16,0.0
12,gain,0.5,16,oracle_reference,0.48098828810861927,0.4795624562904091,0.9890620880194511,0.8993403278415311
12,gain,0.5,32,unadapted,1.1354458725984413,1.1329068969279081,0.9859412912828999,0.016747131544243343
12,gain,0.5,32,offset_calibrated,1.1416459011920712,1.1329068969279077,0.9859412912828999,0.01674713154424423
12,gain,0.5,32,adaptation_mean,3.2446578116641236,3.2309130466390545,-2.220446049250313e-16,0.0
12,gain,0.5,32,oracle_reference,0.48098828810861927,0.4795624562904091,0.9890620880194511,0.8993403278415311
12,gain,0.5,64,unadapted,1.1354458725984413,1.1329068969279081,0.9859412912828999,0.016747131544243343
12,gain,0.5,64,offset_calibrated,1.1336177331042676,1.1329068969279081,0.9859412912828999,0.016747131544243343
12,gain,0.5,64,adaptation_mean,3.2335918943606177,3.2309130466390545,2.220446049250313e-16,0.0
12,gain,0.5,64,oracle_reference,0.48098828810861927,0.4795624562904091,0.9890620880194511,0.8993403278415311
12,nonlinear,0.0,8,unadapted,0.6468806057975036,0.6459112590338729,1.0,-1.396041156261488
12,nonlinear,0.0,8,offset_calibrated,0.6935707654355443,0.6459112590338728,1.0,-1.3960411562614876
12,nonlinear,0.0,8,adaptation_mean,3.2519168540476704,3.0354791632829032,-2.220446049250313e-16,-4.440892098500626e-16
12,nonlinear,0.0,8,oracle_reference,0.0,0.0,1.0,1.0
12,nonlinear,0.0,16,unadapted,0.6468806057975036,0.6459112590338729,1.0,-1.396041156261488
12,nonlinear,0.0,16,offset_calibrated,0.6493412595779613,0.6459112590338731,1.0,-1.3960411562614894
12,nonlinear,0.0,16,adaptation_mean,3.0545742158876634,3.035479163282904,5.551115123125783e-16,-6.661338147750939e-16
12,nonlinear,0.0,16,oracle_reference,0.0,0.0,1.0,1.0
12,nonlinear,0.0,32,unadapted,0.6468806057975036,0.6459112590338729,1.0,-1.396041156261488
12,nonlinear,0.0,32,offset_calibrated,0.6460259893049183,0.6459112590338728,1.0,-1.3960411562614885
12,nonlinear,0.0,32,adaptation_mean,3.0472786970746233,3.035479163282904,0.0,1.1102230246251565e-16
12,nonlinear,0.0,32,oracle_reference,0.0,0.0,1.0,1.0
12,nonlinear,0.0,64,unadapted,0.6468806057975036,0.6459112590338729,1.0,-1.396041156261488
12,nonlinear,0.0,64,offset_calibrated,0.6491039747073137,0.6459112590338728,1.0,-1.3960411562614867
12,nonlinear,0.0,64,adaptation_mean,3.037193269442141,3.0354791632829032,2.220446049250313e-16,-2.220446049250313e-16
12,nonlinear,0.0,64,oracle_reference,0.0,0.0,1.0,1.0
12,nonlinear,0.1,8,unadapted,0.6535948214675125,0.6528852891990888,0.9995111848621743,-1.3434751609173614
12,nonlinear,0.1,8,offset_calibrated,0.7158189587651507,0.6528852891990887,0.9995111848621743,-1.3434751609173605
12,nonlinear,0.1,8,adaptation_mean,3.2675745380512433,3.042202446760906,0.0,-2.220446049250313e-16
12,nonlinear,0.1,8,oracle_reference,0.09619765762172389,0.09591249125808188,0.9995111848621743,0.9736231418253678
12,nonlinear,0.1,16,unadapted,0.6535948214675125,0.6528852891990888,0.9995111848621743,-1.3434751609173614
12,nonlinear,0.1,16,offset_calibrated,0.6543356643491265,0.6528852891990887,0.9995111848621743,-1.3434751609173605
12,nonlinear,0.1,16,adaptation_mean,3.0611177605560833,3.0422024467609066,0.0,0.0
12,nonlinear,0.1,16,oracle_reference,0.09619765762172389,0.09591249125808188,0.9995111848621743,0.9736231418253678
12,nonlinear,0.1,32,unadapted,0.6535948214675125,0.6528852891990888,0.9995111848621743,-1.3434751609173614
12,nonlinear,0.1,32,offset_calibrated,0.6532455579777586,0.652885289199089,0.9995111848621743,-1.3434751609173614
12,nonlinear,0.1,32,adaptation_mean,3.054171185313329,3.042202446760907,0.0,4.440892098500626e-16
12,nonlinear,0.1,32,oracle_reference,0.09619765762172389,0.09591249125808188,0.9995111848621743,0.9736231418253678
12,nonlinear,0.1,64,unadapted,0.6535948214675125,0.6528852891990888,0.9995111848621743,-1.3434751609173614
12,nonlinear,0.1,64,offset_calibrated,0.6562999575019166,0.6528852891990891,0.9995111848621743,-1.3434751609173605
12,nonlinear,0.1,64,adaptation_mean,3.044066361157581,3.042202446760907,-2.220446049250313e-16,1.1102230246251565e-16
12,nonlinear,0.1,64,oracle_reference,0.09619765762172389,0.09591249125808188,0.9995111848621743,0.9736231418253678
12,nonlinear,0.5,8,unadapted,0.8045988009629639,0.8041765355378727,0.9880623146467985,-0.7933202149709235
12,nonlinear,0.5,8,offset_calibrated,0.9282171666916099,0.8041765355378725,0.9880623146467985,-0.7933202149709224
12,nonlinear,0.5,8,adaptation_mean,3.363116088325771,3.098884133265402,-4.440892098500626e-16,-6.661338147750939e-16
12,nonlinear,0.5,8,oracle_reference,0.48098828810861927,0.47956245629040906,0.9880623146467985,0.6022719126338172
12,nonlinear,0.5,16,unadapted,0.8045988009629639,0.8041765355378727,0.9880623146467985,-0.7933202149709235
12,nonlinear,0.5,16,offset_calibrated,0.8057943546548736,0.8041765355378727,0.9880623146467985,-0.7933202149709229
12,nonlinear,0.5,16,adaptation_mean,3.11875789490691,3.0988841332654022,0.0,-8.881784197001252e-16
12,nonlinear,0.5,16,oracle_reference,0.48098828810861927,0.47956245629040906,0.9880623146467985,0.6022719126338172
12,nonlinear,0.5,32,unadapted,0.8045988009629639,0.8041765355378727,0.9880623146467985,-0.7933202149709235
12,nonlinear,0.5,32,offset_calibrated,0.8064327141761927,0.8041765355378727,0.9880623146467985,-0.7933202149709235
12,nonlinear,0.5,32,adaptation_mean,3.111739559412685,3.098884133265402,3.3306690738754696e-16,-1.1102230246251565e-15
12,nonlinear,0.5,32,oracle_reference,0.48098828810861927,0.47956245629040906,0.9880623146467985,0.6022719126338172
12,nonlinear,0.5,64,unadapted,0.8045988009629639,0.8041765355378727,0.9880623146467985,-0.7933202149709235
12,nonlinear,0.5,64,offset_calibrated,0.8080348502850216,0.8041765355378725,0.9880623146467985,-0.7933202149709224
12,nonlinear,0.5,64,adaptation_mean,3.1013778792527504,3.0988841332654014,-4.440892098500626e-16,0.0
12,nonlinear,0.5,64,oracle_reference,0.48098828810861927,0.47956245629040906,0.9880623146467985,0.6022719126338172
13,none,0.0,8,unadapted,0.0,7.105427357601002e-15,1.0,1.0
13,none,0.0,8,offset_calibrated,0.0,7.105427357601002e-15,1.0,1.0
13,none,0.0,8,adaptation_mean,3.0818492904389525,3.030807446123623,2.220446049250313e-16,-2.220446049250313e-16
13,none,0.0,8,oracle_reference,0.0,0.0,1.0,1.0
13,none,0.0,16,unadapted,0.0,7.105427357601002e-15,1.0,1.0
13,none,0.0,16,offset_calibrated,0.0,7.105427357601002e-15,1.0,1.0
13,none,0.0,16,adaptation_mean,3.0750069707296466,3.0308074461236227,4.440892098500626e-16,1.1102230246251565e-16
13,none,0.0,16,oracle_reference,0.0,0.0,1.0,1.0
13,none,0.0,32,unadapted,0.0,7.105427357601002e-15,1.0,1.0
13,none,0.0,32,offset_calibrated,0.0,7.105427357601002e-15,1.0,1.0
13,none,0.0,32,adaptation_mean,3.1131592929660803,3.0308074461236236,4.440892098500626e-16,7.771561172376096e-16
13,none,0.0,32,oracle_reference,0.0,0.0,1.0,1.0
13,none,0.0,64,unadapted,0.0,7.105427357601002e-15,1.0,1.0
13,none,0.0,64,offset_calibrated,0.0,7.105427357601002e-15,1.0,1.0
13,none,0.0,64,adaptation_mean,3.049069909873669,3.0308074461236227,0.0,7.771561172376096e-16
13,none,0.0,64,oracle_reference,0.0,0.0,1.0,1.0
13,none,0.1,8,unadapted,0.09372048817437523,0.09270232314314522,0.9995437799408906,0.9521537937072709
13,none,0.1,8,offset_calibrated,0.10536101804727255,0.09270232314314522,0.9995437799408906,0.9521537937072709
13,none,0.1,8,adaptation_mean,3.096814765905494,3.0367759592468535,0.0,1.1102230246251565e-16
13,none,0.1,8,oracle_reference,0.09372048817437523,0.0927023231431452,0.9995437799408906,0.9521537937072709
13,none,0.1,16,unadapted,0.09372048817437523,0.09270232314314522,0.9995437799408906,0.9521537937072709
13,none,0.1,16,offset_calibrated,0.09846874297083757,0.09270232314314522,0.9995437799408906,0.9521537937072709
13,none,0.1,16,adaptation_mean,3.0862384760378143,3.036775959246852,4.440892098500626e-16,0.0
13,none,0.1,16,oracle_reference,0.09372048817437523,0.0927023231431452,0.9995437799408906,0.9521537937072709
13,none,0.1,32,unadapted,0.09372048817437523,0.09270232314314522,0.9995437799408906,0.9521537937072709
13,none,0.1,32,offset_calibrated,0.09492361191645078,0.09270232314314522,0.9995437799408906,0.9521537937072709
13,none,0.1,32,adaptation_mean,3.123677584924579,3.036775959246854,4.440892098500626e-16,0.0
13,none,0.1,32,oracle_reference,0.09372048817437523,0.0927023231431452,0.9995437799408906,0.9521537937072709
13,none,0.1,64,unadapted,0.09372048817437523,0.09270232314314522,0.9995437799408906,0.9521537937072709
13,none,0.1,64,offset_calibrated,0.09371707778464064,0.09270232314314514,0.9995437799408906,0.952153793707271
13,none,0.1,64,adaptation_mean,3.0565399965621185,3.036775959246853,0.0,0.0
13,none,0.1,64,oracle_reference,0.09372048817437523,0.0927023231431452,0.9995437799408906,0.9521537937072709
13,none,0.5,8,unadapted,0.4686024408718763,0.4635116157157262,0.9888694291195795,0.4012691088743263
13,none,0.5,8,offset_calibrated,0.5268050902363615,0.4635116157157263,0.9888694291195794,0.4012691088743261
13,none,0.5,8,adaptation_mean,3.190983572576606,3.0884667438191205,-6.661338147750939e-16,1.1102230246251565e-16
13,none,0.5,8,oracle_reference,0.4686024408718763,0.4635116157157262,0.9888694291195795,0.4012691088743263
13,none,0.5,16,unadapted,0.4686024408718763,0.4635116157157262,0.9888694291195795,0.4012691088743263
13,none,0.5,16,offset_calibrated,0.4923437148541883,0.4635116157157262,0.9888694291195795,0.40126910887432643
13,none,0.5,16,adaptation_mean,3.1615007704955014,3.0884667438191213,-4.440892098500626e-16,-2.220446049250313e-16
13,none,0.5,16,oracle_reference,0.4686024408718763,0.4635116157157262,0.9888694291195795,0.4012691088743263
13,none,0.5,32,unadapted,0.4686024408718763,0.4635116157157262,0.9888694291195795,0.4012691088743263
13,none,0.5,32,offset_calibrated,0.47461805958225345,0.4635116157157262,0.9888694291195794,0.4012691088743269
13,none,0.5,32,adaptation_mean,3.19374046962248,3.0884667438191213,-6.661338147750939e-16,3.3306690738754696e-16
13,none,0.5,32,oracle_reference,0.4686024408718763,0.4635116157157262,0.9888694291195795,0.4012691088743263
13,none,0.5,64,unadapted,0.4686024408718763,0.4635116157157262,0.9888694291195795,0.4012691088743263
13,none,0.5,64,offset_calibrated,0.4685853889232033,0.46351161571572613,0.9888694291195795,0.40126910887432654
13,none,0.5,64,adaptation_mean,3.114555842867275,3.0884667438191213,-2.220446049250313e-16,0.0
13,none,0.5,64,oracle_reference,0.4686024408718763,0.4635116157157262,0.9888694291195795,0.4012691088743263
13,offset,0.0,8,unadapted,1.5,7.129549699527932e-15,1.0,1.0
13,offset,0.0,8,offset_calibrated,0.0,7.105427357601002e-15,1.0,1.0
13,offset,0.0,8,adaptation_mean,3.081849290438953,3.0308074461236227,-4.440892098500626e-16,1.1102230246251565e-16
13,offset,0.0,8,oracle_reference,0.0,7.105427357601002e-15,1.0,1.0
13,offset,0.0,16,unadapted,1.5,7.129549699527932e-15,1.0,1.0
13,offset,0.0,16,offset_calibrated,3.1401849173675503e-16,7.186828968684002e-15,1.0,1.0
13,offset,0.0,16,adaptation_mean,3.0750069707296466,3.0308074461236227,-2.220446049250313e-16,-4.440892098500626e-16
13,offset,0.0,16,oracle_reference,0.0,7.105427357601002e-15,1.0,1.0
13,offset,0.0,32,unadapted,1.5,7.129549699527932e-15,1.0,1.0
13,offset,0.0,32,offset_calibrated,0.0,7.105427357601002e-15,1.0,1.0
13,offset,0.0,32,adaptation_mean,3.1131592929660803,3.030807446123623,-2.220446049250313e-16,1.1102230246251565e-16
13,offset,0.0,32,oracle_reference,0.0,7.105427357601002e-15,1.0,1.0
13,offset,0.0,64,unadapted,1.5,7.129549699527932e-15,1.0,1.0
13,offset,0.0,64,offset_calibrated,0.0,7.105427357601002e-15,1.0,1.0
13,offset,0.0,64,adaptation_mean,3.049069909873669,3.0308074461236227,0.0,5.551115123125783e-16
13,offset,0.0,64,oracle_reference,0.0,7.105427357601002e-15,1.0,1.0
13,offset,0.1,8,unadapted,1.5169470363337278,0.09270232314314517,0.9995437799408906,0.952153793707271
13,offset,0.1,8,offset_calibrated,0.10536101804727258,0.09270232314314518,0.9995437799408906,0.9521537937072709
13,offset,0.1,8,adaptation_mean,3.0968147659054943,3.036775959246853,4.440892098500626e-16,-6.661338147750939e-16
13,offset,0.1,8,oracle_reference,0.09372048817437524,0.09270232314314521,0.9995437799408906,0.9521537937072709
13,offset,0.1,16,unadapted,1.5169470363337278,0.09270232314314517,0.9995437799408906,0.952153793707271
13,offset,0.1,16,offset_calibrated,0.09846874297083756,0.09270232314314514,0.9995437799408906,0.9521537937072709
13,offset,0.1,16,adaptation_mean,3.0862384760378143,3.036775959246853,0.0,4.440892098500626e-16
13,offset,0.1,16,oracle_reference,0.09372048817437524,0.09270232314314521,0.9995437799408906,0.9521537937072709
13,offset,0.1,32,unadapted,1.5169470363337278,0.09270232314314517,0.9995437799408906,0.952153793707271
13,offset,0.1,32,offset_calibrated,0.09492361191645078,0.09270232314314517,0.9995437799408906,0.952153793707271
13,offset,0.1,32,adaptation_mean,3.1236775849245797,3.0367759592468535,0.0,4.440892098500626e-16
13,offset,0.1,32,oracle_reference,0.09372048817437524,0.09270232314314521,0.9995437799408906,0.9521537937072709
13,offset,0.1,64,unadapted,1.5169470363337278,0.09270232314314517,0.9995437799408906,0.952153793707271
13,offset,0.1,64,offset_calibrated,0.09371707778464063,0.09270232314314514,0.9995437799408906,0.952153793707271
13,offset,0.1,64,adaptation_mean,3.056539996562117,3.036775959246853,2.220446049250313e-16,-6.661338147750939e-16
13,offset,0.1,64,oracle_reference,0.09372048817437524,0.09270232314314521,0.9995437799408906,0.9521537937072709
13,offset,0.5,8,unadapted,1.6423964096492485,0.46351161571572613,0.9888694291195795,0.4012691088743262
13,offset,0.5,8,offset_calibrated,0.5268050902363614,0.46351161571572613,0.9888694291195794,0.4012691088743261
13,offset,0.5,8,adaptation_mean,3.190983572576606,3.08846674381912,-4.440892098500626e-16,-2.220446049250313e-16
13,offset,0.5,8,oracle_reference,0.4686024408718763,0.4635116157157262,0.9888694291195795,0.4012691088743262
13,offset,0.5,16,unadapted,1.6423964096492485,0.46351161571572613,0.9888694291195795,0.4012691088743262
13,offset,0.5,16,offset_calibrated,0.4923437148541883,0.46351161571572613,0.9888694291195795,0.40126910887432665
13,offset,0.5,16,adaptation_mean,3.1615007704955014,3.0884667438191205,-2.220446049250313e-16,1.1102230246251565e-16
13,offset,0.5,16,oracle_reference,0.4686024408718763,0.4635116157157262,0.9888694291195795,0.4012691088743262
13,offset,0.5,32,unadapted,1.6423964096492485,0.46351161571572613,0.9888694291195795,0.4012691088743262
13,offset,0.5,32,offset_calibrated,0.47461805958225345,0.4635116157157262,0.9888694291195794,0.40126910887432665
13,offset,0.5,32,adaptation_mean,3.193740469622479,3.0884667438191213,-4.440892098500626e-16,-2.220446049250313e-16
13,offset,0.5,32,oracle_reference,0.4686024408718763,0.4635116157157262,0.9888694291195795,0.4012691088743262
13,offset,0.5,64,unadapted,1.6423964096492485,0.46351161571572613,0.9888694291195795,0.4012691088743262
13,offset,0.5,64,offset_calibrated,0.4685853889232032,0.4635116157157261,0.9888694291195795,0.4012691088743263
13,offset,0.5,64,adaptation_mean,3.114555842867274,3.088466743819121,-2.220446049250313e-16,-2.220446049250313e-16
13,offset,0.5,64,oracle_reference,0.4686024408718763,0.4635116157157262,0.9888694291195795,0.4012691088743262
13,gain,0.0,8,unadapted,1.0595820052507252,1.05872391811732,0.9970251284582007,0.011934052260122785
13,gain,0.0,8,offset_calibrated,1.0756345233964266,1.0587239181173203,0.9970251284582007,0.01193405226012223
13,gain,0.0,8,adaptation_mean,3.214852657160449,3.1679370022481663,-2.220446049250313e-16,2.220446049250313e-16
13,gain,0.0,8,oracle_reference,0.0,5.329070518200751e-15,1.0,1.0
13,gain,0.0,16,unadapted,1.0595820052507252,1.05872391811732,0.9970251284582007,0.011934052260122785
13,gain,0.0,16,offset_calibrated,1.0742664534770627,1.0587239181173196,0.9970251284582007,0.011934052260123229
13,gain,0.0,16,adaptation_mean,3.214855415317934,3.1679370022481663,-2.220446049250313e-16,0.0
13,gain,0.0,16,oracle_reference,0.0,5.329070518200751e-15,1.0,1.0
13,gain,0.0,32,unadapted,1.0595820052507252,1.05872391811732,0.9970251284582007,0.011934052260122785
13,gain,0.0,32,offset_calibrated,1.0876440914808487,1.05872391811732,0.9970251284582007,0.011934052260123007
13,gain,0.0,32,adaptation_mean,3.2550856302134297,3.1679370022481654,-6.661338147750939e-16,0.0
13,gain,0.0,32,oracle_reference,0.0,5.329070518200751e-15,1.0,1.0
13,gain,0.0,64,unadapted,1.0595820052507252,1.05872391811732,0.9970251284582007,0.011934052260122785
13,gain,0.0,64,offset_calibrated,1.065334208122735,1.0587239181173203,0.9970251284582007,0.011934052260122452
13,gain,0.0,64,adaptation_mean,3.1886415830360058,3.1679370022481663,0.0,2.220446049250313e-16
13,gain,0.0,64,oracle_reference,0.0,5.329070518200751e-15,1.0,1.0
13,gain,0.1,8,unadapted,1.060535380070127,1.0594171559751735,0.9964564403758167,0.00888773029682055
13,gain,0.1,8,offset_calibrated,1.076541892362185,1.0594171559751735,0.9964564403758167,0.008887730296820662
13,gain,0.1,8,adaptation_mean,3.2298931977187344,3.1739903967539234,0.0,-2.220446049250313e-16
13,gain,0.1,8,oracle_reference,0.09372048817437527,0.09270232314314525,0.9995827750281125,0.9960352409399752
13,gain,0.1,16,unadapted,1.060535380070127,1.0594171559751735,0.9964564403758167,0.00888773029682055
13,gain,0.1,16,offset_calibrated,1.0735092165253484,1.059417155975173,0.9964564403758167,0.008887730296821328
13,gain,0.1,16,adaptation_mean,3.2262205161806623,3.173990396753923,3.3306690738754696e-16,-2.220446049250313e-16
13,gain,0.1,16,oracle_reference,0.09372048817437527,0.09270232314314525,0.9995827750281125,0.9960352409399752
13,gain,0.1,32,unadapted,1.060535380070127,1.0594171559751735,0.9964564403758167,0.00888773029682055
13,gain,0.1,32,offset_calibrated,1.0890852556497777,1.0594171559751737,0.9964564403758167,0.008887730296820662
13,gain,0.1,32,adaptation_mean,3.2656842757753495,3.173990396753924,0.0,-4.440892098500626e-16
13,gain,0.1,32,oracle_reference,0.09372048817437527,0.09270232314314525,0.9995827750281125,0.9960352409399752
13,gain,0.1,64,unadapted,1.060535380070127,1.0594171559751735,0.9964564403758167,0.00888773029682055
13,gain,0.1,64,offset_calibrated,1.0664049403180713,1.0594171559751733,0.9964564403758167,0.008887730296821328
13,gain,0.1,64,adaptation_mean,3.1961965580329883,3.1739903967539242,-2.220446049250313e-16,0.0
13,gain,0.1,64,oracle_reference,0.09372048817437527,0.09270232314314525,0.9995827750281125,0.9960352409399752
13,gain,0.5,8,unadapted,1.1451490636199473,1.1414404257273567,0.9861155445992856,-0.003394601831693933
13,gain,0.5,8,offset_calibrated,1.1791369701359877,1.1414404257273567,0.9861155445992856,-0.003394601831693933
13,gain,0.5,8,adaptation_mean,3.3254537048484427,3.2274567035449917,3.3306690738754696e-16,-4.440892098500626e-16
13,gain,0.5,8,oracle_reference,0.4686024408718763,0.4635116157157262,0.9898062718235252,0.9060843263187722
13,gain,0.5,16,unadapted,1.1451490636199473,1.1414404257273567,0.9861155445992856,-0.003394601831693933
13,gain,0.5,16,offset_calibrated,1.1599359815844226,1.1414404257273567,0.9861155445992856,-0.003394601831693933
13,gain,0.5,16,adaptation_mean,3.3042076769668136,3.227456703544992,-8.881784197001252e-16,-2.220446049250313e-16
13,gain,0.5,16,oracle_reference,0.4686024408718763,0.4635116157157262,0.9898062718235252,0.9060843263187722
13,gain,0.5,32,unadapted,1.1451490636199473,1.1414404257273567,0.9861155445992856,-0.003394601831693933
13,gain,0.5,32,offset_calibrated,1.1753521494586905,1.141440425727357,0.9861155445992856,-0.003394601831693933
13,gain,0.5,32,adaptation_mean,3.337404189354089,3.227456703544993,0.0,0.0
13,gain,0.5,32,oracle_reference,0.4686024408718763,0.4635116157157262,0.9898062718235252,0.9060843263187722
13,gain,0.5,64,unadapted,1.1451490636199473,1.1414404257273567,0.9861155445992856,-0.003394601831693933
13,gain,0.5,64,offset_calibrated,1.1510310731620403,1.1414404257273567,0.9861155445992856,-0.003394601831693933
13,gain,0.5,64,adaptation_mean,3.2559819720456833,3.2274567035449926,-1.1102230246251565e-15,-8.881784197001252e-16
13,gain,0.5,64,oracle_reference,0.4686024408718763,0.4635116157157262,0.9898062718235252,0.9060843263187722
13,nonlinear,0.0,8,unadapted,0.6468806057975036,0.6459112590338729,1.0,-1.396041156261488
13,nonlinear,0.0,8,offset_calibrated,0.6770641636351482,0.6459112590338729,1.0,-1.3960411562614876
13,nonlinear,0.0,8,adaptation_mean,3.085149282925271,3.0354791632829032,2.220446049250313e-16,0.0
13,nonlinear,0.0,8,oracle_reference,0.0,0.0,1.0,1.0
13,nonlinear,0.0,16,unadapted,0.6468806057975036,0.6459112590338729,1.0,-1.396041156261488
13,nonlinear,0.0,16,offset_calibrated,0.6467241603275754,0.6459112590338728,1.0,-1.396041156261488
13,nonlinear,0.0,16,adaptation_mean,3.080316364057765,3.035479163282904,4.440892098500626e-16,6.661338147750939e-16
13,nonlinear,0.0,16,oracle_reference,0.0,0.0,1.0,1.0
13,nonlinear,0.0,32,unadapted,0.6468806057975036,0.6459112590338729,1.0,-1.396041156261488
13,nonlinear,0.0,32,offset_calibrated,0.6468765974655615,0.6459112590338727,1.0,-1.3960411562614885
13,nonlinear,0.0,32,adaptation_mean,3.1177211372675178,3.035479163282904,7.771561172376096e-16,0.0
13,nonlinear,0.0,32,oracle_reference,0.0,0.0,1.0,1.0
13,nonlinear,0.0,64,unadapted,0.6468806057975036,0.6459112590338729,1.0,-1.396041156261488
13,nonlinear,0.0,64,offset_calibrated,0.6466873731985785,0.6459112590338731,1.0,-1.3960411562614894
13,nonlinear,0.0,64,adaptation_mean,3.053482350936166,3.035479163282904,2.220446049250313e-16,-6.661338147750939e-16
13,nonlinear,0.0,64,oracle_reference,0.0,0.0,1.0,1.0
13,nonlinear,0.1,8,unadapted,0.6582379974385357,0.6571421523542982,0.9995437799408906,-1.3614081555717932
13,nonlinear,0.1,8,offset_calibrated,0.690647981425496,0.6571421523542981,0.9995437799408906,-1.3614081555717936
13,nonlinear,0.1,8,adaptation_mean,3.1016095939777566,3.042779355439643,4.440892098500626e-16,-2.220446049250313e-16
13,nonlinear,0.1,8,oracle_reference,0.09372048817437525,0.09270232314314522,0.9995437799408906,0.9755504017389495
13,nonlinear,0.1,16,unadapted,0.6582379974385357,0.6571421523542982,0.9995437799408906,-1.3614081555717932
13,nonlinear,0.1,16,offset_calibrated,0.6593977853822419,0.6571421523542982,0.9995437799408906,-1.3614081555717927
13,nonlinear,0.1,16,adaptation_mean,3.0931986870605765,3.042779355439643,2.220446049250313e-16,1.1102230246251565e-16
13,nonlinear,0.1,16,oracle_reference,0.09372048817437525,0.09270232314314522,0.9995437799408906,0.9755504017389495
13,nonlinear,0.1,32,unadapted,0.6582379974385357,0.6571421523542982,0.9995437799408906,-1.3614081555717932
13,nonlinear,0.1,32,offset_calibrated,0.6585291092337425,0.6571421523542984,0.9995437799408906,-1.361408155571795
13,nonlinear,0.1,32,adaptation_mean,3.129504005509654,3.0427793554396425,5.551115123125783e-16,-4.440892098500626e-16
13,nonlinear,0.1,32,oracle_reference,0.09372048817437525,0.09270232314314522,0.9995437799408906,0.9755504017389495
13,nonlinear,0.1,64,unadapted,0.6582379974385357,0.6571421523542982,0.9995437799408906,-1.3614081555717932
13,nonlinear,0.1,64,offset_calibrated,0.6579974023827085,0.6571421523542982,0.9995437799408906,-1.3614081555717936
13,nonlinear,0.1,64,adaptation_mean,3.0622481173297302,3.042779355439643,2.220446049250313e-16,-4.440892098500626e-16
13,nonlinear,0.1,64,oracle_reference,0.09372048817437525,0.09270232314314522,0.9995437799408906,0.9755504017389495
13,nonlinear,0.5,8,unadapted,0.8174614898449081,0.813781996621629,0.9888694291195795,-0.8752519129231608
13,nonlinear,0.5,8,offset_calibrated,0.8775844829742684,0.8137819966216291,0.9888694291195794,-0.8752519129231613
13,nonlinear,0.5,8,adaptation_mean,3.2015138354467356,3.09970996497366,-4.440892098500626e-16,5.551115123125783e-16
13,nonlinear,0.5,8,oracle_reference,0.4686024408718763,0.46351161571572613,0.9888694291195795,0.6280433138847727
13,nonlinear,0.5,16,unadapted,0.8174614898449081,0.813781996621629,0.9888694291195795,-0.8752519129231608
13,nonlinear,0.5,16,offset_calibrated,0.8336631672108814,0.8137819966216291,0.9888694291195794,-0.8752519129231615
13,nonlinear,0.5,16,adaptation_mean,3.174993415540402,3.09970996497366,-6.661338147750939e-16,3.3306690738754696e-16
13,nonlinear,0.5,16,oracle_reference,0.4686024408718763,0.46351161571572613,0.9888694291195795,0.6280433138847727
13,nonlinear,0.5,32,unadapted,0.8174614898449081,0.813781996621629,0.9888694291195795,-0.8752519129231608
13,nonlinear,0.5,32,offset_calibrated,0.821377412382456,0.8137819966216291,0.9888694291195794,-0.8752519129231615
13,nonlinear,0.5,32,adaptation_mean,3.2044861555779356,3.099709964973661,-4.440892098500626e-16,2.220446049250313e-16
13,nonlinear,0.5,32,oracle_reference,0.4686024408718763,0.46351161571572613,0.9888694291195795,0.6280433138847727
13,nonlinear,0.5,64,unadapted,0.8174614898449081,0.813781996621629,0.9888694291195795,-0.8752519129231608
13,nonlinear,0.5,64,offset_calibrated,0.8170977256505895,0.8137819966216291,0.9888694291195795,-0.8752519129231624
13,nonlinear,0.5,64,adaptation_mean,3.1253397530696345,3.0997099649736604,-2.220446049250313e-16,3.3306690738754696e-16
13,nonlinear,0.5,64,oracle_reference,0.4686024408718763,0.46351161571572613,0.9888694291195795,0.6280433138847727
14,none,0.0,8,unadapted,0.0,7.105427357601002e-15,1.0,1.0
14,none,0.0,8,offset_calibrated,0.0,7.105427357601002e-15,1.0,1.0
14,none,0.0,8,adaptation_mean,3.0350909759369733,3.030807446123623,5.551115123125783e-16,3.3306690738754696e-16
14,none,0.0,8,oracle_reference,0.0,0.0,1.0,1.0
14,none,0.0,16,unadapted,0.0,7.105427357601002e-15,1.0,1.0
14,none,0.0,16,offset_calibrated,0.0,7.105427357601002e-15,1.0,1.0
14,none,0.0,16,adaptation_mean,3.0372328186105317,3.0308074461236236,2.220446049250313e-16,1.1102230246251565e-16
14,none,0.0,16,oracle_reference,0.0,0.0,1.0,1.0
14,none,0.0,32,unadapted,0.0,7.105427357601002e-15,1.0,1.0
14,none,0.0,32,offset_calibrated,0.0,7.105427357601002e-15,1.0,1.0
14,none,0.0,32,adaptation_mean,3.0410288012771822,3.0308074461236227,7.771561172376096e-16,1.1102230246251565e-16
14,none,0.0,32,oracle_reference,0.0,0.0,1.0,1.0
14,none,0.0,64,unadapted,0.0,7.105427357601002e-15,1.0,1.0
14,none,0.0,64,offset_calibrated,0.0,7.105427357601002e-15,1.0,1.0
14,none,0.0,64,adaptation_mean,3.0534051684815395,3.030807446123623,4.440892098500626e-16,5.551115123125783e-16
14,none,0.0,64,oracle_reference,0.0,0.0,1.0,1.0
14,none,0.1,8,unadapted,0.10099376394286605,0.10081599748297952,0.9994326608583182,0.945189825601335
14,none,0.1,8,offset_calibrated,0.10848178243512274,0.10081599748297948,0.9994326608583182,0.9451898256013351
14,none,0.1,8,adaptation_mean,3.0485684403211417,3.042169665462703,2.220446049250313e-16,-2.220446049250313e-16
14,none,0.1,8,oracle_reference,0.10099376394286605,0.10081599748297954,0.9994326608583182,0.945189825601335
14,none,0.1,16,unadapted,0.10099376394286605,0.10081599748297952,0.9994326608583182,0.945189825601335
14,none,0.1,16,offset_calibrated,0.10125146556664733,0.10081599748297952,0.9994326608583182,0.945189825601335
14,none,0.1,16,adaptation_mean,3.0488410565727406,3.0421696654627026,-2.220446049250313e-16,-2.220446049250313e-16
14,none,0.1,16,oracle_reference,0.10099376394286605,0.10081599748297954,0.9994326608583182,0.945189825601335
14,none,0.1,32,unadapted,0.10099376394286605,0.10081599748297952,0.9994326608583182,0.945189825601335
14,none,0.1,32,offset_calibrated,0.10121575646701492,0.10081599748297958,0.9994326608583182,0.9451898256013349
14,none,0.1,32,adaptation_mean,3.0529138067944133,3.042169665462703,0.0,0.0
14,none,0.1,32,oracle_reference,0.10099376394286605,0.10081599748297954,0.9994326608583182,0.945189825601335
14,none,0.1,64,unadapted,0.10099376394286605,0.10081599748297952,0.9994326608583182,0.945189825601335
14,none,0.1,64,offset_calibrated,0.10123641267338784,0.10081599748297959,0.9994326608583182,0.9451898256013349
14,none,0.1,64,adaptation_mean,3.065658443076601,3.042169665462702,-4.440892098500626e-16,0.0
14,none,0.1,64,oracle_reference,0.10099376394286605,0.10081599748297954,0.9994326608583182,0.945189825601335
14,none,0.5,8,unadapted,0.5049688197143305,0.504079987414898,0.9863823834987239,0.3318009593466057
14,none,0.5,8,offset_calibrated,0.5424089121756146,0.504079987414898,0.9863823834987239,0.33180095934660603
14,none,0.5,8,adaptation_mean,3.1391127879543324,3.1195227280906237,0.0,-4.440892098500626e-16
14,none,0.5,8,oracle_reference,0.5049688197143305,0.504079987414898,0.9863823834987239,0.3318009593466057
14,none,0.5,16,unadapted,0.5049688197143305,0.504079987414898,0.9863823834987239,0.3318009593466057
14,none,0.5,16,offset_calibrated,0.5062573278332367,0.504079987414898,0.9863823834987239,0.33180095934660603
14,none,0.5,16,adaptation_mean,3.127385283379348,3.119522728090624,-6.661338147750939e-16,-6.661338147750939e-16
14,none,0.5,16,oracle_reference,0.5049688197143305,0.504079987414898,0.9863823834987239,0.3318009593466057
14,none,0.5,32,unadapted,0.5049688197143305,0.504079987414898,0.9863823834987239,0.3318009593466057
14,none,0.5,32,offset_calibrated,0.506078782335075,0.504079987414898,0.9863823834987239,0.3318009593466057
14,none,0.5,32,adaptation_mean,3.1323984812675922,3.119522728090625,-4.440892098500626e-16,-4.440892098500626e-16
14,none,0.5,32,oracle_reference,0.5049688197143305,0.504079987414898,0.9863823834987239,0.3318009593466057
14,none,0.5,64,unadapted,0.5049688197143305,0.504079987414898,0.9863823834987239,0.3318009593466057
14,none,0.5,64,offset_calibrated,0.5061820633669388,0.504079987414898,0.9863823834987239,0.3318009593466057
14,none,0.5,64,adaptation_mean,3.14645654567282,3.119522728090625,-2.220446049250313e-16,-6.661338147750939e-16
14,none,0.5,64,oracle_reference,0.5049688197143305,0.504079987414898,0.9863823834987239,0.3318009593466057
14,offset,0.0,8,unadapted,1.5,7.129549699527932e-15,1.0,1.0
14,offset,0.0,8,offset_calibrated,0.0,7.105427357601002e-15,1.0,1.0
14,offset,0.0,8,adaptation_mean,3.0350909759369733,3.030807446123623,2.220446049250313e-16,4.440892098500626e-16
14,offset,0.0,8,oracle_reference,0.0,7.105427357601002e-15,1.0,1.0
14,offset,0.0,16,unadapted,1.5,7.129549699527932e-15,1.0,1.0
14,offset,0.0,16,offset_calibrated,3.1401849173675503e-16,7.186828968684002e-15,1.0,1.0
14,offset,0.0,16,adaptation_mean,3.0372328186105317,3.030807446123623,0.0,5.551115123125783e-16
14,offset,0.0,16,oracle_reference,0.0,7.105427357601002e-15,1.0,1.0
14,offset,0.0,32,unadapted,1.5,7.129549699527932e-15,1.0,1.0
14,offset,0.0,32,offset_calibrated,0.0,7.105427357601002e-15,1.0,1.0
14,offset,0.0,32,adaptation_mean,3.0410288012771827,3.0308074461236227,4.440892098500626e-16,4.440892098500626e-16
14,offset,0.0,32,oracle_reference,0.0,7.105427357601002e-15,1.0,1.0
14,offset,0.0,64,unadapted,1.5,7.129549699527932e-15,1.0,1.0
14,offset,0.0,64,offset_calibrated,0.0,7.105427357601002e-15,1.0,1.0
14,offset,0.0,64,adaptation_mean,3.0534051684815395,3.0308074461236236,4.440892098500626e-16,0.0
14,offset,0.0,64,oracle_reference,0.0,7.105427357601002e-15,1.0,1.0
14,offset,0.1,8,unadapted,1.5015751636876324,0.10081599748297956,0.9994326608583182,0.945189825601335
14,offset,0.1,8,offset_calibrated,0.10848178243512283,0.10081599748297954,0.9994326608583182,0.9451898256013351
14,offset,0.1,8,adaptation_mean,3.0485684403211417,3.042169665462703,-2.220446049250313e-16,-2.220446049250313e-16
14,offset,0.1,8,oracle_reference,0.10099376394286606,0.10081599748297955,0.9994326608583182,0.945189825601335
14,offset,0.1,16,unadapted,1.5015751636876324,0.10081599748297956,0.9994326608583182,0.945189825601335
14,offset,0.1,16,offset_calibrated,0.10125146556664737,0.10081599748297959,0.9994326608583182,0.945189825601335
14,offset,0.1,16,adaptation_mean,3.0488410565727406,3.0421696654627026,-2.220446049250313e-16,3.3306690738754696e-16
14,offset,0.1,16,oracle_reference,0.10099376394286606,0.10081599748297955,0.9994326608583182,0.945189825601335
14,offset,0.1,32,unadapted,1.5015751636876324,0.10081599748297956,0.9994326608583182,0.945189825601335
14,offset,0.1,32,offset_calibrated,0.10121575646701503,0.10081599748297959,0.9994326608583182,0.9451898256013349
14,offset,0.1,32,adaptation_mean,3.0529138067944133,3.042169665462703,0.0,-2.220446049250313e-16
14,offset,0.1,32,oracle_reference,0.10099376394286606,0.10081599748297955,0.9994326608583182,0.945189825601335
14,offset,0.1,64,unadapted,1.5015751636876324,0.10081599748297956,0.9994326608583182,0.945189825601335
14,offset,0.1,64,offset_calibrated,0.10123641267338784,0.10081599748297959,0.9994326608583182,0.9451898256013349
14,offset,0.1,64,adaptation_mean,3.065658443076601,3.042169665462702,-6.661338147750939e-16,0.0
14,offset,0.1,64,oracle_reference,0.10099376394286606,0.10081599748297955,0.9994326608583182,0.945189825601335
14,offset,0.5,8,unadapted,1.5818959784710085,0.5040799874148981,0.9863823834987239,0.3318009593466059
14,offset,0.5,8,offset_calibrated,0.5424089121756146,0.5040799874148981,0.9863823834987239,0.33180095934660614
14,offset,0.5,8,adaptation_mean,3.1391127879543324,3.119522728090624,-2.220446049250313e-16,-2.220446049250313e-16
14,offset,0.5,8,oracle_reference,0.5049688197143305,0.504079987414898,0.9863823834987239,0.3318009593466059
14,offset,0.5,16,unadapted,1.5818959784710085,0.5040799874148981,0.9863823834987239,0.3318009593466059
14,offset,0.5,16,offset_calibrated,0.5062573278332367,0.5040799874148981,0.9863823834987239,0.33180095934660614
14,offset,0.5,16,adaptation_mean,3.127385283379348,3.119522728090625,-6.661338147750939e-16,-2.220446049250313e-16
14,offset,0.5,16,oracle_reference,0.5049688197143305,0.504079987414898,0.9863823834987239,0.3318009593466059
14,offset,0.5,32,unadapted,1.5818959784710085,0.5040799874148981,0.9863823834987239,0.3318009593466059
14,offset,0.5,32,offset_calibrated,0.506078782335075,0.5040799874148981,0.986382383498724,0.3318009593466057
14,offset,0.5,32,adaptation_mean,3.1323984812675922,3.119522728090624,-2.220446049250313e-16,-2.220446049250313e-16
14,offset,0.5,32,oracle_reference,0.5049688197143305,0.504079987414898,0.9863823834987239,0.3318009593466059
14,offset,0.5,64,unadapted,1.5818959784710085,0.5040799874148981,0.9863823834987239,0.3318009593466059
14,offset,0.5,64,offset_calibrated,0.5061820633669388,0.5040799874148981,0.9863823834987239,0.3318009593466058
14,offset,0.5,64,adaptation_mean,3.1464565456728204,3.119522728090624,-1.1102230246251565e-15,0.0
14,offset,0.5,64,oracle_reference,0.5049688197143305,0.504079987414898,0.9863823834987239,0.3318009593466059
14,gain,0.0,8,unadapted,1.0595820052507252,1.05872391811732,0.9970251284582007,0.011934052260122785
14,gain,0.0,8,offset_calibrated,1.0603972593671365,1.05872391811732,0.9970251284582007,0.011934052260123007
14,gain,0.0,8,adaptation_mean,3.1736534492581963,3.167937002248167,-2.220446049250313e-16,2.220446049250313e-16
14,gain,0.0,8,oracle_reference,0.0,5.329070518200751e-15,1.0,1.0
14,gain,0.0,16,unadapted,1.0595820052507252,1.05872391811732,0.9970251284582007,0.011934052260122785
14,gain,0.0,16,offset_calibrated,1.0606592782999131,1.05872391811732,0.9970251284582007,0.011934052260123007
14,gain,0.0,16,adaptation_mean,3.172489002044644,3.1679370022481663,-4.440892098500626e-16,2.220446049250313e-16
14,gain,0.0,16,oracle_reference,0.0,5.329070518200751e-15,1.0,1.0
14,gain,0.0,32,unadapted,1.0595820052507252,1.05872391811732,0.9970251284582007,0.011934052260122785
14,gain,0.0,32,offset_calibrated,1.062648038206464,1.05872391811732,0.9970251284582007,0.011934052260123007
14,gain,0.0,32,adaptation_mean,3.1810959456571934,3.1679370022481668,5.551115123125783e-16,5.551115123125783e-16
14,gain,0.0,32,oracle_reference,0.0,5.329070518200751e-15,1.0,1.0
14,gain,0.0,64,unadapted,1.0595820052507252,1.05872391811732,0.9970251284582007,0.011934052260122785
14,gain,0.0,64,offset_calibrated,1.0669266076247894,1.0587239181173196,0.9970251284582007,0.011934052260123562
14,gain,0.0,64,adaptation_mean,3.1937190174993715,3.1679370022481663,0.0,5.551115123125783e-16
14,gain,0.0,64,oracle_reference,0.0,5.329070518200751e-15,1.0,1.0
14,gain,0.1,8,unadapted,1.0761226921380223,1.0750891416117754,0.99637974160745,0.006455517287896173
14,gain,0.1,8,offset_calibrated,1.078435181662754,1.0750891416117752,0.99637974160745,0.006455517287897172
14,gain,0.1,8,adaptation_mean,3.1872796154791234,3.1794251112001013,-4.440892098500626e-16,-4.440892098500626e-16
14,gain,0.1,8,oracle_reference,0.10099376394286608,0.10081599748297956,0.9994809832770641,0.9956769856568878
14,gain,0.1,16,unadapted,1.0761226921380223,1.0750891416117754,0.99637974160745,0.006455517287896173
14,gain,0.1,16,offset_calibrated,1.0767014066332745,1.0750891416117754,0.99637974160745,0.006455517287896617
14,gain,0.1,16,adaptation_mean,3.1842196893100185,3.1794251112001017,-2.220446049250313e-16,0.0
14,gain,0.1,16,oracle_reference,0.10099376394286608,0.10081599748297956,0.9994809832770641,0.9956769856568878
14,gain,0.1,32,unadapted,1.0761226921380223,1.0750891416117754,0.99637974160745,0.006455517287896173
14,gain,0.1,32,offset_calibrated,1.0796888669825908,1.0750891416117754,0.99637974160745,0.006455517287896839
14,gain,0.1,32,adaptation_mean,3.1931059853799937,3.1794251112001013,-4.440892098500626e-16,-6.661338147750939e-16
14,gain,0.1,32,oracle_reference,0.10099376394286608,0.10081599748297956,0.9994809832770641,0.9956769856568878
14,gain,0.1,64,unadapted,1.0761226921380223,1.0750891416117754,0.99637974160745,0.006455517287896173
14,gain,0.1,64,offset_calibrated,1.083945440052268,1.0750891416117754,0.99637974160745,0.00645551728789695
14,gain,0.1,64,adaptation_mean,3.206096454874209,3.1794251112001004,-1.3322676295501878e-15,2.220446049250313e-16
14,gain,0.1,64,oracle_reference,0.10099376394286608,0.10081599748297956,0.9994809832770641,0.9956769856568878
14,gain,0.5,8,unadapted,1.227642570498741,1.2257379241944284,0.9839533602927315,-0.012302042025932547
14,gain,0.5,8,offset_calibrated,1.2478361167873988,1.2257379241944282,0.9839533602927315,-0.012302042025931659
14,gain,0.5,8,adaptation_mean,3.281531281548301,3.2599435798091827,2.220446049250313e-16,3.3306690738754696e-16
14,gain,0.5,8,oracle_reference,0.5049688197143305,0.5040799874148981,0.9875068648580849,0.907849745526839
14,gain,0.5,16,unadapted,1.227642570498741,1.2257379241944284,0.9839533602927315,-0.012302042025932547
14,gain,0.5,16,offset_calibrated,1.2267507176333021,1.2257379241944282,0.9839533602927315,-0.01230204202593188
14,gain,0.5,16,adaptation_mean,3.2658366403512415,3.259943579809183,2.220446049250313e-16,1.3322676295501878e-15
14,gain,0.5,16,oracle_reference,0.5049688197143305,0.5040799874148981,0.9875068648580849,0.907849745526839
14,gain,0.5,32,unadapted,1.227642570498741,1.2257379241944284,0.9839533602927315,-0.012302042025932547
14,gain,0.5,32,offset_calibrated,1.232992632669144,1.2257379241944288,0.9839533602927316,-0.012302042025933213
14,gain,0.5,32,adaptation_mean,3.275753317658908,3.2599435798091836,-2.220446049250313e-16,4.440892098500626e-16
14,gain,0.5,32,oracle_reference,0.5049688197143305,0.5040799874148981,0.9875068648580849,0.907849745526839
14,gain,0.5,64,unadapted,1.227642570498741,1.2257379241944284,0.9839533602927315,-0.012302042025932547
14,gain,0.5,64,offset_calibrated,1.2368915624601935,1.2257379241944286,0.9839533602927315,-0.012302042025932547
14,gain,0.5,64,adaptation_mean,3.2900306850481753,3.2599435798091836,-2.220446049250313e-16,0.0
14,gain,0.5,64,oracle_reference,0.5049688197143305,0.5040799874148981,0.9875068648580849,0.907849745526839
14,nonlinear,0.0,8,unadapted,0.6468806057975036,0.6459112590338729,1.0,-1.396041156261488
14,nonlinear,0.0,8,offset_calibrated,0.6821359458500957,0.6459112590338728,1.0,-1.3960411562614885
14,nonlinear,0.0,8,adaptation_mean,3.0429463032750457,3.035479163282904,5.551115123125783e-16,0.0
14,nonlinear,0.0,8,oracle_reference,0.0,0.0,1.0,1.0
14,nonlinear,0.0,16,unadapted,0.6468806057975036,0.6459112590338729,1.0,-1.396041156261488
14,nonlinear,0.0,16,offset_calibrated,0.6874309586102932,0.6459112590338728,1.0,-1.396041156261488
14,nonlinear,0.0,16,adaptation_mean,3.041040821797277,3.0354791632829032,0.0,0.0
14,nonlinear,0.0,16,oracle_reference,0.0,0.0,1.0,1.0
14,nonlinear,0.0,32,unadapted,0.6468806057975036,0.6459112590338729,1.0,-1.396041156261488
14,nonlinear,0.0,32,offset_calibrated,0.6507279172910095,0.6459112590338727,1.0,-1.396041156261488
14,nonlinear,0.0,32,adaptation_mean,3.0443002813353357,3.035479163282904,5.551115123125783e-16,-2.220446049250313e-16
14,nonlinear,0.0,32,oracle_reference,0.0,0.0,1.0,1.0
14,nonlinear,0.0,64,unadapted,0.6468806057975036,0.6459112590338729,1.0,-1.396041156261488
14,nonlinear,0.0,64,offset_calibrated,0.6461979017468524,0.645911259033873,1.0,-1.3960411562614894
14,nonlinear,0.0,64,adaptation_mean,3.057619385332684,3.035479163282904,7.771561172376096e-16,0.0
14,nonlinear,0.0,64,oracle_reference,0.0,0.0,1.0,1.0
14,nonlinear,0.1,8,unadapted,0.662153622129681,0.6614784058632975,0.9994326608583182,-1.3579825357630346
14,nonlinear,0.1,8,offset_calibrated,0.6982042531055701,0.6614784058632976,0.9994326608583182,-1.3579825357630346
14,nonlinear,0.1,8,adaptation_mean,3.0571246685022726,3.0473424316181585,0.0,-2.220446049250313e-16
14,nonlinear,0.1,8,oracle_reference,0.10099376394286605,0.10081599748297955,0.9994326608583182,0.9729350097084555
14,nonlinear,0.1,16,unadapted,0.662153622129681,0.6614784058632975,0.9994326608583182,-1.3579825357630346
14,nonlinear,0.1,16,offset_calibrated,0.6991371827017554,0.6614784058632976,0.9994326608583182,-1.3579825357630346
14,nonlinear,0.1,16,adaptation_mean,3.052461278437959,3.0473424316181577,5.551115123125783e-16,-2.220446049250313e-16
14,nonlinear,0.1,16,oracle_reference,0.10099376394286605,0.10081599748297955,0.9994326608583182,0.9729350097084555
14,nonlinear,0.1,32,unadapted,0.662153622129681,0.6614784058632975,0.9994326608583182,-1.3579825357630346
14,nonlinear,0.1,32,offset_calibrated,0.6653287578003657,0.6614784058632975,0.9994326608583182,-1.3579825357630333
14,nonlinear,0.1,32,adaptation_mean,3.056464003823036,3.047342431618158,2.220446049250313e-16,-2.220446049250313e-16
14,nonlinear,0.1,32,oracle_reference,0.10099376394286605,0.10081599748297955,0.9994326608583182,0.9729350097084555
14,nonlinear,0.1,64,unadapted,0.662153622129681,0.6614784058632975,0.9994326608583182,-1.3579825357630346
14,nonlinear,0.1,64,offset_calibrated,0.661668568172636,0.6614784058632972,0.9994326608583182,-1.3579825357630324
14,nonlinear,0.1,64,adaptation_mean,3.070301594076896,3.047342431618158,3.3306690738754696e-16,0.0
14,nonlinear,0.1,64,oracle_reference,0.10099376394286605,0.10081599748297955,0.9994326608583182,0.9729350097084555
14,nonlinear,0.5,8,unadapted,0.8491331626006031,0.8490296304518697,0.9863823834987239,-0.8536276292786786
14,nonlinear,0.5,8,offset_calibrated,0.9008600545796417,0.8490296304518699,0.9863823834987239,-0.8536276292786804
14,nonlinear,0.5,8,adaptation_mean,3.150778684742027,3.1268628977577073,2.220446049250313e-16,2.220446049250313e-16
14,nonlinear,0.5,8,oracle_reference,0.5049688197143305,0.5040799874148981,0.9863823834987239,0.6120273832884704
14,nonlinear,0.5,16,unadapted,0.8491331626006031,0.8490296304518697,0.9863823834987239,-0.8536276292786786
14,nonlinear,0.5,16,offset_calibrated,0.8703742941178304,0.8490296304518697,0.9863823834987239,-0.8536276292786793
14,nonlinear,0.5,16,adaptation_mean,3.1305216912493306,3.1268628977577073,-6.661338147750939e-16,-2.220446049250313e-16
14,nonlinear,0.5,16,oracle_reference,0.5049688197143305,0.5040799874148981,0.9863823834987239,0.6120273832884704
14,nonlinear,0.5,32,unadapted,0.8491331626006031,0.8490296304518697,0.9863823834987239,-0.8536276292786786
14,nonlinear,0.5,32,offset_calibrated,0.8503346126941235,0.8490296304518694,0.9863823834987239,-0.8536276292786782
14,nonlinear,0.5,32,adaptation_mean,3.137259476424471,3.1268628977577073,5.551115123125783e-16,-2.220446049250313e-16
14,nonlinear,0.5,32,oracle_reference,0.5049688197143305,0.5040799874148981,0.9863823834987239,0.6120273832884704
14,nonlinear,0.5,64,unadapted,0.8491331626006031,0.8490296304518697,0.9863823834987239,-0.8536276292786786
14,nonlinear,0.5,64,offset_calibrated,0.8498728669506814,0.8490296304518697,0.9863823834987239,-0.8536276292786791
14,nonlinear,0.5,64,adaptation_mean,3.1529817198715984,3.1268628977577073,-2.220446049250313e-16,-4.440892098500626e-16
14,nonlinear,0.5,64,oracle_reference,0.5049688197143305,0.5040799874148981,0.9863823834987239,0.6120273832884704
15,none,0.0,8,unadapted,0.0,7.105427357601002e-15,1.0,1.0
15,none,0.0,8,offset_calibrated,0.0,7.105427357601002e-15,1.0,1.0
15,none,0.0,8,adaptation_mean,3.491221337134176,3.0308074461236236,0.0,5.551115123125783e-16
15,none,0.0,8,oracle_reference,0.0,0.0,1.0,1.0
15,none,0.0,16,unadapted,0.0,7.105427357601002e-15,1.0,1.0
15,none,0.0,16,offset_calibrated,0.0,7.105427357601002e-15,1.0,1.0
15,none,0.0,16,adaptation_mean,3.2603937163003476,3.030807446123623,-6.661338147750939e-16,4.440892098500626e-16
15,none,0.0,16,oracle_reference,0.0,0.0,1.0,1.0
15,none,0.0,32,unadapted,0.0,7.105427357601002e-15,1.0,1.0
15,none,0.0,32,offset_calibrated,0.0,7.105427357601002e-15,1.0,1.0
15,none,0.0,32,adaptation_mean,3.1131676289793964,3.0308074461236227,2.220446049250313e-16,4.440892098500626e-16
15,none,0.0,32,oracle_reference,0.0,0.0,1.0,1.0
15,none,0.0,64,unadapted,0.0,7.105427357601002e-15,1.0,1.0
15,none,0.0,64,offset_calibrated,0.0,7.105427357601002e-15,1.0,1.0
15,none,0.0,64,adaptation_mean,3.031713206830574,3.0308074461236227,9.992007221626409e-16,1.1102230246251565e-16
15,none,0.0,64,oracle_reference,0.0,0.0,1.0,1.0
15,none,0.1,8,unadapted,0.09951812546822739,0.09847506140410195,0.9994894788994714,0.9440971790354988
15,none,0.1,8,offset_calibrated,0.10103184284174144,0.09847506140410195,0.9994894788994714,0.9440971790354988
15,none,0.1,8,adaptation_mean,3.487444737454637,3.022041165421241,-4.440892098500626e-16,-4.440892098500626e-16
15,none,0.1,8,oracle_reference,0.09951812546822739,0.09847506140410196,0.9994894788994714,0.9440971790354988
15,none,0.1,16,unadapted,0.09951812546822739,0.09847506140410195,0.9994894788994714,0.9440971790354988
15,none,0.1,16,offset_calibrated,0.09900863820345991,0.09847506140410195,0.9994894788994714,0.9440971790354987
15,none,0.1,16,adaptation_mean,3.2558584153978654,3.022041165421242,4.440892098500626e-16,0.0
15,none,0.1,16,oracle_reference,0.09951812546822739,0.09847506140410196,0.9994894788994714,0.9440971790354988
15,none,0.1,32,unadapted,0.09951812546822739,0.09847506140410195,0.9994894788994714,0.9440971790354988
15,none,0.1,32,offset_calibrated,0.10220798942159341,0.0984750614041019,0.9994894788994714,0.9440971790354988
15,none,0.1,32,adaptation_mean,3.1093309746800166,3.0220411654212413,2.220446049250313e-16,-4.440892098500626e-16
15,none,0.1,32,oracle_reference,0.09951812546822739,0.09847506140410196,0.9994894788994714,0.9440971790354988
15,none,0.1,64,unadapted,0.09951812546822739,0.09847506140410195,0.9994894788994714,0.9440971790354988
15,none,0.1,64,offset_calibrated,0.09858543081366548,0.09847506140410188,0.9994894788994714,0.9440971790354988
15,none,0.1,64,adaptation_mean,3.0230422074943464,3.022041165421241,-4.440892098500626e-16,-2.220446049250313e-16
15,none,0.1,64,oracle_reference,0.09951812546822739,0.09847506140410196,0.9994894788994714,0.9440971790354988
15,none,0.5,8,unadapted,0.49759062734113757,0.4923753070205104,0.9870648606151259,0.33792908881669925
15,none,0.5,8,offset_calibrated,0.5051592142087072,0.49237530702051036,0.9870648606151259,0.3379290888166996
15,none,0.5,8,adaptation_mean,3.501468211052653,3.019049775983529,4.440892098500626e-16,-1.1102230246251565e-15
15,none,0.5,8,oracle_reference,0.49759062734113757,0.4923753070205103,0.9870648606151259,0.33792908881669925
15,none,0.5,16,unadapted,0.49759062734113757,0.4923753070205104,0.9870648606151259,0.33792908881669925
15,none,0.5,16,offset_calibrated,0.4950431910172997,0.49237530702051036,0.9870648606151259,0.33792908881669936
15,none,0.5,16,adaptation_mean,3.2677949796646546,3.0190497759835293,4.440892098500626e-16,-8.881784197001252e-16
15,none,0.5,16,oracle_reference,0.49759062734113757,0.4923753070205103,0.9870648606151259,0.33792908881669925
15,none,0.5,32,unadapted,0.49759062734113757,0.4923753070205104,0.9870648606151259,0.33792908881669925
15,none,0.5,32,offset_calibrated,0.5110399471079673,0.49237530702051036,0.9870648606151259,0.33792908881669936
15,none,0.5,32,adaptation_mean,3.1276714153304908,3.019049775983529,5.551115123125783e-16,-2.220446049250313e-16
15,none,0.5,32,oracle_reference,0.49759062734113757,0.4923753070205103,0.9870648606151259,0.33792908881669925
15,none,0.5,64,unadapted,0.49759062734113757,0.4923753070205104,0.9870648606151259,0.33792908881669925
15,none,0.5,64,offset_calibrated,0.4929271540683282,0.4923753070205104,0.9870648606151259,0.33792908881669925
15,none,0.5,64,adaptation_mean,3.0204937582398816,3.019049775983529,5.551115123125783e-16,-4.440892098500626e-16
15,none,0.5,64,oracle_reference,0.49759062734113757,0.4923753070205103,0.9870648606151259,0.33792908881669925
15,offset,0.0,8,unadapted,1.5,7.129549699527932e-15,1.0,1.0
15,offset,0.0,8,offset_calibrated,2.220446049250313e-16,7.0914949319864136e-15,1.0,1.0
15,offset,0.0,8,adaptation_mean,3.491221337134176,3.0308074461236227,0.0,1.1102230246251565e-16
15,offset,0.0,8,oracle_reference,0.0,7.105427357601002e-15,1.0,1.0
15,offset,0.0,16,unadapted,1.5,7.129549699527932e-15,1.0,1.0
15,offset,0.0,16,offset_calibrated,2.220446049250313e-16,7.0914949319864136e-15,1.0,1.0
15,offset,0.0,16,adaptation_mean,3.2603937163003476,3.0308074461236236,0.0,1.1102230246251565e-16
15,offset,0.0,16,oracle_reference,0.0,7.105427357601002e-15,1.0,1.0
15,offset,0.0,32,unadapted,1.5,7.129549699527932e-15,1.0,1.0
15,offset,0.0,32,offset_calibrated,0.0,7.105427357601002e-15,1.0,1.0
15,offset,0.0,32,adaptation_mean,3.1131676289793964,3.0308074461236236,-2.220446049250313e-16,3.3306690738754696e-16
15,offset,0.0,32,oracle_reference,0.0,7.105427357601002e-15,1.0,1.0
15,offset,0.0,64,unadapted,1.5,7.129549699527932e-15,1.0,1.0
15,offset,0.0,64,offset_calibrated,0.0,7.105427357601002e-15,1.0,1.0
15,offset,0.0,64,adaptation_mean,3.031713206830574,3.0308074461236227,0.0,1.1102230246251565e-16
15,offset,0.0,64,oracle_reference,0.0,7.105427357601002e-15,1.0,1.0
15,offset,0.1,8,unadapted,1.5178157481228949,0.098475061404102,0.9994894788994714,0.9440971790354988
15,offset,0.1,8,offset_calibrated,0.10103184284174148,0.09847506140410203,0.9994894788994714,0.9440971790354987
15,offset,0.1,8,adaptation_mean,3.487444737454637,3.022041165421241,0.0,5.551115123125783e-16
15,offset,0.1,8,oracle_reference,0.09951812546822741,0.098475061404102,0.9994894788994714,0.9440971790354987
15,offset,0.1,16,unadapted,1.5178157481228949,0.098475061404102,0.9994894788994714,0.9440971790354988
15,offset,0.1,16,offset_calibrated,0.09900863820345995,0.09847506140410203,0.9994894788994714,0.9440971790354988
15,offset,0.1,16,adaptation_mean,3.2558584153978645,3.022041165421242,-2.220446049250313e-16,0.0
15,offset,0.1,16,oracle_reference,0.09951812546822741,0.098475061404102,0.9994894788994714,0.9440971790354987
15,offset,0.1,32,unadapted,1.5178157481228949,0.098475061404102,0.9994894788994714,0.9440971790354988
15,offset,0.1,32,offset_calibrated,0.10220798942159334,0.098475061404102,0.9994894788994714,0.9440971790354985
15,offset,0.1,32,adaptation_mean,3.109330974680017,3.0220411654212413,5.551115123125783e-16,1.1102230246251565e-16
15,offset,0.1,32,oracle_reference,0.09951812546822741,0.098475061404102,0.9994894788994714,0.9440971790354987
15,offset,0.1,64,unadapted,1.5178157481228949,0.098475061404102,0.9994894788994714,0.9440971790354988
15,offset,0.1,64,offset_calibrated,0.09858543081366555,0.09847506140410198,0.9994894788994713,0.9440971790354988
15,offset,0.1,64,adaptation_mean,3.023042207494346,3.022041165421241,2.220446049250313e-16,3.3306690738754696e-16
15,offset,0.1,64,oracle_reference,0.09951812546822741,0.098475061404102,0.9994894788994714,0.9440971790354987
15,offset,0.5,8,unadapted,1.6553591135584356,0.49237530702051036,0.9870648606151259,0.3379290888166995
15,offset,0.5,8,offset_calibrated,0.5051592142087072,0.49237530702051036,0.9870648606151259,0.33792908881670003
15,offset,0.5,8,adaptation_mean,3.501468211052653,3.019049775983529,0.0,3.3306690738754696e-16
15,offset,0.5,8,oracle_reference,0.49759062734113746,0.49237530702051036,0.9870648606151259,0.3379290888166995
15,offset,0.5,16,unadapted,1.6553591135584356,0.49237530702051036,0.9870648606151259,0.3379290888166995
15,offset,0.5,16,offset_calibrated,0.4950431910172997,0.4923753070205104,0.9870648606151259,0.3379290888166997
15,offset,0.5,16,adaptation_mean,3.2677949796646546,3.019049775983529,2.220446049250313e-16,3.3306690738754696e-16
15,offset,0.5,16,oracle_reference,0.49759062734113746,0.49237530702051036,0.9870648606151259,0.3379290888166995
15,offset,0.5,32,unadapted,1.6553591135584356,0.49237530702051036,0.9870648606151259,0.3379290888166995
15,offset,0.5,32,offset_calibrated,0.5110399471079674,0.49237530702051036,0.9870648606151259,0.3379290888166997
15,offset,0.5,32,adaptation_mean,3.127671415330491,3.0190497759835293,0.0,-2.220446049250313e-16
15,offset,0.5,32,oracle_reference,0.49759062734113746,0.49237530702051036,0.9870648606151259,0.3379290888166995
15,offset,0.5,64,unadapted,1.6553591135584356,0.49237530702051036,0.9870648606151259,0.3379290888166995
15,offset,0.5,64,offset_calibrated,0.49292715406832815,0.4923753070205103,0.9870648606151259,0.3379290888166995
15,offset,0.5,64,adaptation_mean,3.020493758239881,3.019049775983529,2.220446049250313e-16,1.1102230246251565e-16
15,offset,0.5,64,oracle_reference,0.49759062734113746,0.49237530702051036,0.9870648606151259,0.3379290888166995
15,gain,0.0,8,unadapted,1.0595820052507252,1.05872391811732,0.9970251284582007,0.011934052260122785
15,gain,0.0,8,offset_calibrated,1.2204613370045012,1.0587239181173198,0.9970251284582007,0.011934052260123007
15,gain,0.0,8,adaptation_mean,3.6555194870436623,3.1679370022481663,-2.220446049250313e-16,-2.220446049250313e-16
15,gain,0.0,8,oracle_reference,0.0,5.329070518200751e-15,1.0,1.0
15,gain,0.0,16,unadapted,1.0595820052507252,1.05872391811732,0.9970251284582007,0.011934052260122785
15,gain,0.0,16,offset_calibrated,1.138258257272619,1.0587239181173203,0.9970251284582007,0.011934052260122008
15,gain,0.0,16,adaptation_mean,3.4032565980878378,3.1679370022481663,-4.440892098500626e-16,0.0
15,gain,0.0,16,oracle_reference,0.0,5.329070518200751e-15,1.0,1.0
15,gain,0.0,32,unadapted,1.0595820052507252,1.05872391811732,0.9970251284582007,0.011934052260122785
15,gain,0.0,32,offset_calibrated,1.0870790823847543,1.0587239181173196,0.9970251284582007,0.011934052260123784
15,gain,0.0,32,adaptation_mean,3.2511188961221276,3.1679370022481663,-2.220446049250313e-16,4.440892098500626e-16
15,gain,0.0,32,oracle_reference,0.0,5.329070518200751e-15,1.0,1.0
15,gain,0.0,64,unadapted,1.0595820052507252,1.05872391811732,0.9970251284582007,0.011934052260122785
15,gain,0.0,64,offset_calibrated,1.0590856361747216,1.05872391811732,0.9970251284582007,0.011934052260123007
15,gain,0.0,64,adaptation_mean,3.1692009636602476,3.1679370022481663,-4.440892098500626e-16,4.440892098500626e-16
15,gain,0.0,64,oracle_reference,0.0,5.329070518200751e-15,1.0,1.0
15,gain,0.1,8,unadapted,1.0678750646860593,1.06686323982145,0.996858918726008,0.007190581154386755
15,gain,0.1,8,offset_calibrated,1.217230991675729,1.06686323982145,0.996858918726008,0.007190581154387199
15,gain,0.1,8,adaptation_mean,3.651917943178855,3.1593391413371377,-6.661338147750939e-16,-4.440892098500626e-16
15,gain,0.1,8,oracle_reference,0.09951812546822739,0.09847506140410196,0.9995332819115524,0.9954807415811144
15,gain,0.1,16,unadapted,1.0678750646860593,1.06686323982145,0.996858918726008,0.007190581154386755
15,gain,0.1,16,offset_calibrated,1.1467164655881263,1.0668632398214504,0.996858918726008,0.007190581154386311
15,gain,0.1,16,adaptation_mean,3.3988752736196792,3.1593391413371377,-8.881784197001252e-16,-2.220446049250313e-16
15,gain,0.1,16,oracle_reference,0.09951812546822739,0.09847506140410196,0.9995332819115524,0.9954807415811144
15,gain,0.1,32,unadapted,1.0678750646860593,1.06686323982145,0.996858918726008,0.007190581154386755
15,gain,0.1,32,offset_calibrated,1.0904454104718049,1.0668632398214501,0.996858918726008,0.007190581154387199
15,gain,0.1,32,adaptation_mean,3.247502123564213,3.159339141337137,-4.440892098500626e-16,-6.661338147750939e-16
15,gain,0.1,32,oracle_reference,0.09951812546822739,0.09847506140410196,0.9995332819115524,0.9954807415811144
15,gain,0.1,64,unadapted,1.0678750646860593,1.06686323982145,0.996858918726008,0.007190581154386755
15,gain,0.1,64,offset_calibrated,1.0673139748337732,1.0668632398214504,0.996858918726008,0.007190581154386311
15,gain,0.1,64,adaptation_mean,3.1606986203601313,3.1593391413371372,0.0,-4.440892098500626e-16
15,gain,0.1,64,oracle_reference,0.09951812546822739,0.09847506140410196,0.9995332819115524,0.9954807415811144
15,gain,0.5,8,unadapted,1.1872317716598784,1.1837814932507298,0.9867494441971593,-0.010262530460496855
15,gain,0.5,8,offset_calibrated,1.288173048316945,1.1837814932507298,0.9867494441971593,-0.010262530460497965
15,gain,0.5,8,adaptation_mean,3.669800300914048,3.1604998532174453,0.0,2.220446049250313e-16
15,gain,0.5,8,oracle_reference,0.49759062734113757,0.4923753070205104,0.9881731674835701,0.8988626944290641
15,gain,0.5,16,unadapted,1.1872317716598784,1.1837814932507298,0.9867494441971593,-0.010262530460496855
15,gain,0.5,16,offset_calibrated,1.261255357997642,1.1837814932507298,0.9867494441971593,-0.010262530460497521
15,gain,0.5,16,adaptation_mean,3.414569938347259,3.160499853217445,5.551115123125783e-16,2.220446049250313e-16
15,gain,0.5,16,oracle_reference,0.49759062734113757,0.4923753070205104,0.9881731674835701,0.8988626944290641
15,gain,0.5,32,unadapted,1.1872317716598784,1.1837814932507298,0.9867494441971593,-0.010262530460496855
15,gain,0.5,32,offset_calibrated,1.196797172680885,1.1837814932507302,0.9867494441971593,-0.010262530460498187
15,gain,0.5,32,adaptation_mean,3.270881937411735,3.1604998532174458,2.220446049250313e-16,5.551115123125783e-16
15,gain,0.5,32,oracle_reference,0.49759062734113757,0.4923753070205104,0.9881731674835701,0.8988626944290641
15,gain,0.5,64,unadapted,1.1872317716598784,1.1837814932507298,0.9867494441971593,-0.010262530460496855
15,gain,0.5,64,offset_calibrated,1.1847293884922956,1.1837814932507298,0.9867494441971593,-0.010262530460497299
15,gain,0.5,64,adaptation_mean,3.1623094125501723,3.1604998532174453,5.551115123125783e-16,3.3306690738754696e-16
15,gain,0.5,64,oracle_reference,0.49759062734113757,0.4923753070205104,0.9881731674835701,0.8988626944290641
15,nonlinear,0.0,8,unadapted,0.6468806057975036,0.6459112590338729,1.0,-1.396041156261488
15,nonlinear,0.0,8,offset_calibrated,0.6477415596479111,0.6459112590338728,1.0,-1.3960411562614872
15,nonlinear,0.0,8,adaptation_mean,3.4957169537924373,3.0354791632829037,0.0,4.440892098500626e-16
15,nonlinear,0.0,8,oracle_reference,0.0,0.0,1.0,1.0
15,nonlinear,0.0,16,unadapted,0.6468806057975036,0.6459112590338729,1.0,-1.396041156261488
15,nonlinear,0.0,16,offset_calibrated,0.6527632137457312,0.6459112590338729,1.0,-1.396041156261488
15,nonlinear,0.0,16,adaptation_mean,3.264919343602761,3.0354791632829037,2.220446049250313e-16,1.1102230246251565e-16
15,nonlinear,0.0,16,oracle_reference,0.0,0.0,1.0,1.0
15,nonlinear,0.0,32,unadapted,0.6468806057975036,0.6459112590338729,1.0,-1.396041156261488
15,nonlinear,0.0,32,offset_calibrated,0.6509346139799891,0.6459112590338727,1.0,-1.3960411562614872
15,nonlinear,0.0,32,adaptation_mean,3.1175798192135744,3.035479163282904,2.220446049250313e-16,1.1102230246251565e-16
15,nonlinear,0.0,32,oracle_reference,0.0,0.0,1.0,1.0
15,nonlinear,0.0,64,unadapted,0.6468806057975036,0.6459112590338729,1.0,-1.396041156261488
15,nonlinear,0.0,64,offset_calibrated,0.6526362487423735,0.6459112590338728,1.0,-1.396041156261488
15,nonlinear,0.0,64,adaptation_mean,3.0364150369255043,3.035479163282904,4.440892098500626e-16,-6.661338147750939e-16
15,nonlinear,0.0,64,oracle_reference,0.0,0.0,1.0,1.0
15,nonlinear,0.1,8,unadapted,0.6607388503468212,0.6594339245127676,0.9994894788994714,-1.3654774027754333
15,nonlinear,0.1,8,offset_calibrated,0.6600361250226818,0.6594339245127675,0.9994894788994714,-1.3654774027754333
15,nonlinear,0.1,8,adaptation_mean,3.493330910674241,3.0276461628551194,-6.661338147750939e-16,5.551115123125783e-16
15,nonlinear,0.1,8,oracle_reference,0.09951812546822737,0.09847506140410196,0.9994894788994714,0.9718959571670642
15,nonlinear,0.1,16,unadapted,0.6607388503468212,0.6594339245127676,0.9994894788994714,-1.3654774027754333
15,nonlinear,0.1,16,offset_calibrated,0.6665852755618864,0.6594339245127677,0.9994894788994714,-1.3654774027754342
15,nonlinear,0.1,16,adaptation_mean,3.261259482654447,3.0276461628551194,0.0,7.771561172376096e-16
15,nonlinear,0.1,16,oracle_reference,0.09951812546822737,0.09847506140410196,0.9994894788994714,0.9718959571670642
15,nonlinear,0.1,32,unadapted,0.6607388503468212,0.6594339245127676,0.9994894788994714,-1.3654774027754333
15,nonlinear,0.1,32,offset_calibrated,0.6623891925456897,0.6594339245127676,0.9994894788994714,-1.3654774027754324
15,nonlinear,0.1,32,adaptation_mean,3.1145694595076856,3.02764616285512,5.551115123125783e-16,3.3306690738754696e-16
15,nonlinear,0.1,32,oracle_reference,0.09951812546822737,0.09847506140410196,0.9994894788994714,0.9718959571670642
15,nonlinear,0.1,64,unadapted,0.6607388503468212,0.6594339245127676,0.9994894788994714,-1.3654774027754333
15,nonlinear,0.1,64,offset_calibrated,0.6660127458731353,0.6594339245127676,0.9994894788994714,-1.365477402775432
15,nonlinear,0.1,64,adaptation_mean,3.028678724770657,3.0276461628551186,2.220446049250313e-16,5.551115123125783e-16
15,nonlinear,0.1,64,oracle_reference,0.09951812546822737,0.09847506140410196,0.9994894788994714,0.9718959571670642
15,nonlinear,0.5,8,unadapted,0.8412047636954701,0.8366036104798065,0.9870648606151259,-0.8549906634307451
15,nonlinear,0.5,8,offset_calibrated,0.8396058397620725,0.8366036104798065,0.9870648606151259,-0.8549906634307443
15,nonlinear,0.5,8,adaptation_mean,3.513272927448532,3.0288598284400035,2.220446049250313e-16,5.551115123125783e-16
15,nonlinear,0.5,8,oracle_reference,0.49759062734113757,0.4923753070205104,0.9870648606151259,0.5945174315830288
15,nonlinear,0.5,16,unadapted,0.8412047636954701,0.8366036104798065,0.9870648606151259,-0.8549906634307451
15,nonlinear,0.5,16,offset_calibrated,0.8449184771429048,0.8366036104798067,0.9870648606151259,-0.8549906634307449
15,nonlinear,0.5,16,adaptation_mean,3.277076013110591,3.0288598284400035,5.551115123125783e-16,2.220446049250313e-16
15,nonlinear,0.5,16,oracle_reference,0.49759062734113757,0.4923753070205104,0.9870648606151259,0.5945174315830288
15,nonlinear,0.5,32,unadapted,0.8412047636954701,0.8366036104798065,0.9870648606151259,-0.8549906634307451
15,nonlinear,0.5,32,offset_calibrated,0.842268927652374,0.8366036104798066,0.9870648606151259,-0.8549906634307449
15,nonlinear,0.5,32,adaptation_mean,3.136890158146562,3.028859828440003,2.220446049250313e-16,2.220446049250313e-16
15,nonlinear,0.5,32,oracle_reference,0.49759062734113757,0.4923753070205104,0.9870648606151259,0.5945174315830288
15,nonlinear,0.5,64,unadapted,0.8412047636954701,0.8366036104798065,0.9870648606151259,-0.8549906634307451
15,nonlinear,0.5,64,offset_calibrated,0.8419882348163972,0.8366036104798062,0.9870648606151259,-0.8549906634307438
15,nonlinear,0.5,64,adaptation_mean,3.0303387619717994,3.0288598284400035,4.440892098500626e-16,5.551115123125783e-16
15,nonlinear,0.5,64,oracle_reference,0.49759062734113757,0.4923753070205104,0.9870648606151259,0.5945174315830288
16,none,0.0,8,unadapted,0.0,7.105427357601002e-15,1.0,1.0
16,none,0.0,8,offset_calibrated,0.0,7.105427357601002e-15,1.0,1.0
16,none,0.0,8,adaptation_mean,3.0504926199557074,3.0308074461236236,-2.220446049250313e-16,1.1102230246251565e-16
16,none,0.0,8,oracle_reference,0.0,0.0,1.0,1.0
16,none,0.0,16,unadapted,0.0,7.105427357601002e-15,1.0,1.0
16,none,0.0,16,offset_calibrated,0.0,7.105427357601002e-15,1.0,1.0
16,none,0.0,16,adaptation_mean,3.030868863396642,3.0308074461236227,0.0,0.0
16,none,0.0,16,oracle_reference,0.0,0.0,1.0,1.0
16,none,0.0,32,unadapted,0.0,7.105427357601002e-15,1.0,1.0
16,none,0.0,32,offset_calibrated,0.0,7.105427357601002e-15,1.0,1.0
16,none,0.0,32,adaptation_mean,3.0549246936134575,3.0308074461236227,2.220446049250313e-16,5.551115123125783e-16
16,none,0.0,32,oracle_reference,0.0,0.0,1.0,1.0
16,none,0.0,64,unadapted,0.0,7.105427357601002e-15,1.0,1.0
16,none,0.0,64,offset_calibrated,0.0,7.105427357601002e-15,1.0,1.0
16,none,0.0,64,adaptation_mean,3.0371120782117567,3.030807446123623,4.440892098500626e-16,5.551115123125783e-16
16,none,0.0,64,oracle_reference,0.0,0.0,1.0,1.0
16,none,0.1,8,unadapted,0.10392723461283032,0.10340942579020823,0.9993855399822739,0.9468824184292847
16,none,0.1,8,offset_calibrated,0.12008099063558214,0.10340942579020826,0.9993855399822739,0.9468824184292847
16,none,0.1,8,adaptation_mean,3.0549504656845223,3.0283160542722642,2.220446049250313e-16,1.1102230246251565e-16
16,none,0.1,8,oracle_reference,0.10392723461283032,0.10340942579020822,0.9993855399822739,0.9468824184292847
16,none,0.1,16,unadapted,0.10392723461283032,0.10340942579020823,0.9993855399822739,0.9468824184292847
16,none,0.1,16,offset_calibrated,0.1110419706573508,0.10340942579020822,0.9993855399822739,0.9468824184292847
16,none,0.1,16,adaptation_mean,3.028659008366886,3.0283160542722647,2.220446049250313e-16,3.3306690738754696e-16
16,none,0.1,16,oracle_reference,0.10392723461283032,0.10340942579020822,0.9993855399822739,0.9468824184292847
16,none,0.1,32,unadapted,0.10392723461283032,0.10340942579020823,0.9993855399822739,0.9468824184292847
16,none,0.1,32,offset_calibrated,0.10907101722686319,0.10340942579020823,0.9993855399822739,0.9468824184292847
16,none,0.1,32,adaptation_mean,3.0556852706272615,3.0283160542722642,2.220446049250313e-16,3.3306690738754696e-16
16,none,0.1,32,oracle_reference,0.10392723461283032,0.10340942579020822,0.9993855399822739,0.9468824184292847
16,none,0.1,64,unadapted,0.10392723461283032,0.10340942579020823,0.9993855399822739,0.9468824184292847
16,none,0.1,64,offset_calibrated,0.10528509676731543,0.10340942579020823,0.9993855399822739,0.9468824184292847
16,none,0.1,64,adaptation_mean,3.0350424017212503,3.0283160542722647,2.220446049250313e-16,5.551115123125783e-16
16,none,0.1,64,oracle_reference,0.10392723461283032,0.10340942579020822,0.9993855399822739,0.9468824184292847
16,none,0.5,8,unadapted,0.5196361730641514,0.517047128951041,0.9846834309275633,0.42049588011333916
16,none,0.5,8,offset_calibrated,0.6004049531779119,0.517047128951041,0.9846834309275633,0.42049588011333927
16,none,0.5,8,adaptation_mean,3.1189860878997675,3.0535032119690544,0.0,-4.440892098500626e-16
16,none,0.5,8,oracle_reference,0.5196361730641514,0.5170471289510411,0.9846834309275633,0.42049588011333916
16,none,0.5,16,unadapted,0.5196361730641514,0.517047128951041,0.9846834309275633,0.42049588011333916
16,none,0.5,16,offset_calibrated,0.5552098532867548,0.517047128951041,0.9846834309275634,0.4204958801133395
16,none,0.5,16,adaptation_mean,3.0601633743467196,3.053503211969055,4.440892098500626e-16,4.440892098500626e-16
16,none,0.5,16,oracle_reference,0.5196361730641514,0.5170471289510411,0.9846834309275633,0.42049588011333916
16,none,0.5,32,unadapted,0.5196361730641514,0.517047128951041,0.9846834309275633,0.42049588011333916
16,none,0.5,32,offset_calibrated,0.545355086134315,0.517047128951041,0.9846834309275633,0.42049588011333927
16,none,0.5,32,adaptation_mean,3.0969793156521996,3.053503211969055,0.0,2.220446049250313e-16
16,none,0.5,32,oracle_reference,0.5196361730641514,0.5170471289510411,0.9846834309275633,0.42049588011333916
16,none,0.5,64,unadapted,0.5196361730641514,0.517047128951041,0.9846834309275633,0.42049588011333916
16,none,0.5,64,offset_calibrated,0.5264254838365772,0.517047128951041,0.9846834309275633,0.4204958801133394
16,none,0.5,64,adaptation_mean,3.0629971313744164,3.053503211969055,2.220446049250313e-16,1.1102230246251565e-16
16,none,0.5,64,oracle_reference,0.5196361730641514,0.5170471289510411,0.9846834309275633,0.42049588011333916
16,offset,0.0,8,unadapted,1.5,7.129549699527932e-15,1.0,1.0
16,offset,0.0,8,offset_calibrated,2.220446049250313e-16,7.0914949319864136e-15,1.0,1.0
16,offset,0.0,8,adaptation_mean,3.0504926199557074,3.0308074461236236,-8.881784197001252e-16,-2.220446049250313e-16
16,offset,0.0,8,oracle_reference,0.0,7.105427357601002e-15,1.0,1.0
16,offset,0.0,16,unadapted,1.5,7.129549699527932e-15,1.0,1.0
16,offset,0.0,16,offset_calibrated,0.0,7.105427357601002e-15,1.0,1.0
16,offset,0.0,16,adaptation_mean,3.030868863396642,3.030807446123623,-2.220446049250313e-16,1.1102230246251565e-16
16,offset,0.0,16,oracle_reference,0.0,7.105427357601002e-15,1.0,1.0
16,offset,0.0,32,unadapted,1.5,7.129549699527932e-15,1.0,1.0
16,offset,0.0,32,offset_calibrated,0.0,7.105427357601002e-15,1.0,1.0
16,offset,0.0,32,adaptation_mean,3.0549246936134575,3.0308074461236236,0.0,4.440892098500626e-16
16,offset,0.0,32,oracle_reference,0.0,7.105427357601002e-15,1.0,1.0
16,offset,0.0,64,unadapted,1.5,7.129549699527932e-15,1.0,1.0
16,offset,0.0,64,offset_calibrated,0.0,7.105427357601002e-15,1.0,1.0
16,offset,0.0,64,adaptation_mean,3.037112078211756,3.0308074461236227,-2.220446049250313e-16,4.440892098500626e-16
16,offset,0.0,64,oracle_reference,0.0,7.105427357601002e-15,1.0,1.0
16,offset,0.1,8,unadapted,1.5052006739265056,0.10340942579020825,0.9993855399822739,0.9468824184292847
16,offset,0.1,8,offset_calibrated,0.12008099063558211,0.10340942579020822,0.9993855399822739,0.9468824184292847
16,offset,0.1,8,adaptation_mean,3.0549504656845223,3.0283160542722642,7.771561172376096e-16,6.661338147750939e-16
16,offset,0.1,8,oracle_reference,0.10392723461283031,0.10340942579020826,0.9993855399822739,0.9468824184292847
16,offset,0.1,16,unadapted,1.5052006739265056,0.10340942579020825,0.9993855399822739,0.9468824184292847
16,offset,0.1,16,offset_calibrated,0.1110419706573508,0.10340942579020826,0.9993855399822739,0.9468824184292847
16,offset,0.1,16,adaptation_mean,3.0286590083668865,3.0283160542722642,-6.661338147750939e-16,3.3306690738754696e-16
16,offset,0.1,16,oracle_reference,0.10392723461283031,0.10340942579020826,0.9993855399822739,0.9468824184292847
16,offset,0.1,32,unadapted,1.5052006739265056,0.10340942579020825,0.9993855399822739,0.9468824184292847
16,offset,0.1,32,offset_calibrated,0.10907101722686317,0.10340942579020823,0.9993855399822739,0.9468824184292847
16,offset,0.1,32,adaptation_mean,3.0556852706272615,3.0283160542722647,4.440892098500626e-16,3.3306690738754696e-16
16,offset,0.1,32,oracle_reference,0.10392723461283031,0.10340942579020826,0.9993855399822739,0.9468824184292847
16,offset,0.1,64,unadapted,1.5052006739265056,0.10340942579020825,0.9993855399822739,0.9468824184292847
16,offset,0.1,64,offset_calibrated,0.10528509676731541,0.10340942579020823,0.9993855399822739,0.9468824184292847
16,offset,0.1,64,adaptation_mean,3.0350424017212507,3.0283160542722642,4.440892098500626e-16,-2.220446049250313e-16
16,offset,0.1,64,oracle_reference,0.10392723461283031,0.10340942579020826,0.9993855399822739,0.9468824184292847
16,offset,0.5,8,unadapted,1.6020338050560625,0.517047128951041,0.9846834309275633,0.4204958801133397
16,offset,0.5,8,offset_calibrated,0.6004049531779119,0.517047128951041,0.9846834309275633,0.42049588011333916
16,offset,0.5,8,adaptation_mean,3.118986087899767,3.053503211969055,-8.881784197001252e-16,2.220446049250313e-16
16,offset,0.5,8,oracle_reference,0.5196361730641514,0.517047128951041,0.9846834309275633,0.4204958801133397
16,offset,0.5,16,unadapted,1.6020338050560625,0.517047128951041,0.9846834309275633,0.4204958801133397
16,offset,0.5,16,offset_calibrated,0.5552098532867548,0.517047128951041,0.9846834309275633,0.42049588011333905
16,offset,0.5,16,adaptation_mean,3.0601633743467196,3.053503211969055,2.220446049250313e-16,4.440892098500626e-16
16,offset,0.5,16,oracle_reference,0.5196361730641514,0.517047128951041,0.9846834309275633,0.4204958801133397
16,offset,0.5,32,unadapted,1.6020338050560625,0.517047128951041,0.9846834309275633,0.4204958801133397
16,offset,0.5,32,offset_calibrated,0.545355086134315,0.517047128951041,0.9846834309275633,0.42049588011333916
16,offset,0.5,32,adaptation_mean,3.0969793156521996,3.053503211969055,-4.440892098500626e-16,2.220446049250313e-16
16,offset,0.5,32,oracle_reference,0.5196361730641514,0.517047128951041,0.9846834309275633,0.4204958801133397
16,offset,0.5,64,unadapted,1.6020338050560625,0.517047128951041,0.9846834309275633,0.4204958801133397
16,offset,0.5,64,offset_calibrated,0.5264254838365772,0.5170471289510411,0.9846834309275633,0.42049588011333916
16,offset,0.5,64,adaptation_mean,3.0629971313744164,3.053503211969055,2.220446049250313e-16,-2.220446049250313e-16
16,offset,0.5,64,oracle_reference,0.5196361730641514,0.517047128951041,0.9846834309275633,0.4204958801133397
16,gain,0.0,8,unadapted,1.0595820052507252,1.05872391811732,0.9970251284582007,0.011934052260122785
16,gain,0.0,8,offset_calibrated,1.065751203107364,1.05872391811732,0.9970251284582007,0.011934052260123007
16,gain,0.0,8,adaptation_mean,3.189568753813557,3.1679370022481663,-4.440892098500626e-16,2.220446049250313e-16
16,gain,0.0,8,oracle_reference,0.0,5.329070518200751e-15,1.0,1.0
16,gain,0.0,16,unadapted,1.0595820052507252,1.05872391811732,0.9970251284582007,0.011934052260122785
16,gain,0.0,16,offset_calibrated,1.0587425531972199,1.0587239181173196,0.9970251284582007,0.011934052260123784
16,gain,0.0,16,adaptation_mean,3.167981463625244,3.1679370022481663,-6.661338147750939e-16,7.771561172376096e-16
16,gain,0.0,16,oracle_reference,0.0,5.329070518200751e-15,1.0,1.0
16,gain,0.0,32,unadapted,1.0595820052507252,1.05872391811732,0.9970251284582007,0.011934052260122785
16,gain,0.0,32,offset_calibrated,1.067409095129071,1.05872391811732,0.9970251284582007,0.011934052260123007
16,gain,0.0,32,adaptation_mean,3.194969094844655,3.1679370022481668,0.0,2.220446049250313e-16
16,gain,0.0,32,oracle_reference,0.0,5.329070518200751e-15,1.0,1.0
16,gain,0.0,64,unadapted,1.0595820052507252,1.05872391811732,0.9970251284582007,0.011934052260122785
16,gain,0.0,64,offset_calibrated,1.0608114065336314,1.0587239181173203,0.9970251284582007,0.01193405226012223
16,gain,0.0,64,adaptation_mean,3.17372293623896,3.1679370022481663,-6.661338147750939e-16,7.771561172376096e-16
16,gain,0.0,64,oracle_reference,0.0,5.329070518200751e-15,1.0,1.0
16,gain,0.1,8,unadapted,1.072119067301127,1.0715778498447674,0.9964905772340911,0.012068549908994863
16,gain,0.1,8,offset_calibrated,1.0838173649315272,1.071577849844767,0.9964905772340911,0.01206854990899564
16,gain,0.1,8,adaptation_mean,3.194090046681493,3.165643257071497,0.0,3.3306690738754696e-16
16,gain,0.1,8,oracle_reference,0.1039272346128303,0.1034094257902082,0.9994382501706444,0.9954906770598213
16,gain,0.1,16,unadapted,1.072119067301127,1.0715778498447674,0.9964905772340911,0.012068549908994863
16,gain,0.1,16,offset_calibrated,1.0723382902774983,1.0715778498447668,0.9964905772340911,0.012068549908994974
16,gain,0.1,16,adaptation_mean,3.1658963426372337,3.1656432570714976,-4.440892098500626e-16,2.220446049250313e-16
16,gain,0.1,16,oracle_reference,0.1039272346128303,0.1034094257902082,0.9994382501706444,0.9954906770598213
16,gain,0.1,32,unadapted,1.072119067301127,1.0715778498447674,0.9964905772340911,0.012068549908994863
16,gain,0.1,32,offset_calibrated,1.0841826110532233,1.0715778498447672,0.9964905772340911,0.012068549908994086
16,gain,0.1,32,adaptation_mean,3.1958761890442986,3.1656432570714976,3.3306690738754696e-16,-2.220446049250313e-16
16,gain,0.1,32,oracle_reference,0.1039272346128303,0.1034094257902082,0.9994382501706444,0.9954906770598213
16,gain,0.1,64,unadapted,1.072119067301127,1.0715778498447674,0.9964905772340911,0.012068549908994863
16,gain,0.1,64,offset_calibrated,1.0747630455807828,1.0715778498447674,0.9964905772340911,0.01206854990899442
16,gain,0.1,64,adaptation_mean,3.1718365023505317,3.1656432570714985,2.220446049250313e-16,2.220446049250313e-16
16,gain,0.1,64,oracle_reference,0.1039272346128303,0.1034094257902082,0.9994382501706444,0.9954906770598213
16,gain,0.5,8,unadapted,1.2150597570495605,1.2147622918465486,0.9831860497273072,0.011587089269237572
16,gain,0.5,8,offset_calibrated,1.2725978198815613,1.2147622918465486,0.9831860497273072,0.01158708926923746
16,gain,0.5,8,adaptation_mean,3.260062891649511,3.1957298058629577,0.0,3.3306690738754696e-16
16,gain,0.5,8,oracle_reference,0.5196361730641513,0.517047128951041,0.9859919360154257,0.9031351095367547
16,gain,0.5,16,unadapted,1.2150597570495605,1.2147622918465486,0.9831860497273072,0.011587089269237572
16,gain,0.5,16,offset_calibrated,1.2302394927756588,1.2147622918465486,0.9831860497273072,0.01158708926923746
16,gain,0.5,16,adaptation_mean,3.200625245862939,3.195729805862957,0.0,-2.220446049250313e-16
16,gain,0.5,16,oracle_reference,0.5196361730641513,0.517047128951041,0.9859919360154257,0.9031351095367547
16,gain,0.5,32,unadapted,1.2150597570495605,1.2147622918465486,0.9831860497273072,0.011587089269237572
16,gain,0.5,32,offset_calibrated,1.249220051267288,1.2147622918465486,0.9831860497273072,0.01158708926923746
16,gain,0.5,32,adaptation_mean,3.2409982959548853,3.195729805862957,2.220446049250313e-16,-2.220446049250313e-16
16,gain,0.5,32,oracle_reference,0.5196361730641513,0.517047128951041,0.9859919360154257,0.9031351095367547
16,gain,0.5,64,unadapted,1.2150597570495605,1.2147622918465486,0.9831860497273072,0.011587089269237572
16,gain,0.5,64,offset_calibrated,1.224477615375764,1.2147622918465484,0.9831860497273072,0.011587089269237905
16,gain,0.5,64,adaptation_mean,3.2043945430799043,3.195729805862957,3.3306690738754696e-16,0.0
16,gain,0.5,64,oracle_reference,0.5196361730641513,0.517047128951041,0.9859919360154257,0.9031351095367547
16,nonlinear,0.0,8,unadapted,0.6468806057975036,0.6459112590338729,1.0,-1.396041156261488
16,nonlinear,0.0,8,offset_calibrated,0.6462249826266501,0.6459112590338729,1.0,-1.3960411562614894
16,nonlinear,0.0,8,adaptation_mean,3.055057194752215,3.0354791632829032,-6.661338147750939e-16,-2.220446049250313e-16
16,nonlinear,0.0,8,oracle_reference,0.0,0.0,1.0,1.0
16,nonlinear,0.0,16,unadapted,0.6468806057975036,0.6459112590338729,1.0,-1.396041156261488
16,nonlinear,0.0,16,offset_calibrated,0.6478361256119899,0.6459112590338728,1.0,-1.3960411562614872
16,nonlinear,0.0,16,adaptation_mean,3.0362376408177054,3.0354791632829037,2.220446049250313e-16,-6.661338147750939e-16
16,nonlinear,0.0,16,oracle_reference,0.0,0.0,1.0,1.0
16,nonlinear,0.0,32,unadapted,0.6468806057975036,0.6459112590338729,1.0,-1.396041156261488
16,nonlinear,0.0,32,offset_calibrated,0.6459564446706845,0.6459112590338731,1.0,-1.3960411562614885
16,nonlinear,0.0,32,adaptation_mean,3.0593135723797165,3.035479163282904,-2.220446049250313e-16,1.1102230246251565e-16
16,nonlinear,0.0,32,oracle_reference,0.0,0.0,1.0,1.0
16,nonlinear,0.0,64,unadapted,0.6468806057975036,0.6459112590338729,1.0,-1.396041156261488
16,nonlinear,0.0,64,offset_calibrated,0.6531112344733732,0.6459112590338728,1.0,-1.3960411562614872
16,nonlinear,0.0,64,adaptation_mean,3.0418581912850957,3.035479163282904,2.220446049250313e-16,-6.661338147750939e-16
16,nonlinear,0.0,64,oracle_reference,0.0,0.0,1.0,1.0
16,nonlinear,0.1,8,unadapted,0.6598622883868864,0.6582738884673492,0.9993855399822738,-1.310784364791369
16,nonlinear,0.1,8,offset_calibrated,0.6623318598728516,0.6582738884673494,0.9993855399822739,-1.310784364791369
16,nonlinear,0.1,8,adaptation_mean,3.059653561484436,3.0333072147513684,2.220446049250313e-16,0.0
16,nonlinear,0.1,8,oracle_reference,0.10392723461283032,0.10340942579020823,0.9993855399822739,0.9721217255765178
16,nonlinear,0.1,16,unadapted,0.6598622883868864,0.6582738884673492,0.9993855399822738,-1.310784364791369
16,nonlinear,0.1,16,offset_calibrated,0.6632431786131125,0.6582738884673494,0.9993855399822738,-1.310784364791369
16,nonlinear,0.1,16,adaptation_mean,3.0346817726484994,3.033307214751368,2.220446049250313e-16,-2.220446049250313e-16
16,nonlinear,0.1,16,oracle_reference,0.10392723461283032,0.10340942579020823,0.9993855399822739,0.9721217255765178
16,nonlinear,0.1,32,unadapted,0.6598622883868864,0.6582738884673492,0.9993855399822738,-1.310784364791369
16,nonlinear,0.1,32,offset_calibrated,0.659515694468551,0.6582738884673495,0.9993855399822738,-1.3107843647913708
16,nonlinear,0.1,32,adaptation_mean,3.06014153967693,3.033307214751368,2.220446049250313e-16,3.3306690738754696e-16
16,nonlinear,0.1,32,oracle_reference,0.10392723461283032,0.10340942579020823,0.9993855399822739,0.9721217255765178
16,nonlinear,0.1,64,unadapted,0.6598622883868864,0.6582738884673492,0.9993855399822738,-1.310784364791369
16,nonlinear,0.1,64,offset_calibrated,0.6681310488389446,0.6582738884673492,0.9993855399822738,-1.310784364791369
16,nonlinear,0.1,64,adaptation_mean,3.040530095852386,3.0333072147513684,0.0,3.3306690738754696e-16
16,nonlinear,0.1,64,oracle_reference,0.10392723461283032,0.10340942579020823,0.9993855399822739,0.9721217255765178
16,nonlinear,0.5,8,unadapted,0.8474894208297761,0.8429941012536095,0.9846834309275633,-0.7251309806785082
16,nonlinear,0.5,8,offset_calibrated,0.9013877039491266,0.8429941012536097,0.9846834309275633,-0.7251309806785093
16,nonlinear,0.5,8,adaptation_mean,3.1242118725413803,3.0604192882007304,0.0,-4.440892098500626e-16
16,nonlinear,0.5,8,oracle_reference,0.5196361730641514,0.5170471289510411,0.9846834309275634,0.6118471454766062
16,nonlinear,0.5,16,unadapted,0.8474894208297761,0.8429941012536095,0.9846834309275633,-0.7251309806785082
16,nonlinear,0.5,16,offset_calibrated,0.875895577699147,0.8429941012536095,0.9846834309275634,-0.7251309806785067
16,nonlinear,0.5,16,adaptation_mean,3.0689958962371318,3.0604192882007304,5.551115123125783e-16,5.551115123125783e-16
16,nonlinear,0.5,16,oracle_reference,0.5196361730641514,0.5170471289510411,0.9846834309275634,0.6118471454766062
16,nonlinear,0.5,32,unadapted,0.8474894208297761,0.8429941012536095,0.9846834309275633,-0.7251309806785082
16,nonlinear,0.5,32,offset_calibrated,0.8620447428490345,0.8429941012536096,0.9846834309275633,-0.725130980678508
16,nonlinear,0.5,32,adaptation_mean,3.102147935731585,3.0604192882007304,2.220446049250313e-16,-2.220446049250313e-16
16,nonlinear,0.5,32,oracle_reference,0.5196361730641514,0.5170471289510411,0.9846834309275634,0.6118471454766062
16,nonlinear,0.5,64,unadapted,0.8474894208297761,0.8429941012536095,0.9846834309275633,-0.7251309806785082
16,nonlinear,0.5,64,offset_calibrated,0.8641942924375252,0.8429941012536095,0.9846834309275633,-0.725130980678508
16,nonlinear,0.5,64,adaptation_mean,3.0720175605229136,3.0604192882007304,0.0,2.220446049250313e-16
16,nonlinear,0.5,64,oracle_reference,0.5196361730641514,0.5170471289510411,0.9846834309275634,0.6118471454766062
17,none,0.0,8,unadapted,0.0,7.105427357601002e-15,1.0,1.0
17,none,0.0,8,offset_calibrated,0.0,7.105427357601002e-15,1.0,1.0
17,none,0.0,8,adaptation_mean,3.162752190282757,3.0308074461236227,4.440892098500626e-16,7.771561172376096e-16
17,none,0.0,8,oracle_reference,0.0,0.0,1.0,1.0
17,none,0.0,16,unadapted,0.0,7.105427357601002e-15,1.0,1.0
17,none,0.0,16,offset_calibrated,0.0,7.105427357601002e-15,1.0,1.0
17,none,0.0,16,adaptation_mean,3.0356155060202727,3.0308074461236227,4.440892098500626e-16,5.551115123125783e-16
17,none,0.0,16,oracle_reference,0.0,0.0,1.0,1.0
17,none,0.0,32,unadapted,0.0,7.105427357601002e-15,1.0,1.0
17,none,0.0,32,offset_calibrated,0.0,7.105427357601002e-15,1.0,1.0
17,none,0.0,32,adaptation_mean,3.035695121065236,3.030807446123623,5.551115123125783e-16,5.551115123125783e-16
17,none,0.0,32,oracle_reference,0.0,0.0,1.0,1.0
17,none,0.0,64,unadapted,0.0,7.105427357601002e-15,1.0,1.0
17,none,0.0,64,offset_calibrated,0.0,7.105427357601002e-15,1.0,1.0
17,none,0.0,64,adaptation_mean,3.0359596061083884,3.0308074461236227,4.440892098500626e-16,0.0
17,none,0.0,64,oracle_reference,0.0,0.0,1.0,1.0
17,none,0.1,8,unadapted,0.10821371641369927,0.10511548343026926,0.9992589856351662,0.9541998265140157
17,none,0.1,8,offset_calibrated,0.1177875034181053,0.10511548343026919,0.9992589856351662,0.9541998265140157
17,none,0.1,8,adaptation_mean,3.1639052967841925,3.0458440191281335,7.771561172376096e-16,-2.220446049250313e-16
17,none,0.1,8,oracle_reference,0.10821371641369927,0.10511548343026925,0.9992589856351662,0.9541998265140157
17,none,0.1,16,unadapted,0.10821371641369927,0.10511548343026926,0.9992589856351662,0.9541998265140157
17,none,0.1,16,offset_calibrated,0.11252608900478082,0.10511548343026925,0.9992589856351662,0.9541998265140157
17,none,0.1,16,adaptation_mean,3.0531558176357683,3.0458440191281335,3.3306690738754696e-16,-2.220446049250313e-16
17,none,0.1,16,oracle_reference,0.10821371641369927,0.10511548343026925,0.9992589856351662,0.9541998265140157
17,none,0.1,32,unadapted,0.10821371641369927,0.10511548343026926,0.9992589856351662,0.9541998265140157
17,none,0.1,32,offset_calibrated,0.10869638924161616,0.10511548343026927,0.9992589856351662,0.9541998265140157
17,none,0.1,32,adaptation_mean,3.049594422290217,3.0458440191281335,7.771561172376096e-16,-6.661338147750939e-16
17,none,0.1,32,oracle_reference,0.10821371641369927,0.10511548343026925,0.9992589856351662,0.9541998265140157
17,none,0.1,64,unadapted,0.10821371641369927,0.10511548343026926,0.9992589856351662,0.9541998265140157
17,none,0.1,64,offset_calibrated,0.10985555922207027,0.10511548343026927,0.9992589856351662,0.9541998265140157
17,none,0.1,64,adaptation_mean,3.0529644371079097,3.0458440191281326,9.992007221626409e-16,-2.220446049250313e-16
17,none,0.1,64,oracle_reference,0.10821371641369927,0.10511548343026925,0.9992589856351662,0.9541998265140157
17,none,0.5,8,unadapted,0.5410685820684966,0.525577417151347,0.9824278372592646,0.4165354782510542
17,none,0.5,8,offset_calibrated,0.5889375170905253,0.5255774171513469,0.9824278372592646,0.4165354782510545
17,none,0.5,8,adaptation_mean,3.2121315015974687,3.1406215211588098,-4.440892098500626e-16,0.0
17,none,0.5,8,oracle_reference,0.5410685820684966,0.525577417151347,0.9824278372592646,0.4165354782510542
17,none,0.5,16,unadapted,0.5410685820684966,0.525577417151347,0.9824278372592646,0.4165354782510542
17,none,0.5,16,offset_calibrated,0.5626304450239058,0.525577417151347,0.9824278372592646,0.4165354782510543
17,none,0.5,16,adaptation_mean,3.162650431665873,3.14062152115881,2.220446049250313e-16,3.3306690738754696e-16
17,none,0.5,16,oracle_reference,0.5410685820684966,0.525577417151347,0.9824278372592646,0.4165354782510542
17,none,0.5,32,unadapted,0.5410685820684966,0.525577417151347,0.9824278372592646,0.4165354782510542
17,none,0.5,32,offset_calibrated,0.5434819462080818,0.5255774171513472,0.9824278372592646,0.4165354782510541
17,none,0.5,32,adaptation_mean,3.1424149005142725,3.14062152115881,2.220446049250313e-16,4.440892098500626e-16
17,none,0.5,32,oracle_reference,0.5410685820684966,0.525577417151347,0.9824278372592646,0.4165354782510542
17,none,0.5,64,unadapted,0.5410685820684966,0.525577417151347,0.9824278372592646,0.4165354782510542
17,none,0.5,64,offset_calibrated,0.5492777961103521,0.525577417151347,0.9824278372592646,0.4165354782510543
17,none,0.5,64,adaptation_mean,3.1584653412603547,3.1406215211588098,-4.440892098500626e-16,7.771561172376096e-16
17,none,0.5,64,oracle_reference,0.5410685820684966,0.525577417151347,0.9824278372592646,0.4165354782510542
17,offset,0.0,8,unadapted,1.5,7.129549699527932e-15,1.0,1.0
17,offset,0.0,8,offset_calibrated,0.0,7.105427357601002e-15,1.0,1.0
17,offset,0.0,8,adaptation_mean,3.162752190282758,3.0308074461236227,-2.220446049250313e-16,1.1102230246251565e-16
17,offset,0.0,8,oracle_reference,0.0,7.105427357601002e-15,1.0,1.0
17,offset,0.0,16,unadapted,1.5,7.129549699527932e-15,1.0,1.0
17,offset,0.0,16,offset_calibrated,0.0,7.105427357601002e-15,1.0,1.0
17,offset,0.0,16,adaptation_mean,3.0356155060202727,3.0308074461236227,-4.440892098500626e-16,3.3306690738754696e-16
17,offset,0.0,16,oracle_reference,0.0,7.105427357601002e-15,1.0,1.0
17,offset,0.0,32,unadapted,1.5,7.129549699527932e-15,1.0,1.0
17,offset,0.0,32,offset_calibrated,0.0,7.105427357601002e-15,1.0,1.0
17,offset,0.0,32,adaptation_mean,3.035695121065236,3.0308074461236227,4.440892098500626e-16,1.1102230246251565e-16
17,offset,0.0,32,oracle_reference,0.0,7.105427357601002e-15,1.0,1.0
17,offset,0.0,64,unadapted,1.5,7.129549699527932e-15,1.0,1.0
17,offset,0.0,64,offset_calibrated,0.0,7.105427357601002e-15,1.0,1.0
17,offset,0.0,64,adaptation_mean,3.035959606108388,3.0308074461236227,-2.220446049250313e-16,5.551115123125783e-16
17,offset,0.0,64,oracle_reference,0.0,7.105427357601002e-15,1.0,1.0
17,offset,0.1,8,unadapted,1.4787478660078273,0.10511548343026929,0.9992589856351662,0.9541998265140157
17,offset,0.1,8,offset_calibrated,0.11778750341810539,0.10511548343026925,0.9992589856351662,0.9541998265140157
17,offset,0.1,8,adaptation_mean,3.163905296784193,3.0458440191281335,1.3322676295501878e-15,-2.220446049250313e-16
17,offset,0.1,8,oracle_reference,0.1082137164136993,0.10511548343026929,0.9992589856351662,0.9541998265140157
17,offset,0.1,16,unadapted,1.4787478660078273,0.10511548343026929,0.9992589856351662,0.9541998265140157
17,offset,0.1,16,offset_calibrated,0.11252608900478087,0.1051154834302693,0.9992589856351662,0.9541998265140157
17,offset,0.1,16,adaptation_mean,3.0531558176357683,3.045844019128133,9.992007221626409e-16,-2.220446049250313e-16
17,offset,0.1,16,oracle_reference,0.1082137164136993,0.10511548343026929,0.9992589856351662,0.9541998265140157
17,offset,0.1,32,unadapted,1.4787478660078273,0.10511548343026929,0.9992589856351662,0.9541998265140157
17,offset,0.1,32,offset_calibrated,0.10869638924161629,0.10511548343026936,0.9992589856351662,0.9541998265140157
17,offset,0.1,32,adaptation_mean,3.049594422290216,3.0458440191281326,5.551115123125783e-16,0.0
17,offset,0.1,32,oracle_reference,0.1082137164136993,0.10511548343026929,0.9992589856351662,0.9541998265140157
17,offset,0.1,64,unadapted,1.4787478660078273,0.10511548343026929,0.9992589856351662,0.9541998265140157
17,offset,0.1,64,offset_calibrated,0.10985555922207035,0.1051154834302693,0.9992589856351662,0.9541998265140157
17,offset,0.1,64,adaptation_mean,3.052964437107909,3.045844019128134,3.3306690738754696e-16,0.0
17,offset,0.1,64,oracle_reference,0.1082137164136993,0.10511548343026929,0.9992589856351662,0.9541998265140157
17,offset,0.5,8,unadapted,1.4818857892226966,0.5255774171513469,0.9824278372592646,0.4165354782510543
17,offset,0.5,8,offset_calibrated,0.5889375170905254,0.5255774171513469,0.9824278372592646,0.4165354782510545
17,offset,0.5,8,adaptation_mean,3.2121315015974687,3.14062152115881,-2.220446049250313e-16,1.1102230246251565e-16
17,offset,0.5,8,oracle_reference,0.5410685820684966,0.5255774171513469,0.9824278372592646,0.4165354782510543
17,offset,0.5,16,unadapted,1.4818857892226966,0.5255774171513469,0.9824278372592646,0.4165354782510543
17,offset,0.5,16,offset_calibrated,0.5626304450239057,0.5255774171513469,0.9824278372592646,0.4165354782510543
17,offset,0.5,16,adaptation_mean,3.162650431665873,3.1406215211588107,-6.661338147750939e-16,5.551115123125783e-16
17,offset,0.5,16,oracle_reference,0.5410685820684966,0.5255774171513469,0.9824278372592646,0.4165354782510543
17,offset,0.5,32,unadapted,1.4818857892226966,0.5255774171513469,0.9824278372592646,0.4165354782510543
17,offset,0.5,32,offset_calibrated,0.543481946208082,0.5255774171513469,0.9824278372592646,0.4165354782510544
17,offset,0.5,32,adaptation_mean,3.1424149005142725,3.1406215211588107,-2.220446049250313e-16,0.0
17,offset,0.5,32,oracle_reference,0.5410685820684966,0.5255774171513469,0.9824278372592646,0.4165354782510543
17,offset,0.5,64,unadapted,1.4818857892226966,0.5255774171513469,0.9824278372592646,0.4165354782510543
17,offset,0.5,64,offset_calibrated,0.5492777961103521,0.525577417151347,0.9824278372592646,0.4165354782510543
17,offset,0.5,64,adaptation_mean,3.1584653412603547,3.1406215211588107,-4.440892098500626e-16,4.440892098500626e-16
17,offset,0.5,64,oracle_reference,0.5410685820684966,0.5255774171513469,0.9824278372592646,0.4165354782510543
17,gain,0.0,8,unadapted,1.0595820052507252,1.05872391811732,0.9970251284582007,0.011934052260122785
17,gain,0.0,8,offset_calibrated,1.1075771707669655,1.0587239181173198,0.9970251284582007,0.011934052260123007
17,gain,0.0,8,adaptation_mean,3.325187128972898,3.1679370022481663,-2.220446049250313e-16,0.0
17,gain,0.0,8,oracle_reference,0.0,5.329070518200751e-15,1.0,1.0
17,gain,0.0,16,unadapted,1.0595820052507252,1.05872391811732,0.9970251284582007,0.011934052260122785
17,gain,0.0,16,offset_calibrated,1.0601727380009498,1.0587239181173196,0.9970251284582007,0.011934052260123784
17,gain,0.0,16,adaptation_mean,3.1713474575782685,3.167937002248166,-4.440892098500626e-16,5.551115123125783e-16
17,gain,0.0,16,oracle_reference,0.0,5.329070518200751e-15,1.0,1.0
17,gain,0.0,32,unadapted,1.0595820052507252,1.05872391811732,0.9970251284582007,0.011934052260122785
17,gain,0.0,32,offset_calibrated,1.0604593246348546,1.0587239181173203,0.9970251284582007,0.01193405226012223
17,gain,0.0,32,adaptation_mean,3.1732421029526483,3.1679370022481668,-4.440892098500626e-16,5.551115123125783e-16
17,gain,0.0,32,oracle_reference,0.0,5.329070518200751e-15,1.0,1.0
17,gain,0.0,64,unadapted,1.0595820052507252,1.05872391811732,0.9970251284582007,0.011934052260122785
17,gain,0.0,64,offset_calibrated,1.0603779350935167,1.0587239181173203,0.9970251284582007,0.01193405226012223
17,gain,0.0,64,adaptation_mean,3.17230209710287,3.167937002248167,0.0,4.440892098500626e-16
17,gain,0.0,64,oracle_reference,0.0,5.329070518200751e-15,1.0,1.0
17,gain,0.1,8,unadapted,1.0618582200945725,1.0611136608977692,0.995627812465933,0.009185987821537123
17,gain,0.1,8,offset_calibrated,1.1117248340751194,1.0611136608977692,0.995627812465933,0.009185987821537678
17,gain,0.1,8,adaptation_mean,3.3265935352482403,3.1831047065713793,0.0,-4.440892098500626e-16
17,gain,0.1,8,oracle_reference,0.10821371641369928,0.10511548343026926,0.999322374558377,0.9961919382016768
17,gain,0.1,16,unadapted,1.0618582200945725,1.0611136608977692,0.995627812465933,0.009185987821537123
17,gain,0.1,16,offset_calibrated,1.0612996970733852,1.061113660897769,0.995627812465933,0.009185987821537123
17,gain,0.1,16,adaptation_mean,3.1891162882171846,3.18310470657138,0.0,-2.220446049250313e-16
17,gain,0.1,16,oracle_reference,0.10821371641369928,0.10511548343026926,0.999322374558377,0.9961919382016768
17,gain,0.1,32,unadapted,1.0618582200945725,1.0611136608977692,0.995627812465933,0.009185987821537123
17,gain,0.1,32,offset_calibrated,1.0641247943461516,1.0611136608977692,0.995627812465933,0.009185987821537123
17,gain,0.1,32,adaptation_mean,3.1873264579421043,3.1831047065713802,5.551115123125783e-16,-4.440892098500626e-16
17,gain,0.1,32,oracle_reference,0.10821371641369928,0.10511548343026926,0.999322374558377,0.9961919382016768
17,gain,0.1,64,unadapted,1.0618582200945725,1.0611136608977692,0.995627812465933,0.009185987821537123
17,gain,0.1,64,offset_calibrated,1.0624313705837929,1.0611136608977692,0.995627812465933,0.009185987821536457
17,gain,0.1,64,adaptation_mean,3.1894639289935087,3.1831047065713802,5.551115123125783e-16,-2.220446049250313e-16
17,gain,0.1,64,oracle_reference,0.10821371641369928,0.10511548343026926,0.999322374558377,0.9961919382016768
17,gain,0.5,8,unadapted,1.177176520763203,1.1712973022986943,0.9775506985330736,-0.002093950270805278
17,gain,0.5,8,offset_calibrated,1.2484058524340287,1.171297302298694,0.9775506985330735,-0.002093950270805278
17,gain,0.5,8,adaptation_mean,3.3803797008837986,3.2805421198855074,0.0,3.3306690738754696e-16
17,gain,0.5,8,oracle_reference,0.5410685820684967,0.525577417151347,0.983905902639394,0.9088356783355196
17,gain,0.5,16,unadapted,1.177176520763203,1.1712973022986943,0.9775506985330736,-0.002093950270805278
17,gain,0.5,16,offset_calibrated,1.1833251945995182,1.171297302298694,0.9775506985330736,-0.002093950270804612
17,gain,0.5,16,adaptation_mean,3.3032020976515364,3.2805421198855074,-4.440892098500626e-16,0.0
17,gain,0.5,16,oracle_reference,0.5410685820684967,0.525577417151347,0.983905902639394,0.9088356783355196
17,gain,0.5,32,unadapted,1.177176520763203,1.1712973022986943,0.9775506985330736,-0.002093950270805278
17,gain,0.5,32,offset_calibrated,1.1864392647366562,1.1712973022986943,0.9775506985330736,-0.002093950270805056
17,gain,0.5,32,adaptation_mean,3.2840148753002953,3.280542119885507,2.220446049250313e-16,3.3306690738754696e-16
17,gain,0.5,32,oracle_reference,0.5410685820684967,0.525577417151347,0.983905902639394,0.9088356783355196
17,gain,0.5,64,unadapted,1.177176520763203,1.1712973022986943,0.9775506985330736,-0.002093950270805278
17,gain,0.5,64,offset_calibrated,1.1805330887669025,1.1712973022986943,0.9775506985330736,-0.002093950270805056
17,gain,0.5,64,adaptation_mean,3.2980986941214154,3.2805421198855074,3.3306690738754696e-16,2.220446049250313e-16
17,gain,0.5,64,oracle_reference,0.5410685820684967,0.525577417151347,0.983905902639394,0.9088356783355196
17,nonlinear,0.0,8,unadapted,0.6468806057975036,0.6459112590338729,1.0,-1.396041156261488
17,nonlinear,0.0,8,offset_calibrated,0.6526362994566255,0.6459112590338728,1.0,-1.396041156261488
17,nonlinear,0.0,8,adaptation_mean,3.1616479666738964,3.035479163282904,5.551115123125783e-16,0.0
17,nonlinear,0.0,8,oracle_reference,0.0,0.0,1.0,1.0
17,nonlinear,0.0,16,unadapted,0.6468806057975036,0.6459112590338729,1.0,-1.396041156261488
17,nonlinear,0.0,16,offset_calibrated,0.6614934161820901,0.6459112590338731,1.0,-1.396041156261489
17,nonlinear,0.0,16,adaptation_mean,3.038569589856878,3.0354791632829037,4.440892098500626e-16,6.661338147750939e-16
17,nonlinear,0.0,16,oracle_reference,0.0,0.0,1.0,1.0
17,nonlinear,0.0,32,unadapted,0.6468806057975036,0.6459112590338729,1.0,-1.396041156261488
17,nonlinear,0.0,32,offset_calibrated,0.6474222498246094,0.6459112590338727,1.0,-1.3960411562614872
17,nonlinear,0.0,32,adaptation_mean,3.0407560669969347,3.0354791632829037,5.551115123125783e-16,-6.661338147750939e-16
17,nonlinear,0.0,32,oracle_reference,0.0,0.0,1.0,1.0
17,nonlinear,0.0,64,unadapted,0.6468806057975036,0.6459112590338729,1.0,-1.396041156261488
17,nonlinear,0.0,64,offset_calibrated,0.6551944936697589,0.645911259033873,1.0,-1.396041156261488
17,nonlinear,0.0,64,adaptation_mean,3.0404573967654827,3.035479163282904,4.440892098500626e-16,-6.661338147750939e-16
17,nonlinear,0.0,64,oracle_reference,0.0,0.0,1.0,1.0
17,nonlinear,0.1,8,unadapted,0.6600229818791272,0.6584021145204897,0.9992589856351662,-1.3642170133042604
17,nonlinear,0.1,8,offset_calibrated,0.6654074304247486,0.6584021145204897,0.9992589856351662,-1.36421701330426
17,nonlinear,0.1,8,adaptation_mean,3.1634854458438206,3.051868831997518,5.551115123125783e-16,0.0
17,nonlinear,0.1,8,oracle_reference,0.10821371641369927,0.10511548343026926,0.9992589856351662,0.976485032917786
17,nonlinear,0.1,16,unadapted,0.6600229818791272,0.6584021145204897,0.9992589856351662,-1.3642170133042604
17,nonlinear,0.1,16,offset_calibrated,0.6703334005328567,0.6584021145204897,0.9992589856351662,-1.36421701330426
17,nonlinear,0.1,16,adaptation_mean,3.0565584080580814,3.0518688319975182,3.3306690738754696e-16,1.1102230246251565e-16
17,nonlinear,0.1,16,oracle_reference,0.10821371641369927,0.10511548343026926,0.9992589856351662,0.976485032917786
17,nonlinear,0.1,32,unadapted,0.6600229818791272,0.6584021145204897,0.9992589856351662,-1.3642170133042604
17,nonlinear,0.1,32,offset_calibrated,0.6594097711237086,0.6584021145204897,0.9992589856351662,-1.36421701330426
17,nonlinear,0.1,32,adaptation_mean,3.055667614368107,3.051868831997518,7.771561172376096e-16,7.771561172376096e-16
17,nonlinear,0.1,32,oracle_reference,0.10821371641369927,0.10511548343026926,0.9992589856351662,0.976485032917786
17,nonlinear,0.1,64,unadapted,0.6600229818791272,0.6584021145204897,0.9992589856351662,-1.3642170133042604
17,nonlinear,0.1,64,offset_calibrated,0.6674599397075005,0.6584021145204897,0.9992589856351662,-1.36421701330426
17,nonlinear,0.1,64,adaptation_mean,3.05863684453447,3.0518688319975182,3.3306690738754696e-16,0.0
17,nonlinear,0.1,64,oracle_reference,0.10821371641369927,0.10511548343026926,0.9992589856351662,0.976485032917786
17,nonlinear,0.5,8,unadapted,0.859055538164279,0.8477772053602655,0.9824278372592646,-0.8899707665935235
17,nonlinear,0.5,8,offset_calibrated,0.8876512218409689,0.8477772053602652,0.9824278372592646,-0.8899707665935239
17,nonlinear,0.5,8,adaptation_mean,3.2150259396945398,3.1518850922846395,-6.661338147750939e-16,3.3306690738754696e-16
17,nonlinear,0.5,8,oracle_reference,0.5410685820684966,0.5255774171513469,0.9824278372592646,0.6352657156948003
17,nonlinear,0.5,16,unadapted,0.859055538164279,0.8477772053602655,0.9824278372592646,-0.8899707665935235
17,nonlinear,0.5,16,offset_calibrated,0.8661557697679094,0.8477772053602652,0.9824278372592646,-0.8899707665935246
17,nonlinear,0.5,16,adaptation_mean,3.16824369608541,3.1518850922846395,-2.220446049250313e-16,0.0
17,nonlinear,0.5,16,oracle_reference,0.5410685820684966,0.5255774171513469,0.9824278372592646,0.6352657156948003
17,nonlinear,0.5,32,unadapted,0.859055538164279,0.8477772053602655,0.9824278372592646,-0.8899707665935235
17,nonlinear,0.5,32,offset_calibrated,0.856081275800874,0.8477772053602652,0.9824278372592646,-0.8899707665935244
17,nonlinear,0.5,32,adaptation_mean,3.1526653932201514,3.1518850922846395,0.0,7.771561172376096e-16
17,nonlinear,0.5,32,oracle_reference,0.5410685820684966,0.5255774171513469,0.9824278372592646,0.6352657156948003
17,nonlinear,0.5,64,unadapted,0.859055538164279,0.8477772053602655,0.9824278372592646,-0.8899707665935235
17,nonlinear,0.5,64,offset_calibrated,0.866941820400621,0.8477772053602657,0.9824278372592646,-0.8899707665935235
17,nonlinear,0.5,64,adaptation_mean,3.1687876583797014,3.15188509228464,-6.661338147750939e-16,3.3306690738754696e-16
17,nonlinear,0.5,64,oracle_reference,0.5410685820684966,0.5255774171513469,0.9824278372592646,0.6352657156948003
18,none,0.0,8,unadapted,0.0,7.105427357601002e-15,1.0,1.0
18,none,0.0,8,offset_calibrated,0.0,7.105427357601002e-15,1.0,1.0
18,none,0.0,8,adaptation_mean,3.27325824321538,3.0308074461236236,-2.220446049250313e-16,5.551115123125783e-16
18,none,0.0,8,oracle_reference,0.0,0.0,1.0,1.0
18,none,0.0,16,unadapted,0.0,7.105427357601002e-15,1.0,1.0
18,none,0.0,16,offset_calibrated,0.0,7.105427357601002e-15,1.0,1.0
18,none,0.0,16,adaptation_mean,3.039096145249043,3.0308074461236236,-2.220446049250313e-16,1.1102230246251565e-16
18,none,0.0,16,oracle_reference,0.0,0.0,1.0,1.0
18,none,0.0,32,unadapted,0.0,7.105427357601002e-15,1.0,1.0
18,none,0.0,32,offset_calibrated,0.0,7.105427357601002e-15,1.0,1.0
18,none,0.0,32,adaptation_mean,3.040450077394354,3.0308074461236227,2.220446049250313e-16,4.440892098500626e-16
18,none,0.0,32,oracle_reference,0.0,0.0,1.0,1.0
18,none,0.0,64,unadapted,0.0,7.105427357601002e-15,1.0,1.0
18,none,0.0,64,offset_calibrated,0.0,7.105427357601002e-15,1.0,1.0
18,none,0.0,64,adaptation_mean,3.0310136338958586,3.0308074461236223,5.551115123125783e-16,0.0
18,none,0.0,64,oracle_reference,0.0,0.0,1.0,1.0
18,none,0.1,8,unadapted,0.09680563998845898,0.0964262576618509,0.9994928306727094,0.9529048407802291
18,none,0.1,8,offset_calibrated,0.09937125134008751,0.0964262576618509,0.9994928306727094,0.9529048407802291
18,none,0.1,8,adaptation_mean,3.2803949252253783,3.033556678117595,4.440892098500626e-16,-2.220446049250313e-16
18,none,0.1,8,oracle_reference,0.09680563998845898,0.09642625766185095,0.9994928306727094,0.9529048407802291
18,none,0.1,16,unadapted,0.09680563998845898,0.0964262576618509,0.9994928306727094,0.9529048407802291
18,none,0.1,16,offset_calibrated,0.09671680822175063,0.0964262576618509,0.9994928306727094,0.9529048407802291
18,none,0.1,16,adaptation_mean,3.0419999533505204,3.033556678117595,-4.440892098500626e-16,-2.220446049250313e-16
18,none,0.1,16,oracle_reference,0.09680563998845898,0.09642625766185095,0.9994928306727094,0.9529048407802291
18,none,0.1,32,unadapted,0.09680563998845898,0.0964262576618509,0.9994928306727094,0.9529048407802291
18,none,0.1,32,offset_calibrated,0.09645870198889868,0.09642625766185095,0.9994928306727094,0.9529048407802291
18,none,0.1,32,adaptation_mean,3.043264889446239,3.0335566781175953,0.0,-2.220446049250313e-16
18,none,0.1,32,oracle_reference,0.09680563998845898,0.09642625766185095,0.9994928306727094,0.9529048407802291
18,none,0.1,64,unadapted,0.09680563998845898,0.0964262576618509,0.9994928306727094,0.9529048407802291
18,none,0.1,64,offset_calibrated,0.09662422343999912,0.09642625766185092,0.9994928306727094,0.9529048407802291
18,none,0.1,64,adaptation_mean,3.033768554508897,3.0335566781175958,5.551115123125783e-16,0.0
18,none,0.1,64,oracle_reference,0.09680563998845898,0.09642625766185095,0.9994928306727094,0.9529048407802291
18,none,0.5,8,unadapted,0.4840281999422953,0.4821312883092549,0.9874867872792176,0.4889093761484503
18,none,0.5,8,offset_calibrated,0.49685625670043887,0.482131288309255,0.9874867872792176,0.4889093761484503
18,none,0.5,8,adaptation_mean,3.338275309387028,3.0750170479353436,5.551115123125783e-16,-4.440892098500626e-16
18,none,0.5,8,oracle_reference,0.4840281999422953,0.48213128830925495,0.9874867872792176,0.4889093761484503
18,none,0.5,16,unadapted,0.4840281999422953,0.4821312883092549,0.9874867872792176,0.4889093761484503
18,none,0.5,16,offset_calibrated,0.4835840411087531,0.482131288309255,0.9874867872792176,0.4889093761484504
18,none,0.5,16,adaptation_mean,3.0841352196805323,3.0750170479353445,-4.440892098500626e-16,-4.440892098500626e-16
18,none,0.5,16,oracle_reference,0.4840281999422953,0.48213128830925495,0.9874867872792176,0.4889093761484503
18,none,0.5,32,unadapted,0.4840281999422953,0.4821312883092549,0.9874867872792176,0.4889093761484503
18,none,0.5,32,offset_calibrated,0.4822935099444937,0.482131288309255,0.9874867872792176,0.48890937614845065
18,none,0.5,32,adaptation_mean,3.0849161340055726,3.075017047935344,-2.220446049250313e-16,-6.661338147750939e-16
18,none,0.5,32,oracle_reference,0.4840281999422953,0.48213128830925495,0.9874867872792176,0.4889093761484503
18,none,0.5,64,unadapted,0.4840281999422953,0.4821312883092549,0.9874867872792176,0.4889093761484503
18,none,0.5,64,offset_calibrated,0.4831211171999961,0.4821312883092551,0.9874867872792176,0.48890937614845054
18,none,0.5,64,adaptation_mean,3.0753737346236565,3.0750170479353454,-2.220446049250313e-16,-4.440892098500626e-16
18,none,0.5,64,oracle_reference,0.4840281999422953,0.48213128830925495,0.9874867872792176,0.4889093761484503
18,offset,0.0,8,unadapted,1.5,7.129549699527932e-15,1.0,1.0
18,offset,0.0,8,offset_calibrated,0.0,7.105427357601002e-15,1.0,1.0
18,offset,0.0,8,adaptation_mean,3.27325824321538,3.030807446123623,-6.661338147750939e-16,5.551115123125783e-16
18,offset,0.0,8,oracle_reference,0.0,7.105427357601002e-15,1.0,1.0
18,offset,0.0,16,unadapted,1.5,7.129549699527932e-15,1.0,1.0
18,offset,0.0,16,offset_calibrated,0.0,7.105427357601002e-15,1.0,1.0
18,offset,0.0,16,adaptation_mean,3.039096145249043,3.030807446123623,0.0,4.440892098500626e-16
18,offset,0.0,16,oracle_reference,0.0,7.105427357601002e-15,1.0,1.0
18,offset,0.0,32,unadapted,1.5,7.129549699527932e-15,1.0,1.0
18,offset,0.0,32,offset_calibrated,0.0,7.105427357601002e-15,1.0,1.0
18,offset,0.0,32,adaptation_mean,3.040450077394355,3.0308074461236227,0.0,-2.220446049250313e-16
18,offset,0.0,32,oracle_reference,0.0,7.105427357601002e-15,1.0,1.0
18,offset,0.0,64,unadapted,1.5,7.129549699527932e-15,1.0,1.0
18,offset,0.0,64,offset_calibrated,0.0,7.105427357601002e-15,1.0,1.0
18,offset,0.0,64,adaptation_mean,3.0310136338958586,3.0308074461236227,4.440892098500626e-16,1.1102230246251565e-16
18,offset,0.0,64,oracle_reference,0.0,7.105427357601002e-15,1.0,1.0
18,offset,0.1,8,unadapted,1.4971850284386405,0.09642625766185098,0.9994928306727094,0.9529048407802291
18,offset,0.1,8,offset_calibrated,0.09937125134008744,0.09642625766185098,0.9994928306727094,0.9529048407802291
18,offset,0.1,8,adaptation_mean,3.2803949252253783,3.0335566781175958,0.0,-6.661338147750939e-16
18,offset,0.1,8,oracle_reference,0.09680563998845898,0.09642625766185095,0.9994928306727094,0.9529048407802291
18,offset,0.1,16,unadapted,1.4971850284386405,0.09642625766185098,0.9994928306727094,0.9529048407802291
18,offset,0.1,16,offset_calibrated,0.09671680822175063,0.09642625766185098,0.9994928306727094,0.9529048407802291
18,offset,0.1,16,adaptation_mean,3.0419999533505204,3.033556678117595,2.220446049250313e-16,-4.440892098500626e-16
18,offset,0.1,16,oracle_reference,0.09680563998845898,0.09642625766185095,0.9994928306727094,0.9529048407802291
18,offset,0.1,32,unadapted,1.4971850284386405,0.09642625766185098,0.9994928306727094,0.9529048407802291
18,offset,0.1,32,offset_calibrated,0.09645870198889872,0.09642625766185098,0.9994928306727094,0.952904840780229
18,offset,0.1,32,adaptation_mean,3.043264889446239,3.033556678117595,-2.220446049250313e-16,-8.881784197001252e-16
18,offset,0.1,32,oracle_reference,0.09680563998845898,0.09642625766185095,0.9994928306727094,0.9529048407802291
18,offset,0.1,64,unadapted,1.4971850284386405,0.09642625766185098,0.9994928306727094,0.9529048407802291
18,offset,0.1,64,offset_calibrated,0.09662422343999919,0.09642625766185096,0.9994928306727094,0.9529048407802291
18,offset,0.1,64,adaptation_mean,3.033768554508897,3.0335566781175953,7.771561172376096e-16,-1.1102230246251565e-15
18,offset,0.1,64,oracle_reference,0.09680563998845898,0.09642625766185095,0.9994928306727094,0.9529048407802291
18,offset,0.5,8,unadapted,1.5521657139814173,0.4821312883092551,0.9874867872792176,0.4889093761484503
18,offset,0.5,8,offset_calibrated,0.49685625670043887,0.4821312883092549,0.9874867872792176,0.48890937614845054
18,offset,0.5,8,adaptation_mean,3.3382753093870283,3.0750170479353445,5.551115123125783e-16,-6.661338147750939e-16
18,offset,0.5,8,oracle_reference,0.4840281999422953,0.48213128830925506,0.9874867872792176,0.4889093761484504
18,offset,0.5,16,unadapted,1.5521657139814173,0.4821312883092551,0.9874867872792176,0.4889093761484503
18,offset,0.5,16,offset_calibrated,0.4835840411087532,0.4821312883092549,0.9874867872792176,0.4889093761484504
18,offset,0.5,16,adaptation_mean,3.0841352196805323,3.0750170479353445,-2.220446049250313e-16,-2.220446049250313e-16
18,offset,0.5,16,oracle_reference,0.4840281999422953,0.48213128830925506,0.9874867872792176,0.4889093761484504
18,offset,0.5,32,unadapted,1.5521657139814173,0.4821312883092551,0.9874867872792176,0.4889093761484503
18,offset,0.5,32,offset_calibrated,0.4822935099444937,0.4821312883092549,0.9874867872792176,0.4889093761484504
18,offset,0.5,32,adaptation_mean,3.0849161340055726,3.0750170479353445,-2.220446049250313e-16,-4.440892098500626e-16
18,offset,0.5,32,oracle_reference,0.4840281999422953,0.48213128830925506,0.9874867872792176,0.4889093761484504
18,offset,0.5,64,unadapted,1.5521657139814173,0.4821312883092551,0.9874867872792176,0.4889093761484503
18,offset,0.5,64,offset_calibrated,0.4831211171999962,0.48213128830925506,0.9874867872792176,0.4889093761484504
18,offset,0.5,64,adaptation_mean,3.0753737346236565,3.0750170479353445,-2.220446049250313e-16,-4.440892098500626e-16
18,offset,0.5,64,oracle_reference,0.4840281999422953,0.48213128830925506,0.9874867872792176,0.4889093761484504
18,gain,0.0,8,unadapted,1.0595820052507252,1.05872391811732,0.9970251284582007,0.011934052260122785
18,gain,0.0,8,offset_calibrated,1.142247645390831,1.0587239181173203,0.9970251284582007,0.01193405226012223
18,gain,0.0,8,adaptation_mean,3.413171977234277,3.167937002248167,-2.220446049250313e-16,0.0
18,gain,0.0,8,oracle_reference,0.0,5.329070518200751e-15,1.0,1.0
18,gain,0.0,16,unadapted,1.0595820052507252,1.05872391811732,0.9970251284582007,0.011934052260122785
18,gain,0.0,16,offset_calibrated,1.0618565820309465,1.0587239181173203,0.9970251284582007,0.01193405226012223
18,gain,0.0,16,adaptation_mean,3.1782614708679633,3.167937002248167,0.0,2.220446049250313e-16
18,gain,0.0,16,oracle_reference,0.0,5.329070518200751e-15,1.0,1.0
18,gain,0.0,32,unadapted,1.0595820052507252,1.05872391811732,0.9970251284582007,0.011934052260122785
18,gain,0.0,32,offset_calibrated,1.0617722309475814,1.0587239181173198,0.9970251284582007,0.011934052260123007
18,gain,0.0,32,adaptation_mean,3.175775508280977,3.1679370022481663,2.220446049250313e-16,-2.220446049250313e-16
18,gain,0.0,32,oracle_reference,0.0,5.329070518200751e-15,1.0,1.0
18,gain,0.0,64,unadapted,1.0595820052507252,1.05872391811732,0.9970251284582007,0.011934052260122785
18,gain,0.0,64,offset_calibrated,1.0587983018620881,1.0587239181173196,0.9970251284582007,0.011934052260123562
18,gain,0.0,64,adaptation_mean,3.1681690255804167,3.1679370022481668,2.220446049250313e-16,7.771561172376096e-16
18,gain,0.0,64,oracle_reference,0.0,5.329070518200751e-15,1.0,1.0
18,gain,0.1,8,unadapted,1.0697672066450983,1.0687596136904833,0.9963795223965485,0.015547610363776498
18,gain,0.1,8,offset_calibrated,1.159565822295019,1.0687596136904833,0.9963795223965485,0.015547610363776276
18,gain,0.1,8,adaptation_mean,3.420304191355512,3.1707024130673633,3.3306690738754696e-16,-6.661338147750939e-16
18,gain,0.1,8,oracle_reference,0.09680563998845898,0.09642625766185094,0.9995363144867196,0.9958510194260026
18,gain,0.1,16,unadapted,1.0697672066450983,1.0687596136904833,0.9963795223965485,0.015547610363776498
18,gain,0.1,16,offset_calibrated,1.0724120140663418,1.068759613690483,0.9963795223965484,0.015547610363777054
18,gain,0.1,16,adaptation_mean,3.1811831516244995,3.170702413067364,0.0,-6.661338147750939e-16
18,gain,0.1,16,oracle_reference,0.09680563998845898,0.09642625766185094,0.9995363144867196,0.9958510194260026
18,gain,0.1,32,unadapted,1.0697672066450983,1.0687596136904833,0.9963795223965485,0.015547610363776498
18,gain,0.1,32,offset_calibrated,1.0718867958447014,1.0687596136904831,0.9963795223965485,0.015547610363777054
18,gain,0.1,32,adaptation_mean,3.1786050942250075,3.1707024130673647,8.881784197001252e-16,-6.661338147750939e-16
18,gain,0.1,32,oracle_reference,0.09680563998845898,0.09642625766185094,0.9995363144867196,0.9958510194260026
18,gain,0.1,64,unadapted,1.0697672066450983,1.0687596136904833,0.9963795223965485,0.015547610363776498
18,gain,0.1,64,offset_calibrated,1.0687826663273414,1.0687596136904833,0.9963795223965485,0.015547610363777054
18,gain,0.1,64,adaptation_mean,3.1709410030409293,3.1707024130673642,6.661338147750939e-16,-6.661338147750939e-16
18,gain,0.1,64,oracle_reference,0.09680563998845898,0.09642625766185094,0.9995363144867196,0.9958510194260026
18,gain,0.5,8,unadapted,1.191228810528332,1.1891145281287308,0.9847094595128997,0.026762452654532032
18,gain,0.5,8,offset_calibrated,1.3044047072716838,1.189114528128731,0.9847094595128997,0.026762452654532032
18,gain,0.5,8,adaptation_mean,3.4784325875997553,3.2126947312682836,0.0,0.0
18,gain,0.5,8,oracle_reference,0.4840281999422953,0.482131288309255,0.9885551397444218,0.90993600034166
18,gain,0.5,16,unadapted,1.191228810528332,1.1891145281287308,0.9847094595128997,0.026762452654532032
18,gain,0.5,16,offset_calibrated,1.1948577728146474,1.189114528128731,0.9847094595128997,0.026762452654531477
18,gain,0.5,16,adaptation_mean,3.223905725960724,3.212694731268284,0.0,0.0
18,gain,0.5,16,oracle_reference,0.4840281999422953,0.482131288309255,0.9885551397444218,0.90993600034166
18,gain,0.5,32,unadapted,1.191228810528332,1.1891145281287308,0.9847094595128997,0.026762452654532032
18,gain,0.5,32,offset_calibrated,1.1923519222744767,1.189114528128731,0.9847094595128997,0.026762452654531477
18,gain,0.5,32,adaptation_mean,3.220758335423458,3.2126947312682836,3.3306690738754696e-16,-4.440892098500626e-16
18,gain,0.5,32,oracle_reference,0.4840281999422953,0.482131288309255,0.9885551397444218,0.90993600034166
18,gain,0.5,64,unadapted,1.191228810528332,1.1891145281287308,0.9847094595128997,0.026762452654532032
18,gain,0.5,64,offset_calibrated,1.1892804549970888,1.1891145281287308,0.9847094595128997,0.0267624526545317
18,gain,0.5,64,adaptation_mean,3.2130963533844348,3.212694731268284,-4.440892098500626e-16,5.551115123125783e-16
18,gain,0.5,64,oracle_reference,0.4840281999422953,0.482131288309255,0.9885551397444218,0.90993600034166
18,nonlinear,0.0,8,unadapted,0.6468806057975036,0.6459112590338729,1.0,-1.396041156261488
18,nonlinear,0.0,8,offset_calibrated,0.6615374444371889,0.645911259033873,1.0,-1.3960411562614885
18,nonlinear,0.0,8,adaptation_mean,3.2772159290836904,3.035479163282904,-2.220446049250313e-16,1.1102230246251565e-16
18,nonlinear,0.0,8,oracle_reference,0.0,0.0,1.0,1.0
18,nonlinear,0.0,16,unadapted,0.6468806057975036,0.6459112590338729,1.0,-1.396041156261488
18,nonlinear,0.0,16,offset_calibrated,0.6589406278166194,0.6459112590338731,1.0,-1.396041156261489
18,nonlinear,0.0,16,adaptation_mean,3.0441494272674086,3.0354791632829037,-2.220446049250313e-16,0.0
18,nonlinear,0.0,16,oracle_reference,0.0,0.0,1.0,1.0
18,nonlinear,0.0,32,unadapted,0.6468806057975036,0.6459112590338729,1.0,-1.396041156261488
18,nonlinear,0.0,32,offset_calibrated,0.6639284141430297,0.6459112590338731,1.0,-1.3960411562614907
18,nonlinear,0.0,32,adaptation_mean,3.044237060338519,3.035479163282904,4.440892098500626e-16,6.661338147750939e-16
18,nonlinear,0.0,32,oracle_reference,0.0,0.0,1.0,1.0
18,nonlinear,0.0,64,unadapted,0.6468806057975036,0.6459112590338729,1.0,-1.396041156261488
18,nonlinear,0.0,64,offset_calibrated,0.6484759850838215,0.6459112590338727,1.0,-1.396041156261488
18,nonlinear,0.0,64,adaptation_mean,3.035567259983493,3.0354791632829037,5.551115123125783e-16,-6.661338147750939e-16
18,nonlinear,0.0,64,oracle_reference,0.0,0.0,1.0,1.0
18,nonlinear,0.1,8,unadapted,0.6510455314384619,0.6503223660203126,0.9994928306727094,-1.3284590625075934
18,nonlinear,0.1,8,offset_calibrated,0.6709338503278522,0.6503223660203126,0.9994928306727094,-1.3284590625075943
18,nonlinear,0.1,8,adaptation_mean,3.2836466484654894,3.037308251353198,4.440892098500626e-16,0.0
18,nonlinear,0.1,8,oracle_reference,0.09680563998845897,0.09642625766185092,0.9994928306727094,0.9736055754957259
18,nonlinear,0.1,16,unadapted,0.6510455314384619,0.6503223660203126,0.9994928306727094,-1.3284590625075934
18,nonlinear,0.1,16,offset_calibrated,0.6618406731829107,0.6503223660203123,0.9994928306727094,-1.3284590625075916
18,nonlinear,0.1,16,adaptation_mean,3.0457842461366442,3.037308251353198,0.0,0.0
18,nonlinear,0.1,16,oracle_reference,0.09680563998845897,0.09642625766185092,0.9994928306727094,0.9736055754957259
18,nonlinear,0.1,32,unadapted,0.6510455314384619,0.6503223660203126,0.9994928306727094,-1.3284590625075934
18,nonlinear,0.1,32,offset_calibrated,0.6687048466281588,0.6503223660203126,0.9994928306727094,-1.3284590625075943
18,nonlinear,0.1,32,adaptation_mean,3.046206603698434,3.037308251353198,-4.440892098500626e-16,-2.220446049250313e-16
18,nonlinear,0.1,32,oracle_reference,0.09680563998845897,0.09642625766185092,0.9994928306727094,0.9736055754957259
18,nonlinear,0.1,64,unadapted,0.6510455314384619,0.6503223660203126,0.9994928306727094,-1.3284590625075934
18,nonlinear,0.1,64,offset_calibrated,0.6528474562490387,0.6503223660203128,0.9994928306727094,-1.3284590625075952
18,nonlinear,0.1,64,adaptation_mean,3.0373867432868438,3.037308251353198,2.220446049250313e-16,1.1102230246251565e-16
18,nonlinear,0.1,64,oracle_reference,0.09680563998845897,0.09642625766185092,0.9994928306727094,0.9736055754957259
18,nonlinear,0.5,8,unadapted,0.7962485124917338,0.7956021522159575,0.9874867872792176,-0.7453671968321887
18,nonlinear,0.5,8,offset_calibrated,0.8367245584216191,0.7956021522159573,0.9874867872792176,-0.7453671968321876
18,nonlinear,0.5,8,adaptation_mean,3.3386225684149746,3.0749687043599168,0.0,-6.661338147750939e-16
18,nonlinear,0.5,8,oracle_reference,0.48402819994229523,0.482131288309255,0.9874867872792176,0.6005504817091762
18,nonlinear,0.5,16,unadapted,0.7962485124917338,0.7956021522159575,0.9874867872792176,-0.7453671968321887
18,nonlinear,0.5,16,offset_calibrated,0.8010308381085729,0.7956021522159575,0.9874867872792176,-0.7453671968321891
18,nonlinear,0.5,16,adaptation_mean,3.082763660903047,3.0749687043599176,-4.440892098500626e-16,-2.220446049250313e-16
18,nonlinear,0.5,16,oracle_reference,0.48402819994229523,0.482131288309255,0.9874867872792176,0.6005504817091762
18,nonlinear,0.5,32,unadapted,0.7962485124917338,0.7956021522159575,0.9874867872792176,-0.7453671968321887
18,nonlinear,0.5,32,offset_calibrated,0.8123922343977519,0.7956021522159575,0.9874867872792176,-0.7453671968321876
18,nonlinear,0.5,32,adaptation_mean,3.0843513555868745,3.074968704359917,-4.440892098500626e-16,-4.440892098500626e-16
18,nonlinear,0.5,32,oracle_reference,0.48402819994229523,0.482131288309255,0.9874867872792176,0.6005504817091762
18,nonlinear,0.5,64,unadapted,0.7962485124917338,0.7956021522159575,0.9874867872792176,-0.7453671968321887
18,nonlinear,0.5,64,offset_calibrated,0.7980850471695793,0.7956021522159574,0.9874867872792176,-0.7453671968321873
18,nonlinear,0.5,64,adaptation_mean,3.075131927139938,3.074968704359917,-4.440892098500626e-16,3.3306690738754696e-16
18,nonlinear,0.5,64,oracle_reference,0.48402819994229523,0.482131288309255,0.9874867872792176,0.6005504817091762
19,none,0.0,8,unadapted,0.0,7.105427357601002e-15,1.0,1.0
19,none,0.0,8,offset_calibrated,0.0,7.105427357601002e-15,1.0,1.0
19,none,0.0,8,adaptation_mean,3.0563303964708393,3.0308074461236227,2.220446049250313e-16,1.1102230246251565e-16
19,none,0.0,8,oracle_reference,0.0,0.0,1.0,1.0
19,none,0.0,16,unadapted,0.0,7.105427357601002e-15,1.0,1.0
19,none,0.0,16,offset_calibrated,0.0,7.105427357601002e-15,1.0,1.0
19,none,0.0,16,adaptation_mean,3.0568006355692905,3.0308074461236236,2.220446049250313e-16,0.0
19,none,0.0,16,oracle_reference,0.0,0.0,1.0,1.0
19,none,0.0,32,unadapted,0.0,7.105427357601002e-15,1.0,1.0
19,none,0.0,32,offset_calibrated,0.0,7.105427357601002e-15,1.0,1.0
19,none,0.0,32,adaptation_mean,3.032067446489088,3.0308074461236223,2.220446049250313e-16,5.551115123125783e-16
19,none,0.0,32,oracle_reference,0.0,0.0,1.0,1.0
19,none,0.0,64,unadapted,0.0,7.105427357601002e-15,1.0,1.0
19,none,0.0,64,offset_calibrated,0.0,7.105427357601002e-15,1.0,1.0
19,none,0.0,64,adaptation_mean,3.033127034712401,3.030807446123623,-2.220446049250313e-16,4.440892098500626e-16
19,none,0.0,64,oracle_reference,0.0,0.0,1.0,1.0
19,none,0.1,8,unadapted,0.09528735247882268,0.09525076336993299,0.9995029662074038,0.9532877508808322
19,none,0.1,8,offset_calibrated,0.10298587037741397,0.09525076336993302,0.9995029662074038,0.9532877508808321
19,none,0.1,8,adaptation_mean,3.0532911414951673,3.0324498585997848,-4.440892098500626e-16,0.0
19,none,0.1,8,oracle_reference,0.09528735247882268,0.09525076336993302,0.9995029662074038,0.9532877508808322
19,none,0.1,16,unadapted,0.09528735247882268,0.09525076336993299,0.9995029662074038,0.9532877508808322
19,none,0.1,16,offset_calibrated,0.09986308332992508,0.09525076336993302,0.9995029662074038,0.9532877508808322
19,none,0.1,16,adaptation_mean,3.062186878681555,3.0324498585997848,0.0,-4.440892098500626e-16
19,none,0.1,16,oracle_reference,0.09528735247882268,0.09525076336993302,0.9995029662074038,0.9532877508808322
19,none,0.1,32,unadapted,0.09528735247882268,0.09525076336993299,0.9995029662074038,0.9532877508808322
19,none,0.1,32,offset_calibrated,0.09706552762423201,0.09525076336993299,0.9995029662074038,0.9532877508808322
19,none,0.1,32,adaptation_mean,3.0334212429112055,3.0324498585997848,7.771561172376096e-16,-2.220446049250313e-16
19,none,0.1,32,oracle_reference,0.09528735247882268,0.09525076336993302,0.9995029662074038,0.9532877508808322
19,none,0.1,64,unadapted,0.09528735247882268,0.09525076336993299,0.9995029662074038,0.9532877508808322
19,none,0.1,64,offset_calibrated,0.09696116832174469,0.09525076336993299,0.9995029662074038,0.9532877508808322
19,none,0.1,64,adaptation_mean,3.0355276631598365,3.0324498585997848,2.220446049250313e-16,-2.220446049250313e-16
19,none,0.1,64,oracle_reference,0.09528735247882268,0.09525076336993302,0.9995029662074038,0.9532877508808322
19,none,0.5,8,unadapted,0.4764367623941136,0.47625381684966517,0.9877238176961424,0.4628676934738536
19,none,0.5,8,offset_calibrated,0.5149293518870683,0.47625381684966506,0.9877238176961424,0.4628676934738538
19,none,0.5,8,adaptation_mean,3.075435304048084,3.068410480497429,-4.440892098500626e-16,0.0
19,none,0.5,8,oracle_reference,0.4764367623941136,0.4762538168496652,0.9877238176961424,0.4628676934738536
19,none,0.5,16,unadapted,0.4764367623941136,0.47625381684966517,0.9877238176961424,0.4628676934738536
19,none,0.5,16,offset_calibrated,0.4993154166496261,0.4762538168496652,0.9877238176961424,0.46286769347385315
19,none,0.5,16,adaptation_mean,3.115340056524838,3.0684104804974286,-4.440892098500626e-16,-8.881784197001252e-16
19,none,0.5,16,oracle_reference,0.4764367623941136,0.4762538168496652,0.9877238176961424,0.4628676934738536
19,none,0.5,32,unadapted,0.4764367623941136,0.47625381684966517,0.9877238176961424,0.4628676934738536
19,none,0.5,32,offset_calibrated,0.48532763812116,0.47625381684966517,0.9877238176961424,0.4628676934738535
19,none,0.5,32,adaptation_mean,3.0693344123106003,3.0684104804974295,0.0,-4.440892098500626e-16
19,none,0.5,32,oracle_reference,0.4764367623941136,0.4762538168496652,0.9877238176961424,0.4628676934738536
19,none,0.5,64,unadapted,0.4764367623941136,0.47625381684966517,0.9877238176961424,0.4628676934738536
19,none,0.5,64,offset_calibrated,0.48480584160872375,0.4762538168496652,0.9877238176961424,0.4628676934738528
19,none,0.5,64,adaptation_mean,3.075517022968981,3.0684104804974286,-2.220446049250313e-16,-8.881784197001252e-16
19,none,0.5,64,oracle_reference,0.4764367623941136,0.4762538168496652,0.9877238176961424,0.4628676934738536
19,offset,0.0,8,unadapted,1.5,7.129549699527932e-15,1.0,1.0
19,offset,0.0,8,offset_calibrated,3.1401849173675503e-16,7.186828968684002e-15,1.0,1.0
19,offset,0.0,8,adaptation_mean,3.0563303964708393,3.0308074461236227,-8.881784197001252e-16,-2.220446049250313e-16
19,offset,0.0,8,oracle_reference,0.0,7.105427357601002e-15,1.0,1.0
19,offset,0.0,16,unadapted,1.5,7.129549699527932e-15,1.0,1.0
19,offset,0.0,16,offset_calibrated,3.1401849173675503e-16,7.186828968684002e-15,1.0,1.0
19,offset,0.0,16,adaptation_mean,3.0568006355692905,3.0308074461236236,-4.440892098500626e-16,4.440892098500626e-16
19,offset,0.0,16,oracle_reference,0.0,7.105427357601002e-15,1.0,1.0
19,offset,0.0,32,unadapted,1.5,7.129549699527932e-15,1.0,1.0
19,offset,0.0,32,offset_calibrated,0.0,7.105427357601002e-15,1.0,1.0
19,offset,0.0,32,adaptation_mean,3.032067446489088,3.0308074461236223,-6.661338147750939e-16,5.551115123125783e-16
19,offset,0.0,32,oracle_reference,0.0,7.105427357601002e-15,1.0,1.0
19,offset,0.0,64,unadapted,1.5,7.129549699527932e-15,1.0,1.0
19,offset,0.0,64,offset_calibrated,0.0,7.105427357601002e-15,1.0,1.0
19,offset,0.0,64,adaptation_mean,3.0331270347124004,3.0308074461236223,2.220446049250313e-16,5.551115123125783e-16
19,offset,0.0,64,oracle_reference,0.0,7.105427357601002e-15,1.0,1.0
19,offset,0.1,8,unadapted,1.5051953318424887,0.09525076336993304,0.9995029662074038,0.9532877508808322
19,offset,0.1,8,offset_calibrated,0.10298587037741425,0.09525076336993307,0.9995029662074038,0.9532877508808321
19,offset,0.1,8,adaptation_mean,3.0532911414951673,3.0324498585997848,0.0,-2.220446049250313e-16
19,offset,0.1,8,oracle_reference,0.09528735247882271,0.09525076336993304,0.9995029662074038,0.9532877508808322
19,offset,0.1,16,unadapted,1.5051953318424887,0.09525076336993304,0.9995029662074038,0.9532877508808322
19,offset,0.1,16,offset_calibrated,0.09986308332992509,0.09525076336993302,0.9995029662074038,0.9532877508808322
19,offset,0.1,16,adaptation_mean,3.062186878681555,3.0324498585997848,0.0,1.1102230246251565e-16
19,offset,0.1,16,oracle_reference,0.09528735247882271,0.09525076336993304,0.9995029662074038,0.9532877508808322
19,offset,0.1,32,unadapted,1.5051953318424887,0.09525076336993304,0.9995029662074038,0.9532877508808322
19,offset,0.1,32,offset_calibrated,0.09706552762423203,0.09525076336993302,0.9995029662074038,0.9532877508808322
19,offset,0.1,32,adaptation_mean,3.033421242911205,3.0324498585997857,4.440892098500626e-16,-4.440892098500626e-16
19,offset,0.1,32,oracle_reference,0.09528735247882271,0.09525076336993304,0.9995029662074038,0.9532877508808322
19,offset,0.1,64,unadapted,1.5051953318424887,0.09525076336993304,0.9995029662074038,0.9532877508808322
19,offset,0.1,64,offset_calibrated,0.09696116832174487,0.09525076336993304,0.9995029662074038,0.953287750880832
19,offset,0.1,64,adaptation_mean,3.0355276631598365,3.0324498585997857,-6.661338147750939e-16,-6.661338147750939e-16
19,offset,0.1,64,oracle_reference,0.09528735247882271,0.09525076336993304,0.9995029662074038,0.9532877508808322
19,offset,0.5,8,unadapted,1.5893424287571847,0.47625381684966517,0.9877238176961424,0.4628676934738535
19,offset,0.5,8,offset_calibrated,0.5149293518870683,0.47625381684966517,0.9877238176961424,0.46286769347385337
19,offset,0.5,8,adaptation_mean,3.075435304048084,3.0684104804974295,-4.440892098500626e-16,0.0
19,offset,0.5,8,oracle_reference,0.4764367623941136,0.47625381684966517,0.9877238176961424,0.4628676934738535
19,offset,0.5,16,unadapted,1.5893424287571847,0.47625381684966517,0.9877238176961424,0.4628676934738535
19,offset,0.5,16,offset_calibrated,0.4993154166496261,0.4762538168496652,0.9877238176961424,0.4628676934738535
19,offset,0.5,16,adaptation_mean,3.115340056524838,3.0684104804974286,2.220446049250313e-16,-2.220446049250313e-16
19,offset,0.5,16,oracle_reference,0.4764367623941136,0.47625381684966517,0.9877238176961424,0.4628676934738535
19,offset,0.5,32,unadapted,1.5893424287571847,0.47625381684966517,0.9877238176961424,0.4628676934738535
19,offset,0.5,32,offset_calibrated,0.48532763812116,0.47625381684966517,0.9877238176961424,0.4628676934738535
19,offset,0.5,32,adaptation_mean,3.0693344123106012,3.0684104804974295,-2.220446049250313e-16,2.220446049250313e-16
19,offset,0.5,32,oracle_reference,0.4764367623941136,0.47625381684966517,0.9877238176961424,0.4628676934738535
19,offset,0.5,64,unadapted,1.5893424287571847,0.47625381684966517,0.9877238176961424,0.4628676934738535
19,offset,0.5,64,offset_calibrated,0.48480584160872375,0.4762538168496652,0.9877238176961424,0.46286769347385337
19,offset,0.5,64,adaptation_mean,3.07551702296898,3.0684104804974286,-4.440892098500626e-16,7.771561172376096e-16
19,offset,0.5,64,oracle_reference,0.4764367623941136,0.47625381684966517,0.9877238176961424,0.4628676934738535
19,gain,0.0,8,unadapted,1.0595820052507252,1.05872391811732,0.9970251284582007,0.011934052260122785
19,gain,0.0,8,offset_calibrated,1.0678549886340092,1.05872391811732,0.9970251284582007,0.011934052260123007
19,gain,0.0,8,adaptation_mean,3.196122365378891,3.1679370022481663,-2.220446049250313e-16,5.551115123125783e-16
19,gain,0.0,8,oracle_reference,0.0,5.329070518200751e-15,1.0,1.0
19,gain,0.0,16,unadapted,1.0595820052507252,1.05872391811732,0.9970251284582007,0.011934052260122785
19,gain,0.0,16,offset_calibrated,1.0677482113926895,1.0587239181173203,0.9970251284582007,0.011934052260122563
19,gain,0.0,16,adaptation_mean,3.194716589951813,3.1679370022481668,0.0,0.0
19,gain,0.0,16,oracle_reference,0.0,5.329070518200751e-15,1.0,1.0
19,gain,0.0,32,unadapted,1.0595820052507252,1.05872391811732,0.9970251284582007,0.011934052260122785
19,gain,0.0,32,offset_calibrated,1.0592030936959698,1.0587239181173196,0.9970251284582007,0.011934052260123784
19,gain,0.0,32,adaptation_mean,3.1695272307870668,3.1679370022481663,-2.220446049250313e-16,2.220446049250313e-16
19,gain,0.0,32,oracle_reference,0.0,5.329070518200751e-15,1.0,1.0
19,gain,0.0,64,unadapted,1.0595820052507252,1.05872391811732,0.9970251284582007,0.011934052260122785
19,gain,0.0,64,offset_calibrated,1.059517666720001,1.05872391811732,0.9970251284582007,0.011934052260123007
19,gain,0.0,64,adaptation_mean,3.170245818442644,3.167937002248167,-2.220446049250313e-16,2.220446049250313e-16
19,gain,0.0,64,oracle_reference,0.0,5.329070518200751e-15,1.0,1.0
19,gain,0.1,8,unadapted,1.0529799857874722,1.0521583687638347,0.9965223126532619,0.013293381968671802
19,gain,0.1,8,offset_calibrated,1.0623461846883564,1.0521583687638343,0.9965223126532619,0.013293381968672358
19,gain,0.1,8,adaptation_mean,3.193205124251814,3.1696550910994357,-4.440892098500626e-16,-4.440892098500626e-16
19,gain,0.1,8,oracle_reference,0.09528735247882268,0.09525076336993302,0.9995455283557141,0.9958838473740115
19,gain,0.1,16,unadapted,1.0529799857874722,1.0521583687638347,0.9965223126532619,0.013293381968671802
19,gain,0.1,16,offset_calibrated,1.0600960672155788,1.052158368763835,0.9965223126532619,0.01329338196867158
19,gain,0.1,16,adaptation_mean,3.2002176816049976,3.169655091099436,-4.440892098500626e-16,2.220446049250313e-16
19,gain,0.1,16,oracle_reference,0.09528735247882268,0.09525076336993302,0.9995455283557141,0.9958838473740115
19,gain,0.1,32,unadapted,1.0529799857874722,1.0521583687638347,0.9965223126532619,0.013293381968671802
19,gain,0.1,32,offset_calibrated,1.052938934083269,1.0521583687638345,0.9965223126532619,0.013293381968672802
19,gain,0.1,32,adaptation_mean,3.170978837237107,3.169655091099435,-2.220446049250313e-16,-2.220446049250313e-16
19,gain,0.1,32,oracle_reference,0.09528735247882268,0.09525076336993302,0.9995455283557141,0.9958838473740115
19,gain,0.1,64,unadapted,1.0529799857874722,1.0521583687638347,0.9965223126532619,0.013293381968671802
19,gain,0.1,64,offset_calibrated,1.053042974985683,1.0521583687638347,0.9965223126532619,0.01329338196867158
19,gain,0.1,64,adaptation_mean,3.1727256378646986,3.169655091099436,-2.220446049250313e-16,2.220446049250313e-16
19,gain,0.1,64,oracle_reference,0.09528735247882268,0.09525076336993302,0.9995455283557141,0.9958838473740115
19,gain,0.5,8,unadapted,1.1120658135212849,1.1113653624832986,0.9855785455868744,0.01764287871956527
19,gain,0.5,8,offset_calibrated,1.1382068665037235,1.1113653624832986,0.9855785455868744,0.01764287871956549
19,gain,0.5,8,adaptation_mean,3.2177380140857066,3.206955134209979,3.3306690738754696e-16,2.220446049250313e-16
19,gain,0.5,8,oracle_reference,0.4764367623941136,0.47625381684966517,0.9887656892960115,0.8989611758428567
19,gain,0.5,16,unadapted,1.1120658135212849,1.1113653624832986,0.9855785455868744,0.01764287871956527
19,gain,0.5,16,offset_calibrated,1.1235967563979332,1.1113653624832989,0.9855785455868744,0.017642878719564936
19,gain,0.5,16,adaptation_mean,3.255473665535252,3.20695513420998,3.3306690738754696e-16,5.551115123125783e-16
19,gain,0.5,16,oracle_reference,0.4764367623941136,0.47625381684966517,0.9887656892960115,0.8989611758428567
19,gain,0.5,32,unadapted,1.1120658135212849,1.1113653624832986,0.9855785455868744,0.01764287871956527
19,gain,0.5,32,offset_calibrated,1.1166517891211911,1.1113653624832984,0.9855785455868744,0.01764287871956549
19,gain,0.5,32,adaptation_mean,3.2087251361175637,3.2069551342099794,2.220446049250313e-16,0.0
19,gain,0.5,32,oracle_reference,0.4764367623941136,0.47625381684966517,0.9887656892960115,0.8989611758428567
19,gain,0.5,64,unadapted,1.1120658135212849,1.1113653624832986,0.9855785455868744,0.01764287871956527
19,gain,0.5,64,offset_calibrated,1.1155810491218592,1.1113653624832989,0.9855785455868744,0.01764287871956527
19,gain,0.5,64,adaptation_mean,3.2141102013642433,3.20695513420998,3.3306690738754696e-16,4.440892098500626e-16
19,gain,0.5,64,oracle_reference,0.4764367623941136,0.47625381684966517,0.9887656892960115,0.8989611758428567
19,nonlinear,0.0,8,unadapted,0.6468806057975036,0.6459112590338729,1.0,-1.396041156261488
19,nonlinear,0.0,8,offset_calibrated,0.6706792427584204,0.6459112590338729,1.0,-1.396041156261488
19,nonlinear,0.0,8,adaptation_mean,3.066186561585777,3.035479163282904,0.0,-6.661338147750939e-16
19,nonlinear,0.0,8,oracle_reference,0.0,0.0,1.0,1.0
19,nonlinear,0.0,16,unadapted,0.6468806057975036,0.6459112590338729,1.0,-1.396041156261488
19,nonlinear,0.0,16,offset_calibrated,0.6547953775988034,0.6459112590338728,1.0,-1.3960411562614885
19,nonlinear,0.0,16,adaptation_mean,3.062053469829366,3.0354791632829046,2.220446049250313e-16,-2.220446049250313e-16
19,nonlinear,0.0,16,oracle_reference,0.0,0.0,1.0,1.0
19,nonlinear,0.0,32,unadapted,0.6468806057975036,0.6459112590338729,1.0,-1.396041156261488
19,nonlinear,0.0,32,offset_calibrated,0.6571995089726044,0.6459112590338728,1.0,-1.396041156261488
19,nonlinear,0.0,32,adaptation_mean,3.0382689886551235,3.035479163282904,2.220446049250313e-16,1.1102230246251565e-16
19,nonlinear,0.0,32,oracle_reference,0.0,0.0,1.0,1.0
19,nonlinear,0.0,64,unadapted,0.6468806057975036,0.6459112590338729,1.0,-1.396041156261488
19,nonlinear,0.0,64,offset_calibrated,0.6471460417869922,0.6459112590338728,1.0,-1.396041156261489
19,nonlinear,0.0,64,adaptation_mean,3.0378538794799566,3.0354791632829046,0.0,-2.220446049250313e-16
19,nonlinear,0.0,64,oracle_reference,0.0,0.0,1.0,1.0
19,nonlinear,0.1,8,unadapted,0.6479093196190444,0.6468351174162814,0.9995029662074038,-1.404951970099395
19,nonlinear,0.1,8,offset_calibrated,0.6712846473621856,0.6468351174162813,0.9995029662074038,-1.404951970099395
19,nonlinear,0.1,8,adaptation_mean,3.062309797601242,3.0368791264489223,0.0,-2.220446049250313e-16
19,nonlinear,0.1,8,oracle_reference,0.09528735247882264,0.09525076336993298,0.9995029662074038,0.9735504310348487
19,nonlinear,0.1,16,unadapted,0.6479093196190444,0.6468351174162814,0.9995029662074038,-1.404951970099395
19,nonlinear,0.1,16,offset_calibrated,0.6544854590572224,0.6468351174162814,0.9995029662074038,-1.4049519700993973
19,nonlinear,0.1,16,adaptation_mean,3.0669276170177215,3.0368791264489223,0.0,-2.220446049250313e-16
19,nonlinear,0.1,16,oracle_reference,0.09528735247882264,0.09525076336993298,0.9995029662074038,0.9735504310348487
19,nonlinear,0.1,32,unadapted,0.6479093196190444,0.6468351174162814,0.9995029662074038,-1.404951970099395
19,nonlinear,0.1,32,offset_calibrated,0.6566181017622701,0.6468351174162814,0.9995029662074038,-1.404951970099395
19,nonlinear,0.1,32,adaptation_mean,3.0389284827954723,3.0368791264489223,9.992007221626409e-16,-2.220446049250313e-16
19,nonlinear,0.1,32,oracle_reference,0.09528735247882264,0.09525076336993298,0.9995029662074038,0.9735504310348487
19,nonlinear,0.1,64,unadapted,0.6479093196190444,0.6468351174162814,0.9995029662074038,-1.404951970099395
19,nonlinear,0.1,64,offset_calibrated,0.6482910994914244,0.6468351174162812,0.9995029662074038,-1.4049519700993947
19,nonlinear,0.1,64,adaptation_mean,3.040001905773944,3.0368791264489223,2.220446049250313e-16,1.1102230246251565e-16
19,nonlinear,0.1,64,oracle_reference,0.09528735247882264,0.09525076336993298,0.9995029662074038,0.9735504310348487
19,nonlinear,0.5,8,unadapted,0.7789102093506195,0.7775796728665805,0.9877238176961424,-0.9277769941186715
19,nonlinear,0.5,8,offset_calibrated,0.8157922227595289,0.7775796728665803,0.9877238176961424,-0.9277769941186707
19,nonlinear,0.5,8,adaptation_mean,3.0812557711435313,3.0717423187477593,-2.220446049250313e-16,4.440892098500626e-16
19,nonlinear,0.5,8,oracle_reference,0.4764367623941136,0.47625381684966506,0.9877238176961424,0.5538017990492718
19,nonlinear,0.5,16,unadapted,0.7789102093506195,0.7775796728665805,0.9877238176961424,-0.9277769941186715
19,nonlinear,0.5,16,offset_calibrated,0.7913499790313352,0.7775796728665805,0.9877238176961424,-0.927776994118672
19,nonlinear,0.5,16,adaptation_mean,3.1181339908225145,3.0717423187477597,-2.220446049250313e-16,4.440892098500626e-16
19,nonlinear,0.5,16,oracle_reference,0.4764367623941136,0.47625381684966506,0.9877238176961424,0.5538017990492718
19,nonlinear,0.5,32,unadapted,0.7789102093506195,0.7775796728665805,0.9877238176961424,-0.9277769941186715
19,nonlinear,0.5,32,offset_calibrated,0.785187799459215,0.7775796728665804,0.9877238176961424,-0.9277769941186711
19,nonlinear,0.5,32,adaptation_mean,3.0720937448121264,3.0717423187477593,3.3306690738754696e-16,0.0
19,nonlinear,0.5,32,oracle_reference,0.4764367623941136,0.47625381684966506,0.9877238176961424,0.5538017990492718
19,nonlinear,0.5,64,unadapted,0.7789102093506195,0.7775796728665805,0.9877238176961424,-0.9277769941186715
19,nonlinear,0.5,64,offset_calibrated,0.7837597736693507,0.7775796728665805,0.9877238176961424,-0.927776994118672
19,nonlinear,0.5,64,adaptation_mean,3.0788703208130537,3.0717423187477593,2.220446049250313e-16,2.220446049250313e-16
19,nonlinear,0.5,64,oracle_reference,0.4764367623941136,0.47625381684966506,0.9877238176961424,0.5538017990492718
20,none,0.0,8,unadapted,0.0,7.105427357601002e-15,1.0,1.0
20,none,0.0,8,offset_calibrated,0.0,7.105427357601002e-15,1.0,1.0
20,none,0.0,8,adaptation_mean,3.183184681938677,3.0308074461236227,5.551115123125783e-16,4.440892098500626e-16
20,none,0.0,8,oracle_reference,0.0,0.0,1.0,1.0
20,none,0.0,16,unadapted,0.0,7.105427357601002e-15,1.0,1.0
20,none,0.0,16,offset_calibrated,0.0,7.105427357601002e-15,1.0,1.0
20,none,0.0,16,adaptation_mean,3.1901077576377004,3.0308074461236227,5.551115123125783e-16,5.551115123125783e-16
20,none,0.0,16,oracle_reference,0.0,0.0,1.0,1.0
20,none,0.0,32,unadapted,0.0,7.105427357601002e-15,1.0,1.0
20,none,0.0,32,offset_calibrated,0.0,7.105427357601002e-15,1.0,1.0
20,none,0.0,32,adaptation_mean,3.096867921359231,3.0308074461236227,0.0,7.771561172376096e-16
20,none,0.0,32,oracle_reference,0.0,0.0,1.0,1.0
20,none,0.0,64,unadapted,0.0,7.105427357601002e-15,1.0,1.0
20,none,0.0,64,offset_calibrated,0.0,7.105427357601002e-15,1.0,1.0
20,none,0.0,64,adaptation_mean,3.124341428286433,3.030807446123623,2.220446049250313e-16,4.440892098500626e-16
20,none,0.0,64,oracle_reference,0.0,0.0,1.0,1.0
20,none,0.1,8,unadapted,0.09980400583671742,0.0987636395785448,0.999516923310235,0.9449660333360431
20,none,0.1,8,offset_calibrated,0.10306253902847767,0.09876363957854478,0.999516923310235,0.9449660333360431
20,none,0.1,8,adaptation_mean,3.1928088856376986,3.035804725398248,-2.220446049250313e-16,0.0
20,none,0.1,8,oracle_reference,0.09980400583671742,0.09876363957854478,0.999516923310235,0.9449660333360431
20,none,0.1,16,unadapted,0.09980400583671742,0.0987636395785448,0.999516923310235,0.9449660333360431
20,none,0.1,16,offset_calibrated,0.10274362698338513,0.09876363957854481,0.999516923310235,0.9449660333360431
20,none,0.1,16,adaptation_mean,3.195138593490194,3.0358047253982487,-6.661338147750939e-16,5.551115123125783e-16
20,none,0.1,16,oracle_reference,0.09980400583671742,0.09876363957854478,0.999516923310235,0.9449660333360431
20,none,0.1,32,unadapted,0.09980400583671742,0.0987636395785448,0.999516923310235,0.9449660333360431
20,none,0.1,32,offset_calibrated,0.1017445511473414,0.0987636395785448,0.999516923310235,0.9449660333360431
20,none,0.1,32,adaptation_mean,3.1049554608472034,3.035804725398247,-2.220446049250313e-16,3.3306690738754696e-16
20,none,0.1,32,oracle_reference,0.09980400583671742,0.09876363957854478,0.999516923310235,0.9449660333360431
20,none,0.1,64,unadapted,0.09980400583671742,0.0987636395785448,0.999516923310235,0.9449660333360431
20,none,0.1,64,offset_calibrated,0.10031684095068705,0.09876363957854475,0.999516923310235,0.9449660333360432
20,none,0.1,64,adaptation_mean,3.133221650861352,3.035804725398248,-8.881784197001252e-16,-2.220446049250313e-16
20,none,0.1,64,oracle_reference,0.09980400583671742,0.09876363957854478,0.999516923310235,0.9449660333360431
20,none,0.5,8,unadapted,0.49902002918358707,0.49381819789272396,0.9881631464520686,0.4144964015279373
20,none,0.5,8,offset_calibrated,0.5153126951423896,0.49381819789272396,0.9881631464520686,0.4144964015279373
20,none,0.5,8,adaptation_mean,3.263548522908429,3.0875177262103524,-2.220446049250313e-16,-6.661338147750939e-16
20,none,0.5,8,oracle_reference,0.49902002918358707,0.4938181978927239,0.9881631464520686,0.4144964015279373
20,none,0.5,16,unadapted,0.49902002918358707,0.49381819789272396,0.9881631464520686,0.4144964015279373
20,none,0.5,16,offset_calibrated,0.5137181349169262,0.49381819789272396,0.9881631464520686,0.4144964015279371
20,none,0.5,16,adaptation_mean,3.2477138674356585,3.087517726210352,0.0,-6.661338147750939e-16
20,none,0.5,16,oracle_reference,0.49902002918358707,0.4938181978927239,0.9881631464520686,0.4144964015279373
20,none,0.5,32,unadapted,0.49902002918358707,0.49381819789272396,0.9881631464520686,0.4144964015279373
20,none,0.5,32,offset_calibrated,0.5087227557367058,0.49381819789272396,0.9881631464520686,0.4144964015279371
20,none,0.5,32,adaptation_mean,3.1698741188434623,3.0875177262103524,-6.661338147750939e-16,-4.440892098500626e-16
20,none,0.5,32,oracle_reference,0.49902002918358707,0.4938181978927239,0.9881631464520686,0.4144964015279373
20,none,0.5,64,unadapted,0.49902002918358707,0.49381819789272396,0.9881631464520686,0.4144964015279373
20,none,0.5,64,offset_calibrated,0.5015842047534347,0.49381819789272396,0.9881631464520686,0.4144964015279373
20,none,0.5,64,adaptation_mean,3.2001208671711754,3.0875177262103524,-6.661338147750939e-16,-2.220446049250313e-16
20,none,0.5,64,oracle_reference,0.49902002918358707,0.4938181978927239,0.9881631464520686,0.4144964015279373
20,offset,0.0,8,unadapted,1.5,7.129549699527932e-15,1.0,1.0
20,offset,0.0,8,offset_calibrated,0.0,7.105427357601002e-15,1.0,1.0
20,offset,0.0,8,adaptation_mean,3.183184681938677,3.0308074461236227,-2.220446049250313e-16,-2.220446049250313e-16
20,offset,0.0,8,oracle_reference,0.0,7.105427357601002e-15,1.0,1.0
20,offset,0.0,16,unadapted,1.5,7.129549699527932e-15,1.0,1.0
20,offset,0.0,16,offset_calibrated,0.0,7.105427357601002e-15,1.0,1.0
20,offset,0.0,16,adaptation_mean,3.1901077576377004,3.0308074461236227,4.440892098500626e-16,5.551115123125783e-16
20,offset,0.0,16,oracle_reference,0.0,7.105427357601002e-15,1.0,1.0
20,offset,0.0,32,unadapted,1.5,7.129549699527932e-15,1.0,1.0
20,offset,0.0,32,offset_calibrated,0.0,7.105427357601002e-15,1.0,1.0
20,offset,0.0,32,adaptation_mean,3.0968679213592307,3.030807446123623,0.0,1.1102230246251565e-16
20,offset,0.0,32,oracle_reference,0.0,7.105427357601002e-15,1.0,1.0
20,offset,0.0,64,unadapted,1.5,7.129549699527932e-15,1.0,1.0
20,offset,0.0,64,offset_calibrated,0.0,7.105427357601002e-15,1.0,1.0
20,offset,0.0,64,adaptation_mean,3.1243414282864332,3.0308074461236227,0.0,-2.220446049250313e-16
20,offset,0.0,64,oracle_reference,0.0,7.105427357601002e-15,1.0,1.0
20,offset,0.1,8,unadapted,1.515360529037133,0.09876363957854478,0.999516923310235,0.9449660333360431
20,offset,0.1,8,offset_calibrated,0.10306253902847767,0.09876363957854478,0.999516923310235,0.9449660333360431
20,offset,0.1,8,adaptation_mean,3.1928088856376986,3.035804725398248,7.771561172376096e-16,4.440892098500626e-16
20,offset,0.1,8,oracle_reference,0.09980400583671742,0.09876363957854481,0.999516923310235,0.9449660333360431
20,offset,0.1,16,unadapted,1.515360529037133,0.09876363957854478,0.999516923310235,0.9449660333360431
20,offset,0.1,16,offset_calibrated,0.10274362698338518,0.09876363957854478,0.999516923310235,0.9449660333360431
20,offset,0.1,16,adaptation_mean,3.195138593490194,3.0358047253982487,-6.661338147750939e-16,-2.220446049250313e-16
20,offset,0.1,16,oracle_reference,0.09980400583671742,0.09876363957854481,0.999516923310235,0.9449660333360431
20,offset,0.1,32,unadapted,1.515360529037133,0.09876363957854478,0.999516923310235,0.9449660333360431
20,offset,0.1,32,offset_calibrated,0.1017445511473411,0.09876363957854478,0.999516923310235,0.9449660333360431
20,offset,0.1,32,adaptation_mean,3.104955460847204,3.0358047253982474,-4.440892098500626e-16,0.0
20,offset,0.1,32,oracle_reference,0.09980400583671742,0.09876363957854481,0.999516923310235,0.9449660333360431
20,offset,0.1,64,unadapted,1.515360529037133,0.09876363957854478,0.999516923310235,0.9449660333360431
20,offset,0.1,64,offset_calibrated,0.10031684095068705,0.09876363957854475,0.999516923310235,0.9449660333360432
20,offset,0.1,64,adaptation_mean,3.1332216508613535,3.035804725398248,-8.881784197001252e-16,-6.661338147750939e-16
20,offset,0.1,64,oracle_reference,0.09980400583671742,0.09876363957854481,0.999516923310235,0.9449660333360431
20,offset,0.5,8,unadapted,1.6462519499965977,0.49381819789272396,0.9881631464520686,0.414496401527938
20,offset,0.5,8,offset_calibrated,0.5153126951423898,0.4938181978927241,0.9881631464520686,0.41449640152793743
20,offset,0.5,8,adaptation_mean,3.2635485229084296,3.087517726210353,-6.661338147750939e-16,4.440892098500626e-16
20,offset,0.5,8,oracle_reference,0.4990200291835871,0.4938181978927241,0.9881631464520686,0.4144964015279379
20,offset,0.5,16,unadapted,1.6462519499965977,0.49381819789272396,0.9881631464520686,0.414496401527938
20,offset,0.5,16,offset_calibrated,0.5137181349169262,0.4938181978927241,0.9881631464520686,0.41449640152793765
20,offset,0.5,16,adaptation_mean,3.2477138674356594,3.0875177262103524,-2.220446049250313e-16,-2.220446049250313e-16
20,offset,0.5,16,oracle_reference,0.4990200291835871,0.4938181978927241,0.9881631464520686,0.4144964015279379
20,offset,0.5,32,unadapted,1.6462519499965977,0.49381819789272396,0.9881631464520686,0.414496401527938
20,offset,0.5,32,offset_calibrated,0.5087227557367058,0.49381819789272396,0.9881631464520685,0.41449640152793776
20,offset,0.5,32,adaptation_mean,3.1698741188434627,3.0875177262103524,0.0,-2.220446049250313e-16
20,offset,0.5,32,oracle_reference,0.4990200291835871,0.4938181978927241,0.9881631464520686,0.4144964015279379
20,offset,0.5,64,unadapted,1.6462519499965977,0.49381819789272396,0.9881631464520686,0.414496401527938
20,offset,0.5,64,offset_calibrated,0.5015842047534347,0.49381819789272396,0.9881631464520686,0.41449640152793743
20,offset,0.5,64,adaptation_mean,3.200120867171176,3.0875177262103515,-2.220446049250313e-16,1.1102230246251565e-16
20,offset,0.5,64,oracle_reference,0.4990200291835871,0.4938181978927241,0.9881631464520686,0.4144964015279379
20,gain,0.0,8,unadapted,1.0595820052507252,1.05872391811732,0.9970251284582007,0.011934052260122785
20,gain,0.0,8,offset_calibrated,1.1117637561825287,1.05872391811732,0.9970251284582007,0.011934052260123007
20,gain,0.0,8,adaptation_mean,3.3258877385635532,3.167937002248167,-2.220446049250313e-16,2.220446049250313e-16
20,gain,0.0,8,oracle_reference,0.0,5.329070518200751e-15,1.0,1.0
20,gain,0.0,16,unadapted,1.0595820052507252,1.05872391811732,0.9970251284582007,0.011934052260122785
20,gain,0.0,16,offset_calibrated,1.1153774030701116,1.05872391811732,0.9970251284582007,0.01193405226012334
20,gain,0.0,16,adaptation_mean,3.3414909607980015,3.1679370022481663,0.0,2.220446049250313e-16
20,gain,0.0,16,oracle_reference,0.0,5.329070518200751e-15,1.0,1.0
20,gain,0.0,32,unadapted,1.0595820052507252,1.05872391811732,0.9970251284582007,0.011934052260122785
20,gain,0.0,32,offset_calibrated,1.0820616361592865,1.05872391811732,0.9970251284582007,0.011934052260123007
20,gain,0.0,32,adaptation_mean,3.23881636321208,3.1679370022481663,-6.661338147750939e-16,2.220446049250313e-16
20,gain,0.0,32,oracle_reference,0.0,5.329070518200751e-15,1.0,1.0
20,gain,0.0,64,unadapted,1.0595820052507252,1.05872391811732,0.9970251284582007,0.011934052260122785
20,gain,0.0,64,offset_calibrated,1.09188338733233,1.0587239181173203,0.9970251284582007,0.01193405226012223
20,gain,0.0,64,adaptation_mean,3.2691057117253006,3.1679370022481663,-2.220446049250313e-16,5.551115123125783e-16
20,gain,0.0,64,oracle_reference,0.0,5.329070518200751e-15,1.0,1.0
20,gain,0.1,8,unadapted,1.0652170672352066,1.0638483207354021,0.996357627585738,0.01250433307428922
20,gain,0.1,8,offset_calibrated,1.124289128761837,1.0638483207354021,0.996357627585738,0.012504333074288887
20,gain,0.1,8,adaptation_mean,3.335644479720381,3.1731018278223986,-6.661338147750939e-16,2.220446049250313e-16
20,gain,0.1,8,oracle_reference,0.09980400583671742,0.0987636395785448,0.9995582922804389,0.9952381910396505
20,gain,0.1,16,unadapted,1.0652170672352066,1.0638483207354021,0.996357627585738,0.01250433307428922
20,gain,0.1,16,offset_calibrated,1.129331391477373,1.0638483207354021,0.996357627585738,0.012504333074288665
20,gain,0.1,16,adaptation_mean,3.346702582163108,3.1731018278223986,-4.440892098500626e-16,5.551115123125783e-16
20,gain,0.1,16,oracle_reference,0.09980400583671742,0.0987636395785448,0.9995582922804389,0.9952381910396505
20,gain,0.1,32,unadapted,1.0652170672352066,1.0638483207354021,0.996357627585738,0.01250433307428922
20,gain,0.1,32,offset_calibrated,1.091326992434413,1.0638483207354021,0.996357627585738,0.012504333074288998
20,gain,0.1,32,adaptation_mean,3.2470471162338055,3.173101827822398,0.0,2.220446049250313e-16
20,gain,0.1,32,oracle_reference,0.09980400583671742,0.0987636395785448,0.9995582922804389,0.9952381910396505
20,gain,0.1,64,unadapted,1.0652170672352066,1.0638483207354021,0.996357627585738,0.01250433307428922
20,gain,0.1,64,offset_calibrated,1.0986469773792746,1.0638483207354021,0.996357627585738,0.012504333074288665
20,gain,0.1,64,adaptation_mean,3.2781432086814366,3.173101827822398,-1.1102230246251565e-15,9.992007221626409e-16
20,gain,0.1,64,oracle_reference,0.09980400583671742,0.0987636395785448,0.9995582922804389,0.9952381910396505
20,gain,0.5,8,unadapted,1.1779019837167612,1.1732109115081215,0.9851118106899307,0.013472523840097561
20,gain,0.5,8,offset_calibrated,1.262116222947775,1.1732109115081217,0.9851118106899307,0.013472523840097894
20,gain,0.5,8,adaptation_mean,3.4095760902937133,3.2285851182598595,0.0,-1.1102230246251565e-15
20,gain,0.5,8,oracle_reference,0.499020029183587,0.49381819789272396,0.9891682986257618,0.8931990336497785
20,gain,0.5,16,unadapted,1.1779019837167612,1.1732109115081215,0.9851118106899307,0.013472523840097561
20,gain,0.5,16,offset_calibrated,1.2721812069039333,1.1732109115081215,0.9851118106899307,0.013472523840097672
20,gain,0.5,16,adaptation_mean,3.403691004614225,3.228585118259859,2.220446049250313e-16,-1.1102230246251565e-15
20,gain,0.5,16,oracle_reference,0.499020029183587,0.49381819789272396,0.9891682986257618,0.8931990336497785
20,gain,0.5,32,unadapted,1.1779019837167612,1.1732109115081215,0.9851118106899307,0.013472523840097561
20,gain,0.5,32,offset_calibrated,1.2180509892903622,1.173210911508121,0.9851118106899307,0.01347252384009845
20,gain,0.5,32,adaptation_mean,3.3152930826120777,3.2285851182598595,3.3306690738754696e-16,-8.881784197001252e-16
20,gain,0.5,32,oracle_reference,0.499020029183587,0.49381819789272396,0.9891682986257618,0.8931990336497785
20,gain,0.5,64,unadapted,1.1779019837167612,1.1732109115081215,0.9851118106899307,0.013472523840097561
20,gain,0.5,64,offset_calibrated,1.214036983914287,1.1732109115081215,0.9851118106899307,0.01347252384009845
20,gain,0.5,64,adaptation_mean,3.348590390570193,3.228585118259858,3.3306690738754696e-16,0.0
20,gain,0.5,64,oracle_reference,0.499020029183587,0.49381819789272396,0.9891682986257618,0.8931990336497785
20,nonlinear,0.0,8,unadapted,0.6468806057975036,0.6459112590338729,1.0,-1.396041156261488
20,nonlinear,0.0,8,offset_calibrated,0.6479622276720756,0.6459112590338727,1.0,-1.3960411562614867
20,nonlinear,0.0,8,adaptation_mean,3.190946209142283,3.035479163282904,7.771561172376096e-16,1.1102230246251565e-16
20,nonlinear,0.0,8,oracle_reference,0.0,0.0,1.0,1.0
20,nonlinear,0.0,16,unadapted,0.6468806057975036,0.6459112590338729,1.0,-1.396041156261488
20,nonlinear,0.0,16,offset_calibrated,0.6477675485319765,0.645911259033873,1.0,-1.3960411562614894
20,nonlinear,0.0,16,adaptation_mean,3.1947623824450395,3.0354791632829046,5.551115123125783e-16,6.661338147750939e-16
20,nonlinear,0.0,16,oracle_reference,0.0,0.0,1.0,1.0
20,nonlinear,0.0,32,unadapted,0.6468806057975036,0.6459112590338729,1.0,-1.396041156261488
20,nonlinear,0.0,32,offset_calibrated,0.6462169059176688,0.6459112590338729,1.0,-1.3960411562614894
20,nonlinear,0.0,32,adaptation_mean,3.1013655693544013,3.035479163282904,0.0,-2.220446049250313e-16
20,nonlinear,0.0,32,oracle_reference,0.0,0.0,1.0,1.0
20,nonlinear,0.0,64,unadapted,0.6468806057975036,0.6459112590338729,1.0,-1.396041156261488
20,nonlinear,0.0,64,offset_calibrated,0.6459378494744168,0.6459112590338729,1.0,-1.396041156261488
20,nonlinear,0.0,64,adaptation_mean,3.128714849110903,3.0354791632829037,4.440892098500626e-16,-8.881784197001252e-16
20,nonlinear,0.0,64,oracle_reference,0.0,0.0,1.0,1.0
20,nonlinear,0.1,8,unadapted,0.6511252034806431,0.6504457341320069,0.999516923310235,-1.374599712065879
20,nonlinear,0.1,8,offset_calibrated,0.6512019127456469,0.6504457341320066,0.999516923310235,-1.3745997120658782
20,nonlinear,0.1,8,adaptation_mean,3.1990571096516303,3.0398988474990194,-4.440892098500626e-16,3.3306690738754696e-16
20,nonlinear,0.1,8,oracle_reference,0.09980400583671742,0.0987636395785448,0.999516923310235,0.9695098770935292
20,nonlinear,0.1,16,unadapted,0.6511252034806431,0.6504457341320069,0.999516923310235,-1.374599712065879
20,nonlinear,0.1,16,offset_calibrated,0.650775827597573,0.6504457341320066,0.999516923310235,-1.3745997120658782
20,nonlinear,0.1,16,adaptation_mean,3.1981195272975826,3.0398988474990194,-6.661338147750939e-16,0.0
20,nonlinear,0.1,16,oracle_reference,0.09980400583671742,0.0987636395785448,0.999516923310235,0.9695098770935292
20,nonlinear,0.1,32,unadapted,0.6511252034806431,0.6504457341320069,0.999516923310235,-1.374599712065879
20,nonlinear,0.1,32,offset_calibrated,0.6517817014376078,0.6504457341320066,0.999516923310235,-1.3745997120658782
20,nonlinear,0.1,32,adaptation_mean,3.108654992401419,3.039898847499019,0.0,0.0
20,nonlinear,0.1,32,oracle_reference,0.09980400583671742,0.0987636395785448,0.999516923310235,0.9695098770935292
20,nonlinear,0.1,64,unadapted,0.6511252034806431,0.6504457341320069,0.999516923310235,-1.374599712065879
20,nonlinear,0.1,64,offset_calibrated,0.6507595261327037,0.6504457341320066,0.999516923310235,-1.3745997120658786
20,nonlinear,0.1,64,adaptation_mean,3.136916246027661,3.0398988474990194,-2.220446049250313e-16,1.1102230246251565e-16
20,nonlinear,0.1,64,oracle_reference,0.09980400583671742,0.0987636395785448,0.999516923310235,0.9695098770935292
20,nonlinear,0.5,8,unadapted,0.8029962506509358,0.8008761359194528,0.9881631464520686,-0.8185215234471173
20,nonlinear,0.5,8,offset_calibrated,0.8080570485413281,0.8008761359194525,0.9881631464520686,-0.8185215234471166
20,nonlinear,0.5,8,adaptation_mean,3.2641377511557077,3.0897630035750954,0.0,2.220446049250313e-16
20,nonlinear,0.5,8,oracle_reference,0.499020029183587,0.49381819789272396,0.9881631464520686,0.540731858239043
20,nonlinear,0.5,16,unadapted,0.8029962506509358,0.8008761359194528,0.9881631464520686,-0.8185215234471173
20,nonlinear,0.5,16,offset_calibrated,0.8062120737983949,0.8008761359194528,0.9881631464520686,-0.8185215234471173
20,nonlinear,0.5,16,adaptation_mean,3.2446129695785575,3.0897630035750954,3.3306690738754696e-16,-2.220446049250313e-16
20,nonlinear,0.5,16,oracle_reference,0.499020029183587,0.49381819789272396,0.9881631464520686,0.540731858239043
20,nonlinear,0.5,32,unadapted,0.8029962506509358,0.8008761359194528,0.9881631464520686,-0.8185215234471173
20,nonlinear,0.5,32,offset_calibrated,0.8127351308060665,0.8008761359194528,0.9881631464520686,-0.8185215234471168
20,nonlinear,0.5,32,adaptation_mean,3.1707950864233903,3.089763003575096,0.0,-4.440892098500626e-16
20,nonlinear,0.5,32,oracle_reference,0.499020029183587,0.49381819789272396,0.9881631464520686,0.540731858239043
20,nonlinear,0.5,64,unadapted,0.8029962506509358,0.8008761359194528,0.9881631464520686,-0.8185215234471173
20,nonlinear,0.5,64,offset_calibrated,0.8059128275941863,0.800876135919453,0.9881631464520686,-0.8185215234471177
20,nonlinear,0.5,64,adaptation_mean,3.2015304254963306,3.0897630035750963,0.0,-2.220446049250313e-16
20,nonlinear,0.5,64,oracle_reference,0.499020029183587,0.49381819789272396,0.9881631464520686,0.540731858239043
