soil_moisture_m3_m3,soil_real_dielectric,pals_rms_height_cm,pals_correlation_length_cm,spm_k_rms_height,spm_rms_slope_proxy,spm_valid,spm_hh_db,spm_vv_db
0.16580025817292462,10.760858967170911,0.5799113505238426,13.755515752769316,0.1531409439632527,0.042158459264393086,True,-25.277458711641778,-20.233572120013843
0.20973119453363315,14.457960827897104,0.7221398433631644,9.199010411176754,0.1907001426790726,0.07850190521425739,True,-21.353298747493117,-15.979099582312088
0.08111841540971268,5.059937942603275,1.075240852136958,17.813820024178682,0.28394581160614135,0.06035992564635405,True,-23.15407624252694,-19.173758818436
0.2539220302695347,20.516885784731404,1.009254919218154,12.633878645505312,0.26652047918877547,0.07988480398909097,True,-18.929077157201892,-13.2149317764122
0.43398665846247597,31.006837976605144,0.7741819419768889,14.075317944857945,0.2044432365163207,0.05500280313452645,True,-21.06062310699063,-15.00767211927826
0.47343253920758915,38.33952240905136,0.43175705809597625,7.047621732785679,0.11401688099377233,0.06126280246958115,True,-23.649032523025472,-17.44487932480159
0.09618510576373519,7.6326977192614605,0.9672122330655906,5.22933837077994,0.25541799492400225,0.18495881591256327,True,-19.01170184594543,-14.409238805392048
0.1448481279393789,7.593559388276721,0.7282802191241589,9.080547273426465,0.1923216714514933,0.08020223860905563,True,-22.744029883429437,-18.148684634657723
0.12619637505529696,7.5500599733038785,0.842122686110182,10.465572911207833,0.22238478858413208,0.08046599008529506,True,-21.9603046344473,-17.372932191924903
0.251973283075424,15.963176781421199,0.6244816861733071,16.785495708724177,0.1649109209915561,0.037203648733992165,True,-24.605674280684013,-19.12991282652587
0.4493110584309135,34.49593350938847,0.763850156878552,10.188906456339714,0.20171485515017645,0.07496880653009344,True,-19.889006653180015,-13.758289098554338
0.40658430637144694,29.944817852358213,1.0076050150976181,6.609735894354086,0.2660847783282224,0.1524425531068943,True,-16.43349989167988,-10.406786063651435
0.447755932181856,42.740378207552844,0.9845527577744974,11.0472541345901,0.2599972195250405,0.08912194340598724,True,-17.722733260358144,-11.446624655489671
0.13823011401184396,7.954316430871533,0.7772971050017807,13.04348111096107,0.20526587778002495,0.059592765028699306,True,-23.29289285433695,-18.633854533303957
0.47675066365311486,32.1592980480886,1.0535454236934285,6.860355056784733,0.2782165593876288,0.15357010168905127,True,-16.041422538293915,-9.961435351420336
0.33778728101866534,20.097161003611074,0.6751382331759739,11.909017887408213,0.17828812324652096,0.05669134428707334,True,-22.23902208583128,-16.543527181574504
0.44725519567614974,37.89078941453993,0.6459402462325244,12.101509030907962,0.17057762184262967,0.05337683462308339,True,-21.83715866529598,-15.641016809056369
0.09355757283360308,7.108941623690581,0.4326650704760879,16.80861060934255,0.11425666570033997,0.025740680210391945,True,-29.6790285443803,-25.176405238244133
0.2730439994584254,19.43223916525691,0.7329687390690691,15.468996526052734,0.19355979926103783,0.047383082531217216,True,-22.559778194952138,-16.895008995382568
0.43775457683205377,37.742041614322886,0.5558203012078339,9.064088080337077,0.14677906463465148,0.06132114960506472,True,-22.170613911416304,-15.977158179461224
0.24497110271442968,17.941059521422627,0.9692478577943221,12.835610377458767,0.25595555552224075,0.07551240878240312,True,-19.555870035826153,-13.965869843898018
0.08883880120192966,4.6696584382265405,1.101492612398057,15.550812648643115,0.2908782838597887,0.0708318360773363,True,-22.726628699697514,-18.88124730267515
0.18151944870084075,8.781671263868214,0.7295024633950342,16.20061914875498,0.19264443740740442,0.04502929528166191,True,-24.40833853964893,-19.61770257378014
0.3432989788147225,24.537766560360993,0.514254435323555,15.81863009512472,0.13580249738447017,0.03250941656964641,True,-25.37368355931109,-19.50501607973556
0.2305621438453193,17.462652068767213,1.1194570584634302,17.1793313653323,0.2956222714119259,0.06516301680532702,True,-19.47051382114983,-13.90642673581063
0.3158517713237028,25.78163382728516,0.5221515554351186,18.023161995581084,0.13788794100854065,0.02897114033392918,True,-25.688785124604582,-19.77954952198438
0.440270008655346,36.972281732174345,0.8619446420447452,9.22744790074968,0.22761930079065285,0.09341094648442468,True,-18.438569374126235,-12.259264011860703
0.480604817280675,41.18735725863267,1.0080781242266104,8.543046775489108,0.26620971531824006,0.11799983667640584,True,-16.724668352124326,-10.47267131757865
0.4514316380557,45.80186520317918,0.6692785751124426,6.85722080357329,0.17674072541348929,0.0976020160767876,True,-19.58897839973079,-13.268877937018303
0.10303315109985023,5.9243677189344846,0.43783866825047274,17.976239457356535,0.11562289115210912,0.024356521801410094,True,-30.424192061929695,-26.192027501224104
0.18502528112355954,13.514979349532185,0.9605838999241686,6.078282211882255,0.25366760808769817,0.15803542291049788,True,-17.94481209443901,-12.642343094102866
0.31746563761672153,20.98162287516043,1.108274291246869,6.431090873316244,0.29266916568961415,0.17233068433930843,True,-16.044745299597547,-10.310581261548839
0.444047217025392,43.676384387958976,0.7322276276072252,16.395809011455626,0.1933640891602677,0.044659438707515035,True,-21.74636218722089,-15.456328422959977
0.3466887034611841,20.709769277873566,0.6839249812468216,7.031535289580223,0.18060849668415307,0.09726538417012644,True,-20.457957629241786,-14.735425067332477
0.4346246156929181,32.865085502969066,1.119709940135932,13.61784882714897,0.29568905151202735,0.08222370172766519,True,-17.65937345378502,-11.563512692575138
0.2093749851322419,12.366433335564112,0.5534207621828209,5.349272310864153,0.14614540283266192,0.10345720502185801,True,-22.711449453447095,-17.506716339984504
0.29786007974719264,17.336371892502335,0.5024237934483671,6.301430904998214,0.13267830320751386,0.07973169920023261,True,-23.184673404967512,-17.62759752658498
0.2796770609073057,14.783315391151321,1.068281996915499,5.693213874777909,0.2821081416647698,0.18764129021187922,True,-16.73537177792829,-11.337966029699292
0.22219709308344815,16.449729623909167,0.9454477859854855,18.07366332235508,0.24967051650738778,0.0523107999259936,True,-21.24411593428572,-15.738427321094031
0.27961852366374607,23.254218506277695,1.1222492042963255,8.621239223535518,0.2963596114349249,0.13017260920363347,True,-16.533595421386398,-10.710031793603976
0.2924315573359603,21.74913657827043,0.6904084202564346,10.154053260855996,0.18232062038920463,0.06799338180724025,True,-21.3701129591974,-15.604251859388935
0.29523277164150663,22.640124663054007,0.5932577758442787,12.75936560737258,0.15666542088590715,0.046495867749215075,True,-23.43127728383003,-17.630586963736924
0.27829196644557413,15.72689505187495,0.5316860463028892,16.35083003948641,0.1404057757265203,0.03251737343112825,True,-25.926422430849318,-20.465672362233395
0.22703054370926568,13.81878390065294,0.7845086460951662,7.788325836604134,0.20717027611517258,0.10072879108473815,True,-20.233141386371116,-14.906796174618414
0.22752929251203263,15.569430699455564,0.8190341255363047,11.713542565158585,0.21628764294654046,0.06992198312169758,True,-20.934664365152354,-15.484099726355506
0.1788744389094113,12.58308905453083,0.5762300661328901,15.898899070815883,0.15216880336604177,0.036243394185111945,True,-25.549832310941134,-20.325687214293655
0.1473238448364538,7.5881779968433545,1.05091176844439,13.530503556994816,0.2775210729989813,0.07766981945776172,True,-20.942601956718512,-16.34823948936095
0.2082858975961171,10.3799706453284,0.8824338933620925,14.011149975395027,0.23303003000815223,0.06298083275903364,True,-21.783670888547178,-16.783075169936147
0.42513512333376097,39.846696901345105,1.0258323241181928,10.436536689870788,0.27089818180239006,0.09829240816197364,True,-17.24560183351985,-11.01550832233989
0.28191660096315696,14.763276149198939,0.8244929419168099,5.335554984462706,0.21772918792178106,0.15452805646605794,True,-18.893991596126295,-13.497993894215401
0.34613973097956285,27.282864086252246,0.4704499978021171,18.20062111806632,0.1242347760323141,0.02584801885333125,True,-26.557204206597014,-20.6026236457264
0.4345298948207376,37.11595878493174,1.075423794029784,6.778973277521686,0.2839941222559199,0.1586411024211835,True,-15.667534999144852,-9.485556117225238
0.24446404175480158,16.942081257734326,1.0555379156790976,9.568306834246787,0.27874272964321867,0.11031606050729133,True,-17.892685462115686,-12.35798305266886
0.32660240461516127,25.23607434394662,0.8152224114910691,7.548481701274618,0.21528105894628236,0.10799819669078786,True,-18.82063233355807,-12.928833576742186
0.16395906235714128,9.504190748908952,0.72280805018758,13.262108040802678,0.19087660038034238,0.05450174647678656,True,-23.5212904271088,-18.62947808030215
0.32016920404071814,25.40167382136916,0.7723289543523676,9.852875013793083,0.20395390608035824,0.07838615158227227,True,-20.072400921378815,-14.175252151170385
0.23159222484655112,16.420583717681815,1.0102495235514537,9.367421316312502,0.26678313079291094,0.10784713203752212,True,-18.260642695053026,-12.756710770662
0.25636664710047635,16.837902384914155,0.7591143524285872,15.579563818001944,0.20046424061532064,0.048725006765044494,True,-22.522907725004483,-16.99424240923787
0.3403811557268395,18.815568024819218,0.5456625505239148,12.711054114535282,0.1440966416628066,0.042928190345751224,True,-24.431217627634826,-18.79633138221103
0.4831718836336365,38.06812050633027,0.698349106958701,10.491650270506385,0.18441756892487832,0.06656236997547144,True,-20.653695978154325,-14.454371788146368
0.46469773006136844,33.50327989009753,0.9465814983401339,13.709526427749875,0.24996990326713447,0.06904552854751636,True,-19.12055644348588,-13.010762297222547
0.29631194360737134,21.40521398097165,0.858719342513155,17.169900616771557,0.22676757506673695,0.05001306423837759,True,-21.4432453170552,-15.691384673668658
0.09917701404771356,6.785646696912101,0.6177760520011317,7.333642961436011,0.16314012077170945,0.08423863218453767,True,-23.90190119570338,-19.46632657464185
0.2256132317991823,16.256143823755618,1.1229800836207993,5.705362154729789,0.2965526194689495,0.196828887135559,True,-16.131346349902692,-10.637410370824682
0.18834828582123228,14.178548734826151,0.46492165144950875,5.73551344876992,0.12277486982728898,0.08106016237294661,True,-24.052901401227118,-18.69923952189208
0.4356800824920109,32.59227104450291,0.953251303677672,9.202224692364947,0.25173124193470675,0.1035892227744212,True,-17.702805948348647,-11.613021793485032
0.2835904747506253,15.044640373403535,1.0925276379330788,16.45016022811404,0.28851084502464075,0.06641440708072262,True,-19.77619309449399,-14.360673284549302
0.13621907120898813,7.594024933999144,1.0416927371365003,16.660526062949565,0.2750865437288753,0.06252460055586505,True,-21.819548196160852,-17.224117973558336
0.28416508275586133,19.76094755161487,0.5076998797176143,13.687860298613352,0.13407159345950534,0.03709125229522154,True,-25.254136265288665,-19.57399121483704
0.3840153528543573,34.342355954262715,0.9002302122302929,13.525541950027467,0.23772961912308402,0.06655779232775694,True,-19.47657008461339,-13.34903217046509
0.3411762319502543,28.127190676995387,1.08425893133509,18.138816422335104,0.2863272741519077,0.0597756163406558,True,-19.250945330414748,-13.27241765766718
0.13266850988713452,7.3381225599679345,1.0668611612404706,10.206115412510886,0.2817329323913283,0.1045315595718904,True,-19.903605478179237,-15.356040408064784
0.295703061701341,17.033465256918635,0.41967718786041347,9.418801490201718,0.11082687147049498,0.04455738750806028,True,-25.844149973019217,-20.304195774213987
0.41642129447763354,25.10579727860339,0.41233446966273624,15.544559990171955,0.1088878323483383,0.02652596599218213,True,-27.192028259457203,-21.304474175760962
0.23062884615715706,15.234781759214679,0.6292446079652189,9.961680689690061,0.16616869657842404,0.06316651050825808,True,-22.707239402947835,-17.27882173292348
0.4450345653804785,38.31435738360295,0.5509925386772114,5.183374087700922,0.1455041661342133,0.10629997552841172,True,-20.971599700864388,-14.767892167485467
0.34049877444315135,28.951362997998306,0.73829512975718,16.52056731711006,0.19496637372652736,0.044689453793305314,True,-22.17996053667209,-16.17904078401202
0.40054218517018825,28.28489061531247,1.0211199836814258,10.837038873978589,0.26965376356137644,0.09422499961066794,True,-17.82254664860829,-11.839661400914931
0.07564037740827971,6.692094287829546,1.0786450692141891,17.936021503598987,0.284844785244426,0.06013847992977437,True,-22.187120640161986,-17.771807124711213
0.15421821596154106,10.393119203979236,0.7734051026855371,12.087516578562248,0.20423809153635455,0.06398378837032627,True,-22.378922635967697,-17.376794687305267
0.24316101853611893,15.766797178048186,0.5788170836749398,18.047609148608807,0.1528519738335298,0.03207167658102556,True,-25.57610986189568,-20.11280204265589
0.2699269008227601,18.183862604773832,1.0840321843045198,13.502053771232719,0.2862673955958645,0.08028646624220555,True,-18.74959021076849,-13.146816207709655
0.13416080776505362,9.48907456859255,0.45399985813766747,5.6586392690355245,0.11989068117321963,0.08023127761862944,True,-25.113894691044003,-20.224085228398355
0.38913465262082075,36.18909937815002,0.8575186927476437,15.378281372398495,0.2264505117116335,0.055761672711148964,True,-20.328456230984166,-14.163994150847103
0.4818709660846182,43.47380920221455,0.49426947931336146,11.972143576971146,0.13052494069291637,0.04128496088738084,True,-23.97514653237537,-17.688089481616547
0.1991499391051874,12.243163760627063,0.6655684711015,9.937776669453442,0.17576097423268489,0.06697357902470402,True,-22.642966205548127,-17.449497221223893
0.1232170433699901,7.492455999325744,0.8388851943739737,18.179031649416785,0.2215298431858254,0.04614575795630382,True,-24.086040203635363,-19.50932752718993
0.07837857027108609,6.790949306523599,0.501291556392266,17.74799897787569,0.13237930603940384,0.028244961982315093,True,-28.755299883790094,-24.318588836211962
0.4166036897874064,36.81560984107912,0.8714224372989011,15.967274335678376,0.23012216353096784,0.0545755286080189,True,-20.315741168637793,-14.139368388919756
0.26859184788384394,15.945861406069122,0.5790824271191023,7.362506989855913,0.15292204479433577,0.07865288656662248,True,-22.45377503491931,-16.97910277294522
0.2436752003960519,16.922054403901324,0.7304869976090078,13.217622957312756,0.19290442972994792,0.05526613975660881,True,-22.22105376188906,-16.68750773757048
0.2749051361989845,14.723702607366338,0.8090022548190645,16.14517927668072,0.213638461912288,0.05010797594471721,True,-22.352671404830375,-16.959462406523112
0.08089313547932359,6.60847097212094,1.0999528119329516,11.743262433815168,0.29047165878420034,0.09366671469127658,True,-20.441316684154025,-16.044460215186966
0.1192585565632994,7.626720749146245,0.5761179473277969,12.534016429315018,0.15213919542746204,0.04596435233484704,True,-25.865567442394365,-21.264188003035784
0.2184619364860662,12.446103011074817,0.70598411513741,6.528311098202647,0.18643379495425066,0.10814192285226405,True,-20.93020575348307,-15.718277987539134
0.4082944230773432,28.94220955847287,0.7507983708047754,13.181650339848531,0.1982681855205183,0.056957843020239214,True,-21.16751480549487,-15.166838658605242
0.3905431319360511,25.358373828492304,0.7315345253667427,8.151939375856832,0.1931810571653349,0.08973748351628935,True,-19.964855019544686,-14.069100258751641
0.2804099798950647,17.867728891883846,0.925505660393494,6.210407815900052,0.24440427032159984,0.14902494132897193,True,-17.79839771869404,-12.212304517219295
0.46586543029272914,29.598100965487806,0.9361547667108413,8.3873849204378,0.2472164487559941,0.11161461833350274,True,-17.699100424088932,-11.68124610186485
0.427179894972934,40.0318842827311,0.7196717708597442,6.23550759557446,0.19004838279783884,0.11541510612071394,True,-18.895479009973055,-12.662296572057466
0.30991121628141555,23.20548868614559,1.0538494594111816,12.810045971984756,0.2782968480675679,0.08226742212447351,True,-18.419057578050225,-12.59727698575665
0.40719206767266997,38.89872870193268,1.0328298191830607,13.008178853778126,0.27274605561731724,0.07939849465423694,True,-17.995917935978014,-11.781969779397123
0.2680318523421511,21.737582876112388,0.5017152182158348,9.993011624526737,0.13249118515941744,0.05020660808443678,True,-24.090868367450454,-18.32547239831603
0.44099693385473815,27.440593665831216,0.9695912930670653,11.097890488840731,0.25604624869769016,0.08736717072870911,True,-18.394629836621085,-12.435494790705086
0.2831587294626096,19.431171705499107,0.5462260949035946,10.782517510633518,0.14424546047483952,0.05065849365557873,True,-23.78355518656043,-18.118836529287215
0.32748154233615945,21.335503237585037,0.6950933517357758,14.18831148159023,0.18355780056941903,0.04899056188875475,True,-22.541937717534438,-16.7929545065123
0.25329479792265314,18.864612339552824,1.0740161121529803,9.10646081327551,0.2836223865911171,0.11794001359861633,True,-17.40438662669186,-11.767072339113032
0.2311272146249294,11.912286755230518,0.7352968709594496,16.93289899506033,0.19417460411878334,0.04342415738580562,True,-23.795748997659906,-18.633337277982942
0.38251883060768155,27.24819386547846,0.8402280162066003,14.794989691048512,0.22188445083893849,0.05679138909538867,True,-20.70631173205954,-14.752737396633378
0.32037702565714626,21.94148591783734,0.7280199904380877,14.60819907880713,0.19225295117796315,0.049836395746705286,True,-22.20896256392269,-16.43540988364889
0.3192455439656582,20.679561345213155,0.5430149489154901,16.914813098638092,0.14339747236876446,0.032102923381353315,True,-25.417675160407114,-19.69644867357563
0.20802385946784202,10.411943719893868,0.9483285213993108,10.632322931900317,0.2504312509544426,0.08919297574700506,True,-20.1525211305903,-15.148204352362583
0.17631875343542944,11.67597256797169,1.0404238778667123,17.86099784660547,0.2747514678484733,0.0582511619340712,True,-21.036267276186624,-15.896805264287426
0.12052305583729248,8.835104580457237,0.7205236747390407,14.350580599023028,0.19027335056941905,0.05020867760486939,True,-24.030561370695985,-19.232039604964207
0.44331043517398916,42.31399284833196,0.7906108096347335,17.056944004869614,0.20878171393894226,0.04635125784601396,True,-21.26926111747659,-14.999643980103919
0.3293950829920848,23.89430001005271,0.5985036445533759,11.188511977774628,0.1580507313911986,0.05349269373284588,True,-22.804208959042292,-16.957715039270937
0.40443342292704626,31.654414606266993,1.104449728824166,9.645379132323262,0.2916591887351537,0.11450557968457374,True,-16.60928812400168,-10.540969498824467
0.14201420256022917,10.34328200958742,0.4965124140375097,15.833057022386441,0.1311172469835136,0.031359226037996846,True,-27.257795077869478,-22.261489523862
0.1127943852383291,6.983095789284087,1.0582396255987083,17.344543652596236,0.27945618766922614,0.06101282609648277,True,-22.088560130962748,-17.611507336640265
0.23536390905737087,17.643507458194573,1.0496275242921556,8.758784124111267,0.27718193433308896,0.11983712686818375,True,-17.596044718855126,-12.02204259122742
0.43968205976094793,31.03190871908637,0.7330958463821836,17.93911307228508,0.19359336531194785,0.04086577989827019,True,-22.480774031157388,-16.42721945199857
0.10936010532269645,5.448932474971694,0.41137414179881143,5.739177619677546,0.10863423235333422,0.07167823842711533,True,-27.65162266791289,-23.550894989423266
0.102038480692377,5.0164448458480235,0.4923509084763236,10.667711525816621,0.13001829127351985,0.046153376690473806,True,-28.0480206363747,-24.081990822668665
0.3714756677088981,23.133416453454082,0.6379518681844958,9.944077490330653,0.16846807914458564,0.06415395181753387,True,-21.895790168245576,-16.076656658545303
0.387210168437446,24.823187062308367,0.7451644968635672,5.936477982180418,0.19678041196211626,0.1255229951328607,True,-19.091300094297367,-13.213064463153241
0.4008674343394331,29.110229363620306,0.9965219895684868,10.296509034979284,0.26315801203891487,0.09678251008988617,True,-17.823005132241605,-11.817875073301316
0.44546762020641767,27.481360635025172,0.9058845901651088,17.525695199293764,0.23922280730379564,0.05168893900434908,True,-20.705317242244785,-14.745011199051326
0.162597223231152,7.713263812644894,0.5966657189620538,9.5291516449586,0.15756537848383606,0.0626147784391405,True,-24.583110608435863,-19.96615883269756
0.4175594872572272,39.8925156853882,0.5654133396313914,9.141684402811286,0.14931236038465245,0.06185001742758844,True,-21.987453401780726,-15.756593692225223
0.36815323650317106,33.512750746399,1.1060076693700522,5.559848859706094,0.2920706041792903,0.1989276502434489,True,-15.166264094686813,-9.056266080415718
0.28668077553493726,22.03645009382329,0.8331553886050014,7.962413016500298,0.2200167362887214,0.10463604272705718,True,-18.971259033906293,-13.193944777393929
0.1520314819629471,8.009355276487144,0.5850107044652665,12.19111414895659,0.15448756336548888,0.047986648087889175,True,-25.49440920751082,-20.826016830731618
0.2652307395382473,19.38641359613168,0.774708671604232,16.328194118338075,0.20458233341841076,0.04744607186744322,True,-22.293874827819185,-16.631278997277764
0.4747332794569491,35.21475840202928,0.7487153487264584,13.22149332918556,0.19771810839738282,0.056628652307657214,True,-20.96298765989333,-14.817656431744275
0.21268548143495403,16.431856404656344,0.43405760318748626,7.218890737008394,0.11462440082697722,0.060128019525526946,True,-24.854559617793,-19.349947731426514
0.406915494090747,24.630448434897993,0.8962506491808921,7.948561073372467,0.23667871014984876,0.11275633928049132,True,-18.170786789203976,-12.298994762020124
0.101152116820793,8.041160806995258,0.6739480161245301,8.733535184957042,0.17797381492574985,0.07716783660359698,True,-23.137940952799966,-18.464184970311443
0.10914647779914118,5.85219948098677,0.7297471269125813,11.79103598823552,0.19270904728613272,0.06188999233321693,True,-24.419222892747477,-20.206019473958783
0.32093925318269906,22.14640520988416,0.6719613289533108,6.35935719191522,0.17744917758508497,0.10566497661235147,True,-20.28577528362551,-14.50413479355652
0.34824676603763033,24.168194675824317,0.45020843475815325,8.545671630159987,0.1188894554603953,0.05268262744489806,True,-24.385533171184758,-18.52949666903243
0.10366962924845063,7.149200768983065,0.8844975227454531,8.408636648783077,0.2335749859768062,0.10518917152561945,True,-21.00022409061352,-16.489557004623812
0.2575277098543356,13.898096133151972,0.6154525329995129,14.650764254801974,0.16252653406935735,0.042008220342347705,True,-24.461414219338998,-19.128959668195794
0.2742199818680208,19.211585856085716,0.9079367487043467,5.443409788845498,0.23976473409239404,0.1667955902502267,True,-17.623923475705446,-11.969687741052384
0.1014044339513428,6.327143508282726,0.8884392902133205,15.281603409961244,0.23461591402618404,0.05813783190016535,True,-23.41913111350824,-19.08690815148524
0.4555374660482894,34.05995628829339,1.0551085529553577,7.317649771815825,0.27862934504959624,0.14418680667379627,True,-16.116005302761852,-9.994368350969031
0.21331096135472066,16.737472128681574,0.5717835667714679,7.985885548141315,0.15099458749852152,0.07159926890068545,True,-22.694703797806064,-17.171909487165063
0.420891874792365,35.73404658428429,0.9632955261537253,15.289719124125854,0.254383684777859,0.06300282682326898,True,-19.310242596734028,-13.154621025814038
0.10344612987254326,6.966596557531464,0.6558067915395318,17.286491503419708,0.17318314432568926,0.037937530088728334,True,-26.238550924704587,-21.764899530590508
0.08298696985274505,5.851058041749164,0.7949060112818931,16.50826467620162,0.20991597563974249,0.04815200306473355,True,-24.948319814932596,-20.735418980165573
0.08845392806619108,5.149449937691248,0.4932023532283428,13.411985432712633,0.13024313780038813,0.03677325446726126,True,-28.755352335422558,-24.7461765954772
0.2541345537961817,16.529143842672216,0.921755683266085,11.13073375930015,0.24341398958884083,0.08281176274618224,True,-19.62100689666579,-14.110554465906128
0.32469881828109504,20.932959800420914,1.1107688313247936,17.846638427129584,0.2933279150345657,0.06223966691879954,True,-19.395971130432844,-13.66387314728663
0.3582840559619318,24.837152249516155,1.0266686517455361,7.046004529077535,0.27111903625229555,0.1457093374704299,True,-16.666550628681545,-10.787850927791068
0.34924037031314625,20.567746624271294,0.5886092877960415,16.94305806160206,0.15543786455843417,0.03474043975154656,True,-24.73239932270962,-19.01603133729754
0.261363569758378,19.312385061171632,0.6231539896707208,7.8338215705908905,0.16456030758224946,0.07954661515525398,True,-21.654097449185375,-15.99502826760199
0.10974811181463956,8.186817632746228,1.0251601088263413,13.625677418817666,0.2707206655591786,0.07523736819209807,True,-20.973004371001835,-16.27506789876094
0.14921605191755724,7.195368725806935,0.9510071267137115,8.059611420581883,0.25113860759780154,0.1179966473675292,True,-20.22995849118584,-15.710146506567868
0.40960779792936597,34.6014941363709,0.8283056255856454,11.812931299358304,0.2187360279768193,0.07011855098409318,True,-19.69413228236018,-13.561241112217356
0.2268224950948871,16.67466223143706,0.9436055902189794,17.957515465132246,0.24918403594722455,0.05254655590029477,True,-21.211341480297175,-15.69224479227156
0.3332896432608043,28.886860593832292,0.7693569810504677,9.34237051348443,0.20316907785363805,0.08235136681209618,True,-19.762724958048455,-13.763524226807755
0.43058419470896797,29.082551387515437,0.5331572140766364,16.181507785700955,0.14079427652305834,0.03294854973575264,True,-24.92006997761937,-18.915671047840966
0.3295043003546421,28.61984349770233,0.8914226801041167,9.432581765961032,0.23540375710543102,0.09450463321939673,True,-18.526133577695756,-12.534108579623132
0.41576520273275147,31.52995869038833,0.5090528947915905,9.124358177678147,0.1344288929078401,0.05579054272956304,True,-23.165574801095236,-17.100174068125533
0.4188049288472132,35.92673176626708,0.5853115274671825,10.766512680222796,0.1545670036427617,0.05436407728775093,True,-22.341088380923,-16.18170358275256
0.08930914334003863,5.712663539618556,0.8338493322081966,15.871140523348966,0.22019999046775166,0.05253871522222816,True,-24.46134704018234,-20.28577203465279
0.11171562570106673,6.339076182337759,1.092733937318116,7.8288723111597065,0.28856532383857514,0.13957743770587147,True,-19.335436713103874,-15.0003891822393
0.43070713546196304,37.44085909548441,0.5400884145647846,10.403591663386283,0.1426246435000019,0.0519136498278317,True,-22.875895872419058,-16.687926368828382
0.13946535421917933,6.598094613106829,0.7499096732571643,12.470242586750887,0.19803350140678944,0.06013593304543346,True,-23.990627516712657,-19.596084605913642
0.1941689495482149,10.170578658064336,0.446279376651824,5.592053492105847,0.11785188365438355,0.07980599207103879,True,-25.077397586263213,-20.10158403831813
0.15150629644816793,10.096858438511132,0.42027075757166277,15.121675862053833,0.11098361926618237,0.02779260456351175,True,-28.583828898323826,-23.61691516970209
0.4041182509893383,35.694526951830674,0.5669654654104448,9.926033110021471,0.1497222402856739,0.05711903830322992,True,-22.351746277156252,-16.19690018564348
0.41912367148109436,36.8966231877184,0.586327835764426,7.475968861376515,0.1548353867531405,0.07842834108012432,True,-21.18147435115922,-15.003582905906484
0.20556616951329915,12.837248043124383,0.6714151506200433,12.952990524736723,0.17730494473733452,0.05183475965166663,True,-23.399434822549562,-18.1531204403312
0.2897587844292364,18.79188286334487,0.5898355840608683,11.815788399084958,0.15576170055061564,0.04991927446047921,True,-23.49196270631996,-17.85825231473337
0.11717975752726037,8.656164633902234,0.689939231602651,6.723757505160653,0.18219671870445167,0.10261215266509914,True,-22.042779919465637,-17.270939848440264
0.4631996322315432,32.87607394512311,1.1291865435913913,12.865875408887025,0.2981915995263462,0.08776600951781427,True,-17.374013156542453,-11.277909175242698
0.1759066709598388,9.413959445590123,0.49945641798213797,8.092149709289405,0.13189468916101998,0.061721104517973226,True,-25.106763054320332,-20.226974542508486
0.3110484978440213,21.522461515890818,1.0893850215770362,6.167725728237362,0.28768095398208055,0.1766266967075991,True,-16.07137767531751,-10.314707824893555
0.15663121226342097,9.67242619356931,0.5596188348236016,12.823048225321116,0.1477821679935862,0.04364163847707807,True,-25.576019094885375,-20.662219515924768
0.17808392317762572,9.575193045195087,0.8937202902719339,10.458685701299965,0.23601050189433923,0.08545244744861667,True,-20.811653028097638,-15.91049365080384
0.44021761407861626,27.798421028152024,1.0082840320158237,6.472402722697445,0.26626409072093055,0.1557820295205009,True,-16.47862558606369,-10.509297310284069
0.15172809814162833,10.125874029479442,0.4301799636200075,14.552607991630062,0.11360040744733987,0.029560334743258778,True,-28.226985407136663,-23.25655770793457
0.2786378509605908,18.020847410770365,0.4415564708545821,10.425459254221101,0.11660467535024223,0.04235367095946426,True,-25.64015172120326,-20.045926558467034
0.410472665886786,28.191767802978024,0.7017163458858866,10.17554696276877,0.18530677750372956,0.06896104439922404,True,-20.8715166627889,-14.891200322703284
0.38733922757988276,30.18239331192908,0.8261513926310016,8.470168597564875,0.2181671457366409,0.09753659364803144,True,-18.788827528794915,-12.756128413917784
0.1940277728616427,10.368769390901873,0.9164487930575753,12.161602930835532,0.24201256474122163,0.0753559212769507,True,-20.93246203380954,-15.933173818764955
0.07362515327019441,5.256547372679397,0.7682960397203054,15.111895496809401,0.2028889082093572,0.05084048125415616,True,-25.282273551778708,-21.23950069745306
0.12116583306313683,9.211907609436796,0.8235302430347404,13.07143153333213,0.21747496179666842,0.06300229939886381,True,-22.411955250311518,-17.559700359018578
0.12442266609900232,9.582140480910043,0.8076538409605698,7.555100445025117,0.21328237753670806,0.10690180055678727,True,-20.701601062483235,-15.799532432726284
0.48309708179660016,47.10684143381496,0.42872123362582293,12.329966938146292,0.11321519117575778,0.03477067179308087,True,-25.23604526274218,-18.898472745785913
0.4856635306514471,37.94663732895942,1.1168640410928745,5.382050644972505,0.2949375165308888,0.2075164495406899,True,-14.892309522782634,-8.695163104587092
0.1270587738925759,8.750024020715326,0.7229865208712927,16.282850700644367,0.19092373028898932,0.044401716515320114,True,-24.51552500590864,-19.729592095910043
0.174250219779288,10.510509982151424,1.1233973553891232,5.789295534118015,0.2966628111257133,0.19404733248952544,True,-17.037185020539315,-12.021499362575023
0.19240418269710818,13.494452887881426,0.8862496463839311,15.531934097464736,0.23403768060710525,0.05705983819031223,True,-21.57784790769226,-16.277019889482823
0.458559821387809,38.85179591894885,1.1114407507741486,12.176206944478416,0.2935053531527341,0.09127971919680268,True,-17.117800431678273,-10.90466645511247
0.26030980624176514,18.007866991376165,0.8417167714004911,12.530196337550596,0.22227759605935307,0.06717506643355838,True,-20.68648080345978,-15.092941148911933
0.18076550555981777,11.837911847154878,0.5574195064668188,9.59029907450837,0.14720137711867293,0.05812326624395642,True,-24.138847604361708,-18.98358786041596
0.08577754659453472,6.10276501359675,0.680809567492198,8.107122608174073,0.1797857892086257,0.08397672027382022,True,-23.666926482490997,-19.389278046102373
0.38486008180106157,26.24036838653456,1.018490891622949,5.63708827708512,0.268959482203997,0.1806767681398809,True,-16.214657933855644,-10.291168590483164
0.28148614673984074,17.323828543137125,1.0901284362483272,10.151177545086728,0.2878772723062775,0.10738935767860353,True,-17.767753853206646,-12.211378411062924
0.09946520639225241,5.420277139233216,0.6277847022921829,13.467279540540309,0.16578316983771776,0.04661555441857236,True,-26.48480946616148,-22.39252675803246
0.21917964905031412,14.16602177885787,0.7204226330050149,6.106854787091818,0.19024666782469538,0.11796950445387808,True,-20.360579795493354,-15.007852282991918
0.34267693373087155,22.568169290801304,0.4085908844423823,15.130093220288533,0.10789923956784862,0.027005179577775953,True,-27.319291142023893,-21.52133963991352
0.34045208714267466,19.53156963134111,0.5028670333615191,6.2172023019418,0.1327953524403681,0.08088317042610309,True,-22.952760138821557,-17.283305271467032
0.26156473484099413,14.396734656178959,0.7799635134169557,8.3729569863639,0.20597001350925767,0.09315269559931995,True,-20.4079533516582,-15.038205338215061
0.2099996100239933,13.690988580457592,0.7534454682028183,16.702898830503635,0.19896722166446132,0.0451086650196815,True,-23.244356300423483,-17.927961799364702
0.07719127588640569,5.42314044632977,0.4196302607746596,15.670600174560828,0.11081447913121191,0.0267781869296796,True,-30.56160111290073,-26.468471689846833
0.3835425879866449,27.765562502999153,0.6814629030694412,7.694074941615655,0.17995831976339657,0.08856982915302133,True,-20.298654134230034,-14.330253941647415
0.37551458880663524,29.579244552216895,0.9355953737154813,16.806373746827468,0.24706872622688947,0.05566908054107111,True,-20.16302876778557,-14.145660585131747
0.26486633277434773,16.57378705780326,0.8735818301647611,8.544699416545622,0.2306924083823,0.10223669523976364,True,-19.22478254653768,-13.711666549417023
0.21351991360240474,12.40717319704173,1.0290994762244425,12.281431381914484,0.2717609598065982,0.08379312184570639,True,-19.56517565443481,-14.356755197631392
0.302730578476763,24.301712703543863,0.9242856751481805,7.2542829314204305,0.24408210092119098,0.12741241055609062,True,-17.68118739012432,-11.820555566466286
0.30526697253515017,18.569181032864154,0.8230068746013599,14.433779149100822,0.21733675250682427,0.05701950030547824,True,-21.360312610669524,-15.737763789787945
0.17255456695925553,12.830744850334575,0.6939660717805625,12.107287438795904,0.18326011245502657,0.05731804710912016,True,-22.86644513268504,-17.620690121646916
0.22821175585706582,16.18362379886491,0.454715724564737,17.804541710305134,0.12007972465425168,0.025539310809755415,True,-27.570998527959038,-22.081517262194424
0.1815914321660796,12.136340016162043,0.92416169843286,18.009698911382284,0.24404936158750407,0.05131466677928647,True,-22.015927161599347,-16.83235202899167
0.22435996292509974,16.268982826540093,0.9439049839040591,10.21761705915593,0.24926309877554878,0.09238014876063814,True,-19.150225626973768,-13.655503961964534
0.16034784561625506,9.071251173843345,0.6054290364327015,8.399381358117525,0.1598795644512126,0.07208019384041764,True,-23.635299918122307,-18.802728542103967
0.384263080548211,33.1323719835942,0.598064977649256,8.82011508696032,0.1579348897824395,0.06780693582257638,True,-21.60139697271076,-15.49965329460256
0.20729482869723964,12.052430630254273,0.7908258027110657,6.372689988928523,0.20883848855220918,0.1240960731002124,True,-19.961557621061583,-14.785842142611365
0.37371777709360976,32.095446667217324,0.9870437572974634,5.610186749209826,0.260655033892727,0.17593777202452035,True,-16.220345227938182,-10.141819014111155
0.1347944246739749,7.941986830421762,0.7591824549809619,11.411837455574965,0.20048222489713816,0.06652587350077288,True,-23.017767041868122,-18.360836897997302
0.22120916032270033,14.94492879056221,0.9393706559286422,15.02124520763246,0.24806568943743693,0.06253613751350906,True,-20.746070182120203,-15.337408229519951
0.20454973783819025,14.004197756643439,0.44065163407833335,17.654370468286697,0.11636572924594159,0.02495991770818987,True,-28.079245511325812,-22.738695981681502
0.17210817259785555,11.2997797831558,0.7342703350617994,6.849596091619666,0.19390352013976428,0.10719907060799737,True,-20.903176494445525,-15.801658080474992
0.24986492045826802,15.514609804713144,0.40753812102559533,8.737070381003553,0.10762122951808654,0.046644710784484365,True,-26.032405741134696,-20.58542199267214
0.12350378080295002,6.084274108341884,1.0691377341395745,8.117954277609222,0.28233412173251815,0.13170038874060286,True,-19.760654149904564,-15.48763120175276
0.3190442184417071,24.24793206357647,0.4708175974175938,6.465213337391858,0.12433185044215929,0.07282321136946845,True,-23.277816118232984,-17.419030874858617
0.26717451165181516,19.962942674983537,0.86785401756087,9.256491039915408,0.22917982783320032,0.09375626399016111,True,-19.215776445186258,-13.526364549617771
0.14905363426127852,8.826754785051435,0.649558797125673,6.939758270149702,0.17153319599901629,0.09359962866713237,True,-22.588619629361073,-17.79132563344919
0.28400152356286334,18.861111664780882,0.6055398591863097,9.855832353161567,0.15990883013308765,0.06143974831228372,True,-22.634594223378347,-16.9974529423314
0.411481201242591,32.30984673608907,0.46613893758057856,17.1411278126767,0.12309632645512877,0.027194181309111182,True,-26.18279301852339,-20.09937774683154
0.2920028915832139,23.84664584470603,1.0804630296528286,16.303290111847325,0.28532486582468986,0.06627269847008822,True,-19.083931427962884,-13.23911395455054
0.0736197342239576,4.780213295236783,1.0500752100701833,10.902030638699447,0.27730015761425797,0.09631923123960799,True,-21.733870403982966,-17.84866658535395
0.39168197331554416,24.13044582338917,0.8194025766524557,11.562582543733612,0.2163849422176803,0.07086674396080608,True,-20.17744914082406,-14.32271851059615
0.4260411356425245,39.69935161212821,1.0484154364071,15.138252035867554,0.2768618504397212,0.06925604316291309,True,-18.418472882782876,-12.190852042270787
0.16336878405609645,11.281738285720706,0.7265160861955573,8.52500161771075,0.191855805450218,0.08522181212097545,True,-21.57851193346864,-16.47885869164414
0.1890644919852551,10.889553768204344,0.8589938681238163,17.532290430625952,0.2268400708216843,0.04899495998670539,True,-22.780796397799172,-17.722776278483284
0.13019315093533046,7.234572876770148,0.5884187854877585,8.366969044884673,0.15538755738080903,0.07032639685066136,True,-24.490781333366428,-19.96326954641387
0.15181434971545904,7.832868850595509,0.7775082114278444,10.325934806974312,0.20532162602039805,0.07529664151111067,True,-22.50429179074156,-17.866225754844287
0.4017081183895387,38.43540836557249,0.9130096844787797,7.257391346342069,0.2411043770782743,0.1258041134765266,True,-17.213498972104862,-11.00765155164677
0.2659955997888214,17.649838496609952,0.8835842500628635,16.295158488560695,0.23333381214811444,0.05422372851931113,True,-21.29878382914336,-15.72443726918545
0.3768764688034075,24.505068256878648,0.7151528757049159,17.464447355930854,0.18885504890455282,0.04094906990927789,True,-22.901681676970757,-17.034120618001655
0.17218666980995184,11.310566984032327,0.4028807684603626,17.720985008587462,0.1063913322802326,0.022734671253608618,True,-29.315024225941638,-24.212392645853868
0.09021905237880173,6.3541524815554995,1.021336735616778,6.23981581170872,0.26971100264792947,0.1636805903309338,True,-19.377459232324842,-15.038853876445033
0.16496702819867048,10.686570192515314,0.7243141508578776,10.071229834753044,0.19127432613298492,0.07191913626660258,True,-22.250642017177075,-17.215024838014955
0.38010224266016807,31.492728395705406,0.945743621850069,10.074838230731348,0.24974863979902462,0.09387184192846498,True,-18.10568990397625,-12.041165289786555
0.18112976908756578,8.545646583225258,1.10540936123086,13.703427351223075,0.2919126050762653,0.08066663418565859,True,-20.225005098653234,-15.470042417303416
0.4113640117041664,38.18004509305489,0.6796030131891311,16.899732728852655,0.17946716660407125,0.04021383202284941,True,-22.657840834484713,-16.4565191452808
0.4745977915875367,41.3992001474494,0.7064929884465132,8.424758370658544,0.18656817642280338,0.08385913961723371,True,-19.765920058149977,-13.510556721109205
0.26025192993727864,13.952100613055773,0.4671836790689993,14.829896048392243,0.12337221810234313,0.03150282898440466,True,-26.894696792191603,-21.55811093463237
0.36391375610396004,27.452854689139535,1.0054752007859773,11.868558503647446,0.26552234447715795,0.08471755019592099,True,-18.315866339582623,-12.356378841240884
0.33038056569335617,29.230172315571462,0.3959205214432465,13.649058806593525,0.10455329479837314,0.029007166505282185,True,-26.84353378888108,-20.835246971615856
0.43024869210572747,26.91937416593707,0.9795964816271027,14.025646969261306,0.2586883836019827,0.06984322960459452,True,-19.185552687310043,-13.241614663729464
0.09231777208902855,4.971146323887428,0.6283217533558426,5.864824528200286,0.16592499238830422,0.10713393901806183,True,-24.35361543560733,-20.402656370772423
0.44235720896302066,38.18631784404678,0.8078109179777057,7.2415612380254,0.2133238578813459,0.11155203849356334,True,-18.278568526342806,-12.07713514028148
0.0854629952898376,4.970033398868693,0.9213365472798222,12.241774732736161,0.24330330563597927,0.07526168120183127,True,-23.126929231708715,-19.17634291187188
0.22787931853618026,16.274225243672422,1.1087329092325153,14.64689532829741,0.2927902759096106,0.0756974692848711,True,-19.053839490683515,-13.558797271261822
0.3400357971057198,30.02307063641735,0.655748594550823,13.259824580374655,0.17316777587018542,0.0494537910796626,True,-22.318479681794344,-16.289786835773043
0.14512748381005747,7.948683169217927,0.7103522558897636,11.891787306821653,0.18758731815667726,0.05973469231847715,True,-23.73953436894364,-19.08145867030071
0.30387194122642425,24.479500122106955,0.6187431085449041,15.449486928275602,0.16339549765275405,0.040049427622899404,True,-23.678393362558666,-17.81169894729922
0.3513904742993625,26.78127279129662,1.0386285337637056,9.7617491792385,0.2742773597103502,0.1063977894425605,True,-17.39675774343972,-11.456917852282647
0.07149974503725115,5.951908011569021,0.9080935216223703,10.697494563682849,0.23980613413161095,0.08488843029706006,True,-22.121423792112914,-17.88211040800136
0.23349534018156054,12.948157652258859,0.8525513409871691,9.363938829047864,0.22513875097973984,0.09104623135111375,True,-20.184412946015073,-14.928620920840558
0.27802698264060866,21.458414416451344,0.8703205985691642,17.04413294515141,0.22983119384566203,0.051062767544109454,True,-21.293739869007947,-15.539692372123241
0.45373980444646916,37.644566146595146,0.46910051211528025,5.155092893090983,0.12387840861208615,0.0909974896367015,True,-22.38255090114967,-16.190863763371727
0.25719326250418306,16.040400610105923,0.4532331677956787,8.16842644229866,0.11968821629200352,0.05548598264271512,True,-24.851822683764393,-19.371224229626517
0.36228953948477577,28.64311729303689,1.0685639888001779,14.825317918424071,0.28218260908702436,0.07207696959214795,True,-18.560522189730506,-12.567867886648994
0.23908061821636833,14.163640263172864,0.845764483397958,8.523125056027203,0.22334650156641642,0.09923173458541104,True,-19.787866457771347,-14.435316713332679
0.189377913680073,11.173432505447709,1.1211789134965975,7.951697279354747,0.29607697281569895,0.14099869173937887,True,-17.631947871697985,-12.543582186639767
0.2065042997993281,14.895858982403357,0.4312896678836171,14.582933899373236,0.11389345423508722,0.029574958705816647,True,-27.399670821897196,-21.99440795315119
0.4141140872430012,38.21795927554187,1.0731429287237306,12.467913641948407,0.2833917993910432,0.08607237421930254,True,-17.526695349457444,-11.324698940849904
0.3804012416937324,27.86936646732871,0.8770948597221856,13.510974130569732,0.23162011683654707,0.06491721849556974,True,-19.958470332010815,-13.987143622093809
0.24831296493948124,16.864488367539685,0.9325449750923495,9.20997111893567,0.24626318771796282,0.10125384358426924,True,-18.855566026827862,-13.325354969065737
0.10157919480022498,5.854504101230304,0.8871608805044671,15.49010204374738,0.23427831609952035,0.05727275895271278,True,-23.743329926817808,-19.529515834017523
0.3265840356750172,18.232991028467186,0.5857239782593004,15.845491094875038,0.15467592219313372,0.036964709692635725,True,-24.70555941228808,-19.100230647667452
0.3049122838494961,19.116972799044547,1.058854085999376,12.757480461635073,0.2796184522044888,0.08299868372784222,True,-18.66051403891069,-13.010848509556165
0.4475121814163053,40.64566506028409,0.861147524620079,6.005222907591988,0.2274088008327668,0.14339976015401357,True,-17.249020014339248,-11.005746495468173
0.14479458123561023,8.201381944438406,0.8073782746979054,12.336189548637517,0.21320960697005034,0.0654479465895591,True,-22.674375302875703,-17.9740549029044
0.14954165456774887,7.109976980787652,0.41922154640188203,13.75902851598986,0.11070654728128007,0.030468833312954444,True,-29.17819930084915,-24.675368313691656
0.23454297297096244,12.64856589958474,0.7904573682842408,10.772286322089597,0.20874119368832775,0.07337879301103731,True,-21.35274718145009,-16.12282967392284
0.4479853883559837,29.754936501295067,0.996979296597023,9.075575893682949,0.26327877606598177,0.10985300638507912,True,-17.382881620325282,-11.361001218295385
0.1768750342593815,10.537957398999435,0.6386854718221481,5.9614531979594325,0.16866180660562508,0.10713586949584138,True,-21.9866489251649,-16.96782459587159
0.09936127467822231,5.686492329660954,0.6233298302796418,5.015815553039853,0.16460674295002234,0.12427287719977474,True,-23.711777296054436,-19.54340666553102
0.4323266694802614,28.38277165327856,0.9810299597585352,17.324675787729873,0.2590669314507185,0.056626165579002956,True,-19.92479067927064,-13.939218434048207
0.46484235677110525,39.63352423378327,0.8724024932385712,17.24543704264174,0.2303809732466292,0.05058743893132049,True,-20.527837494746116,-14.30132565118166
0.11997321955792124,8.58084267178004,0.9962145522838712,13.20846024569585,0.26307682508519686,0.07542245907190437,True,-20.979740738965983,-16.219369428335447
0.23310085885273013,13.831427832391213,0.4433926896376734,9.473749519879483,0.1170895775297075,0.04680223904033658,True,-25.768546090821474,-20.44122355756343
0.23369134777813105,11.980789034569755,0.9768234053072092,15.514964502685183,0.25795607938871457,0.06296007993689898,True,-20.973102828079853,-15.804160326321771
0.33658816243716017,20.305866153133007,0.9256501693097111,12.146564257263147,0.24444243172647767,0.07620674864962002,True,-19.55291246829793,-13.848074214845475
0.21712272242378383,11.688587979913013,0.5107342244654918,11.485303881713937,0.1348728925176806,0.04446849902497099,True,-25.536775788538865,-20.396071829650964
0.3311652189007614,19.447884158126133,0.6860102493082446,10.982872843044845,0.1811591669185851,0.06246182206713576,True,-21.866593062351967,-16.201083559687138
0.3121007581027906,25.66778927122271,0.45915160213490275,12.715674018784004,0.12125113555660245,0.036109104515940654,True,-25.46556042333561,-19.559919132203248
0.4579905093702236,30.661691764813735,0.9138742266025616,11.629991256176012,0.2413326823128802,0.07857909833915448,True,-18.93071106863725,-12.886142237271152
0.11895043561908955,8.730894946479829,0.4243612318102036,18.171482402728053,0.11206381727503606,0.023353143260700347,True,-29.584895532420514,-24.801817202813975
0.19025001622547713,12.80904588066881,0.8726587086589057,5.0898427397110675,0.23044863371109936,0.17145101593226109,True,-18.623561398388077,-13.379675771189268
0.38697480015854496,28.696418413422393,0.6494334041858993,7.3412785292138345,0.17150008267377112,0.08846325631176483,True,-20.551323206572988,-14.557230470053009
0.26335690574378295,21.335786720793415,0.9705856436827469,15.790285153053054,0.256308833300972,0.061467265111110676,True,-20.054641467795072,-14.305646528030959
0.44352166163591944,40.18678556057369,0.9505548845158978,13.871772043628269,0.251019181073367,0.0685244020393571,True,-18.92214394137126,-12.686393664254833
0.2789964729138117,17.160717138050362,1.043827270023875,10.848746428429411,0.27565022364477604,0.0962163948535565,True,-18.386359423426992,-12.839159350783888
0.1709682529707594,7.977690419031305,0.8287131131570356,9.096602064890565,0.21884363585736796,0.09110139228312009,True,-21.488840121174796,-16.825818014759058
0.0870686624676186,4.6873705868943984,0.5754753154059788,17.122093080959083,0.15196949145626154,0.0336101031973682,True,-28.728655073233668,-24.876803161223737
0.19494521983168817,10.091156099336269,1.0141113298056528,12.753481487002597,0.26780294296702517,0.07951643093214664,True,-20.290271957755852,-15.324050520834367
0.3664513565599153,22.412148420132784,1.109075774520253,5.493282452965125,0.2928808185654303,0.20189673187505663,True,-15.660023071047702,-9.868053714216003
0.07472069964443888,5.309868052416391,1.0904850716509071,17.36127806449277,0.28797145132545426,0.06281133610095006,True,-22.747580730215194,-18.688444380616094
0.23093277672892926,17.738567205959654,0.4299437661053066,15.754024942815825,0.1135380332407816,0.027291042617104033,True,-27.414730554206784,-21.835575472303912
0.40025201070778854,30.470137464298148,0.9022608094152298,8.331994313538313,0.23826585206529058,0.10828869721492532,True,-17.963485766699414,-11.92362825467243
0.08466899036903017,5.069153731753333,0.7455360303720535,6.925367421306012,0.19687852522055166,0.1076529207791054,True,-23.132216328166265,-19.148894080906032
0.29814903631184275,21.450872396535093,0.9636879814143813,11.321455974393329,0.2544873229788115,0.08512049895296452,True,-18.86737856087372,-13.11364060928433
0.4131510147152152,27.57837420987963,0.9516297770253792,14.971687195230091,0.25130303489587336,0.06356195962526948,True,-19.6546347143871,-13.69155212375507
0.3286734860722462,28.294242415844945,0.5731138356341152,9.800298347504107,0.15134588020759973,0.05847922331671394,True,-22.501198803462774,-16.518056251700294
0.40244937130307806,30.95743385589717,0.8814305732522127,15.810431778794475,0.2327650767724801,0.055749936850834104,True,-20.3836080423703,-14.331848558746032
0.18962578973368677,12.263349447709617,0.5763623358474426,17.125097985242522,0.15220373268571455,0.03365600222224248,True,-25.89425411447244,-20.698929478259622
0.4080706085285332,35.83175068585091,0.5877311711983247,10.649788766426827,0.1552059746246319,0.05518712005360439,True,-22.270945149670073,-16.113411701231783
0.09737226437045704,6.314701625357115,0.5979717953021569,6.68183060981777,0.1579102825168935,0.08949221107514205,True,-24.190978161647433,-19.861708437458585
0.472316205299774,42.85833587040691,1.0379715156621485,10.240848165013684,0.27410385668754766,0.10135601064843651,True,-17.00213622698036,-10.724248403963044
0.2586327557413783,20.25954959451773,0.9380341550602623,7.443652641669276,0.24771275100226656,0.1260179914641884,True,-17.889835240138524,-12.187058497569021
0.48162824045080804,41.208555456238464,0.7610650361127969,11.839658669760865,0.20097937028212878,0.06428099469257492,True,-20.242295147727067,-13.989960128929733
0.2651665437742731,21.19098159252433,0.9677047682706549,16.318998302068543,0.2555480618836687,0.059299275014201805,True,-20.21991727811215,-14.476942916236554
0.100854238041166,7.356019506061109,0.6138381019274062,8.491680538734313,0.16210020080631174,0.0722869989194034,True,-24.11786229663854,-19.56687237058833
0.3838445138734419,32.16360186457306,0.7127631585527888,13.72727174433617,0.1882239808281109,0.051923147718473096,True,-21.638825812610488,-15.558740302181363
0.46051798811982725,46.26503643264106,0.8200225077873148,8.441526825623093,0.2165486514451316,0.09714149166691614,True,-18.362556253248837,-12.036172376720911
0.3021523366471628,17.257952300290714,0.48827976878291623,9.632253196582417,0.12894319906314755,0.05069216504360173,True,-24.5783289120002,-19.025644111192644
0.40915027712646174,28.4604405432166,0.7617445783899961,10.012363579632535,0.20115882140978686,0.0760803952365015,True,-20.092511530349846,-14.10481667706669
0.08304109512921334,6.870203917502564,0.5381887557301754,12.381055351328472,0.14212298829549969,0.04346873028658485,True,-26.720513893167357,-22.266967431861154
0.48077977799177773,38.67481157574446,0.82560265176806,8.787913964525602,0.21802223618509273,0.09394751190109409,True,-18.611996176395078,-12.401945394340627
0.45140265738305935,31.231033250860772,0.9926701044824133,7.221153129915239,0.262140819811885,0.13746697883611633,True,-16.717376929545523,-10.65905330208893
0.10001200611088881,6.313498813464468,0.7459936470255517,12.362348043415512,0.19699937101228643,0.06034400943944351,True,-24.145389246419676,-19.81640546648523
0.4300077471765931,41.69083649909671,0.6341533243568441,7.379660984085704,0.16746497308893266,0.08593258223167713,True,-20.333267085609222,-14.073310259290057
0.24213898015360114,19.5590017286812,0.680715274678569,16.87145534545305,0.17976088869499535,0.040347158009817176,True,-23.532231574334105,-17.86148871870968
0.3978547764525486,29.110696987657818,1.0455452183591118,16.862645494791124,0.2761038933815394,0.06200362918630301,True,-19.231583620453822,-13.226441217616626
0.17670111943202763,10.124900023481233,1.1187222679393956,6.5530780477834885,0.29542823052211703,0.17071706757983632,True,-17.39807202221645,-12.427762047013989
0.29898511483123924,17.282445511013183,0.8313220574900779,10.249593124308786,0.21953259667448044,0.08110781056454285,True,-20.158251739102496,-14.604192367786542
0.170698627083024,7.923207266672279,0.9801711213103098,10.19497559562136,0.25884013242263537,0.09614256671014333,True,-20.417649673382144,-15.763939576203992
0.19185003121867528,14.485077071365925,1.0855480272731999,12.913966790102567,0.28666769406030057,0.08405999836589159,True,-18.976890029793076,-13.600728160028176
0.29351909412220967,22.442726356820113,0.9363737974776546,13.191016142828069,0.24727428962832138,0.0709857214439662,True,-19.60334572028575,-13.810199214012801
0.18384645157049825,11.928594433612266,0.9191454540019836,12.704277421308815,0.24272468945166656,0.07234929020522694,True,-20.753486370915184,-15.589515049608833
0.4753057897013318,37.471898283713706,0.8896736195625956,5.323863039638458,0.23494187136697203,0.16711053852035476,True,-16.867486430221316,-10.678948568691792
0.27768413556159793,21.632286541053368,0.4107727091470981,15.299578667498816,0.10847540814006351,0.026848628846211982,True,-27.379486665668242,-21.61834624921188
0.22170171185469467,15.566341891088102,1.008403552711727,10.49935665981035,0.2662956533247272,0.09604431827444386,True,-18.74723388976253,-13.296870528784988
0.29669936286764237,19.41079042382404,0.9529626814164307,9.861171159267311,0.25165502358599645,0.0966378806355934,True,-18.65114665773042,-12.987393786246948
0.09402228458905039,6.2267936032848725,0.4337743840395708,15.684078675334593,0.11454960931337593,0.02765698853077941,True,-29.799632225143306,-25.491468662155647
0.2175110311310181,15.013945314207442,0.8418395656671398,11.237018753191675,0.22231002313616557,0.07491662905946742,True,-20.616194884300537,-15.202779205395379
0.39395624386564315,34.4122677690274,0.9112176881072245,15.66240212073924,0.24063115299726467,0.0581786676834611,True,-19.93041382961648,-13.801425920425835
0.16573786737726004,8.41468515468402,1.0808823595749333,15.575603591598375,0.28543560099144444,0.06939585700280478,True,-20.951674660102665,-16.217120670281968
0.10459060340722517,8.36903883801327,0.7255702411957046,8.01821894922523,0.1916060300388736,0.09049020060319178,True,-22.140271333470807,-17.412937989165034
0.43136936103710144,32.643726568133516,1.0096054302451989,18.04937507615675,0.26661304090446303,0.05593575544778219,True,-19.663486223683687,-13.572550325420536
0.32137235124944,18.09949315041127,0.9065232411129155,11.004946164790027,0.239391459993421,0.08237416408390143,True,-19.57036152844533,-13.971998173815876
0.16660145561205345,8.633928481364201,0.905194503398389,6.813672316460492,0.23904057162453785,0.13284972645538254,True,-19.72102564506796,-14.952556405366998
0.23394641971141122,11.660447948630422,0.8568582856211913,12.304773897297858,0.22627611372709047,0.06963624791263806,True,-21.29505252092744,-16.157121504008966
0.1776015840594984,9.708139023723636,0.8009337711519966,6.308390857517352,0.21150776520491937,0.12696324454873767,True,-20.322106806703367,-15.40371023787074
0.3367701821414372,30.052556587141886,0.6969502903737936,16.420751275273815,0.18404817437508952,0.042443264543154835,True,-22.60902921931583,-16.579592609817944
0.4191495986683357,29.67804485602477,0.9459579048055213,6.627182038896882,0.24980522688607434,0.14273908567071436,True,-16.99899048300714,-10.979080091549749
0.276319844654066,22.478025040160222,0.8807598300867836,6.613742155349003,0.2325879492832217,0.13317117743612827,True,-17.99634769291503,-12.201845181793773
0.4845893627870551,39.14459057618911,0.9253583645259347,15.253069708953165,0.2443653729484418,0.06066702520757332,True,-19.547558162653434,-13.329368063055963
0.21013053696988554,15.27751378670482,1.035749856054448,8.746288645746064,0.27351716865465964,0.11842164122472748,True,-17.96212786929195,-12.53084339265767
0.31430788946706784,27.457631957568054,0.9507883154055801,5.082861916538101,0.25108082467934895,0.1870576716459681,True,-16.615406497253655,-10.655781734398563
0.18557141367162028,13.073054429500248,0.611512657829215,17.147456505955876,0.1614861057312471,0.03566200372730594,True,-25.25341975607619,-19.987093459705253
0.3157126213947464,27.754246180667742,0.8999547561669039,9.894579280806871,0.23765687765746232,0.09095432262719871,True,-18.638214724306902,-12.670134527510209
0.24840041264345425,17.456927428370125,0.7499159525704919,14.024072739885781,0.1980351596257044,0.05347347853078802,True,-22.162125201895016,-16.598354372561108
0.3475472352656689,29.27624329425054,0.5837157101715943,5.804485471566005,0.15414558584016394,0.10056286866958293,True,-20.952457159099566,-14.942962792047574
0.43716053864631604,33.968796664955946,0.8280705769494484,12.307166499367334,0.218673957162044,0.06728360886252872,True,-19.866228909929774,-13.746511993733016
0.22886201835353653,14.994756185598021,0.5250405008085343,14.398449697927557,0.13865084351276566,0.036465071714221156,True,-25.630123972170225,-20.218026844446623
0.13563597416961437,8.463051536788692,1.1220383495116257,11.667555980649936,0.2963039296471156,0.09616738512953962,True,-19.530784154073952,-14.78864020727588
0.27605786434792834,18.115274863234415,0.8472293968434081,18.189701040683026,0.22373335074199827,0.04657742284760468,True,-22.056721831148916,-16.457531193123177
0.27220889559700706,17.05921880726497,0.7568124516361021,5.699035673047061,0.19985636277338417,0.13279658086987597,True,-19.472646318085612,-13.931219400707796
0.4434006344120186,43.05038020608329,0.5037020133331738,6.183417415109586,0.13301585100611285,0.08146013434291931,True,-21.90110513712996,-15.620335800465806
0.10674862473002782,5.469009031290697,1.058318072597943,14.976880420560356,0.2794769036760831,0.07066345212619027,True,-22.32047312340006,-18.21386652899878
0.20963870616980357,13.38816000976954,0.41508720271551885,17.737207488352514,0.10961476438338327,0.02340206049842367,True,-28.705551661631503,-23.41327893506508
0.42179497782307024,37.998609161618525,0.497410619253654,7.235426850959046,0.13135444184881293,0.0687465479922201,True,-22.493829704825416,-16.295750373664195
0.21028610976446832,10.094577503419453,0.9339371037881794,6.998059791620927,0.2466308161535938,0.1334565767652374,True,-19.122350200593402,-14.155713321299377
0.29714075591814487,21.07556761583287,0.4481565122645649,10.427570797093075,0.11834759100589944,0.04297803591892167,True,-25.260711401738156,-19.52257831549724
0.2510343981980297,17.39450556249164,0.9663381360282599,14.193309139813277,0.2551871664615289,0.06808406175819917,True,-20.011484694917346,-14.451172067066372
0.23117387017643526,12.672597400347593,0.45138075207744094,18.129168001248715,0.11919903688303518,0.024898040111181626,True,-28.176250876546916,-22.944225516342478
0.3000755023832862,18.798138194591747,0.47297459139600634,18.130501761373957,0.12490146180375579,0.026087231209654265,True,-27.0457023327595,-21.411681186635988
0.23148292505936657,14.609599387669464,1.085017209870509,7.422179500865614,0.28652751767291523,0.14618579485230296,True,-17.18202709940404,-11.79691954238393
0.3702728239190881,21.485607449251674,0.8622248080240665,10.60616723961066,0.22769328603426103,0.08129466456119336,True,-19.60513528216223,-13.849973011173166
0.3781189144867412,21.7564123661082,0.7326625289739347,16.35346376047884,0.19347893637918942,0.044801672581716225,True,-22.604992066100813,-16.83883823959465
0.2468096433223646,13.859680136514118,0.9835100588512118,8.68179800557197,0.2597218672712225,0.11328414439267027,True,-18.574263887650428,-13.244762205858967
0.48448363885753415,32.0586914299402,0.6161415453178881,9.725157800438023,0.16270848601208618,0.06335542908004403,True,-21.689754224423844,-15.612070914490586
0.15427160694936165,11.236664504123286,0.8727657133063299,14.209638770589889,0.23047689112096073,0.06142068263640305,True,-21.752595633428108,-16.65762098464988
0.2882931686612706,17.309748703949104,0.5972326780082696,12.940707780279471,0.15771509902896347,0.04615146931286101,True,-23.852676239356313,-18.29708790374704
0.1548573374129027,8.358866388770256,0.5430649748367798,8.565636850009138,0.14341068303760554,0.06340042011426161,True,-24.85033908056201,-20.124622573623366
0.4421248269531389,29.89774286137757,0.4726723715851907,13.056788502699685,0.1248216526621156,0.036201273497495856,True,-25.10989490833047,-19.084375224454103
0.18555161092181843,12.089665513774525,1.083230335769629,17.825333919456263,0.286055646263078,0.0607691469155194,True,-20.603469450593476,-15.424256577301687
0.13129252694570842,8.267736099334321,0.932056287616378,11.09391977235115,0.2461341368530234,0.08401505570098836,True,-21.026900952802123,-16.315795770311098
0.27544429506803136,17.02403691464867,0.7740468011004127,9.691192110378337,0.20440754899033436,0.07987116469102731,True,-20.61964125073167,-15.080227014533254
0.2815423571583989,16.50512560322789,1.0209611613706737,5.584731822968638,0.26961182232575653,0.1828129252637897,True,-16.89846395071572,-11.389448819346972
0.1819362219787282,10.123284047084056,0.8790014700770731,6.7717997552804094,0.2321236077740047,0.129803228365053,True,-19.565725160044945,-14.595610536919175
0.16550266334715102,10.633400401535374,0.9282911029779164,6.6367195255350895,0.24513984017438606,0.1398719803370133,True,-18.93227522582589,-13.902627406091348
0.2158450551066402,14.086758390781405,0.6542627356867078,6.338574013329577,0.17277539550232193,0.10321923106219776,True,-21.281001597478056,-15.934213881538335
0.45502025043608,30.528643624124403,0.8486516373948538,5.567957728907437,0.22410893101024867,0.15241704027113348,True,-17.58290036059286,-11.541599332382848
0.08601746239902051,5.743893706758467,0.9302158742718541,7.5530687741380715,0.24564812698857022,0.12315734201400898,True,-20.969231937377224,-16.78512155787076
0.30259210518454155,22.0590881608347,0.7634419866264561,11.369988653335088,0.20160706698971503,0.06714536046634667,True,-20.863480753935676,-15.085273247048445
0.14615207922593787,7.486978010276085,0.534374516457417,8.30483844142762,0.14111573744206443,0.06434496230435481,True,-25.205984910000133,-20.630292059634158
0.19988491425412824,13.07736839954626,0.9922463527823012,11.212313149015694,0.2620289169575908,0.08849613274219054,True,-19.44874613612907,-14.182058567742162
0.4727946725605097,41.30840521375211,1.1185737461878547,15.667505131084068,0.2953890094218411,0.0713945032619535,True,-17.946516979386324,-11.692593349711371
0.31885747231126194,24.200679251092545,0.7871058681581666,13.124979706538038,0.20785614135655955,0.05997006363111403,True,-20.983529357303215,-15.126371452475107
0.44368119339021894,37.34927501594393,1.1063916270795215,5.52371669936361,0.2921719983768983,0.20029840183639205,True,-15.028250828413308,-8.8419623169077
0.08355347499292749,5.0109103976731975,1.0936330671840988,11.12110857263935,0.2888027628821424,0.0983384938687411,True,-21.264151939080516,-17.299952946273077
0.09363834016219377,5.053098324369171,0.9662099088500131,13.325124903605479,0.2551533046805847,0.07251038289243941,True,-22.96217009712703,-18.98408781862984
0.4790788045425321,49.33570939070256,0.8786835887372497,14.326561942151134,0.23203966279102606,0.06133248104362122,True,-19.517458945332905,-13.151618446841294
0.09769384935662684,6.744825130260195,0.9724715245284923,14.45950482329654,0.2568068500627732,0.06725482901473137,True,-22.21854876082014,-17.791765575715292
0.2676402543559998,14.043008538713822,0.9740702179365573,6.99278483524292,0.25722902737900916,0.1392964664131153,True,-18.047155796900142,-12.703667203058028
0.41781791902288484,29.122616021626307,1.0140184997164914,14.50087400670991,0.26777842872451285,0.06992809531668781,True,-18.90927944552252,-12.903822512254088
0.223401933055287,14.279642469161722,0.6810568555368447,15.457002736518094,0.17985109216321318,0.044061378984413785,True,-23.736134532813757,-18.374975412848734
0.45822279571858354,36.32263981792877,0.6401991612513974,12.247498095837301,0.1690615363709643,0.05227183186654174,True,-22.005810741367267,-15.838784898255433
0.38506640160634187,34.670912505041414,0.5433555879232845,8.45437601133526,0.14348742711642928,0.06426915329940104,True,-22.254551393444764,-16.120236058402238
0.437557668005751,31.40221328503049,0.7775849381644429,15.140598097839797,0.20534188774636578,0.05135761038894399,True,-21.286480073846775,-15.224091777721128
0.29086404299873486,21.249293163371554,0.5638671928149401,12.483757418745514,0.14890405938698575,0.045168067105200355,True,-23.887645048206913,-18.1422391373627
0.21833349583277484,16.41828013544331,0.9131727137667993,11.571198981797254,0.24114742927761204,0.07891772626184361,True,-19.850771761827417,-14.346978870891213
0.26252414983382827,21.32628768045302,0.9683055111135896,9.611103525845351,0.25570670393467027,0.10074862980194793,True,-18.28157921041325,-12.532977403438188
0.2130265235442526,12.342761385734775,1.089843155154656,17.00486844884418,0.287801936281314,0.06409006682017186,True,-20.319405014636768,-15.11682245875079
0.40975680613639404,27.632046250433497,0.6340010536286163,7.812501585786816,0.16742476197211673,0.08115211839214807,True,-20.97329570344538,-15.008683077306893
0.4733311207603688,46.802186722143006,0.9237139334883258,15.0027479549683,0.24393111740032325,0.061569649524267946,True,-19.312175815649645,-12.978618678834346
0.4620608587048457,32.26607439874748,0.4741140193137494,10.47936956627347,0.1252023579092444,0.04524260894850256,True,-24.20583741252593,-18.123416470797018
0.3323962856551871,20.82939850939186,0.9769920300488227,12.601264739231832,0.25800060921570095,0.07753126771530552,True,-19.178333303643054,-13.45065531606882
0.16091773412028,10.468093813647704,0.9931453555984615,17.579678307154794,0.262266322450289,0.056493943645957334,True,-21.62142676330547,-16.610614673778386
0.4177666399365798,25.367978862022934,1.0142348869132785,14.333377313467489,0.2678355714921921,0.07076035638581245,True,-19.047174508087032,-13.151110223696623
0.47764604796481486,35.95084643758844,0.629063030447144,6.417840635813209,0.16612074622791723,0.0980178639738746,True,-20.242389439924274,-14.08253573515876
0.1836594468011742,12.90331353896411,0.9386535401328179,12.61020878614109,0.2478763160275109,0.07443600308699248,True,-20.379822228352864,-15.12784820766965
0.4280407764917905,42.59975638892692,0.8653501332322138,6.470297366925599,0.22851861089147496,0.13374194170049256,True,-17.30337248397675,-11.02939431227248
0.22368519423057837,15.845662972480435,0.9354424184880431,16.081336472922683,0.24702833434993648,0.058169445062175994,True,-20.940312827224435,-15.47197695963074
0.3627681051482875,24.87733371140821,1.0157969740551283,6.5068768202822795,0.2682480819547648,0.15611129611195884,True,-16.576188335494354,-10.696155488001441
0.19703337297662127,10.258341565248626,0.7607563129341006,7.687612869784455,0.20089784375403757,0.09895871785170039,True,-21.103778408548834,-16.117489589834697
0.41984444571025775,29.788390438204445,0.8549010695816526,9.88606579658757,0.22575925901892824,0.08647535705019722,True,-18.98999187974711,-12.96725666921764
0.41702089048158647,33.56867839336863,0.617721005246157,10.164237172608694,0.16312558421881854,0.06077396608875237,True,-21.757419001945596,-15.646218801247704
0.4331410426815312,38.61725001334993,1.0306809538289508,5.639200819384941,0.272178590834155,0.18277074834539506,True,-15.637885773420663,-9.428842178479165
0.28997836198190907,23.825323100428378,1.067564142308489,16.990878079922496,0.2819185731521918,0.06283160512875381,True,-19.35258756080154,-13.508521778493442
0.37322108420681416,28.64115883972444,0.4147062460038607,11.33925537043212,0.10951416267869209,0.03657261720070574,True,-25.790793241746876,-19.798191865146883
0.14379801172574808,7.3398582508822745,0.7715006740543747,10.610704025923418,0.20373517674080277,0.07270965924310883,True,-22.84960458261172,-18.301706837836537
0.08496411946311598,6.9405630119974004,0.8954208290615847,9.384987182339277,0.23645957417971186,0.0954099149700058,True,-21.31775124076377,-16.849490318019107
0.22979296883078043,13.527024889569425,1.029779022025964,12.54211968670165,0.2719404118649469,0.0821056605860518,True,-19.460337120709866,-14.156906809648394
0.1550585288412742,8.74185399415433,0.6823854062965993,13.4342602659617,0.18020193116173963,0.05079441612617516,True,-24.280906826497386,-19.496192012792456
0.2140178810043451,16.246904973233804,0.9513761126881308,15.984311657402044,0.25123604811242634,0.059519367056858265,True,-20.72507589343516,-15.231705840984453
0.3045220619176902,19.267482632177945,0.9552991163069591,9.450327895900724,0.25227202107073443,0.10108634608555116,True,-18.504234015565867,-12.847313456778252
0.421700428746454,27.028822538227228,0.5346182264559445,15.406162563918564,0.14118009551885335,0.03470158283984537,True,-24.800623628623125,-18.85345930109125
0.07597805839762867,6.523617964693129,0.8345375521899052,6.122735513572626,0.2203817331730083,0.1363014212095128,True,-21.01102112729111,-16.63323813340466
0.4628623414681908,40.53708469111114,0.6541357881501415,12.773768207546453,0.17274187164463917,0.051209304687687446,True,-21.851043424834742,-15.60953886867635
0.26412741809712703,18.054007345498324,1.094796215988084,13.745922598716556,0.2891099231156007,0.0796451608195658,True,-18.743072602540277,-13.147099458594607
0.35224858760496497,28.5423484757634,1.1159311008231483,7.893521098260786,0.29469114895515824,0.14137304340252238,True,-16.048107590499733,-10.05818335154399
0.1366004939361757,8.048798780271968,0.8711038993617211,5.950245327318054,0.2300380451560752,0.14639798049374755,True,-19.965937781449025,-15.29089827260583
0.19145409520903117,10.97984332153997,1.096377771620955,5.269276874062236,0.28952757474861235,0.20806987330990753,True,-17.012030278887472,-11.944236592666744
0.1962950021939166,13.013226800040664,0.4447002885122219,7.194458354450358,0.11743488362829094,0.06181150360501268,True,-25.07757811124922,-19.81627978228287
0.33935581676874266,29.968354589393428,0.4999654304909019,12.464680580053207,0.1320291073889281,0.04011056900174234,True,-24.44837554160074,-18.421065680468466
0.3304155573020266,21.83194897176575,0.9114856863792504,6.010255872187167,0.24070192503564863,0.15165505525267353,True,-17.550029059977284,-11.780844499165203
0.4806421175459109,36.11015060461704,0.53879657325548,6.434278390625277,0.14228349860366743,0.08373846149406668,True,-21.588033912891937,-15.425093995503191
0.4835747873223379,35.89596634343901,0.4666120028158766,7.778056133882962,0.12322125185385446,0.05999082480045494,True,-23.301508292442495,-17.142722387864847
0.17030909416241027,11.112896260082756,0.6297301978733888,14.210889304409454,0.1662969294485843,0.0443132153367764,True,-24.612432160105566,-19.530444152783517
0.09122586535857136,6.8543777863166735,0.9775555153608921,11.294801980440006,0.2581494124293676,0.08654915040155578,True,-21.214622461298404,-16.76441553017703
0.08541835882050869,5.3833520722655255,0.5887388298833796,17.433400787935764,0.15547207357593312,0.033770739114240854,True,-28.067480603845066,-23.98617483183378
0.0887751334103354,4.696383057176681,0.9958782217224148,13.837383544398351,0.26298800809684403,0.07197012488141706,True,-23.130904241672205,-19.275773387654635
0.34840192333294345,21.929056275565657,0.4535339077939998,9.030335159270042,0.1197676346499798,0.05022337485762387,True,-24.630608887509084,-18.857550291561157
0.30395514774018373,20.183759313300484,0.7568826666910584,9.901926691485585,0.19987490491743207,0.07643791862667318,True,-20.603531729363702,-14.904143058512986
0.3635090409530376,29.381189736449624,0.6894678252100557,13.085196540341864,0.1820722313670558,0.05269067400588258,True,-21.861065135157148,-15.84883030607849
0.24150999515201693,13.784231667605956,0.8332160534928837,11.026654340404455,0.22003275645833412,0.07556381362565878,True,-20.802955219009792,-15.479287314035314
0.1944698640809218,12.159747093477474,0.8892882586466127,11.559011538334907,0.23484010661553745,0.07693462851017416,True,-20.65800056599784,-15.472246834769916
0.38619465110825885,22.410630220373335,0.5953752604065791,15.884630763505669,0.1572245987402557,0.03748121497255265,True,-24.248872954281744,-18.456962103570532
0.27951802181057905,16.996936001077433,0.9969161513754178,8.445981052450133,0.2632621008985882,0.11803438169994684,True,-17.99943217544297,-12.461572413969684
0.29380987577324685,17.0646816877912,0.8239891834115025,16.536109144418663,0.21759615715257363,0.04982968945204493,True,-22.020860641792687,-16.479121740827154
0.16938269218078428,11.051655909374377,0.8493837935466482,6.95459721248772,0.22430227622432836,0.12213270842220585,True,-19.723136886842557,-14.647651653916391
0.12334467237154198,7.137302063331063,0.811546127153042,6.459437508695262,0.2143102387454116,0.12563727508170688,True,-21.084232309816247,-16.575935821494053
0.23256096641577678,12.597233033203644,0.7281205572065381,17.035768289590628,0.19227950849545297,0.04274069386418233,True,-23.787356405137942,-18.56196073380365
0.2652634257408905,20.634542353004754,0.777140554974808,12.958870353134596,0.20522453660109058,0.05996977620713884,True,-21.283855850996723,-15.56458093065017
0.2464465768605712,18.196769845497187,0.9036096989880493,13.54033954746842,0.2386220620658315,0.06673464101991397,True,-20.34025829105879,-14.736812126854629
0.17982348773498133,12.927720873128292,0.7286215002740397,9.654605308335638,0.19241179577377532,0.07546880240095978,True,-21.649876896400627,-16.39582248855572
0.19131159764345784,10.13253467024023,0.8044409494573287,5.0098241205864955,0.2124339284811526,0.16057269279208822,True,-19.830023536535048,-14.85879122865642
0.28811941104843525,18.987162304397053,0.3983298603558381,13.116451590670941,0.10518954452010798,0.0303687211135022,True,-27.266138499549214,-21.62279670341761
0.3312454436368445,25.503923528649246,0.6908588480751248,6.526805608270761,0.18243956777879997,0.10584945983371548,True,-19.896473537641132,-13.996046518671733
0.3945106517638639,28.962581369113533,0.6764497165633372,16.757591807494677,0.17863445515354695,0.040366761783802454,True,-22.995577296931447,-16.994359135422325
0.35994950660376623,30.18420784110702,0.8594650818225211,7.285649929545956,0.22696450727315728,0.11796683756888705,True,-18.033687084680103,-12.000942518939482
0.23835325365770332,13.491094964698593,1.0812002437940849,11.410898235007533,0.28551954673478597,0.09475154554240672,True,-18.702340495721813,-13.401781267125127
0.420426013690317,34.507736915207985,0.46326103346169273,17.424293698756433,0.12233633968645492,0.026587076725798967,True,-26.223188624297435,-20.092227544674273
0.2676050860181655,13.724666547449763,0.8948481753805351,6.318121689475924,0.23630834981550383,0.14163199434273022,True,-18.605283273810436,-13.286253539681883
0.34924955590653434,20.254250115613125,1.1086742303354713,7.076138679826897,0.29277478019345343,0.1566778550420655,True,-16.311966579936435,-10.60942614626558
0.18590894932714405,14.263794272735373,0.9335088780324808,5.685267190863243,0.2465177318064814,0.16419789021221676,True,-17.972477069199698,-12.612488220168492
0.32319539812849757,20.25059713148271,0.3952531700621477,17.30077667488174,0.1043770629995571,0.02284597839101634,True,-28.29863223321029,-22.59625474159175
0.1688910285744348,8.667650350947845,0.9061293158601539,15.396478527964073,0.23928743360213833,0.058853023710219436,True,-22.360289091541638,-17.586712727720656
0.1297576651020977,8.063887331205612,1.130564508561401,12.541190452007987,0.2985554876552214,0.09014810140136137,True,-19.85627575089708,-15.178705799721634
0.3020510848042762,18.61808566679354,0.7983106492241561,17.366005859789496,0.2108150604185803,0.04596973280267181,True,-22.342777038884805,-16.71776068915608
0.46707762277974935,41.33534159303306,0.6273418818126698,7.780856499684607,0.16566623136741943,0.08062632717080681,True,-20.575506503381277,-14.321155271934753
0.12549432366491356,6.7581006438963325,0.4880232761829214,6.6927823962661055,0.12887546540205036,0.07291784601501297,True,-25.744269985168184,-21.314619410530746
0.30241000210997987,19.068733547752917,0.941226429426597,9.841067281913357,0.24855575555702925,0.09564271866695319,True,-18.780826943763813,-13.133504146069013
0.3145750520002129,22.044295410300553,0.7819136249496657,5.676868992469213,0.20648499208431587,0.13773677461765138,True,-18.770263273951578,-12.992639307791977
0.406128085313383,27.293308491586163,0.9842068229172711,17.442519858093767,0.25990586626813744,0.05642572466159897,True,-19.97521770269014,-14.020334379141161
0.24417506510418724,15.45021099613475,1.1280166456274803,15.54172562706803,0.2978826569985406,0.07257988415796542,True,-19.22700660073991,-13.784252696668613
0.24636869863860067,14.276937418495805,0.6610834897920893,11.765151461201938,0.1745765961880747,0.05618996848210167,True,-22.97343683882987,-17.61247733445549
0.26284364200917276,21.540073807216228,1.1162512211199769,15.068150858609615,0.2947756851940055,0.07408017291532326,True,-18.643757192217983,-12.886368196143206
0.45966040978732936,34.359990841234804,0.9365349585898478,12.271520880001873,0.24731684848637636,0.07631775781892365,True,-18.773056956765686,-12.645152885153886
0.15571638000435473,11.183644574008966,0.4217223145882729,14.833012155809472,0.1113669413231474,0.028431333444508905,True,-28.244858246238145,-23.155421574298906
0.4652817904899911,43.22491450787861,0.9441754447777607,13.293455678586868,0.2493345211290971,0.07102558338526233,True,-18.74336400634583,-12.459992062546164
0.1279677188400869,9.104775764726254,0.4935356199625053,15.572008612660996,0.13033114570403598,0.031693767466916926,True,-27.555232185017925,-22.717929845573405
0.3989852280150475,35.738422698078345,0.9974237255941573,7.277653080177942,0.26339613930793987,0.1370529365175194,True,-16.53449365798561,-10.378786292766403
0.1724895903660621,11.968514175863612,1.1179995448033697,18.176507380476462,0.29523737634556896,0.061507941069262974,True,-20.428567436038087,-15.260791231662857
0.30677334543948254,17.967922992464448,0.47034934988801236,15.180930036089995,0.12420819728616607,0.03098290742199848,True,-26.468869449961115,-20.877443750606297
0.3100710111349008,26.385104784385522,0.7188118799874172,8.027438095072343,0.18982130584931114,0.08954436913423988,True,-20.019490582731233,-14.09157862743128
0.4781398656136625,49.60641149218125,0.46207733908303195,15.855693111459018,0.12202375385010533,0.02914267675558664,True,-25.486262367051967,-19.117115341885377
0.08557822435306148,5.293569191416272,0.5675582260371375,6.5132707291386955,0.14987877442116543,0.08713874328884076,True,-25.20068284785859,-21.146523352723115
0.48150220279693406,44.8940722425266,0.8045362446800506,17.247665580177458,0.21245909370744046,0.04664609485498692,True,-21.100460270999534,-14.792947570483058
0.3545709224617149,23.102789849921898,0.6210260604164958,13.582657959092597,0.16399837153049832,0.0457219833030371,True,-23.236974113482137,-17.418969074505924
0.4755988332336958,46.069398932392595,0.7705995656693003,15.567000579970854,0.20349721521689254,0.04950212224317545,True,-21.045260575847795,-14.721519506944965
0.130572717687686,6.555357103777166,1.0126823167258596,13.11593283253516,0.26742557423337704,0.07721008712501311,True,-21.587940973069234,-17.202982202123188
0.3740795632082572,26.466814573295956,0.9038627570361486,9.112908065196489,0.23868888874257854,0.09918488703821461,True,-18.400821134877734,-12.47042790325146
0.45471932986234254,37.65532667034776,0.6314665513284998,8.8814526143139,0.1667554595444849,0.07109946748021705,True,-21.002269792061007,-14.810387088813528
0.30827336886739104,21.917216926482013,0.9149543268281222,10.887313895786189,0.24161791137067987,0.08403857329604915,True,-19.149321192222047,-13.376733592403875
0.20502773343345404,10.793392399964896,0.8459942323533174,16.387768336633854,0.22340717286016937,0.05162351669703245,True,-22.665966541888302,-17.618484244992093
0.2634020948957668,13.700291771764693,1.0605097816545297,16.123912480449043,0.2800556824730756,0.06577248437315973,True,-20.134897708751296,-14.817774321141307
0.2150513508058779,14.594991458038233,0.9356814252455091,8.024494328270448,0.24709145041141534,0.11660316363475833,True,-18.679606777410097,-13.29554296861416
0.20247908413420618,12.489011160044292,1.1202484248326972,11.125319170621042,0.2958312526513875,0.10069359877701038,True,-18.4619940521561,-13.246218760780453
0.12458988791894887,7.158004685530014,0.7403498118757053,11.982368999366722,0.19550896693304268,0.06178659761811987,True,-23.70812686288044,-19.1957093922
0.3844258414848866,28.507212402129355,0.8565131063743192,5.104282889947289,0.2261849600091045,0.1678028284954959,True,-17.4776847513225,-11.488715716247206
0.3268030683611447,20.476306005805917,0.6472681770406131,10.207810547606991,0.17092829712650692,0.06340910952666061,True,-22.04066832574229,-16.328301980867085
0.13702345120911041,9.452012939886023,0.5318516377542328,8.383444366379083,0.14044950453291133,0.06344070700667707,True,-24.652253960379173,-19.76737454774291
0.2172774666157099,14.464466288608694,0.9703204742865705,15.920087112602483,0.25623880830214424,0.060949445026494624,True,-20.752014607616847,-15.3773440874369
0.35059673700477817,27.984052271577863,0.7711915418555098,14.172847954992452,0.20365354220010815,0.05441330805950359,True,-21.251445331709057,-15.276903614522624
0.20591795006383307,13.210693154125687,0.9014096144995702,6.431899609914641,0.2380410715143269,0.14014671701499595,True,-18.654261946371015,-13.376492859994167
0.4593088309280326,37.07915674644589,0.5123776345812358,6.113428279482442,0.13530687846435407,0.08381183374651664,True,-21.892957104658297,-15.711661595105188
0.44947163486111,39.82543243508139,0.6012023559188034,15.261350359757301,0.15876339756959398,0.03939378506793971,True,-23.27663395646344,-17.04689647279589
0.08313924513670111,4.66496259431348,1.0081932557001003,11.284813492108015,0.2662401188316636,0.08934071054033599,True,-22.306663052941047,-18.463003026466666
0.336537613801136,28.276436115052206,0.4304202285161596,17.97334498117939,0.1136638557536452,0.02394769749130559,True,-27.232129384709705,-21.249476858970144
0.1808771463103274,11.004126839294573,0.639176027247962,15.142926169337386,0.1687913507521702,0.04220954524246555,True,-24.74892401877736,-19.678521370062263
0.2767822558559857,21.789190739391646,0.47718159341860467,17.959711864082646,0.1260124320588026,0.02656955729745937,True,-26.69895152702263,-20.93148067951425
0.32167093945221853,18.1071308730868,1.1098132893123134,9.343966032691316,0.29307557887033026,0.11877325810362103,True,-17.268117622715646,-11.66935376599479
0.47691848443930984,31.571753194050906,0.8408383138362157,17.38209485850099,0.2220456160843047,0.04837381919044069,True,-21.14257151476678,-15.076189041793926
0.1679474657993954,8.931400357625122,0.8871166572433413,14.963079770768163,0.23426663777670803,0.059287036548211845,True,-22.356388251108914,-17.54382606724927
0.2890491634318428,18.803015882387633,0.46020164647678297,5.541781815947219,0.121528427562654,0.08304218061282945,True,-23.586701029776744,-17.952437671604883
0.20073544255864845,14.241320754977728,1.0012575089885645,7.192120679421537,0.2644085513040835,0.13921589383968674,True,-17.84916388222664,-12.490837743402272
0.23252655790899718,11.500304345772296,0.8104490257340754,14.283599803173132,0.2140205200724244,0.056739830077991424,True,-22.36475942709152,-17.24279396064945
0.3817843333063432,27.352057791736744,0.6491894575733217,6.726231053070247,0.17143566211277841,0.09651608046931326,True,-20.408038401850103,-14.45145517221233
0.39146246300240134,32.04915254947892,0.7396095979286348,14.32453378728044,0.1953134938448082,0.0516323678600539,True,-21.483530733791678,-15.40606640709987
0.10907771868114854,5.488213369216222,0.4626039988603416,16.550231942831072,0.12216283230644495,0.027951511523119407,True,-29.885703699981214,-25.773502460500474
0.3301547614126613,25.058046955406788,0.9326393833910278,7.848646015507739,0.24628811872847764,0.11882806047670812,True,-17.766172807460595,-11.88018250688819
0.30696334413982207,26.37092366879871,0.6430252640734778,14.139481230818019,0.1698078436358931,0.04547728828070141,True,-22.90038170399368,-16.972901518477627
0.15545074614763763,11.851843408502878,0.8643564351068503,8.284340453453659,0.22825619859553486,0.10433617980372943,True,-19.87863023902355,-14.722025918670179
0.32000111056559133,24.500007883429056,0.7130312237506564,14.34986634172473,0.18829477054003507,0.04968904983298654,True,-22.16084555544741,-16.293455916357225
0.09011312880794317,5.9668807180005965,1.025082611464061,8.806723613065184,0.27070020032909897,0.1163977270665453,True,-20.430391034566433,-16.187210929855734
0.31912110521602066,28.132050681556496,0.861689095301354,12.560583958764024,0.22755181690803128,0.06860263011100841,True,-19.829568388646297,-13.850905895843535
0.29061311673951595,16.539566585386638,0.6867399329072051,18.202328468880683,0.18135185918963373,0.03772813648986057,True,-24.039845332519395,-18.52877011927302
0.0910839254189415,6.652231696337937,0.7447389356810228,11.035672987756122,0.19666803126608384,0.06748468684304954,True,-23.588949480038742,-19.18239285739123
0.2140992569377147,11.10933073794998,1.1254740644353571,11.32566647468223,0.2972112211256038,0.09937376020663148,True,-18.736301723927586,-13.654690909129263
0.4464893223998599,35.800704892627536,0.7257332826211231,6.032209043986744,0.1916490854434129,0.12030970368054074,True,-18.884280175180855,-12.727353410560912
0.3026227583975397,23.006131785123273,0.9854844206811978,16.15868722143177,0.26024324977924884,0.060987901255624234,True,-19.900079022074284,-14.085649679268943
0.17228189088515622,9.347329881610987,0.8994402526213977,12.992103670736043,0.23752100937593948,0.06922976258628034,True,-21.58702349578872,-16.716220279254536
0.41300339942420783,34.35749624733191,1.0757046101523757,10.659616452333427,0.2840682791870697,0.10091400708108032,True,-17.07262810460025,-10.944775812283927
0.4791989532114541,36.2365682634681,0.7387409459269687,14.09331331571071,0.19508410328814715,0.05241783315094878,True,-21.286849501510332,-15.12147452276052
0.3876660114630888,33.43008139193489,0.6665434161848982,17.10933417631147,0.17601843429144914,0.03895788166366831,True,-23.028147708555945,-16.91993204644999
0.4688015916176297,32.47661329732528,0.4744990517070854,9.327180053663007,0.12530403590557718,0.05087272347881162,True,-23.808990247389307,-17.72180454711259
0.44318489239569947,43.4698623833666,1.087673911974525,15.409558781630196,0.2872290901937335,0.0705843643797995,True,-18.071643403778605,-11.78464454943854
0.11772026954387821,7.694764957469035,0.5961085682873386,9.825797277584265,0.15741824809885813,0.06066770476195859,True,-24.6972721786939,-20.08362795119124
0.09002966310350125,5.104314358364294,0.9754824639547475,7.669607258115279,0.2576019683261705,0.12718805945670567,True,-21.02713882474612,-17.032423943269468
0.4735129133603363,38.6131434342636,0.7101962078007293,6.000060762755248,0.18754610952774323,0.1183648359378622,True,-18.977314032274112,-12.76834237585099
0.3952239132717354,32.49396522114669,0.5786255832035407,10.446730328447934,0.15280140306450973,0.055388199466378574,True,-22.45644026444225,-16.368863867413506
0.4221832462509408,30.644918715643055,0.4106075285316308,13.536068303865752,0.1084317878257616,0.03033432746600176,True,-26.436087854982055,-20.391929854112682
0.4042589626349058,39.19057472243073,0.5674297012042739,13.313617610424048,0.14984483403663998,0.042620249267186286,True,-23.27641644404574,-17.05743726125295
0.28928491010046614,18.21863372264719,0.7531043343389205,14.293125683451395,0.19887713623694217,0.05268996796207187,True,-22.125487551255958,-16.52090436398269
0.2061311123211898,12.301232820856484,1.044976090290866,8.451322129491764,0.275953600048725,0.1236464631544825,True,-18.209401261358742,-13.010605851683952
0.2957200049440254,21.390925926966478,0.530435022340718,13.272415527389976,0.1400754097312445,0.03996522119474572,True,-24.634716164698066,-18.883444182335236
0.27390499067350976,20.12519256392834,1.03630770615748,16.89396540956227,0.27366448374220037,0.06134188635019415,True,-19.84173119913819,-14.144973250943472
0.41937828430311447,25.60315083784131,0.9210077375375579,11.827843221905239,0.2432164747190311,0.07786776678201533,True,-19.16002404240262,-13.256433804606507
0.3030887823668575,23.96817643991214,0.8109253706795794,11.856053721408632,0.21414631156545297,0.06839757896974445,True,-20.366815220724007,-14.517731902509306
0.39102898351144094,28.10470583837872,0.5398504327372098,11.137528008705178,0.14256179809839353,0.048471297429309126,True,-23.46184903414097,-17.483945546539243
0.23458926987034312,12.173344459291474,1.0154411334996845,15.429613833482511,0.26815411283601615,0.06581118260368649,True,-20.581063089637148,-15.39404655498445
0.2864536433904468,17.79214179506007,0.5187379787461921,8.164782135706552,0.136986495717013,0.06353359711554658,True,-23.49764884384274,-17.91560711267435
0.39685430026204405,31.62551360572168,0.4909106444521443,10.37272584545049,0.12963795143016296,0.04732706250666591,True,-23.893375349477726,-17.825732828857014
0.4813837133464198,48.30889980876474,0.8878389512738682,9.6206695031809,0.23445737863658944,0.09228452874099045,True,-18.03257525474129,-11.679521266588344
0.41791518778734027,27.342303183278887,0.49883431798074407,11.096480146160188,0.1317304071869442,0.04495428382786411,True,-24.17160025237758,-18.215298905347414
0.1404102746967349,8.307014395886974,1.0443470440851719,13.846565737302782,0.27578748374551854,0.07542282064004441,True,-20.8332012306593,-16.115770236236365
0.15368190853366873,7.699489528192906,0.7411036251366605,7.930084865373065,0.1957080312801199,0.09345469029880248,True,-22.154921888705754,-17.540431838055795
0.20726681234013555,10.140747808567182,0.46874441137128114,8.58863288066111,0.12378437078366154,0.05457730210203134,True,-25.650494784073654,-20.678271368479763
0.11300184238983257,8.090455449443803,0.8395104618071572,16.753422600626834,0.2216949616041159,0.05010978841874058,True,-23.53882000842809,-18.856810862474294
0.3637728793729756,27.379192329101176,0.9127256027552461,13.265132461520345,0.24102935777874626,0.06880636928450518,True,-19.567353448660675,-13.609986867002826
0.24032700873757562,13.191671519402247,0.6309347333202103,6.932364658946857,0.1666150189207024,0.09101291757725564,True,-21.922223634699186,-16.646025717307836
0.078754876548399,6.597712335951924,0.9835230469963342,12.850835762234837,0.25972529713477416,0.07653378077452713,True,-21.74574221178244,-17.351284634651908
0.3487385843103706,30.803826733037813,0.770999185884171,7.956129166113115,0.20360274551368157,0.0969063183599412,True,-19.18458864735492,-13.136551464627255
0.4223755688007198,26.034926524090803,0.8415139173150035,7.096901318243507,0.22222402706797137,0.11857483704215847,True,-18.346173342935145,-12.429022521832886
0.31377639863442214,16.674602282695492,0.5514273658057322,7.303005762747045,0.14561899374857598,0.07550690547426206,True,-22.778903720259184,-17.259810570996766
0.07629861159243308,5.483698380595389,1.0780105939202462,10.54694720705134,0.28467723524674443,0.10221067506619583,True,-20.869750309348486,-16.75886186058865
0.3219036240438904,21.442302488406394,0.8658404553339889,9.279702848669332,0.2286480934226309,0.0933047608801554,True,-19.13295676167551,-13.379570733529679
0.372678759802765,29.864330066424706,1.1277209713426897,6.422560623388948,0.2978045763763255,0.17558743894699635,True,-15.397442648545244,-9.372772196720586
0.09049113846447267,5.7057976416858125,0.4571346121877171,11.089485331929229,0.12071849596574538,0.04122234698047883,True,-28.35297330254562,-24.179283750881886
0.11226016974738504,7.28959728127755,0.8705060126124742,14.580095618102852,0.2298801573322206,0.05970509627739626,True,-22.978159077510124,-18.439940554236593
0.23519094515569622,12.350174413052203,0.9464258074123301,7.205633900032344,0.2499287889560784,0.13134525297046826,True,-18.62876785418389,-13.425511200521392
0.38569243391075203,25.631131432408324,0.5791809126520511,14.49933693363563,0.15294805250649537,0.03994533786634507,True,-23.94339223076686,-18.03891321734116
0.159097739637665,11.573196541337623,1.1101530147887366,13.234377311807739,0.2931652923758528,0.08388403841246507,True,-19.330152335136013,-14.200880557954099
0.4501869435415228,34.20630935283812,0.5549926299313699,13.379989087157364,0.14656049612335323,0.04147930363142623,True,-23.64202788607329,-17.517323944583726
0.26222413853986754,20.616299218906132,1.008807408248844,10.11076540832557,0.26640230207047605,0.0997755726206599,True,-18.14374568983707,-12.425263357119015
0.3039311207904283,15.89158455353308,1.099789996133584,8.154564898492062,0.2904286629621928,0.1348680168499188,True,-17.16399124544544,-11.692744230715146
0.36568589285605135,22.260527010036522,0.9762825053275204,9.848974218395213,0.2578132404299592,0.09912529809491116,True,-18.225148317670087,-12.439050341826267
0.22589171703998612,11.29110807946765,0.9619095582274781,8.008100530205166,0.254017683256529,0.12011706828595897,True,-18.95918303705961,-13.858560590348652
0.18933937326921135,11.516728379028846,0.8100299890126154,10.619477634533089,0.21390986233306183,0.0762777621357296,True,-21.290334445519598,-16.16671693490483
0.3170614164221464,21.97647407451809,1.0783076463874948,14.132929052391551,0.2847556798145218,0.07629753481321165,True,-18.66832255921526,-12.893381250414022
0.12730766134321242,7.398409015722462,0.5477999063607342,15.317729044940181,0.1446610670532395,0.03576247528295885,True,-27.148162276503154,-22.589107852250294
0.46756362101417764,40.94363401665419,1.0143781638016733,16.84260278350621,0.2678734075475083,0.06022692435607659,True,-19.08935515890015,-12.841262315256971
0.2586706235995476,18.847554010312543,0.6220696429096595,8.729560323521387,0.16427395711433324,0.0712601345148532,True,-22.01993305671499,-16.383462244395886
0.3108025610737142,22.98850602000063,0.5760299399254399,15.250859646946722,0.15211595474307033,0.03777032595279069,True,-24.339811240227736,-18.52603627254234
0.18433557584559362,9.439196499960044,0.5614817413626797,6.790044745816988,0.1482741177815185,0.08269190592721512,True,-23.634182809010852,-18.751014729496884
0.07907352260055073,4.589964549574025,0.9720024286830878,6.95293861658382,0.2566829728865297,0.1397973550873459,True,-21.233751460714856,-17.417925079930704
0.21993180907520166,17.22923235849437,0.8297835976568757,16.00686696752718,0.21912632562823633,0.051839226210865716,True,-21.815621627954734,-16.26455218752214
0.10261452939971347,7.532652866420403,0.6698073052938565,8.941598291126377,0.17688035061484195,0.07490912513466097,True,-23.44648466246664,-18.862321139835622
0.3752658644088335,30.137284821629216,0.6912104038653768,14.57371862373774,0.18253240539187016,0.04742855421536203,True,-22.213591333303103,-16.182023383817242
0.2238681541853284,14.355751605740261,0.9131003144967353,15.825681721069117,0.2411283103337427,0.05769737636522176,True,-21.271098004262296,-15.904344700983497
0.22350897690678695,16.30367840870371,1.0745737128467518,6.468741367472811,0.2837696358155401,0.16611789709975114,True,-16.742405121646463,-11.245564709832614
0.24971828614474628,13.020432785508538,0.955223441666556,14.038884321579449,0.25225203717861894,0.06804126451831098,True,-20.610127315662776,-15.348221631869247
0.43216551828470257,42.982879849589935,1.0187695338744926,12.984574089322459,0.26903306506694824,0.07845998851146395,True,-18.00130640089188,-11.72154773229636
0.40758582286793726,38.30171906560226,0.9770729046092939,13.664156014141295,0.25802196628436663,0.07150627551369457,True,-18.678852351479417,-12.475368799330415
0.2244694878667733,14.102498552622983,0.4953126991486303,5.257642928828892,0.1308004305073336,0.09420812821515787,True,-23.388866065885324,-18.040895004535344
0.2422595717549902,19.568676051006978,0.9708229614706079,8.410065239317772,0.25637150334531494,0.11543584191617536,True,-17.98260830478067,-12.31141184294102
0.3342774637303869,19.294881818150703,0.7108614464919429,6.1783109495264625,0.1877217834148663,0.11505757031319815,True,-19.95353540428631,-14.295302911431367
0.47302600449636656,38.930900829850536,0.9059418900205414,10.474113837694027,0.23923793884750824,0.08649341644161401,True,-18.362688707928623,-12.148183260521176
0.31388742715850054,20.89682663981234,0.46647684722582794,12.60592576997528,0.1231855604423598,0.037004568782792596,True,-25.595919464094216,-19.865360052287482
0.2600461287779108,15.748032348916892,0.6264245982044107,7.034257284929224,0.16542399834762436,0.08905341002333177,True,-21.680957298725268,-16.218851154767215
0.16144922041448714,11.666005820246019,0.7475655133308496,16.02073067564055,0.19741446392184908,0.04666238565932075,True,-23.478872061230547,-18.340392606386587
0.08743367735535866,6.03754801514671,0.8399559801754215,14.131119317594443,0.22181261252335951,0.059440159077108985,True,-23.760636305157025,-19.49939210926208
0.1086125915840031,6.686899321123092,0.49450159613449596,10.124383838186214,0.1305862372843112,0.04884263615820062,True,-26.836134798430365,-22.42195825989762
0.4666985786891222,44.734404906983464,1.0345441341802757,6.69614122338838,0.2731987658749915,0.15449855366950815,True,-15.77605900999707,-9.470798677485163
0.42465025862960076,40.088242816480786,0.7693247430453163,9.23958162231985,0.20316056455494866,0.08326402368553959,True,-19.340609172546902,-13.106490794809174
0.09221515077610457,5.561877923740674,0.6289768676368208,9.213709859605054,0.1660979926568835,0.06826532170221628,True,-25.056479193790334,-20.92307527861496
0.34307707497630907,29.63500562792714,0.6230092829690974,11.705220878935027,0.16452209394689918,0.05322490616903083,True,-22.32445831833497,-16.30565384986747
0.38147175373443337,30.496394147460716,1.1269958904996251,8.564428545335346,0.2976130995848189,0.13159031971998275,True,-16.111229758719244,-10.070723921836969
0.226725982100983,15.342000338959178,0.7189269649034559,8.6087334625466,0.18985169706800717,0.0835113513539756,True,-21.078266989991263,-15.642678010607822
0.3788508009652975,30.13285458256266,0.5904335076263205,17.827736588414,0.15591959809676387,0.03311881487019699,True,-24.3724462319894,-18.34098950996478
0.3493136457295564,23.26558761220242,1.102515856833296,15.636879030063136,0.29114849864102393,0.07050741101939985,True,-18.78067586044484,-12.956697011120779
0.23634855294333024,13.475387005689738,1.0294209654588358,6.018965789676079,0.271845857549649,0.1710295425211639,True,-17.331382869695894,-12.032082284310619
0.07870293273771142,6.328541460396433,0.5186308515323599,14.154633834166567,0.13695820594024694,0.03664035803458827,True,-27.799625772140985,-23.467071508227725
0.11782178544257052,5.801640305851031,0.6125580037389537,10.32673954134361,0.1617621569919112,0.05931765793903755,True,-25.50892622488311,-21.30920715922242
0.33254948844774873,23.826283004695483,0.9717344167463761,6.764047569579838,0.2566121972396237,0.1436616769397938,True,-17.107699934140527,-11.263600291407638
0.3881306124505947,24.194339918870455,0.46053468496080724,12.969795237317845,0.12161637519081042,0.03550824639356803,True,-25.59517835277513,-19.738239117582633
0.07333997295501875,6.162359857969906,0.4092882470632784,10.854556710749518,0.10808339662901366,0.03770658332439783,True,-28.977188782985962,-24.684768281632444
0.0710061071894105,5.688363192891257,0.48536748621152415,11.874824050084898,0.1281741337539967,0.04087365708867527,True,-28.085180216364133,-23.91629300196162
0.4665731632977536,35.244518228191026,1.0373567796677392,13.787454128436403,0.2739415193744618,0.0752391826659432,True,-18.286997280826697,-12.141070384618821
0.2874348915835433,22.64286452733796,0.5634102648104357,10.816074166592223,0.14878339545124825,0.05209008889294137,True,-23.28969967661804,-17.488905318394895
0.14077010415550895,8.75402401965922,0.862322721394513,9.111116559835192,0.22771914265176516,0.09464512013773549,True,-20.89979220492621,-16.113263515832678
0.3767102307270463,29.559803620272547,0.6616441567405293,9.180943586128278,0.17472465513821517,0.07206711930353482,True,-20.988430920634528,-14.971564417517527
0.3509130549351058,26.48498816298729,0.4822164588923053,5.771672055248443,0.12734202157394833,0.08354883199813892,True,-22.73412253954934,-16.803178938323576
0.3095377593224617,22.733827294455324,1.1005404227345263,9.174448668501803,0.29062683297203934,0.11995711813320831,True,-16.926320347263275,-11.122082242642424
0.4394102339968665,41.98649399493985,0.9402996872829243,10.087152308580658,0.24831102476056466,0.093217556205933,True,-17.831698160837504,-11.567131980303847
0.48540254883462064,41.5952169933403,1.0900802292037493,16.53055217349565,0.2878645419599829,0.06594336461134888,True,-18.373502847273723,-12.115046935800638
0.3847053733277551,34.48055970137868,0.9657797991640774,6.273392556562921,0.25503972283182036,0.15394856777354463,True,-16.52086114169051,-10.390460957172309
0.3730286125944861,30.388852498878805,0.4527236855986478,18.149132148811713,0.11955367403047457,0.024944646492548083,True,-26.74007491485788,-20.702229620342656
0.31235116441750443,20.137785097481732,0.6621285443607736,10.442370565267773,0.17485257051242073,0.06340787661405835,True,-21.94601771867289,-16.248693202989127
0.18835617370860577,12.646371090493878,1.044849595362019,15.598573810009889,0.2759201957140923,0.0669836619737325,True,-20.29588828128348,-15.06616357162498
0.40372188405621423,31.730983477471447,0.6315347161150487,8.606102656742335,0.16677346026088358,0.07338219648359427,True,-21.106960397263833,-15.036854853915301
0.1714539541112734,9.206644088776342,0.4059475367461804,9.455216930555618,0.10720119363194174,0.042933709477813706,True,-27.431791744151038,-22.580265660728426
0.08913186100974789,6.110754740043957,0.6477241922346658,8.122023035705066,0.17104872001048002,0.07974912030995458,True,-24.100472043023355,-19.82083118657047
0.32303460186646454,23.953262886747154,0.8789509612349791,17.29331541638328,0.23211026957714104,0.050826052730309976,True,-21.1035378329453,-15.254976310508892
0.1793384373001736,8.924736021830883,0.8706005593622098,9.489027804724914,0.2299051249044023,0.09174813029093537,True,-20.89516657078924,-16.08356908433384
0.4523882381431561,37.92880852018506,0.8749260099168265,8.519928934752874,0.23104737462998878,0.10269170278498388,True,-18.036997380322234,-11.840171423471446
0.3568917644735302,24.536861690232932,0.9315860910635153,13.677631143437983,0.24600996900583674,0.06811019256872237,True,-19.654538601123118,-13.785901711174727
0.12762706149030745,9.24539822519029,0.49417586445768,7.5111908518473705,0.1305002192120295,0.06579194620466047,True,-25.041884677170962,-20.18500648016345
0.21645057466455198,14.391686738301381,0.8130157943667601,6.19662358393074,0.21469834327934997,0.13120303070773828,True,-19.307930727192442,-13.938550912530951
0.3283160836631776,24.327082117243283,0.48774016545926907,14.535528474811647,0.12880070252074605,0.03355503491355441,True,-25.51840664181119,-19.656905798636043
0.41294718068984615,32.940811936569695,0.6440650213118884,8.719582747104548,0.17008241905994537,0.07386420199128893,True,-20.93008479519731,-14.832550282529468
0.29427271303118446,18.08465583833706,1.1114122610284833,16.30109565418808,0.29349782968118887,0.06818021834887762,True,-19.26666047848968,-13.6690758500981
0.3832409139725085,28.191533552537532,0.4111111238894313,9.153873301234967,0.10856477551155085,0.04491116605622753,True,-25.173685242319248,-19.193375379813002
0.1774387699853086,13.614162789062398,0.4777968214015031,10.261120854499787,0.1261748992944733,0.04656380410839581,True,-25.411983419398144,-20.101635398672823
0.1481362715738786,7.2178340674260095,0.8205534935489374,14.812761835511642,0.21668887229214984,0.055395037242937956,True,-23.581390040427223,-19.057158475110455
0.4268786412180967,26.810978688889556,0.6991702890477554,16.443242007659965,0.18463442379445433,0.042520221299549806,True,-22.735492638522004,-16.794768651695193
0.11834785149325663,9.058392583007555,0.48473347303191616,14.171186025847792,0.12800670578983872,0.0342055684081613,True,-27.36163179198419,-22.530881662612824
0.07942936456030879,6.581091132166135,0.8981648355454465,10.272632889763898,0.23718420173321683,0.08743277844966282,True,-21.750927981976254,-17.36018752629727
0.3651687878929877,29.175743236179,0.4832182045140714,5.606811881646919,0.12760655902435303,0.08618413007502816,True,-22.54257967694249,-16.535723039039897
0.2983747209056105,17.16261773690706,0.9847311975507356,5.363124374538594,0.2600443412717507,0.18361147882859888,True,-17.08683959549978,-11.539531887413197
0.4120419513489039,25.31936948198134,0.7206597668448242,14.939488149124571,0.19030928929268567,0.04823858485988716,True,-22.176850982444456,-16.282354887175167
0.4372094660225209,34.934383383166164,0.8135789476877797,16.750868939974882,0.21484705882199123,0.04856935784066851,True,-21.16100268146411,-15.021319509425213
0.12520214283259437,6.672387334763698,1.0128089449973203,10.17331837639394,0.26745901378065684,0.09955541619020115,True,-20.631776832225256,-16.22078311779226
0.12529749271694723,8.045207373694277,0.6164800029944407,15.558366214899142,0.16279786472149071,0.0396236979178496,True,-25.946025163604833,-21.271588956781198
0.45713386328129035,40.34467459244053,0.46803671285149306,8.037274627996945,0.12359748425477425,0.05823326121284194,True,-23.23532935379419,-16.996976478542827
0.3276531142457505,23.13661614329785,0.5657661425030509,7.400625252427291,0.14940552732258194,0.07644842472161231,True,-22.065735664453875,-16.246484383239313
0.39256394920955445,36.196100173952246,0.5919386473039084,8.161876677228658,0.1563170700738413,0.07252482127736577,True,-21.359267868158796,-15.194671042800296
0.3912232992119486,35.44851182088079,0.8284330825458333,6.397366357004319,0.2187696863612952,0.12949595760430418,True,-17.86070866485939,-11.710718234545194
0.44143988795879363,37.19546010383814,1.006943211829423,11.357190420231849,0.2659100116554925,0.08866129514176685,True,-17.775115333739237,-11.591663556758423
0.38534641425842175,24.36343611406117,0.9799162036688105,13.665624735662742,0.2587728146710224,0.07170665246730759,True,-19.221938864561572,-13.359195010865516
0.14458492716765248,7.666868785906973,0.3985081152723554,5.879309353998854,0.10523661744971505,0.06778145038435633,True,-26.873212896239913,-22.264578024304484
0.20352566378362724,11.360394583361352,0.8448746106231688,16.084006986269202,0.22311150710283967,0.05252886369325952,True,-22.489440282432156,-17.381686532128636
0.2913318925204073,21.928605576234297,0.6083713077633521,14.164265600387989,0.16065654908613108,0.042951136679242136,True,-23.651493463138674,-17.87845279030679
0.30647330172917625,19.410112234099014,0.6933113349680988,11.710780637414501,0.1830872118670012,0.059202828268600176,True,-22.003593705337114,-16.33987299563948
0.06982739774986077,6.503698957666832,0.715396956713022,7.210224169183476,0.1889195049562426,0.09921979399345598,True,-22.717986480045443,-18.344732478762545
0.07415296857007843,6.32199662250701,0.8235656783374585,15.909297255270332,0.21748431942642163,0.051766314069254867,True,-24.237105986388485,-19.906103693265425
0.46253182948933474,32.84585265636557,0.5803585225033349,11.439491745472484,0.1532590315623168,0.050732894032029775,True,-22.731574959844924,-16.636140185909657
0.36461953174579614,27.282537277423646,0.5022942911489721,14.899980148952103,0.13264410469707455,0.03371107116436647,True,-25.200634308919014,-19.24606322429814
0.44567979027143856,42.47541409682806,0.64047457054098,10.554645273369495,0.16913426548472424,0.060681771291448916,True,-21.307058086188153,-15.034972253906322
0.32990860713293113,27.489541229841166,0.45154991102994246,14.554676078393458,0.11924370778254856,0.031024387530016708,True,-26.02556581900796,-20.065025097994834
0.31742092887792794,21.305499509111407,0.7665476588417597,5.060512177141051,0.2024272019538995,0.15147629963313766,True,-18.842693275489538,-13.094952702519437
0.34054566905071576,29.57066760289301,1.082627010422177,10.595239193379797,0.2858963222333926,0.10218051623588005,True,-17.179840099106613,-11.162693188486461
0.15577574256457205,7.488726920073359,0.934484274268539,8.796395797316409,0.2467753110040488,0.10623490527263792,True,-20.52095418940411,-15.944935631981483
0.3238374246587692,26.57938053328456,1.1047428020620529,6.2576036752593405,0.29173658248207696,0.17654406692930547,True,-15.67588154685505,-9.74208813103588
0.3554311058800627,21.712737271598986,0.5617106957433294,5.46509474204336,0.14833457924678478,0.10278151107281808,True,-21.609119207662957,-15.84472468699147
0.19275144179973228,10.038496170266932,1.0462276789855864,18.125819484546952,0.27628411517658047,0.05772029672244838,True,-21.389824101225194,-16.43002245231141
0.33086708162234996,28.32517592044587,0.8081308032887993,9.843245862465432,0.21340833206598914,0.08210003230442395,True,-19.52924712243389,-13.545254347580514
0.1963861440572428,10.098141657413748,0.537551434606815,8.016284189974353,0.14195468678122344,0.06705743232994522,True,-24.271887224182795,-19.304817783808396
0.4105299105906454,33.23348775619486,0.8450889863581629,8.84667196105434,0.2231681186907835,0.09552620353489921,True,-18.60380452730312,-12.499853234602895
0.4378044706134727,33.318103828229766,0.6440324340112114,6.6613992234206165,0.1700738135205256,0.09668125455488041,True,-20.20701838284488,-14.101227183157922
0.40697981491143675,32.80593585349693,1.0565838922229038,16.47063924891146,0.2790189474395029,0.06414953762603556,True,-18.89880629457818,-12.804256791802588
0.3475710849076858,21.590460027706218,0.4306537658411782,13.226681688806865,0.1137255274666953,0.032559471526832064,True,-26.417825578774654,-20.65838389135928
0.31096147175550476,19.329000042853895,0.7097323383413379,17.82075360683213,0.18742361251708328,0.03982616863459917,True,-23.40636926873181,-17.74650687018341
0.17050027106510368,11.26670111361417,1.0921967504645744,14.87009186279911,0.2884234654290757,0.07344922684687315,True,-19.972570133735367,-14.874474742961972
0.41125131090949685,32.36890609630083,0.632421669442482,11.000536213574865,0.16700768376710015,0.057490076589363164,True,-21.866004293660822,-15.78125052549808
0.24190422773275516,12.070567479946387,0.529292432925875,6.570448963939242,0.1397736787487531,0.08055650927825539,True,-23.51043989283269,-18.333018923276043
0.3288388246133942,18.566823969566112,0.6042582124421221,10.621492508921417,0.15957037738155067,0.05689014156292832,True,-22.92906749215661,-17.30663783570915
0.11818881629286691,5.708772965193204,0.609336917272106,16.59712011949553,0.16091154383927203,0.03671341250078432,True,-27.363989610364193,-23.189482602123714
0.2555133782589207,18.49978677129407,0.4716674912302956,10.911994808938038,0.12455628740244315,0.043224680682944584,True,-25.179467692617457,-19.560436346844646
0.20713441871451183,14.99271133275385,0.41107460558335024,5.302210057610211,0.10855513188608956,0.07752891739800817,True,-24.90237461326883,-19.49041813753536
0.43551835826724655,27.836560124039455,0.45362716104923884,8.964372275922155,0.11979226064069726,0.05060333809068351,True,-24.270726897261405,-18.300323379541915
0.3436969017302183,18.844837117757884,0.9126079156523061,15.042650173572953,0.24099827938371185,0.06066802758303739,True,-20.597259383013068,-14.960923013231795
0.1708122916736714,8.803533838702965,0.73584867931042,5.3573747778151635,0.19432032372175037,0.13735247389403524,True,-21.02967293815141,-16.235802160506754
0.16136544493046562,9.131201576640368,1.1230292153033357,13.304904663598654,0.29656559399037474,0.08440715989313849,True,-19.805821977868916,-14.964808005752266
0.0800741070458618,5.472432099758856,0.8215341935514615,10.81904132449716,0.21694785208965792,0.07593410256149882,True,-23.32428812617177,-19.216682257088156
0.08067531946253213,5.955998534047099,0.7247920993259125,6.565245713609856,0.19140054107858745,0.11039832032842385,True,-22.675805982970274,-18.435434834185518
0.32572080132155584,22.014180015227648,0.7319895958615119,10.922021166890714,0.19330123057645343,0.06701960971111129,True,-21.091593149800566,-15.315158917752282
0.1028095672409491,5.118527160579229,0.9318975798374618,9.987564563432091,0.2460922258625667,0.0933057878043121,True,-22.20746780594623,-18.208179614639292
0.46932503158340555,46.620242843280785,0.9746761019376338,10.932967819534824,0.2573890270889187,0.08915018483783521,True,-17.68537907300818,-11.354238180784911
0.2822845971940577,23.4117995716941,0.4645796339210403,7.442220388816794,0.12268455104474692,0.062424869145121055,True,-23.77450111680643,-17.94520832961191
0.36318593946801303,28.11756297009961,0.7069341817518198,11.802846008695925,0.18668468519467665,0.05989523045805862,True,-21.324291758051594,-15.34603126452814
0.11169682064261206,8.809611397284472,0.9573109446775396,5.236332197398123,0.2528032976106477,0.18282089611373722,True,-18.713687201113995,-13.918919224583217
0.2863671822428202,22.806059559000857,0.6514839635298241,5.942196954358115,0.17204158715251194,0.10963688489860875,True,-20.381590811249183,-14.574632225300236
0.45910836263906385,43.63180040036677,0.6114011245488432,13.739110543476079,0.16145665241597051,0.044500779189025653,True,-22.63189442420785,-16.342514066505466
0.17580984788861864,10.01384275296528,0.5245765334748278,9.788455326910768,0.13852832065580184,0.053591349804973154,True,-25.111102602612824,-20.154323077077354
0.3611387650811803,27.910610696730547,0.42883903641361054,16.970469911790914,0.11324630012043874,0.02526972079398093,True,-27.05250501165791,-21.08001989234485
0.10960781378692527,5.76494943484633,0.4718059162335769,7.276739010124054,0.1245928421890523,0.06483754818980839,True,-26.757264882324407,-22.567437284138997
0.33794386450072866,18.682234653643068,0.8028016690878892,14.110147813722767,0.21200103310331658,0.05689534083456784,True,-21.479816726906297,-15.851577810982825
0.2133869797815321,10.748572156379938,0.5594262522877718,17.115479159953658,0.14773131147680793,0.03268539823277063,True,-26.439629742396107,-21.39710518973224
0.17155531720062803,11.332444693046398,0.8455990160791103,9.062047598926753,0.22330280554049708,0.0933121357891849,True,-20.435137599180134,-15.330253058321988
0.4785448785254279,33.84130088145611,1.1003865750587474,14.9439026436971,0.2905862054204764,0.07363448499999818,True,-18.129615706239566,-12.012596730072168
0.3251723546481518,20.94693991355614,0.45191471398620187,11.867511835542032,0.11934004366049211,0.03807998848021046,True,-25.64868346655281,-19.915991230064613
0.32891864321450925,18.890558470633447,1.0063406299040323,7.528989532313682,0.2657508839460828,0.133662110378148,True,-17.42088951755418,-11.782294389954062
0.4146685318010599,27.952597432831006,0.7154847559053099,16.15021370676169,0.1889426906572537,0.04430187543622127,True,-22.409066421801263,-16.435404582164143
0.2063956215366023,13.932750927312021,0.9421841097110542,6.466293824317334,0.24880865638858618,0.14570697455284962,True,-18.175891963779524,-12.840783697825234
0.27511062568578815,13.921215743159134,0.6131828794591487,9.407554715769983,0.16192717196801734,0.0651798366297316,True,-22.91754072662036,-17.583314720991527
0.2125468677856262,16.415767268797154,0.5194751641120849,6.477827868922456,0.13718116902821262,0.08019280144881284,True,-23.046648061049353,-17.543006867028023
0.1820135899005301,10.577628646176738,0.8441644139904654,10.127570241944381,0.2229239608811051,0.08335310383672,True,-20.96267847486462,-15.939338313510794
0.10800198326351822,5.570835470758797,0.6075839918197722,15.731867104184518,0.16044863746879812,0.03862122580848404,True,-27.26529307737508,-23.1293383693947
0.37988498334347276,26.774112417614727,0.52073496948924,10.515361663268466,0.13751385398858326,0.049521356104016416,True,-23.641384306318326,-17.701757731826312
0.25853304817250145,19.929577023816073,0.9706167771459265,14.384458584749398,0.2563170549161135,0.0674767681680413,True,-19.800103606369305,-14.112213064436933
0.368282835409239,30.68568039864539,0.42432618743230455,6.620903899747693,0.1120545628793302,0.06408886065367518,True,-23.918281439631187,-17.87312560878532
0.17059584646584133,7.976077348321872,0.4191423930071183,8.898875478251405,0.11068564473198342,0.04710060209646603,True,-27.342530237434413,-22.67978252023685
0.11727379059926996,7.745323313905764,0.47765528763516063,9.3832231245013,0.12613752355668031,0.050905246661769765,True,-26.454504020336383,-21.831846905363356
0.40849891800709104,35.20402994423119,0.4158495916131075,6.415649552208023,0.10981609335433438,0.06481800295185823,True,-23.86104907746413,-17.71593276773873
0.27371450075188075,19.97889651935317,0.8683810489534517,15.697390124375188,0.2293190044243902,0.055320090924224026,True,-21.10012108791992,-15.409983050207481
0.11428209634606798,8.73172615672078,0.9043899762053209,16.367507135069456,0.23882811492114817,0.05525520586256846,True,-22.5968466838181,-17.813644128785246
0.2281590601985627,17.165234020214704,0.7554510302413668,17.01432803833601,0.1994968434135144,0.0444008736953475,True,-22.877719058284338,-17.330263211918158
0.09031881610510484,6.520462458776348,1.081670789821347,9.845022247650558,0.28564380686993934,0.10986981670655743,True,-20.024558259419575,-15.6474914133252
0.3597132710648624,22.915384871432398,1.0620604007651564,14.300938171696815,0.2804651644984133,0.07426508582962024,True,-18.78317061962273,-12.972118113560867
0.18961127930830124,13.95962066765984,0.9351130199141844,15.9475948661467,0.24694134793641778,0.05863661748137504,True,-21.148161368991264,-15.811002055373278
0.14724574900312112,10.451249519222403,0.7658341521954094,17.0395608421033,0.20223878163543627,0.04494447710783124,True,-23.758642564119402,-18.749773727708327
0.29359530511037873,21.9443783772136,1.0085903358973705,8.739500438712966,0.2663449783695639,0.11540594831137761,True,-17.587539247707074,-11.81387164874123
0.1903580795048624,14.483072221058617,0.7700849849816418,17.042928944453166,0.2033613265639422,0.04518501411884813,True,-23.025551063481906,-17.649534126146143
0.17004704025361714,10.841266669903007,1.0234592571994985,12.749475642634557,0.2702715106608638,0.08027461566944963,True,-20.04320849513068,-14.990463148105771
0.40584667126978174,23.968143569088735,0.7481644320639964,17.666372729897596,0.1975726242683719,0.042349634727101855,True,-22.58701343319784,-16.737931264552202
0.16304542513407866,10.761903848923252,0.5655375586406455,13.639694326904534,0.14934516370246673,0.041462627027140396,True,-25.463387877760148,-20.419385559995288
0.2421972583330843,16.072759410904837,0.44240114999017693,12.887110500215487,0.11682773523698908,0.0343289638109939,True,-26.57384421582632,-21.091228885661316
0.3788660464182079,30.351012791911806,1.0886059801903918,8.756870284787867,0.28747522748055687,0.12431450333134209,True,-16.484739223696455,-10.447833318400564
0.2966711372986104,23.751172959059115,0.585390245029123,8.998054145672114,0.1545877910988637,0.06505742636708672,True,-22.285631864054224,-16.444187687669952
0.26570752885377663,17.4037637923968,0.9442480056076333,18.049576690970287,0.24935368273711084,0.052314135770287346,True,-21.151789863185645,-15.590963196634654
0.11509808331824647,8.010783396075341,0.48481217220244016,16.771637280187917,0.12802748838920028,0.028906669283573255,True,-28.33932978113679,-23.67069591607546
0.4838573580255208,49.39223421605975,0.658876784120483,15.7849577213887,0.17399385713788437,0.04174080132173566,True,-22.391195110985883,-16.024662001392677
0.13890421341829962,6.46294127664175,0.8421841204997471,12.044712483373107,0.22240101196103496,0.06992147979142915,True,-22.92221662485424,-18.55829191118542
0.4159614941741536,29.700541534416743,1.0719479340232656,16.973160702674008,0.2830762294055705,0.06315546955579036,True,-19.015198422374993,-12.994710887562483
0.3006559242702097,18.831775460185654,0.93078588361947,14.38234673884855,0.24579865304653226,0.06471724681100191,True,-20.25469281853818,-14.619003181335135
0.32944399505893196,25.93535515505483,0.7241286473871678,16.48194583398138,0.19122533903075403,0.04393465763576333,True,-22.485122364406486,-16.571069733410678
0.3319698745765899,24.048363015868535,1.0016945646010453,7.493463824592224,0.26452396740862993,0.13367577238628425,True,-17.080211608677086,-11.228330745566614
0.3911713039163192,24.81630929791169,0.8915111694143539,10.297733712211588,0.23542712505035593,0.08657353106316525,True,-19.00483642198157,-13.12682948098007
0.4245094754415629,28.484437943111008,1.00848533251239,9.890649185060873,0.26631724944602975,0.10196351257060414,True,-17.61393060387176,-11.625581623151382
0.46071419785646245,40.313173165769264,0.6618575626010315,9.55156635168527,0.17478101060512413,0.06929309164923027,True,-20.746953708472724,-14.509118909886887
0.09206320053756306,5.984560842503848,0.44195716488089054,6.074097128436974,0.11671048921536814,0.07276096439284596,True,-26.799720076998486,-22.551991911468146
0.09469490846692893,7.19931961799563,0.9742964013477909,9.969623931679623,0.2572887570964459,0.09772649480306399,True,-20.670302073031706,-16.149711403191663
0.24383996814513792,13.707188892984739,1.13443149788157,7.66447868245296,0.29957666855511506,0.1480115667199564,True,-17.002322232130666,-11.68465892778425
0.2145219349556835,13.064479050381378,0.6103032269164318,6.6854591917112245,0.16116672348174527,0.09128815379998113,True,-22.147560211930912,-16.881952566724273
0.3167455756514222,19.741610593108376,0.8815843027764803,14.655605966567471,0.23280567312300865,0.06015338463571961,True,-20.722315635559546,-15.043064864429713
0.4344214251834907,33.73467836318434,1.0081415741983535,7.072789957081136,0.2662264709629751,0.14253803383331384,True,-16.438738141650123,-10.323986758404844
0.40439153013005874,27.58857556131239,0.4679600443228063,16.63458644109196,0.12357723790014648,0.028131751034508285,True,-26.230468406202935,-20.267094672670073
0.15499818848062052,9.006144652856987,1.0905837499897877,17.567827749038116,0.28799750995312423,0.06207846328920773,True,-21.1714193346278,-16.348107701533216
0.16361130279875838,8.231126949208466,0.759652046006889,10.691620809353447,0.2006062328389075,0.07105115861781365,True,-22.687828441186806,-17.982658079782475
0.10941265771167762,5.69044727173508,1.1045825088587624,10.509678210722933,0.2916942528183436,0.10510145855196275,True,-20.514607053843115,-16.345144668828805
0.2947894523774178,23.325750895342065,0.46367690830713065,12.74676819843354,0.12244616244875023,0.036376036740364694,True,-25.524559736967575,-19.698388480815517
0.07330718111966897,5.127496334666384,0.441192746450074,8.648381444911248,0.11650862429244085,0.05101448742292399,True,-28.242020673183603,-24.239855792693028
0.3526141542606293,26.54593076984775,0.7024381663220522,14.002967984636177,0.18549739329848253,0.05016352012607296,True,-22.087000778025793,-16.154215571236033
0.4392025914232441,34.84806391004918,1.0540621090627376,11.299194572114413,0.2783530038374857,0.09328648182270317,True,-17.43459077235608,-11.296659743159232
0.09311216391206796,6.4135217897788985,1.0178037835951796,10.147678945798276,0.26877803313961457,0.10029917077900943,True,-20.70595578174194,-16.353456651783226
0.39797954880946107,29.21553824681374,0.43849096116621233,10.363723060221393,0.1157951463645078,0.04231017739650457,True,-24.970778139131895,-18.962875467414747
0.11753671475669045,8.398272864510218,0.9107706141375649,6.949458319867957,0.24051309128029152,0.1310563460081116,True,-19.786748494569263,-15.054784239386201
0.34916924406015143,31.13933072772136,0.8557182106053514,14.40262500467544,0.22597504673821894,0.059414045031899704,True,-20.273120725755383,-14.21698788783772
0.4751705604792435,36.736779073203564,0.6299192467354203,7.85968613661983,0.16634685280524997,0.08014559815569507,True,-20.696951849867897,-14.522061488963782
0.15048111636463235,7.304159506718743,0.4098198193972714,5.70104054017898,0.10822377237599447,0.07188509124062559,True,-26.71862763816245,-22.177594921758256
0.409849907031883,27.01296731089094,0.5488067431139747,17.96133584443127,0.14492694895168637,0.030554895686343207,True,-25.179335600333964,-19.232637478596807
0.29164956132482844,17.47220045553712,0.7293981239838688,15.122829573217741,0.19261688382373338,0.04823159055337235,True,-22.690522273921744,-17.125908023065023
0.22839596033302212,17.36366431851636,1.0699595738048218,11.632486509482463,0.2825511502524957,0.09198029784368303,True,-18.395808132725378,-12.837210730597251
0.2467508492566775,13.958844804966494,0.9776809431293964,9.820379714051132,0.2581825349520611,0.09955632792187427,True,-18.99860938723653,-13.661509217957665
0.33926358910254073,28.31221691622506,0.9640630147859232,5.001338125950313,0.2545863604687377,0.19276101525384065,True,-16.43804598227769,-10.454409228473994
0.10903799018402546,5.799229174701643,0.9010320907866988,17.875086843473685,0.2379413763838463,0.05040714479749068,True,-24.206327583511836,-20.00725577986413
0.1672570793852212,7.7555695923245835,0.9223575098139138,17.298764727764713,0.24357291782080837,0.05331927015190395,True,-22.96563686146071,-18.341163435535492
0.3234454223114977,20.80421652177759,0.5265677665545205,9.718939315645066,0.13905415846394192,0.05417955081856288,True,-23.646897460079774,-17.9202990364203
0.2634761299402089,15.978763370666512,0.4193625662909492,17.5469036574263,0.11074378731617479,0.02389951950944144,True,-28.238639837120076,-22.761899390194145
0.26399114820070596,19.148878810987952,1.1225995240246376,17.88208878672865,0.2964521226331179,0.06277787440904468,True,-19.452626126570486,-13.801415765276337
0.16465745111521393,9.895192947913156,0.6207212865364132,10.9960116782429,0.16391788791925493,0.05644967509125099,True,-24.06979457045937,-19.127710264970204
0.07447484061137648,6.425190695995527,0.5484543339927387,7.1389209512972815,0.1448338859939798,0.07682594298695433,True,-25.04042552768949,-20.68521725015444
0.45086678370307276,28.12296104465742,0.6984325656758013,14.090089925127078,0.1844396084085117,0.049569063745311906,True,-22.08345318587647,-16.105042873661674
0.1535879260427509,11.55762765730466,0.4837006033063555,17.20567908712997,0.12773394919588596,0.02811284581427354,True,-27.562105992025764,-22.434389198147805
0.45122419620817306,34.678170655277306,0.7224102458639884,11.433345367145037,0.19077154961771725,0.06318450310614362,True,-20.76352372425745,-14.629059722382156
0.3909276725225807,36.26165011981222,0.4615630638630817,5.9584495232949655,0.12188794586398997,0.07746361902682392,True,-22.77828482799348,-16.612428188182268
0.31246232218579895,19.53569717953454,0.5150552930819731,13.310536594301535,0.13601398507650042,0.03869530649143603,True,-25.042661810544764,-19.373012980372486
0.14720032851005574,8.518934386319152,0.9194172701450702,17.18517157102402,0.2427964696999737,0.05350061629267076,True,-22.711108840056653,-17.960272402078935
0.44418551283037105,28.569652241173262,0.5231555001194788,12.511745091925704,0.13815305917963858,0.04181315206438233,True,-24.129581174816845,-18.138915835194314
0.461935186217086,30.524587338009596,1.0398114568091663,14.743188899016026,0.274589741855749,0.07052825979042868,True,-18.69502249526989,-12.653821417954079
0.0893418910154643,5.092306121725658,1.0534376272085526,9.459460726805965,0.2781880928721262,0.11136339138481219,True,-20.985855609051963,-16.99501891589953
0.19347714367742508,14.883046206525181,1.0351464684097684,11.336479482967516,0.2733578281737421,0.09131110500089763,True,-18.868052576518878,-13.463679906231116
0.31644035414818317,19.06274071068589,1.0658812486270106,17.527659222099857,0.28147416052474694,0.06081138588563427,True,-19.830342794133074,-14.183311634435317
0.09771401516677236,5.389401852925825,0.4127051543061284,6.991668688732533,0.1089857214414738,0.05902813372310189,True,-28.062027376011144,-23.978915770874213
0.37077808920705935,26.585781850853614,0.4081882083755259,16.52464674452117,0.10779290229244594,0.02470178120514817,True,-27.440759489029297,-21.506773340482276
0.2266584616489168,11.056390024629897,0.7430672948184561,10.790239168807487,0.19622659024336586,0.06886476594203039,True,-22.184644351572658,-17.10865458707581
0.46543420108827754,38.14472777737466,0.7738447357218874,11.18217808498358,0.2043541882779053,0.06920339935929609,True,-19.97944118731812,-13.778748880354259
0.3028682115792211,23.16807769341159,0.6271841653124306,7.325573759098918,0.16562458215033926,0.08561570546381028,True,-21.142647980340836,-15.322239940755047
0.11953366675625704,6.239872239189261,0.5955311886588169,10.27343657888979,0.15726577572311123,0.05796806006303041,True,-25.49135316903257,-21.180022571273692
0.27463396010058533,15.23141463227147,0.7531671406160463,14.045885738083415,0.1988937218970731,0.053621904282899084,True,-22.372709751058206,-16.944518466514133
0.22260739577945748,14.209802056703143,1.0776379322062375,8.942764190266,0.28457882405577406,0.12050389670111421,True,-17.82184464998869,-12.465856797572341
0.16449154711061137,11.516052334813088,0.5814268238996021,10.75438235100684,0.15354114482689393,0.05406417634436888,True,-24.213793330926983,-19.090243754838603
0.2931893704104112,20.209345494630288,0.9245298404330007,7.017943745913303,0.24414657922837818,0.13173799533109307,True,-17.8732509170927,-12.172716411131365
0.15470444843343287,9.377391034383798,0.5078788532418388,9.324557479550393,0.13411885615650102,0.05446680492405817,True,-25.39588378499324,-20.521015360406082
0.22393327028166665,16.681441724074123,1.1309864440971193,13.17075232112099,0.2986669109032285,0.08587105857904848,True,-18.435922266674407,-12.916425504586515
0.187604820236279,11.288407541098085,0.5152930228045929,17.304833864888373,0.13607676390312148,0.029777403633450997,True,-27.08711803229891,-21.986774808977717
0.30894387096368736,16.925207753489637,0.42132359261623553,7.03760177424793,0.11126164823115749,0.05986749550932925,True,-24.999216889789857,-19.465488654917568
0.48415955908240815,33.404122582711615,0.4843658432120122,11.513826972489664,0.1279096234037149,0.042068188480626136,True,-24.304750060409248,-18.197095390584906
0.36015269837681085,23.563503710120028,0.8111563324450388,7.520693057174923,0.2142073031338193,0.10785659330574275,True,-18.95149085169359,-13.116734981576615
0.316272971334732,19.342777386068168,0.6927836662904663,7.20887535236776,0.18294786698382293,0.09610149051376247,True,-20.51481919413434,-14.854299795913251
0.45599460588573915,32.14318957295306,0.7466924231941067,7.871792505602128,0.1971839013581313,0.0948567207103982,True,-19.381013122232893,-13.301394113682484
0.24875331171159654,15.518207920388225,0.5032060099766271,13.219152278710805,0.13288486818923598,0.03806643568113145,True,-25.61319030525418,-20.165970970584368
0.34834399900650836,26.94121475414367,1.0574260498955064,11.474893662654164,0.2792413414671965,0.09215127224550869,True,-17.783209719908168,-11.838626367524508
0.33714654286604473,21.790744436523784,0.5872709907455504,9.46357123379018,0.15508445179382746,0.06205595923964395,True,-22.54277207650619,-16.775238873140953
0.21762037074918272,12.302522612644973,0.7769055122047198,11.574156975961593,0.20516246733541654,0.06712415546275012,True,-21.81156296547507,-16.612649658723765
0.42943430268180044,36.877950028423264,1.0231358851786156,10.881003723268043,0.2701861157181979,0.09402955014074042,True,-17.496826602254526,-11.319284771722653
0.073497702396735,6.628889848557311,0.6196492536065183,16.10350630110569,0.1636347892444394,0.03847915118733939,True,-26.604411225639875,-22.203017228140368
0.32894973687766305,28.438409716048607,0.5009434071352811,6.502956676144754,0.1322873680116232,0.07703317615092323,True,-22.534673793365275,-16.54758016594141
0.30123680228474986,19.61186530507182,0.9863727549634707,5.661953783757354,0.2604778379631485,0.17421066872589333,True,-16.929340683005954,-11.25612311710575
0.31154701086836384,22.834865233602063,0.45188654343241463,12.966856990641853,0.11933260448001212,0.03484935044464051,True,-25.84253955410977,-20.034499530746483
0.20151719023637177,13.144948229072938,0.9168751003134321,14.901659265840292,0.24212514245766284,0.06152838982268398,True,-21.174843886071454,-15.902519122605012
0.47969312596878716,37.17206604497313,0.7864267043157622,13.491791629659195,0.20767679016462726,0.058289271425371665,True,-20.54998900552227,-14.366970167385624
0.26108643034143053,18.595999558198056,1.1286956014852785,13.051161014148962,0.2980619532666317,0.08648239036064626,True,-18.23500884611448,-12.611105713128739
0.46237061609781976,31.12029315316282,0.6255099671432266,12.826502474762846,0.16518246580310472,0.0487669938374835,True,-22.56034633348413,-16.504669479494883
0.3564018815226992,31.382209467605993,0.7048663535291746,7.573444279260054,0.1861386204113547,0.09307077830617405,True,-19.807245389348832,-13.745330424087406
0.2865485871340975,16.095171260540397,0.8617459357838467,10.006614553431948,0.2275668271421583,0.08611763061147344,True,-19.891009247213237,-14.407000442370672
0.15000129582988408,8.21578346497733,0.6888366550938676,16.114480879466846,0.18190555418905757,0.04274643783105584,True,-25.062085794649573,-20.359414067690697
0.19420082086941481,10.852806399755694,0.7147811689750797,8.086823937486049,0.1887568899024343,0.08838836785622957,True,-21.654421711165178,-16.600412729845498
0.12748820666647043,7.563570193722065,0.47583768150628775,10.336532613609181,0.12565753654128986,0.04603455523178006,True,-26.87163560728793,-22.281779910958058
0.23325225928764542,18.396805956239156,0.8281987498261039,7.8916962730572155,0.21870780460321543,0.10494559359229656,True,-19.28286866660757,-13.669092443256503
0.28780256140973187,21.874393425355066,1.1091898810202867,9.496692353926605,0.29291095140747886,0.11679749534706883,True,-17.024824481576616,-11.253943570526097
0.42093061821679817,26.029010153837447,0.45779901175953175,13.24283711709793,0.12089394826117739,0.03456955693946155,True,-25.622504046170327,-19.70553683515782
0.35553085762701164,23.510347463573062,1.1205401396966792,13.577090742925778,0.29590828768372124,0.08253168229582074,True,-18.083701632640597,-12.25085419536169
0.4010278762110185,25.607830216637485,0.4646789800101873,9.014543255817099,0.12271078600955194,0.051547700956488196,True,-24.191239666532717,-18.287500695116815
0.15917376832551733,8.963346510133867,0.7778650428045203,15.785794860068258,0.2054158567917228,0.04927626702993636,True,-23.69651178381933,-18.879339508303172
0.09844618163281757,6.021861157082108,0.4143378333784308,5.306892816647323,0.10941687357204613,0.07807541016820319,True,-27.12649544321576,-22.869234915180154
0.3620573795675722,24.982318006348,0.5520846461155002,5.170326409911261,0.14579256601439802,0.10677945691343224,True,-21.484492392063554,-15.600991009614361
0.23353266629087305,11.46615951597681,0.762734512600838,9.19355122762669,0.2014202397444563,0.08296407924598442,True,-21.350046585330873,-16.23152650548133
0.14676819486542336,7.201889443996758,0.4357824724520593,17.265174868268026,0.115079898218348,0.02524054785294945,True,-29.684295611619177,-25.16319878060107
0.4243127841707781,32.921796091369636,0.8082102677085929,10.503385235905542,0.21342931674967863,0.07694759827962395,True,-19.55644930803753,-13.459334569810132
0.09544808489175234,7.864730008630464,0.49616798216014274,16.14009153434139,0.1310262906282304,0.03074133632417403,True,-28.03804949686426,-23.394436642838002
0.22063740184964853,14.17543922822909,1.019273818344038,7.069301351827795,0.26916623473093637,0.14418310489487066,True,-17.661096530081707,-12.307666473411352
0.2538036490812308,15.571056155526534,0.45885767991616255,10.352330970274629,0.12117351761381003,0.04432409292493764,True,-25.538146401119537,-20.087475864854728
0.4548788961329978,37.25967760481528,0.6685163636509945,7.56277679669253,0.17653944329924834,0.08839562261620103,True,-20.061123596136422,-13.87648541784018
0.40320579056426314,27.64072444773384,0.760700243570318,7.884091863788306,0.20088303715421965,0.09648546170094999,True,-19.415350332336907,-13.450490719871905
0.12773497940820974,6.695352756807288,0.6028367465482821,14.723550452739147,0.15919500168214837,0.04094370773430747,True,-26.46432434829604,-22.048298324979513
0.18347307056602682,9.153391183349171,0.8618532081403213,14.275193215896836,0.22759515524768134,0.06037418864359486,True,-22.36445676302614,-17.520338021724683
0.35194270698111013,30.095294092101824,0.9734600720344692,15.366265062891054,0.25706790220131315,0.06335046727687511,True,-19.445427188848324,-13.414914429731642
0.42679066706428176,42.17693345411991,0.5357114683844424,16.445646767608757,0.1414687949912109,0.03257466708087008,True,-24.509079071357675,-18.2415688326062
0.22535428319403722,13.150487466800953,0.7301447309260736,10.494557763596113,0.19281404515157335,0.06957365401892636,True,-21.87361848316298,-16.60083350870052
0.1826294821803529,10.631048502646044,0.5671654446793198,16.730013367086404,0.14977505010562472,0.033901075404705064,True,-26.25523130624377,-21.225848522016957
0.10499670919957321,6.319121251190739,0.5211068010919344,9.726242290913937,0.13761204596668572,0.05357740281452191,True,-26.42903836900277,-22.098718637390675
0.282884091946673,18.128955763684676,0.45874146115022874,16.48785618234819,0.12114282697203303,0.027822990210295193,True,-26.993545202198497,-21.39363824620534
0.3720279898646526,28.674606999633085,0.6921824243992087,15.745536461898835,0.18278909314590053,0.04396054882437044,True,-22.56409896183618,-16.57059438013382
0.15926687851430094,10.213692174627631,0.7161216808124848,7.271212243782799,0.1891108875401572,0.09848724762845423,True,-21.494873023718952,-16.513897373218292
0.2923803097585249,19.003422293805425,0.8210331818206351,12.235396883073689,0.21681554667896696,0.06710310990863265,True,-20.726904780082613,-15.082767465868558
0.4291781797076758,30.282896739108732,1.1130751290536183,6.728395835622269,0.2939369540039417,0.16542949556574008,True,-15.594082932596134,-9.558872327544707
0.46012002391342527,42.00220782825116,0.9907279250744034,17.553365979676506,0.26162793592433914,0.05644090861100259,True,-19.431285091547807,-13.166475251490649
0.1529440911005751,8.995929528629112,1.1045091949869361,10.25471255061636,0.2916748923496669,0.1077074749326396,True,-19.062017643791318,-14.240167558562522
0.3849639141340965,26.728793908091884,0.8641941625670924,5.310961393109311,0.22821334623560882,0.1627189690530114,True,-17.532316517728866,-11.594041957234678
0.3191972675579353,22.119458355996876,0.9020726621016791,7.9659119523206225,0.23821616678636773,0.11324160592044807,True,-18.276544785508012,-12.495961657517455
0.4474142948737252,38.38929495887353,0.6020477565230407,15.821380354088365,0.15898664797923512,0.03805279584012193,True,-23.444930251519732,-17.239896847536137
0.2321262625531631,12.796672425768339,1.0260146267666954,15.763804341522622,0.27094632364278254,0.06508673950387238,True,-20.47068798841886,-15.227870382028037
0.30861171927686887,16.82418339930048,0.864067105989859,18.02087945791677,0.22817979358285134,0.0479481097472335,True,-21.974691238029532,-16.44682493659783
0.40598353905587203,38.76418601501554,0.7975014765495043,14.155231003455652,0.2106013769527997,0.056339700592297925,True,-20.56308450454294,-14.351474198023723
0.47928459549135055,40.1462486237562,0.9168248807455567,16.711559442634925,0.24211188065131442,0.05486171915270404,True,-19.95790406199809,-13.72282438428331
0.29649840532290095,23.06294096182727,0.6993532953517294,5.291372575727591,0.18468275145370172,0.1321685980986823,True,-19.572732336163806,-13.756198813437326
0.43625303202037546,27.491916128372353,0.5294454941343745,10.365513122173866,0.1398140986128109,0.05107759624574559,True,-23.413427571220943,-17.452818740113486
0.1778212781332028,11.675850418462995,1.025059051189866,7.485364703001183,0.27069397861499217,0.13694176461153304,True,-18.1516802420988,-13.012230264841389
0.26990078866127504,21.509728053502922,0.6777162961457941,6.17713434543912,0.1789689290221595,0.10971370513354387,True,-20.197881104475893,-14.441731716669947
0.41114149725820626,26.744952325400394,1.0131828928966187,9.742506582911393,0.26755776462290176,0.1039961209442514,True,-17.607611073038886,-11.668854068516879
0.10846375790622806,6.336366281209375,0.7882104579792613,15.518200963226407,0.20814783754036734,0.050792644060164524,True,-24.513779116066413,-20.179372374074322
0.10723228259266443,6.684533918232526,0.5723382759004128,6.847122120614589,0.15114107312870434,0.08358815073230218,True,-24.44575300127701,-20.032094576915608
0.07576642814163179,4.326478207760614,0.9347189325324258,12.376160282361806,0.2468372787306814,0.07552576172308982,True,-23.612908499379444,-19.900288745795297
0.2577982057576641,18.23546262818782,0.672391423965665,12.737909849104916,0.17756275555890166,0.05278663704884937,True,-22.676721978775088,-17.071264948927404
0.17784035106109458,9.839197497531083,0.9959913992975555,13.417565572830235,0.26301789563168343,0.07423041041918799,True,-20.69581903236411,-15.760758012881189
0.17592570981690267,9.787012045535896,0.5275863742840141,6.9702862149204785,0.13932314880027868,0.07569077624885352,True,-24.147443608946574,-19.218979778717205
0.3326861140536142,28.319585315555095,0.9565316271825166,9.452185357149983,0.25259749819539723,0.10119687575307235,True,-17.934153874032173,-11.950314660204299
0.1118622680084113,8.420493140323881,0.9885984612112927,12.388786819341213,0.2610655946184864,0.07979784264815225,True,-20.86016257127152,-16.1246938580223
0.11873941919422468,5.779264147934586,1.0265406951793028,14.329269137878985,0.27108524593361744,0.07163943152311053,True,-22.220389345177548,-18.026691953399478
0.393717900745631,29.71838141991991,0.9522601379180974,16.36085561371615,0.25146949837699195,0.058203565901514855,True,-19.897736698425202,-13.876791938629191
0.07092918111784778,6.415622199233293,0.6571726779933525,16.423143528210222,0.17354384280261298,0.04001503590737788,True,-26.274760398327164,-21.921773099675832
0.07804441397911085,5.697031231828091,0.6467424336593828,10.674440828781574,0.1707894606688116,0.06058794498308205,True,-25.212896865559227,-21.04161939926515
0.07488411695055203,5.809730773765578,0.8985802549826261,17.72209474283189,0.23729390423290564,0.05070395277883714,True,-24.189398714037928,-19.987510595325567
0.347924680983675,28.256643943437858,0.5019185541957139,18.22089372803954,0.13254488140777032,0.027546319170026645,True,-25.953039547220587,-19.97093222305013
0.3267189628749937,26.786163663655365,0.5958178433980357,15.018583769714464,0.15734147449554572,0.03967203915721565,True,-23.77266784621218,-17.832682297175733
0.11498045116763639,5.493910707744663,1.0653521350622532,13.40717129006584,0.2813344340808732,0.07946136526588835,True,-21.825560402712423,-17.711704795711533
0.2741564453308936,14.079210538147345,0.6301791931259355,8.603942419502516,0.16641549853116547,0.07324307420950554,True,-22.383099986550658,-17.03688039269273
0.14856938546187715,10.297928563852803,0.8665343220506481,15.404751039538798,0.2288313272977359,0.05625110849416176,True,-22.324127556248193,-17.333155638834853
0.1331771806425452,7.057278871971005,0.676560898187778,13.856424195335897,0.17866381560476566,0.048826514593534875,True,-25.069844465521935,-20.577639450174093
0.0712989635321332,5.987043375379795,0.5716231780676699,5.906220572834639,0.15095223261535104,0.09678324251837489,True,-24.51312650949198,-20.26476127423281
0.4588018292544033,41.01771267173364,0.7123337379723083,5.627520126440622,0.18811058095588448,0.12658039810918556,True,-18.777977380971738,-12.528694306382322
0.37878139674645134,28.698034521585818,0.8530111797108224,8.539448399600811,0.2252601835679234,0.09989066503999224,True,-18.599349418177646,-12.605213128326547
0.27724988910580434,15.90244955371579,1.0490429698985237,8.632416504326795,0.27702756727067884,0.12152367409203618,True,-17.738959216553372,-12.26702519795891
0.2603972793242164,15.52533045066323,0.5751126816627908,5.5217988232240724,0.15187372841645455,0.10415313923497733,True,-21.976648865845068,-16.52896341603443
0.28728061857271,21.088490481421854,0.5703469421603352,10.5521834180499,0.1506152087385249,0.054050135366746535,True,-23.205861674533274,-17.46718461137339
0.16424367895619657,11.685644535264833,0.4857043981586112,13.701130520678449,0.12826310427261614,0.03544995045668394,True,-26.61928290447588,-21.478868546188448
0.10810395059866199,5.689703396710046,0.478609277014173,10.423909474486027,0.12638944970694604,0.04591456575727523,True,-27.751653859697324,-23.582396737008075
0.16906611021256107,8.57991376037591,0.599047605121309,8.279192290761847,0.15819437857930208,0.07235580284682394,True,-23.829472208596243,-19.069243236514836
0.3459326805179087,28.625106247419104,0.899532591428933,15.363111073177114,0.2375453938825328,0.05855146051761952,True,-20.19472203793046,-14.202554674422444
0.1779257722879255,10.903191864907768,1.0513673606911142,16.9931226273537,0.2776413841925157,0.06187016852327872,True,-20.898543461101692,-15.839039619854745
0.11931146263436684,8.762824566349632,0.404885641366722,16.018015457024497,0.10692077204568795,0.025276891663203172,True,-29.483347400797506,-24.695509287810257
0.22538815331381412,17.103337393851334,0.8485136798492086,10.758211560221898,0.22407249966820322,0.07887125802457329,True,-20.162696689589392,-14.61875427482186
0.4183882762906663,38.35490501814369,0.6644710143670495,12.513633295025143,0.175471161729238,0.05309976716604068,True,-21.699743104630343,-15.495317694453266
0.339454183595935,20.855927030807358,0.6310269441579486,9.652006744365472,0.16663936963348314,0.06537779768195061,True,-22.048799624925422,-16.319986382633978
0.253518702216326,19.97944659066609,0.4280415367665983,6.960758818209691,0.11303569922662368,0.06149351643197582,True,-24.560533556879843,-18.870370497490867
0.1587004924871519,9.285248705972878,0.49005487134659,11.955422722686514,0.12941196188696022,0.040990175145933214,True,-26.574426742889283,-21.71207844428625
0.10699442850211256,7.121018580769207,0.8254856105925104,10.937506001163651,0.21799132836428523,0.07547292870099329,True,-22.455757295846368,-17.950714177576916
0.28299892059332593,16.44574354680885,0.9882532344666244,11.01197220293388,0.26097442835744994,0.08974352788534352,True,-18.987536982108885,-13.48208835405929
0.1807903765468319,10.749501456946662,1.0125768801529877,5.6877324770876125,0.26739773091511254,0.17802821849164657,True,-17.858926674469497,-12.816299027309055
0.4264111211465047,30.470704149323083,0.669150777095406,12.579052816907705,0.1767069769639238,0.05319564094650989,True,-21.929192055104714,-15.889320542052573
0.43015310376772703,37.65937318791628,0.8596294388980605,13.737916838366704,0.22700791010993984,0.06257349269267098,True,-19.83028530699093,-13.638329081947395
0.07538328839470926,4.965010810471445,0.4276975350416817,11.135874014062841,0.11294485646448231,0.038407181555894725,True,-29.459205637101917,-25.510302991283286
0.3227454653154271,27.973548541274752,1.1266443498197154,10.215352677467555,0.2975202659620346,0.1102893248418925,True,-16.782229860744398,-10.807981802166307
0.39542769468628286,32.53070664743123,0.4664155877449718,15.875671715997239,0.12316938325473185,0.029379266344679116,True,-25.8672107912974,-19.778808120592238
0.14062708089500336,9.459758086494928,1.0693658124328829,7.3109374486232515,0.28239435184372946,0.14626931497468343,True,-18.210641412040264,-13.32472942906671
0.2861609804618767,15.080852643624326,0.8801624636642227,10.338941902019286,0.232430198865403,0.08513080661497084,True,-19.93498735882362,-14.51699314172137
0.43038065907064005,33.486898962876325,0.5184430619930871,7.007621226834873,0.13690861514109345,0.07398274610045552,True,-22.20167857464887,-16.092237238874056
0.08446136978538314,5.460928276878637,0.5566967650063696,10.954823108956441,0.1470105181030758,0.050817503803527925,True,-26.755115474749076,-22.65087140257087
0.46737387602986297,36.46735902775249,0.4327148225887616,6.022605102186693,0.11426980406276752,0.07184844685095676,True,-23.351764952153612,-17.181976144549836
0.24411378527221322,17.55093826959785,1.1153168938388298,16.458823135718134,0.29452895134119117,0.06776407308359876,True,-19.324649406045555,-13.75570381365172
0.2778145512332439,21.65389390664094,0.5779405300578339,5.6125485855119495,0.15262049664613425,0.1029729224170479,True,-21.404945277830816,-15.642929163268533
0.3503136866256081,29.991718648909938,0.713377117886711,10.062041956509525,0.18838611304343478,0.07089784767049194,True,-20.61149281788877,-14.58359196708767
0.3211297765720741,22.66367034728656,0.4655312009310612,5.207038632579716,0.12293583750435366,0.0894042149060115,True,-23.113663639167203,-17.31207983533791
0.3920363641428733,29.5206443213726,0.9909679021471399,8.835243736341479,0.26169130822325204,0.11216078828375169,True,-17.36305982164308,-11.34720528986795
0.16764483650501105,8.449798125498058,0.6159794060549708,6.786119052638509,0.1626656688474381,0.09077049802353114,True,-23.11217623350284,-18.372105904045323
0.4008115506026085,24.388505326556096,0.6538349137833497,13.723240022656151,0.17266241780311112,0.0476443545914749,True,-22.750747206455152,-16.88714775115851
0.11126835065599043,6.7206972897826205,0.8971804714920572,12.402171932999124,0.23692425434608028,0.07234059294927858,True,-22.35565265583299,-17.934101609817976
0.40235024339718406,31.68927912715792,0.6543495325617751,9.793495334897834,0.1727983165149368,0.06681470814920251,True,-21.20414040404721,-15.135007355243651
0.24916298592861807,16.987385919981982,0.9871372409478187,10.39882328828962,0.2606797207253741,0.09492778303670754,True,-18.744406372019625,-13.2070952421913
0.12759747522658343,8.725005236578491,0.8574219642028571,17.40179861485739,0.22642496797871048,0.04927203119514342,True,-23.304574511205665,-18.52237689183705
0.20462103922244512,14.995615907228162,1.0005215459945986,8.189212383230716,0.26421420079255076,0.12217555232092835,True,-18.104110478071767,-12.691954223984563
0.16284218422562563,11.248630985110633,0.6158361171601421,10.73503109051888,0.1626278296215052,0.05736696167596991,True,-23.759889712205236,-18.66367033789621
0.11388012560977223,8.468867781505457,0.66233315885964,6.026590107122104,0.17490660438755812,0.10990180966130546,True,-22.23149701133387,-17.488444527861912
0.27819502835606735,22.70996290295089,0.8615004115318033,14.635338361068742,0.2275019899637002,0.0588644000075508,True,-20.70266439050696,-14.899327835802843
0.46688148012387787,42.4200350500143,1.0306138382124108,13.195290561735025,0.27216086717887167,0.07810467176835682,True,-17.974504828071144,-11.703264394459369
0.3944708272982194,31.36748165603803,0.5441577240980483,9.196102752976888,0.14369925240813888,0.05917264505574364,True,-22.617155232925516,-16.55558903726758
0.22075285471880962,11.9948566062166,0.6295787491843594,6.191266737402394,0.16625693541298037,0.10168819659811738,True,-21.894764107398537,-16.724487080962515
0.20016131658200398,14.599876848296253,0.8720244939823575,9.98294627661219,0.23028115253634016,0.08735141608698385,True,-19.959714148665768,-14.575301107706093
0.175737289972283,10.52045813144481,0.4910963661583302,18.242879559727967,0.12968699616324858,0.026919893021847767,True,-27.874919817707315,-22.858095210686212
0.22358237574291473,12.16822976615497,0.5507566586277796,5.095535566323885,0.14544187576276346,0.10808611802608152,True,-22.72916724082115,-17.54262547605372
0.09705706536504208,5.240403784205611,0.6207699514169868,16.45328209017794,0.16393073916926437,0.03772924745437664,True,-27.477639394296688,-23.439867805383297
0.3528091802261336,20.806289693335035,0.5057528616333558,9.339243485044825,0.1335574317914029,0.054153514944034926,True,-23.869300810015375,-18.142613437261083
0.4800518580412819,49.067808636531005,0.9602547741619424,16.780334768849162,0.25358069371731307,0.05722500697331434,True,-19.366236663997785,-13.00369461114216
0.46162914258750126,44.448198118334005,0.4250033182521264,13.202507665260404,0.11223337719782986,0.03219110558598139,True,-25.62216202028548,-19.320968539013506
0.3653140547782468,23.765319219506146,0.5405730855767666,9.800868406880578,0.14275263371129798,0.05515563143335992,True,-23.247929187434444,-17.405983952192603
0.2632828967853371,18.57906402234363,1.0650075876236749,16.658011469998016,0.2812434472085929,0.06393365675980062,True,-19.67764504339553,-14.054596812276706
0.22015735564601058,12.489294077849905,0.6970550465596035,16.560912249554242,0.1840758380191386,0.04209037739321188,True,-24.072137294827623,-18.856336697541934
0.30516293962180524,17.449626504137786,0.69171261119844,9.305557585835867,0.18266502653298267,0.0743332793137841,True,-21.424093149116942,-15.860725873953267
0.3327752220080495,24.175557347004627,0.6156923520927775,6.241349616653672,0.1625898646496086,0.09864731026282161,True,-20.880060430175767,-15.023769569733274
0.23867848239638373,16.45141812385391,1.0711054696256905,8.035841597361857,0.282853754379028,0.1332910133491595,True,-17.290404206045494,-11.78461396053005
0.4779903339726283,36.39882885905879,1.0693072859151171,6.966263033834192,0.28237889636735464,0.15349797742658255,True,-15.802432890978968,-9.633950465373628
0.3902464116266566,27.593176107237493,0.4277314360860741,12.556849004660808,0.11295380893270855,0.034063596363013544,True,-25.93751732208186,-19.974012341618298
0.30329755387552304,15.905519717401923,0.5106359615245832,12.945106701729594,0.13484694358684185,0.039446253575983053,True,-25.363337276248036,-19.89120925081141
0.2830302129015536,16.868799522130903,0.763218216925821,15.36979207465104,0.20154797467645943,0.04965702940019436,True,-22.42018597754166,-16.889724594549747
0.3527239212835553,31.164543030405827,0.5868155702818765,10.075985323215969,0.15496418596415504,0.05823902590745156,True,-22.264438865747408,-16.207702769885614
0.35291949801137606,22.925788713861838,0.4078000934612578,17.73332029056762,0.10769041027485816,0.0229962627854958,True,-27.937433487696776,-22.125992858207624
0.341784586735875,29.66965585164286,0.9783774493466885,18.19506969008832,0.25836646585718315,0.053771569222384186,True,-20.087006849961014,-14.067311837396787
0.2704733242763782,19.349643157211062,0.454808878079382,11.584562384054895,0.12010432430582486,0.03925991012879221,True,-25.63202645312053,-19.971179899027884
0.19278286913582743,14.05603796287687,0.6517384226917949,16.84113279634085,0.17210878383046815,0.03869920334773448,True,-24.48514091070066,-19.140668240862325
0.40702466377758795,30.93754710826163,0.8126362455240113,9.637451731120999,0.2145981133597145,0.08432065531388014,True,-19.299929829571386,-13.248650743193199
0.10678687022097265,5.217219147972401,0.8373067844724715,8.829383840701837,0.2211130222664579,0.09483184779130804,True,-22.673864596987062,-18.64331433766936
0.10213148364584948,7.1540368951754365,0.8782066840517424,11.263471212442703,0.23191372348383177,0.07796945253267853,True,-22.00659460091918,-17.49496562002135
0.07164768662962112,6.528011155689672,1.0853445295191406,10.088534115332706,0.2866139550911928,0.10758198536193853,True,-20.07197301876831,-15.693193807793921
0.13859400685098444,6.957316914791311,0.7163508459543004,8.032580894747753,0.18917140466248877,0.08918065754217294,True,-22.782532417286056,-18.310799140801212
0.20868490527590278,16.162277818829434,1.1077958451004442,11.348773607437842,0.2925428193188578,0.09761370553505525,True,-18.13193991175742,-12.643775350574744
0.2888971319763479,17.207926875415023,0.518945498949521,11.91902131236379,0.13704129692033576,0.04353927099796445,True,-24.783199183819512,-19.233330583703243
0.29302623011309914,18.608319968398213,0.41046026577140016,14.859181979735007,0.10839289919547013,0.027623342007062505,True,-27.51092259856992,-21.886398239117675
0.08290486402221198,4.407026362102497,0.6102134136875512,17.47206912653417,0.16114300592105477,0.03492508009602842,True,-28.558237293514182,-24.813128968976123
0.47866098888711417,45.40898216168011,1.0106212678777953,6.945274083358468,0.266881299723382,0.1455120785368772,True,-16.047850838990076,-9.73315323714666
0.29494629847523124,25.04933619810312,0.7212456300249372,17.592714290227427,0.1904640019748133,0.040996836424813755,True,-22.82633310480961,-16.940628539150765
0.14163367721549805,10.590086164846465,0.4341197898748336,14.273884335246724,0.11464082286802489,0.030413570663652842,True,-27.96936081210921,-22.94460760266968
0.22990132019326814,16.253857101971676,0.9180596280096164,10.656652150301532,0.2424379483535647,0.0861489720281092,True,-19.535275746964953,-14.041479798112388
0.3831262246476396,31.9683893239794,0.8356299594097666,13.041133699253127,0.22067021221845332,0.06407648128456989,True,-20.073079545073234,-13.997473088954102
0.21770421594403366,16.345192150084877,1.1139167022261276,17.187264443948735,0.2941591936789124,0.06481058727285212,True,-19.630513315439806,-14.131146307707143
0.16941979038151547,9.195768798404101,0.8624655062382278,7.29135931989977,0.2277568487696578,0.11828596951522666,True,-20.142125083483144,-15.29210672870084
0.2544986054253818,17.528617348230167,0.9013346967883875,5.264641639045227,0.2380212875094101,0.17120532765300428,True,-17.795578459162567,-12.22785788611347
0.2822154334843721,18.046200788136147,0.7388829385679103,14.694191413917304,0.19512160020392572,0.05028401480248123,True,-22.412846927813206,-16.817284879378576
0.17962893930125498,12.312192210952327,1.0117312990421174,7.695362432222737,0.2671744328379164,0.13147285887480778,True,-18.22524848011976,-13.025451861219615
0.22611876724375413,12.40626649325227,1.0240879857078973,10.218400917997485,0.27043754306768913,0.10021998490039569,True,-18.96472093149325,-13.756382350743113
0.4014285254346899,38.19752594293549,0.8554197434792452,10.671057706283914,0.22589622859232025,0.08016260121763846,True,-18.94553784384414,-12.743904945149513
0.24835207018882172,19.238328809877668,0.5728599368018068,5.459991489355531,0.15127883149952437,0.1049195658855183,True,-21.626072686751662,-15.970551035662766
0.07689362608501125,5.859680558278775,0.6903609326153297,17.91773636381164,0.18230808002044166,0.03852947261851939,True,-26.493422581455107,-22.278238095004852
0.14083052208909982,10.30917353059852,0.4053651063667557,13.86132458476852,0.10704738747171157,0.029244326823728673,True,-28.515660244861678,-23.523362765412887
0.22970301554513456,17.597022555872343,0.5999528681229218,6.589565777318972,0.15843343723969353,0.09104588805956475,True,-21.71173528766896,-16.14026757897377
0.44308544868085165,40.75715285456732,1.0168048632724833,7.532008611308177,0.26851424178422273,0.1349978360016615,True,-16.309348799370852,-10.064266087645128
0.31428977239489553,18.410346342018055,0.8659295503123844,6.585116884883713,0.22867162131026672,0.13149797724929463,True,-18.447141370814418,-12.83267176162295
0.39568021547693727,35.38713341032374,0.6575583565289811,17.000252199553152,0.17364569142992328,0.03867932950702136,True,-23.053853169092978,-16.905081812963395
0.31779579493347676,20.771524424474094,0.568589220642723,11.903587392457526,0.15015103584004913,0.04776620710181859,True,-23.67771695911953,-17.952522878389342
0.28186520574972435,21.8668325765257,1.0861942671297666,8.220700217929254,0.28683835080218345,0.13212916641343875,True,-16.76917853941482,-10.998599459831965
0.38649937917673827,27.49328003491832,1.0343582909113729,10.357352694150153,0.2731496890400524,0.09986705304489436,True,-17.593713823216053,-11.633065880265933
0.1998695037975216,11.082776896688179,0.45972879431986446,9.784256027359127,0.1214035584329152,0.04698658671996649,True,-26.021762307603137,-20.942966066971756
0.13233267933540616,8.234039094311068,0.9354871256971596,16.60089003327897,0.2470401404720272,0.05635162475155462,True,-22.51462599045576,-17.808982149221965
0.3783836173426165,34.93776786332938,0.9726924390755732,8.203936689903424,0.25686518839714906,0.11856410840818224,True,-17.10074852715378,-10.960996783829541
0.3945516546086937,25.871085128954277,0.7828959122090291,6.22174248123209,0.20674439103901143,0.1258322591413318,True,-18.692447839030088,-12.780404142425967
0.20159014116294188,13.246292039216497,1.0040987269672503,17.576909107183397,0.2651588501262539,0.05712601236339621,True,-21.01789205342291,-15.737191248300872
0.22920771920972727,12.27043374329653,1.1006560734016468,7.348567604247311,0.2906573735922855,0.14977831499644798,True,-17.380322186291487,-12.184347336520833
0.19497873786038744,9.385409756725561,1.002401992718908,5.9281734227924625,0.26471078253073055,0.1690912058788468,True,-18.33882579847921,-13.462876145879825
0.4509756083770974,36.335885603186966,1.0647596824349086,7.315447785059358,0.28117798128076316,0.14554948838668652,True,-15.961103539111182,-9.793824144460087
0.3596679345152986,24.190305878048566,0.8202751358351419,9.757791510548769,0.21661536456892355,0.08406360547346953,True,-19.586146045049915,-13.729346003647443
0.3815185957272714,25.351133522346103,0.6465248329174293,6.4926192914880145,0.17073199743240527,0.09957842958157725,True,-20.469688915487232,-14.574167586735525
0.08233239566613176,5.83500209669221,0.8587870737785861,9.130673536127823,0.22678546130040797,0.09405517242299569,True,-22.15518537986961,-17.94654979298609
0.17559139576346666,9.346275796836718,0.4069500671253369,7.415494149097761,0.10746593831831006,0.05487834781379341,True,-26.668415598459767,-21.797755267080646
0.10968865110484731,7.704289282787105,0.5267825500196892,6.479900224316239,0.1391108777238321,0.08129485513417384,True,-24.62269578026242,-20.00734720728883
0.2474570224515148,19.678277141890526,0.7524729522398772,6.563744445606504,0.19871040307925927,0.11464080578937698,True,-19.551666033501515,-13.87535312331941
0.17258250596115088,11.492816343844684,0.7796682279736031,11.292925398810342,0.205892035570918,0.06904041250956441,True,-21.8396579431066,-16.718446796418945
0.2583716713569525,19.879889576570736,0.8901030196667414,10.923489998820926,0.2350552658318802,0.08148522310752503,True,-19.550554976727675,-13.864936826828771
0.397400741533023,30.767851571354424,0.5116960980916719,10.782280942553925,0.1351269007121288,0.04745712904513412,True,-23.69905828596866,-17.65189676645708
0.39838339153066005,28.721674352441426,0.4768071749038521,15.67462380512411,0.1259135569380885,0.030419050615299714,True,-25.781924958810464,-19.78715199281319
0.2883730457124247,14.948464584923432,0.411700678370369,13.49933278755042,0.1087204629793802,0.030497853845788177,True,-27.504005536983023,-22.095099278683428
0.2264288948147501,11.47128023827819,0.44844147556012665,10.795753814420436,0.11842284310785914,0.04153869042114693,True,-26.491292223155718,-21.372254498597908
0.12559206782260782,9.727146755303743,0.7078222722300345,14.51161314514446,0.18691920899566059,0.048776263889509036,True,-23.98695015063401,-19.06611675976868
0.18347790615099252,9.23689612011829,1.063996739905888,13.84848907161233,0.2809765061087763,0.07683125100534961,True,-20.396302906485865,-15.54059613098632
0.21108239972113607,11.382624477929447,1.05022088763269,18.09373055688053,0.2773386276311259,0.0580433584069992,True,-21.062203654920193,-15.95217510605176
0.13319961811191428,6.829860288245723,1.1297108894819616,9.602167611329799,0.2983300669396374,0.11765165275275888,True,-19.421237773631873,-14.976226228588676
0.11512713496828467,7.948339798824324,1.0164991971413704,7.0601624847256135,0.2684335225504744,0.1439767426515363,True,-19.020145508003502,-14.362128516732238
0.3217476269193698,28.51667268846178,0.8499473656351584,6.699538576503819,0.22445110235361151,0.12686655296172752,True,-18.003925860609755,-12.014699471944759
0.126038137503187,6.6031984081849355,0.6015075960203323,11.080876694365497,0.15884400429895243,0.054283394050056735,True,-25.481646061757655,-21.085964536064555
0.16478806493160592,11.562092632460805,0.5115673822707473,8.66258690111207,0.13509290989214984,0.05905480523434336,True,-24.61908250750344,-19.490919455177483
0.34484159113710816,29.030556394306092,0.5582396576118918,7.093768970931979,0.14741795974019872,0.07869436683085976,True,-21.76553483824316,-15.76251211469871
0.1702663071431882,8.43941023470592,0.6788958666290272,17.876539458093312,0.17928042583475048,0.037976917636688805,True,-25.5273476759675,-20.78890588652259
0.45216624215489787,31.420691710965567,0.7544097636633859,6.0397957878404025,0.19922186940839218,0.12490650183607178,True,-18.705356706186798,-12.642531561384605
0.1921248091670376,14.698444802172716,0.690075678248807,14.76032955574591,0.18223275105348927,0.046752050870041306,True,-23.388596056538177,-17.997172589746697
0.12033354228693054,6.664166688904767,0.7824046094060484,12.295559304622,0.2066146495277403,0.06363310444218151,True,-23.53950399225493,-19.13031766238346
0.3314228645165417,19.44569887532824,0.7546837989462891,12.139153433912547,0.19929423567931465,0.062169392870343544,True,-21.39301149908169,-15.727605349871228
0.31943389573298375,24.48280034997641,0.7311167893690773,12.034004950176536,0.1930707429165241,0.06075423704710642,True,-21.29008971788393,-15.423283366324965
0.2900559380587633,20.29889345360825,1.1161202556145673,17.13317022371414,0.29474110028528294,0.06514382575092481,True,-19.239511502438077,-13.534983163893518
0.41226472016470883,39.68867124610534,0.9765944416260549,15.725394118200478,0.25789561546740386,0.0621030184862426,True,-19.18296876230999,-12.955527672654949
0.39711063372241584,36.130003686215616,0.9667346417269096,15.74212234084095,0.2552918742878599,0.061410692967290605,True,-19.380063477855952,-13.216740330786035
0.17738896232408663,8.511570528152852,0.5575195791775773,6.153859605457055,0.14722780396715018,0.09059673358215484,True,-23.753632711049168,-19.0039370312575
0.38457077306081283,34.290509486226696,0.6251656510586105,14.552491322931845,0.16509154002596277,0.04295935569969887,True,-22.923055191698218,-16.796595361055285
0.3608322768589656,24.719897716025287,0.758081122340521,14.07169638352752,0.20019138885810855,0.053872760019747085,True,-21.54161293020377,-15.666821415697703
0.22915486271081276,13.347010381325353,1.002903660793511,14.668887315786659,0.2648432612663709,0.06836944338062954,True,-20.304711453963172,-15.015777026515734
0.264688211993798,16.83367638799297,1.031921147653455,8.642894576237524,0.2725060968448762,0.11939531814845729,True,-17.784646337463265,-12.256227050163172
0.24181936843022295,16.186543096200445,0.7655857516426722,16.88796239123746,0.20217318489363634,0.04533322220328407,True,-22.835385419551677,-17.34572427429214
0.45924245247484413,30.51547281281485,0.7306653285182361,14.851809240492036,0.19295152272744207,0.04919705853251515,True,-21.78835250902296,-15.747376092862122
0.3260032412913373,20.56163892172309,0.5065697177433335,5.551920438137442,0.13377314427168308,0.0912422509270103,True,-22.612869857207414,-16.89676835744588
0.09080404992047947,5.248892025902916,0.7208819412488394,5.058333487787772,0.19036796032563685,0.14251372373712595,True,-22.747168089130007,-18.70676410419511
0.1985851195092339,12.173441159300985,0.44610423472680416,6.021148967165896,0.11780563279259088,0.07408955286764507,True,-24.803239615524028,-19.616214107479927
0.36186844241970534,32.779186899368305,0.9554377980172546,8.255838225526718,0.2523086436476264,0.115728745151895,True,-17.349820756022932,-11.255865364073859
0.3920858336076667,36.71473166147615,0.43109331372629445,10.756038843693354,0.11384160172180852,0.0400791890017262,True,-24.969312997874567,-18.794838067476515
0.37114900686008745,21.48623293826596,0.9592685118878265,16.966552361331004,0.2533202450547425,0.056538800073144206,True,-20.428471759691995,-14.673283870849549
0.27984598608742445,15.330044216120923,0.6832121291823818,14.843957767382934,0.18042024922537195,0.04602627815902468,True,-23.418749255867972,-17.98395638468095
0.3969926337547203,29.565527385467398,0.6408406622804762,10.82056955488942,0.16923094169999914,0.05922430044275292,True,-21.806739682528864,-15.789725426148255
0.4090866429706822,35.684669520893756,0.7575090964882172,11.388054207789427,0.20004033028870125,0.0665178688708806,True,-20.30424089765285,-14.149588429244147
0.16595257228936297,12.650374022071123,0.6875045078948977,6.873414759293645,0.18155376545554863,0.10002371920962762,True,-21.241793221860654,-16.011716920135303
0.4242970061600727,30.544575830907522,0.6268695692808139,16.004040172119776,0.1655415047399638,0.03916945737069988,True,-23.4081741268286,-17.366480699549225
0.08343079473992038,5.655696454334111,1.0778531156082574,14.644699653771708,0.28463564892957727,0.07360021994924687,True,-21.95555036917161,-17.795718255345502
0.3525088029848771,22.53092482349925,0.9735512406267837,18.214306738168418,0.2570919776815986,0.05344981033984066,True,-20.511876090500685,-14.715347174589233
0.46425057992675955,41.904441278753666,0.4622222428968094,14.834132609906721,0.12206201953813801,0.031159371097176397,True,-25.39585407456112,-19.132562366222444
0.20617779594423585,16.025265577767662,0.838725701399223,12.528780138150978,0.22148772484362228,0.06694392368218251,True,-20.919345126783586,-15.439692028098769
0.2803499385178929,20.691991500968367,0.5460952648652382,17.066149190528844,0.1442109113397785,0.03199873965524122,True,-25.40290762207393,-19.681143369808108
0.16756490336998026,8.956909926608072,0.805439998899043,13.503295286302096,0.21269775393383925,0.05964766242771058,True,-22.797375860546754,-17.98113054130709
0.474165386954801,42.64232563331837,0.5824478139922209,11.837769881651646,0.15381076428928167,0.04920249504892013,True,-22.528869686985495,-16.25424550859065
0.19323677924244476,10.477939955161428,1.0866623751110458,8.80984749123759,0.2869619671067532,0.12334633218019458,True,-18.347164495957067,-13.335218575214665
0.4833590503716136,39.15588286802487,1.086974394863839,12.75115408045984,0.2870443641825042,0.08524517765255017,True,-17.471129262996364,-11.252745264053996
0.27675364582513473,14.28047171607927,0.39659360387003256,7.598571107464727,0.10473104003151952,0.05219318188394983,True,-26.028476766509257,-20.667256464266018
0.2565376115850616,17.414995103088593,0.5882633154748799,5.153129527402261,0.15534650140818718,0.11415651641332382,True,-21.48757981528192,-15.926130088499226
0.17712309448031274,9.21868206593891,0.7080599874645501,16.101794970071552,0.1869819839963142,0.043973978601803285,True,-24.519567928966033,-19.666375897428658
0.24327429172401527,14.325325738135007,0.4631177901598923,18.108830748464094,0.12229851250056811,0.02557414095877901,True,-27.705239759256774,-22.34071769451966
0.10684086650446953,6.0135103855833245,0.9546286424034301,13.901286873037035,0.2520949646872089,0.06867196189260937,True,-22.600307741071642,-18.34517395327223
0.08203204255889182,6.481992169918307,1.0089681949117932,17.448797831781718,0.2664447620452955,0.0578245105845648,True,-22.757755675397277,-18.389459825709473
0.2857306930748351,17.48345144745046,0.7501679702134989,13.448760624323128,0.19810171155594447,0.0557797102029433,True,-21.99870497285609,-16.43347008820762
0.16569479134729886,11.050867335566744,1.10852575682213,17.77243019949927,0.29273557183175114,0.062373335800377065,True,-20.58687389200214,-15.511472730327755
0.40355147931672675,29.45369630404107,0.999767128268763,11.276340352994962,0.26401497682051994,0.08866060237382138,True,-18.09208284608685,-12.077962927014667
0.3603895973671551,28.04600551655348,0.417398646970368,13.896371856886203,0.11022516242919886,0.030036519695141175,True,-26.506042462732424,-20.529771926002528
0.270726131773183,21.570653289747543,0.8957218481534789,6.535959027776654,0.23653906623973445,0.1370452055079938,True,-17.88614017824581,-12.127504574412493
0.1653326162268463,11.536493907727916,0.7694297461788546,9.191790305874079,0.2031882934120828,0.08370836589767992,True,-21.26017080312913,-16.13456961441974
0.3864679181275524,32.56283255336272,1.011086730164605,12.473602587612394,0.26700421736228824,0.08105811637519388,True,-18.23132774093622,-12.142203703078147
0.36966156465504124,33.32882927157944,0.8857544529450347,16.78641095216424,0.23390691167042466,0.052766160406125175,True,-20.48659743904468,-14.380573507581694
0.3931984660387332,28.043710550516632,0.8595282286667392,17.810037040046183,0.22698118286904467,0.04826088944868979,True,-21.19908930616349,-15.222882712318274
0.12429339182820451,9.015874047044441,0.7277691026971507,6.822193308994505,0.19218669762827625,0.106676704944383,True,-21.507010452528263,-16.682308975080588
0.14212320613770696,9.388070735195216,0.5423618069372648,9.376911361845846,0.1432249929389394,0.05784013370800392,True,-24.840208680960828,-19.963900520011755
0.19603256348181225,11.253864922454774,1.0439575344522516,11.311511832570798,0.27568462341554856,0.09229160079612352,True,-19.356213092439354,-14.259449893186513
0.11808620686410003,8.46249623423954,0.5404585013205248,5.400234811913887,0.14272237470507512,0.10008055578031094,True,-23.824409244456582,-19.082352086435343
0.41195367110084297,28.034127757982603,1.0716641103436833,11.078967057265498,0.2830012782493789,0.09672960527858006,True,-17.491056690625214,-11.515117176713968
0.305885304752702,16.172026085884813,0.7308213138112319,15.286416179775431,0.19299271477341975,0.047808544868622585,True,-22.850197689789766,-17.36143150651904
0.3635283126495979,32.18582198624126,1.0180092901466922,10.875008006614184,0.2688323025848683,0.0936099807492131,True,-17.698265697315815,-11.617672856841388
0.4786161935627373,43.51311503525385,0.5907991413751764,6.052004827331659,0.15601615336748592,0.09762040154149397,True,-20.46405822144806,-14.176422019767463
0.3591291366426314,20.672129141408558,0.6975421869520584,15.316531302082476,0.18420448033571987,0.045541785747352515,True,-22.85395968737896,-17.133054962662577
0.19552383664165524,10.207901176354953,1.0802492455138417,10.226463230177377,0.2852684104633329,0.10563273159053885,True,-18.93596324843167,-13.955679152467422
0.3758774954934133,31.919287035331514,0.7315965089915437,14.887455608006437,0.19319742558234163,0.04914180960500013,True,-21.730868889876046,-15.656395309812146
0.2741245786249404,21.83309346173825,0.9197038147669433,5.485413153018688,0.242872139393008,0.16766354495300312,True,-17.323345382545444,-11.554115018170277
0.404650872263718,32.116206270369425,1.0008708322378506,17.054829639411828,0.26430643907165435,0.0586854781548183,True,-19.532827609993973,-13.453825936882055
0.29154120874821876,18.63891924228028,0.8377256376153779,9.9572028574804,0.22122363152704355,0.0841326273659306,True,-19.868451224913635,-14.242386533955504
0.3193320646706546,18.186839800683646,0.8175814521872262,15.291646752486017,0.21590402609243475,0.053465886664842636,True,-21.674536922797728,-16.07160781743538
0.4192079241443321,30.0803251068614,0.534930253695554,14.34195878296725,0.14126249457169632,0.03729827018683432,True,-24.380945708507497,-18.350809623005425
0.09198387013138179,7.715789912737999,0.5649365280828139,7.437410791229099,0.14918644567273004,0.07595876359942909,True,-24.33518962063083,-19.717787066092004
0.4109861508753804,33.424342564989495,0.7076812124103645,12.731912826454337,0.18688195841603314,0.05558325933083254,True,-21.374165757576545,-15.26607406203722
0.12290931062988864,9.52238522538909,0.8712070913674013,12.756667115147986,0.23006529573695286,0.06829425613316199,True,-21.75056432178213,-16.856347264831342
0.3699973035080756,22.450269757328662,0.9998668278005802,13.344261346904734,0.2640413051212187,0.0749286005277845,True,-19.07608292630461,-13.282646380288078
0.30096469399297,25.26488756863746,0.9517732618772451,6.592147966455322,0.25134092586944945,0.14437983897212567,True,-17.14811000633826,-11.255376738518148
0.29235700213179855,24.04168914878181,0.5696646797056283,15.008655371457104,0.15043503927598528,0.037955743909544024,True,-24.309715998579872,-18.458067458217844
0.2370269120411463,16.086123548041037,0.8211822945410581,6.3956506959031,0.21685492384022076,0.12839698938953742,True,-19.078605866850868,-13.59515927440141
0.22102512756130432,14.143966256379835,0.910946333560164,10.432679285087758,0.24055949464560797,0.08731662391484138,True,-19.788293839286474,-14.437214305257367
0.0918473269285694,5.393030781217373,1.0458892736175784,15.013473195836136,0.27619475028063184,0.06966337901796417,True,-22.483328383545775,-18.399134952294993
0.3145488064687179,17.774005137135035,0.5154167993002831,17.707321170416606,0.13610945036351468,0.029107553555948556,True,-26.297999298284658,-20.7169333834661
0.4152030526430339,29.922641248969914,0.9500289007982211,7.2234892036837355,0.25088028114847066,0.13151939097711093,True,-17.15309437287256,-11.12694275616704
0.13090297095954018,7.685741243763707,0.952075775732316,9.20737371909251,0.25142081266125943,0.1034036202699236,True,-20.42550894873303,-15.813482273208336
0.14968293042390385,9.535499479016684,1.0286507797926001,15.80598097460299,0.2716424696355346,0.06507984423399178,True,-21.119105991176717,-16.223159742101103
0.43557823704308973,41.060179047175474,0.583879754873529,10.291700580382663,0.1541889061864268,0.05673306858406673,True,-22.06126486351234,-15.811300885327613
0.40106803218203785,24.9173321924067,0.7378725453791215,10.611480810719092,0.19485477913452368,0.0695353041239792,True,-20.743631772325855,-14.862274938577823
0.4343167116670292,27.139771801183606,1.0721484891447997,10.6368282944,0.2831291912946603,0.10079588195564429,True,-17.389553820505984,-11.43913819187484
0.10990548715514496,6.0685822153435,1.073463864496335,6.530117377778334,0.28347655097785696,0.16438661089757425,True,-19.189748997212813,-14.920667185985785
0.29983188830809315,17.488945324463835,0.40153360156652174,5.050030390704692,0.10603557719868009,0.07951112577571852,True,-24.77541112330379,-19.209873391236997
0.28028232498731814,22.893021876080073,0.9188488273073632,15.961062155163601,0.24264635732042297,0.05756815043854109,True,-20.467182873214128,-14.656965498564782
0.15720011522349053,10.723060645557158,0.6123648904355821,8.855815302891683,0.16171116031191263,0.06914833580998771,True,-23.291512121192525,-18.25182276012217
0.11083883205690076,7.591696934300332,0.8812964679681718,14.107666062594856,0.2327296627220913,0.06246933150089554,True,-22.627906124356176,-18.032900895020862
0.32119800890103367,25.355133615355555,0.8220294353344917,9.273620878529263,0.21707863379288686,0.08864169088879773,True,-19.338594692552945,-13.442944386356652
0.42238792006306186,38.81875517709819,0.8260424195741033,16.32338899106589,0.21813836851614868,0.05060483579887807,True,-20.807647582645522,-14.595087647925947
0.12912494512240194,7.811284444397325,0.7180553301887707,16.668542906173325,0.18962151884701278,0.043078470279656736,True,-24.973320335763933,-20.33903039592093
0.44954153915004935,33.148683449288775,0.8097362602155564,8.103020563416987,0.21383229546838478,0.09993017466490255,True,-18.720336461925623,-12.61823600215944
0.1626890526648372,8.706932007807108,0.6449402921577787,16.203780573252523,0.17031355749764293,0.03980184064096606,True,-25.501462806115157,-20.721973069174084
0.4856534764279778,30.84151458889921,1.0202027372375064,7.402243856094047,0.26941154035580916,0.13782344341406746,True,-16.5578212296109,-10.508868284168543
0.19837673223609859,10.160984620106742,1.1341410447270202,12.7005360902949,0.29949996671055784,0.08929867500582693,True,-19.287019866137555,-14.312359308614958
0.3075604562267406,21.84219344621667,0.4136461897195004,15.897093610561349,0.10923422675418488,0.026020239916351225,True,-27.453555048510808,-21.683960617563635
0.08311121700427268,7.298966253460397,0.6490404275057113,15.479765231459282,0.17139630677818782,0.04192831207715455,True,-25.755534936776968,-21.215504909574776
0.08184737003508215,5.997489714703914,0.5204761976773857,11.49131879252684,0.13744551844125755,0.04529299091553073,True,-27.17956405284972,-22.928522208727415
0.0822147764540995,5.425560316297397,0.9846689389367971,11.751119132581316,0.26002790023658245,0.08379363087271324,True,-22.07222318928234,-17.97837868036809
0.33283371016863844,18.409584940717785,1.0777590896283935,10.321187061214903,0.28461081888046647,0.10442200913869792,True,-17.819989744999134,-12.205559106687032
0.36604750538244035,26.09000932194619,0.9861905094792276,6.008535690131858,0.260429711218492,0.16413158884932671,True,-16.60994592982594,-10.69108854850703
0.11904372508059008,8.110670527504347,0.4031406264599222,11.151874975980302,0.10645995466417632,0.036150031033188146,True,-28.376841949940243,-23.691469083904536
0.10031739941487058,5.742986829100399,0.7624421781692899,12.697772854552694,0.20134304109890508,0.06004534707800525,True,-24.372523175969214,-20.18865971328605
0.2299454922494345,16.169413848997348,0.47986516065799484,6.37611861205737,0.12672109902981094,0.07525976065604553,True,-23.729490958620126,-18.240885940424874
0.4590387613157996,31.4643576229634,0.4321497119500063,6.101855655128654,0.11412057163856253,0.07082267040957964,True,-23.562121795036614,-17.498265822684374
0.2123490320364116,15.097694644435558,0.6840179807722118,13.349012357450013,0.18063305567078705,0.051241092783202415,True,-23.03385547521895,-17.61471334354425
0.47824942019573125,44.09147528171409,1.1038867438685966,8.832358659265523,0.29151051765386665,0.12498210120923613,True,-15.964551437293661,-9.66848049407009
0.2846516029349201,20.83894639900249,0.7617947077398377,9.838449326593352,0.20117205939167507,0.07743036351071148,True,-20.47647692716698,-14.748390109388554
0.298874771017207,18.930174588079705,0.8378541053251856,12.454335592892507,0.22125755682671386,0.06727409094414766,True,-20.621617218552526,-14.98107131265477
0.21955283162290545,11.186698284272605,1.0918352884204827,13.802687304290034,0.28832801180743317,0.0791030952415424,True,-19.70714671754146,-14.617390061352054
0.22783029725306903,12.699365421820392,1.1308583874142908,15.52589092564154,0.29863309414611305,0.0728369401041353,True,-19.582004589672817,-14.347638098955517
0.4827769413204584,34.31576874127391,0.9604503097890378,14.91852917036543,0.2536323300760165,0.06437969177932784,True,-19.288040776844916,-13.161055415722359
0.09453824186279469,7.073229387885851,0.6179492394190307,5.133280245396605,0.16318585549415565,0.1203809669213349,True,-23.10387347024717,-18.608440256287665
0.413873050775554,25.429821657217133,0.5754928750752026,13.0771130542121,0.15197412855177309,0.04400763935353744,True,-23.620347673821904,-17.72229454828321
0.48018640901041504,43.28463078586236,0.7862921909428873,10.827748156820135,0.20764126834757857,0.07261825631284385,True,-19.593164131362965,-13.308905223832907
0.4251862345175401,35.05088001441626,0.7054773030538544,7.200306019106717,0.18629995780687014,0.09797879439871045,True,-19.53826460718628,-13.396226686990397
0.4111635594353326,27.180948219137125,0.647759029518142,8.698969365517112,0.17105791971742115,0.07446388213365503,True,-21.11670849106117,-15.165091103952408
0.20746484669461157,11.465529643609218,1.1321657332748347,15.889830543173764,0.2989783334296506,0.07125096332516967,True,-19.87930377364061,-14.760847389380592
0.4177201165569272,28.94966852753471,0.8856156978071822,11.054082052916282,0.23387026970304242,0.08011662059026778,True,-19.09771879618431,-13.096844131028098
0.4675091429406451,47.59017249781356,0.5309422728144932,17.912055721231795,0.1402093626471679,0.029641615740685117,True,-24.802578342649845,-18.4587124871036
0.4345710783211849,28.103635264358417,0.5165609892324476,6.421249892263778,0.13641160400497498,0.08044555155138756,True,-22.256902679031075,-16.27902892888772
0.3649216122143333,22.61529647598574,0.4782420206290696,13.871193913663943,0.1262924659361672,0.034477350947993965,True,-25.616736488691473,-19.81698977454008
0.41259391807763107,28.35321126207539,0.8056765397589682,15.634608794042416,0.21276021880979332,0.051531608521344786,True,-21.232373852346043,-15.247611672830384
0.09427157763546497,4.756357282581428,0.5793114255821319,13.457296702644955,0.15298251790072148,0.043048127598187796,True,-27.680537419646356,-23.803814168624854
0.231840201010924,15.444295925753137,0.5512853030979776,12.491576988871298,0.14558147832980056,0.04413256257309351,True,-24.620290992757504,-19.177926874440065
0.13285809089126444,7.190000492917482,0.701233569286366,16.462666545612734,0.18517928756219423,0.04259538194152656,True,-25.368998321992414,-20.850245349255317
0.2838244903740291,18.645412377221902,0.48051322220869996,13.513672464166655,0.12689223683825634,0.03555756020303484,True,-25.77803518080961,-20.15164410186598
0.39510598284268983,30.129759178153485,1.0706730690772412,10.567389923124518,0.28273956756737145,0.10131859209002005,True,-17.243574286490492,-11.212195293069037
0.21379735693078544,12.727746585619807,0.6920248293782031,16.146632523332446,0.1827474760086279,0.042858771225405864,True,-23.996308928341676,-18.759467949938443
0.3169118306544357,25.397416043459323,0.6115556006574782,15.04941172058925,0.16149744592186543,0.04063651204523847,True,-23.626762783234668,-17.729750936424185
0.16728293412798098,9.398392528776547,0.841465860492838,16.936731879194078,0.22221133639188156,0.04968289434436501,True,-23.171290361972368,-18.293592943066493
0.09411331278390594,7.66741208270398,1.0864680865009588,5.475477149737319,0.2869106600559029,0.19842436682492248,True,-18.049280354967067,-13.440547673333318
0.23144776793209432,18.070983571040042,0.602186378129087,6.048786553570606,0.159023254684009,0.09955490622720282,True,-21.46231021467414,-15.865443981523235
0.4007462331250695,32.0159178829333,0.714034587016011,15.599211793724091,0.1885597351720528,0.04577376065265573,True,-22.119124573696652,-16.04242395140576
0.35936134805556585,32.93094897070802,0.8197589261081526,14.795511304596042,0.21647904572501275,0.05540592070336255,True,-20.680908007814498,-14.583591176040272
0.4332330774093041,32.38620373852992,0.4493684187165283,7.546110220720057,0.11866762698705619,0.059549676001637984,True,-23.669314649297274,-17.584169525215735
0.14538112404060557,10.920025308276156,1.0122276642623342,9.524789846958633,0.26730551121447493,0.10627296565346787,True,-19.112565748786356,-14.05123422273709
0.27642007440308025,13.996198810603522,0.6873454968310716,11.952969184779342,0.18151177437468266,0.05750416371074752,True,-22.73018975422886,-17.39024742458198
0.18411716255498625,12.593704042843225,1.0277225546545372,6.749805835877444,0.2713973472151423,0.15225957303717583,True,-17.717499282794936,-12.492415446973823
0.24196579520433437,12.613609833186532,0.5956652801973674,12.071498666822578,0.1573011861436394,0.04934476626622174,True,-24.21755373670502,-18.99071258697809
0.28448177484096304,23.40110993616183,0.9190676133590332,8.442297715675027,0.2427041335692384,0.10886462954896477,True,-18.197316189545298,-12.368410280575103
0.21643560396396888,11.405161085941833,0.9184330382795506,16.71910535076846,0.24253655722054349,0.0549331449865729,True,-21.90809878784369,-16.795770552292645
0.3171436201838156,18.187456911464317,0.6284825292380384,14.088108416826833,0.16596744951618028,0.04461085268817061,True,-23.64461260600788,-18.04165135574309
0.237664886150605,16.906509030936988,1.0485576484305872,12.57716175718279,0.2768994052892686,0.08336997397936448,True,-18.899459174408918,-13.366812126360813
0.31833588977196314,24.817320312033907,0.9438348337220941,7.078844767426771,0.2492445737629316,0.13333176029867755,True,-17.40957354861892,-11.531532984993401
0.39104989322202066,27.5280116590131,0.6982247086027742,5.570790837763176,0.18438471824582728,0.12533673026631356,True,-19.411598330686473,-13.449955357687209
0.3207651022306542,19.56868626656679,0.6616853316926057,11.654402189639425,0.1747355284743258,0.056775570374672096,True,-22.378879071715637,-16.70768213106339
0.09119049804129828,6.505847473015169,0.9136495919220188,17.218090619203124,0.24127336157878151,0.05306335133949386,True,-23.555079690745178,-19.181336225567613
0.4292142206897203,34.298152105459906,0.5778227873716641,16.7645990436526,0.15258940357287656,0.03446684205611461,True,-24.157852722786295,-18.031233824642257
0.44149353362036786,34.23663574512299,0.8585091418449928,5.176101449702801,0.22671206601571567,0.16586018457854732,True,-17.246554813732743,-11.121217730806894
0.27696924074983903,16.362335341382664,0.712109672487705,10.931774381309879,0.18805141053304186,0.06514127054297819,True,-21.817620804441372,-16.317213126864555
0.43769821676526743,35.731086483622974,0.6258902093030692,15.724038244753448,0.16528287881147286,0.039804673555274936,True,-23.16449827950293,-17.008934750405988
0.4240504027926747,41.14198236132998,0.6233941085159475,7.7342824241183905,0.16462371731994155,0.08060141514511689,True,-20.619120036150665,-14.367847310548932
0.45961813552685526,38.332794937660495,1.1150572947475952,9.716262647973634,0.2944603973288447,0.11476195479134613,True,-16.32658966023168,-10.12255556180807
0.17200052221233314,7.98259311698651,1.0909319618631106,6.08141086132537,0.28808946451640655,0.17938797209063342,True,-18.073869281028465,-13.41001369529497
0.33717750865131757,23.587023690203484,0.6078188888647666,6.892646447833596,0.1605106682519034,0.08818367421932807,True,-21.24096947234206,-15.405371164829392
0.11352345147340992,7.4433581592341085,0.41089188075327393,10.719612097625795,0.10850687855747626,0.03833085348715922,True,-28.315979697431167,-23.748445771461817
0.3777780781535443,30.125857864439205,0.5641038552635967,14.057927689802382,0.14896655637166312,0.0401270989374058,True,-23.841680803548883,-17.810399792382395
0.10987862118836708,7.370070545696693,0.7917980304465206,17.81573320087967,0.2090952310233133,0.04444375213294196,True,-24.55471198290192,-20.001041524146043
0.24254642128884468,14.288520016133752,0.7073897256777709,14.676204101813056,0.18680498362783177,0.0481997743265496,True,-23.205208051172107,-17.843394206319157
0.07354188068173169,5.979569964613919,0.49261062062340466,15.366081121096993,0.1300868751412555,0.03205831185851744,True,-28.75007003115071,-24.50362377505208
0.11882133366075517,6.8035106998624295,0.4966788523510479,17.640392528630308,0.1311611994262859,0.02815577099800583,True,-28.805623590409198,-24.366225515878853
0.3037796946042037,17.545733192318824,0.635396898032032,10.392204215856264,0.1677933716387008,0.061141687060244,True,-22.51333152299332,-16.944671395491973
0.4558233883247443,43.269978324311055,0.7593773574614835,16.835852188360043,0.2005336940567276,0.04510477693469542,True,-21.54432954231442,-15.260288102327292
0.17596665472126338,9.435735368732892,0.7733201349454524,8.96175586990214,0.2042156535552541,0.08629114050547071,True,-21.60481850885695,-16.7221131529254
0.35341779963362513,26.15373408998503,0.6256204373936239,5.827135322630857,0.16521163839717523,0.10736329306853414,True,-20.50581018998242,-14.584984998463097
0.37979657267777406,34.98317719522284,0.8422985689738955,6.709110627018501,0.22243123511040153,0.1255454881876362,True,-17.834231117547766,-11.693560289887074
0.22469805757060135,14.00894325586976,0.4119134557452832,5.4473633714339185,0.10877665247803195,0.07561703298615355,True,-25.049784915651543,-19.70887539072535
0.4742543881777786,37.55997311689063,1.0992665593069373,7.3832012850041355,0.29029043561129614,0.14888752410687142,True,-15.670036700729181,-9.479889820343743
0.4724694535314272,47.59122509253827,0.7007870774668625,12.93430860938588,0.18506137957738092,0.05418048220670497,True,-21.133318204847733,-14.789438745420876
0.15902908066991855,8.511209747434789,0.9098780323095056,17.446664488425284,0.24027738141948268,0.05215197626532854,True,-22.864148845638855,-18.114509091837814
0.3539888653275417,27.565875760065737,1.0200267427027248,10.655899731946473,0.2693650643398379,0.09572413107873719,True,-17.807835638051177,-11.845109961314877
0.4756130610078457,39.12411937056765,0.8340612778398546,12.24110359062596,0.22025596032257805,0.06813611792964201,True,-19.623171439214,-13.405333057010463
0.1265133933645356,8.27065238962048,1.017608025553013,5.4630545182103765,0.2687263380463237,0.18627088969384253,True,-18.40538019658265,-13.693803864179635
0.08659513267024335,6.848311847982763,0.9564759024308799,17.135073191171877,0.25258278259953926,0.05581977338291521,True,-22.977831433767165,-18.528907426853554
0.33750739689305936,25.559338512170566,0.7165080266974627,18.06380388968043,0.1892129123987298,0.0396654011011929,True,-22.961232270724594,-17.059036514128234
0.32437395473423436,24.836529125873117,0.6813612737378689,18.03983139225764,0.1799314818479854,0.03776982494583051,True,-23.432669259155983,-17.553990256913554
0.4560401886463388,35.30718812469585,1.0273999826378308,15.861492851548087,0.2713121635347575,0.0647732210488344,True,-18.907433699413694,-12.760254797343677
0.1741693675581357,11.79575001271074,0.7476349420391869,10.00787067428573,0.1974327984102555,0.07470469657048663,True,-21.735416739645817,-16.584240036137928
0.37173106999612127,27.492702913175354,0.5580492127002296,10.880451949660362,0.14736766771967075,0.051289157406522005,True,-23.12178678268239,-17.161155389126527
0.21721357248774115,14.95894364402814,0.7541246029495132,12.722902168982646,0.19914656517290127,0.05927300178319416,True,-22.025337866311947,-16.61570804539356
0.4012112212779804,36.85199863386863,0.713707000739502,9.899964904751688,0.1884732273436258,0.07209187180016607,True,-20.307410247585075,-14.130354728365297
0.11007595509766924,7.166754265879048,0.5170834587894492,5.141568612167479,0.13654957592271552,0.10056920325166438,True,-24.614326571241936,-20.100172570366773
0.09840177686047066,5.215170060843873,1.087189782956099,12.693836978882743,0.287101243110184,0.08564705728966976,True,-21.637755074262156,-17.60784525697121
0.24297154456084924,14.866274597687644,0.7717154848039138,5.002774716617465,0.20379190320585328,0.15425749279505738,True,-19.381731344746168,-13.978525589504336
0.4653634757060644,43.261283364343484,1.0634734519910478,10.99026174546718,0.28083831808198423,0.09676507044335558,True,-17.022379312928855,-10.738466971666845
0.48266093013876565,39.36547931840339,0.7014641664341565,13.06569659139633,0.18524018284361266,0.053687467907073995,True,-21.35967692744782,-15.137708652735107
0.09092123632202104,5.762662160895688,0.9995083317012118,13.792441723841293,0.2639466347357971,0.07246783069407392,True,-22.317264999928916,-18.128057011473715
0.44813050463309795,41.73574623959733,1.031695256056592,17.299555864203647,0.27244644418874914,0.05963709497255836,True,-19.028092323178168,-12.767432287384732
0.43988986262245644,34.352541507537566,0.8177243940518877,11.285635649545029,0.21594177367586515,0.07245709674180857,True,-19.652322813938003,-13.524573381374825
0.10185798173133045,5.757489265480007,1.0481883958064306,9.672836651469849,0.27680189435872177,0.10836411629541493,True,-20.653621614246383,-16.46581623439802
0.4415627744225093,27.067545020125273,0.3996565996583969,12.656752837311668,0.1055399051554076,0.031576550857517184,True,-26.581847580563966,-20.633546322644637
0.08400973269494086,5.331696786630909,0.687696341870566,14.52050333773118,0.18160442429519977,0.047360365262518384,True,-26.038729713860036,-21.972962153888975
0.15491774303554895,11.21235842370086,0.5110748729359973,5.845826281859263,0.13496284976422476,0.08742560047019565,True,-23.74812158181026,-18.655681059556166
0.16787198342833526,12.131654921825696,0.41657243842255903,11.28015848666146,0.11000698019012443,0.03692966184075754,True,-27.1637282172238,-21.980589871389505
0.33054021345139434,18.12450991320852,1.0413116899248518,14.296032326634524,0.27498591812526585,0.07283920923883293,True,-19.3203951597266,-13.720720898449182
0.07419476374145106,5.0216684240678315,0.7359255217173413,11.806206969156072,0.19434061599352898,0.062333781174594004,True,-24.907938845093355,-20.940183702218054
0.4854432746378591,33.14061472030745,1.0835950247516433,17.593527774488397,0.286151952043105,0.06159054844719187,True,-18.928780809084827,-12.826856805260293
0.23419380478778556,14.479526617689002,0.6331619294359895,13.737292669105749,0.16720316901511534,0.04609073597594148,True,-23.891151575090834,-18.515391023242877
0.18340053106628548,8.668451469415752,0.7245248381300744,7.45344847985124,0.19132996368468333,0.09720666079448566,True,-21.863357816993304,-17.089660471276673
0.39501353452153276,29.201552294331236,1.1205575291077086,13.443826076483388,0.2959128798180493,0.083351087907024,True,-17.751381477057283,-11.743846198421487
0.4691070196285211,42.60798458492641,0.66146862148467,12.166534525596152,0.17467830040700175,0.05436787444223017,True,-21.523357314163242,-15.249254202810123
0.2072349513359208,14.57483770254287,0.7783777081399186,15.103889728725338,0.20555123964520414,0.05153491730408761,True,-22.44739084496679,-17.064769506634644
0.10951643895530776,6.961153100592181,0.8133616389757441,12.315273402474848,0.21478967270381558,0.06604495185728422,True,-23.074086819455232,-18.60156015306359
0.1782947439760836,12.225177893588862,0.7031468853990824,15.168392103236487,0.18568454933252657,0.046356059403887095,True,-23.698076658524062,-18.506264803138784
0.1501211052068224,10.835045308483295,0.905098174706692,14.44247213112008,0.23901513348340833,0.06266920001572455,True,-21.580232831559893,-16.52816954262812
0.3780757777381709,32.18053566254716,0.7491227488093375,6.104543441328003,0.1978256931742741,0.12271560617256756,True,-18.757016562942983,-12.676544373800876
0.35520853378356715,29.22172834137848,0.861454164304708,10.984258880086333,0.22748977715909366,0.07842624374653642,True,-19.30394435706726,-13.295879160826146
0.15308911029981687,8.020113543961031,0.8517571202413485,11.427329609001156,0.22492901596658604,0.07453684713622252,True,-21.996139503623922,-17.325929470392307
0.12367240120768266,8.200711652303625,0.9160254499921077,13.214947406262496,0.24190076979772301,0.06931737386695977,True,-21.831495950683166,-17.13128513288754
0.35247743700657025,26.27286482372119,1.1018387051702496,8.575515255513247,0.29096967881831903,0.12848658912499414,True,-16.505687412444697,-10.581202028828594
0.2523138859058705,17.325371744499034,0.7646123815521015,12.068056355887126,0.2019161407534226,0.06335837014707864,True,-21.449876528766403,-15.89341487293229
0.3778533159912877,31.521013751078645,0.539185770305501,9.244895387674678,0.14238627638784787,0.058322538838497306,True,-22.707462678401946,-16.64227230449681
0.4272938879092646,25.890863915841454,1.1250377738348356,10.91844229502264,0.2970960070427171,0.10304013552809665,True,-17.124825982574333,-11.21216327768057
0.39323486546562353,29.19769976425295,0.9749340996667211,11.560458560614352,0.25745715821919773,0.08433351450160041,True,-18.40956119043628,-12.402127157627106
0.4386800142813348,42.94970211402014,0.6152237798108618,17.277329682555013,0.16246612573416447,0.03560873069592784,True,-23.483202914492082,-17.20394185592311
0.3225585923554561,23.8196898018457,0.4986900375889214,9.546386513310747,0.1316923061299824,0.05223861792036038,True,-23.859960693422536,-18.016093664311853
0.17800507923218245,11.636117001763784,0.498537668186845,6.095162138642195,0.1316520689557246,0.08179235545289416,True,-23.957247525839406,-18.821721853999204
0.23960653003992577,18.241197103424597,0.5744337623503265,14.08660618765749,0.1516944417991263,0.040778719494099176,True,-24.420355391847618,-18.81460086427443
0.2971906031883248,15.580527501236478,1.0952707741800722,17.369221646054157,0.2892352427690631,0.06305813792346243,True,-19.90515601310339,-14.453868740694888
0.14364782724198927,9.261218036529304,0.9555395001076574,6.084851426247135,0.2523355007769329,0.15703579811101345,True,-18.835289614482804,-13.976235864183227
0.44032611110444164,35.036169928056,1.124333668787933,11.29789728136662,0.29691006946547444,0.09951707302581628,True,-16.867338344665527,-10.725597132436668
0.4680730839228442,38.83417067977542,0.9177818390257207,13.388344134529863,0.2423645908185243,0.06855081030212472,True,-19.13082246536755,-12.91799461709237
0.4210358797443392,26.347179090327682,0.9420547824431303,9.83007876653833,0.2487745040998404,0.09583389968856533,True,-18.28926741384975,-12.362510927955473
0.0746336629933737,4.657211135186212,0.8270869820477558,5.969719475284714,0.21841421288977445,0.1385470432022787,True,-22.25805728152061,-18.417244178100876
0.17766145084076518,11.103426922108671,0.9159387168671355,5.278000409573858,0.2418778656200084,0.17353896282495507,True,-18.550882085707464,-13.469896210887672
0.07252630384077939,5.807891226888845,0.4597743310943678,13.241756595309253,0.12141558362370719,0.034721551312704074,True,-28.8821455051478,-24.680750188460962
0.17342168295088572,9.748365682236736,0.47483722681184437,17.51895203346009,0.12539333999441918,0.02710420268889003,True,-28.185766587467292,-23.262220945634517
0.26714010783032005,18.992137614433524,0.6849263334671202,13.014246315806474,0.18087293024648587,0.05262896650689958,True,-22.528648615266075,-16.885063298400617
0.4384729340892705,43.46227797976693,0.6122970660370324,5.808751987891841,0.16169324948397615,0.10540940073071567,True,-20.082478321039726,-13.795591321426603
0.1510470175224116,10.846739707051835,0.440245576243499,9.952740825707185,0.11625849892517957,0.04423360197488291,True,-26.502301886721398,-21.44895698565595
0.13398526253604676,6.691593137599803,0.6775989615137201,6.253712804124912,0.1789379437063881,0.10835146779794236,True,-22.781513994701715,-18.36631010653364
0.12452706914835515,7.876468385649691,0.6043924229056167,5.590823420710147,0.15960581920735858,0.10810436628471565,True,-23.09818690901519,-18.45253858594439
0.4752145825793011,40.56972299885256,0.5994199681769081,7.136970310878903,0.15829271090161307,0.08398801481116022,True,-20.76803553867641,-14.525998524116098
0.4641405785813063,38.011772248283606,0.8112821302797532,5.209041937442393,0.21424052338229221,0.15574497959947076,True,-17.625685195247236,-11.42736987622702
0.24756746115486905,13.7228171982794,0.499522925723356,10.221618626502535,0.13191225229073247,0.04886925877161928,True,-24.997174086474484,-19.67828881895945
0.4141527863063196,31.399536349897893,1.0856543054575947,14.58906718260408,0.2866957596283675,0.07441560806246218,True,-18.244832386072222,-12.18250740631344
0.4077814754481617,39.2714358857311,0.483951555803809,10.51207696797768,0.12780021984624526,0.046037672410318344,True,-23.811375918543423,-17.591012425840358
0.3180825915099494,19.19473486621093,0.8605935503379387,6.798426588000147,0.2272625092583361,0.12658716530924463,True,-18.503540535881893,-12.850116395941562
0.3233476187800092,27.97623655535765,1.0304195084678536,9.059876636259482,0.27210954926537545,0.11373438622154122,True,-17.170543164048738,-11.19621993996943
0.3038250678932237,21.35746851448668,0.6454115326010702,16.077821219988543,0.17043800101173198,0.04014297234495123,True,-23.66763830792126,-17.917746978811568
0.180370726299561,13.856030352774647,0.4141927920687013,11.242453500858428,0.10937857157456742,0.036841850583333544,True,-26.931547682303876,-21.602327155301538
0.26206733264382087,19.883403693489097,0.9816185013901322,9.23740368188107,0.2592223514488665,0.10626562778841762,True,-18.145692586293787,-12.459913453585607
0.11435661444497956,6.738988308368451,0.6213225557589883,9.711709113074058,0.16407666897473527,0.06397664391765544,True,-24.69226409437802,-20.26674416826101
0.4351729620777601,30.9837640364279,0.8317870533650559,17.40857054944612,0.21965539114499533,0.04778031895281146,True,-21.265870119622367,-15.213475274926015
0.33625584549475424,21.381684242638205,0.47500348422069016,11.876470722934513,0.12543724466451836,0.039995339971109135,True,-25.187126987209815,-19.436236060280972
0.11749404274399292,5.804710194421058,0.5625109955731151,17.606393704898164,0.14854591960298974,0.031949245541216226,True,-28.23476436079269,-24.0342217487383
0.3971963058467311,26.78267456848239,0.7933000266330863,9.892354731281785,0.2094918728783694,0.08019324500409376,True,-19.780587185157426,-13.840705542932612
0.30612474538142415,16.76303668164327,0.7930413795318532,11.805686624809518,0.20942357026418465,0.06717452400144908,True,-21.110891911069572,-15.586598329831364
0.4020196386522098,26.21579325059424,0.9595294398013853,12.61972680703203,0.25338914997780126,0.07603408968145897,True,-19.006780355856925,-13.084045445067927
0.09332775328862901,5.786519203075181,1.0244042580013235,10.064351779887108,0.27052106313937074,0.10178541851533078,True,-20.965537181231497,-16.76988371963967
0.2800617260491824,16.788004588100456,0.999461111083308,8.619621060118135,0.2639341648815793,0.11595186193366257,True,-18.05895356190834,-12.533198876079574
0.4406055969564511,32.028203596788906,0.8843335851448528,15.381565851600264,0.233531693913486,0.0574930792922392,True,-20.206086871077737,-14.129103799607503
0.10283061392911164,7.875622271962371,0.6081913525351561,16.81393424709657,0.1606090271442133,0.03617186457358596,True,-26.427081929485364,-21.781580179698558
0.17312890582567353,9.70112299098951,0.49747397660468323,9.833003285349033,0.13137117303459653,0.05059227198122764,True,-25.663043101682067,-20.745547728340522
0.1527810629193418,7.999426779814307,0.5103481994054265,15.491634962493196,0.13477095238141928,0.032943469210385525,True,-27.586051728743087,-22.91933992018013
0.1596738941209195,9.68104345981348,0.8717255125623123,8.073146626461005,0.23020219857751206,0.10797840704454631,True,-20.193801552324086,-15.278890526026563
0.4484795734729384,28.022798753621498,1.088455253943248,12.03161000500398,0.28743542422485785,0.09046630114261985,True,-17.64905175026594,-11.673428155181796
0.35762344966543214,21.744655825075984,0.792801247892946,13.055541959658324,0.20936015714798253,0.06072526520482298,True,-21.057906696345263,-15.292225941004855
0.10654727152523184,5.623114362556333,0.4507577876379275,16.544732790670817,0.11903452663118987,0.0272447910365829,True,-30.022998591326807,-25.87227305582655
0.0779258773609049,6.530159379333311,0.9359954873360887,15.17163388055643,0.2471743868205251,0.06169378293102869,True,-22.836952979120543,-18.45768697800102
0.3453946242445406,29.03781268667919,0.9773362891950157,12.4638869587944,0.25809151995674495,0.0784134429673575,True,-18.666299876580652,-12.663084878771887
0.48466427080014834,44.24053333435537,0.7567088976538019,5.806804258531019,0.19982901660299746,0.13031417350465863,True,-18.2242654223935,-11.92604669411586
0.41550145609527267,26.75588615623513,0.7892447880498439,7.184792438997057,0.20842097977708252,0.10984935121661168,True,-18.896277982799134,-12.957194764691256
0.08997498691748737,4.7297330939635485,1.0482537420695435,14.594855689803799,0.27681915076939306,0.07182350852580684,True,-22.85978994454605,-18.992603659357027
0.2272035599926947,13.855565434611128,0.8030717285291362,14.23286178967697,0.21207234944799822,0.05642377059486381,True,-22.045583502341465,-16.71639879715046
0.1385190216888311,7.929753784374711,0.843511435295675,15.36125313969112,0.22275152457059358,0.05491162912459081,True,-23.212915058452566,-18.55808121967651
0.37453146668180576,25.889287584590893,0.4130278077257213,12.342900762682909,0.10907092661844575,0.03346278283095778,True,-26.26438944749659,-20.351776051276865
0.24761217518528306,17.31725876592187,0.44589685525124445,7.985744909853857,0.11775086875216102,0.055836601379670746,True,-24.79560868265453,-19.23960039664584
0.4439897441615125,38.47641792413897,0.9615526536304095,13.104542392115802,0.2539234331494212,0.07337552314752455,True,-18.65646722697327,-12.449897077259527
0.385579633137975,36.44671728140384,0.6499623493183228,8.390495166963555,0.17163976463862818,0.07746412296111699,True,-20.618665812468574,-14.44927012035601
0.11453541710379458,6.309532546996597,0.4889302406390765,9.042805807875162,0.12911497337655584,0.05406842201712204,True,-26.756441228816747,-22.428400901694193
0.07475395995327319,5.635697538956062,0.8781453198924343,13.74063022099563,0.23189751865308741,0.06390866399640327,True,-23.505510386168677,-19.35125895956691
0.19364478427093407,13.497810820748976,0.8008519137534822,14.725937510368478,0.2114861485918499,0.054383764238413033,True,-22.251390900191023,-16.950294187688428
0.38600863594228446,27.27488669087032,0.6485227512570659,7.972840767633286,0.17125960066041085,0.08134149046219795,True,-20.84971402284331,-14.895364823959598
0.28244198677444815,18.125024164591984,0.8646813548754164,8.842117448986523,0.2283420022619497,0.09779120893429498,True,-19.262973391182506,-13.663272209907579
0.3571563561883286,32.73517006055149,0.8145723789514621,8.337532285918037,0.21510940064603987,0.09769945722756147,True,-18.76529781222295,-12.67232159411588
0.07947432597433732,4.971795574552664,0.40269223398957515,8.63307725697411,0.10634154476219228,0.04664527166883233,True,-29.148404538686616,-25.197228079653577
0.20900722359390594,10.860776657721281,0.6544606379456064,16.07072659677647,0.17282765683280427,0.04072377400016752,True,-24.804801194668997,-19.74992057141352
0.13101276512872473,8.916097447534693,0.9838386708695736,6.446651594608609,0.25980864597393993,0.15261235331724246,True,-18.79255055647907,-13.98220508585413
0.2661640518524389,17.45866612339819,0.7533984875691344,14.610605645993731,0.19895481518442973,0.0515651784616963,True,-22.277960961270264,-16.714094062465904
0.23792291000256932,16.216414704722926,0.7135905406884697,11.129694887644673,0.18844247298413105,0.06411591224128191,True,-21.877858356030238,-16.38635927989099
0.20295709749910368,11.204677620422585,0.6050369235875237,10.65346213005482,0.15977601667413183,0.056792516479749325,True,-23.896121914641707,-18.804483824345258
0.09668887590582065,5.286659815289899,0.5737779890266809,15.956983810770334,0.151521267492884,0.03595779727741551,True,-28.008417461230696,-23.956374375906698
0.13073570275633561,7.424754783420644,0.9482513296434271,8.198543753162943,0.25041086642782223,0.11566094640619538,True,-20.21158102882353,-15.647547649320012
0.3891667623523554,31.296850758813548,0.848197792830439,13.829129531563595,0.22398908133849402,0.06133414188467271,True,-20.18918752543456,-14.129297247510955
0.30664691190003146,23.507683902923613,0.8803178920808594,13.907360185564102,0.23247124385343607,0.06329870517013236,True,-20.270244833378367,-14.437493188181332
0.3270221473943668,19.986345497907756,1.0547471539932882,7.181441925911112,0.2785339080864317,0.1468712223638113,True,-16.802139625754208,-11.111662832839928
0.34670916894392473,25.793573254012237,0.7985157772782283,6.002739041256934,0.210869229911565,0.13302523594479368,True,-18.457373386776915,-12.54776216186746
0.22555824997904594,17.38501080303525,1.0371963525712096,13.742789135165621,0.2738991543526742,0.07547204154629633,True,-19.2755948912447,-13.715809844302598
0.4153789189403547,33.06634455696362,0.7377724520016544,13.22976466077784,0.19482834682845496,0.055766105514251624,True,-21.167446815711813,-15.067149967432648
0.2007868839264158,12.346730062763081,0.7922721511725074,18.11380662611385,0.2092204351522971,0.04373857839634463,True,-23.340324938888273,-18.137381422216755
0.24781840779428943,14.101054955208017,0.8346781701291877,13.04784397727931,0.22041886706242161,0.06397058177447885,True,-21.349234994282188,-16.001372383493003
0.4151634438816769,29.304148622739337,0.5199051678839913,16.680448540818347,0.13729472290757372,0.03116853642225167,True,-25.24851823616409,-19.2382937907266
0.23177698858721768,16.823651938327597,0.46477579527475243,6.450370511205022,0.12273635264312822,0.07205412378519721,True,-23.96103044916657,-18.433195119697437
0.31856905324906937,25.684596881437415,1.1041810158768928,13.544391752693054,0.2915882279678512,0.08152311569527268,True,-18.077700923684745,-12.171527531162653
0.12850918306687031,7.564873011512961,0.7896023709760844,17.163459908221874,0.20851540901496543,0.04600484839294194,True,-24.35491513860171,-19.76482031289292
0.3210333015685495,24.153474518665757,0.45731397154020476,11.919971124470841,0.1207658605509079,0.03836535900673217,True,-25.35046002665494,-19.494932398006
0.07122264268450045,6.193304784173652,0.5122409583801233,13.432051185642653,0.13527078549525323,0.03813572114195419,True,-27.780154556269707,-23.480144026282428
0.18895728931111433,11.161667500395705,0.6252858992199528,17.725563014965704,0.1651232947362666,0.03527594010368097,True,-25.52739403942134,-20.44026394714566
0.08244510054876811,7.067977534888475,1.113593608759051,9.403630957686449,0.2940738722957531,0.11842166220366283,True,-19.37515989742412,-14.880788445396906
0.10632611290261841,7.593404219657678,0.6935911783709994,6.713036771571237,0.18316111192576598,0.10332003264279142,True,-22.351354894131596,-17.756037969202268
0.3743695916979242,22.74207654506953,1.0745175391741943,12.206900169293927,0.2837548016702288,0.08802542203770204,True,-18.103460778885054,-12.298911351702014
0.24506757131745754,17.421242332292195,1.0623262950649588,16.34264938903179,0.2805353809272337,0.06500330942533275,True,-19.73223033352497,-14.170434290366316
0.4610307735642849,30.496493497849222,0.709899282739896,7.108423002050232,0.18746769860500256,0.09986733802070372,True,-19.620478143431978,-13.579969854946237
0.4248768231424722,35.85688117651514,0.4544444273051277,13.899264085866688,0.12000808143086299,0.03269557470796058,True,-25.46658944302574,-19.30856546391634
0.12710263248309578,9.571577727863747,1.0403555078766482,9.465548793916863,0.27473341294265413,0.10990968728038715,True,-19.16454775310995,-14.263861908156315
0.4487510915288646,39.10136237871768,0.5168772978416882,13.081285533212975,0.13649513366680874,0.03951272958069396,True,-24.023835063897533,-17.80638798550269
0.1529710148178824,7.222241018330863,0.9296707085939958,16.095981283068987,0.24550416155928836,0.0577579392175298,True,-22.817908353584983,-18.292812124308394
0.3387768694062407,26.827085493903905,1.0460943659067155,16.479951439439205,0.27624891032893867,0.06347678691596394,True,-19.243711175936046,-13.302508417075183
0.2595783859161941,16.673601763136087,0.9809557635538101,16.01142636159505,0.25904733797868207,0.061265982267933804,True,-20.41997749562167,-14.900943409549374
0.2355620010086833,18.570668882491294,0.7848585919989644,12.144930312955088,0.2072626885951065,0.06462438003137407,True,-21.12911907645109,-15.506495046601053
0.26074993647195727,15.85987743675293,0.9825859914729916,16.881074672193304,0.259477842817384,0.058206364852559915,True,-20.702812249531753,-15.233573975677563
0.15101495507098495,7.018150090670479,0.9520829280534193,11.716014417142018,0.25142270142098844,0.0812633796916809,True,-21.501855112720136,-17.01761374545534
0.13144771086633733,7.809514457882129,0.5132556296461318,12.61289764537084,0.1355387363041977,0.0406929195873167,True,-26.825234396709142,-22.19125477099873
0.30029763198443576,17.55970431131826,0.9193540275967541,15.852743023605793,0.24277976883088564,0.0579933722654669,True,-20.85490156343155,-15.285475485806824
0.14591355309540488,7.678059868112383,0.9162238297266246,10.89557132121664,0.2419531572182825,0.08409139848797903,True,-21.317638527628617,-16.706990926680557
0.20163398112196873,15.707731234289035,0.46389939953813536,18.023856989537293,0.1225049171482553,0.02573807591834674,True,-27.49999069854871,-22.04047236451325
0.41606173083169273,25.20526638391392,1.071742664673367,13.397707407582683,0.2830220225996823,0.079994482045995,True,-18.321929733202676,-12.431131892323586
0.17880345192782526,10.053126494225571,0.4217806519688399,5.422184184377965,0.11138234685283793,0.07778796101837451,True,-25.550757609144846,-20.589167537479042
0.14770908294734456,7.163167004396012,0.8764170293064333,13.565014482343567,0.23144111777122175,0.06460863203995773,True,-22.697195755264676,-18.18375335123388
0.15622424469670315,8.128772668341794,0.40002130229270455,10.440724862400593,0.10563621454068402,0.0383135565360286,True,-28.211627913689338,-23.523253087370662
0.47142037004652204,41.229816340082316,0.9502723246134901,11.315658309187825,0.25094456365099416,0.08397852768688767,True,-18.152508138273888,-11.899834389678471
0.34456329466657665,23.086934269586994,1.0226250169559254,8.143239093073657,0.2700512074399017,0.12557963793863466,True,-17.18561637489667,-11.368196401781843
0.44175057254151506,30.556113211282558,0.8740752292696397,14.703123322056854,0.2308227034775822,0.05944826892381415,True,-20.191392105284006,-14.149414705606292
0.13585048229334107,10.402147390789748,0.6223087176771579,17.702741062545705,0.16433709113566156,0.03515324070314725,True,-25.724065455315966,-20.720887041098102
0.08361828494408115,5.5364251603436525,0.5945104937989545,8.755109897577706,0.15699623422474845,0.06790440105879642,True,-25.405265850918532,-21.27914221987365
0.07570954804840264,6.978482701864795,1.0889181072696825,12.669341591066566,0.28755765289871066,0.08594906842179573,True,-20.635969292418302,-16.15986634966999
0.25078589258166667,17.80536508863502,0.8928023901460886,15.28268222458539,0.23576810606675466,0.05841922098660335,True,-20.943352546951445,-15.360600258810418
0.1266673324941921,9.065486299696188,0.3999363026771458,15.109470393815691,0.1056137681420208,0.02646924691952405,True,-29.275768945712027,-24.444013628927177
0.4644084508796805,37.14988437476801,0.9362512048519549,15.336985817561821,0.2472419158001395,0.06104531985547564,True,-19.525308906648778,-13.342700936238106
0.4496808778293098,42.30575007145841,0.8004026068155801,10.626876520253301,0.21136749720049944,0.07531870773976979,True,-19.398370873856653,-13.128880165000025
0.37660022203798565,23.67607006461355,0.8609805120527696,7.772037105603589,0.2273646967430841,0.11077925907379006,True,-18.51425266928605,-12.675475871254118
0.2137164861227891,10.521538763834851,0.6326661750056692,14.629573382507717,0.16707225193379827,0.04324570228152622,True,-24.807126632759505,-19.790178398717174
0.27834566577683245,22.084050518902156,0.5792056382371331,12.552805357710442,0.1529545819517909,0.04614152946148898,True,-23.616466981383056,-17.83727604610262
0.08714839316552594,6.276873603313474,1.018979687050495,12.060967244479121,0.2690885615764075,0.08448573538054592,True,-21.366218364748043,-17.045979017091092
0.4541632960731738,33.82129627236136,0.9818587408894135,14.78053673214761,0.2592857930484558,0.06642916686197699,True,-19.07791667572831,-12.961322356488008
0.19043191529210995,11.3266965574942,0.4161989577063094,16.38246763639107,0.10990835271993114,0.025405144508376075,True,-28.718026905538444,-23.61373370137704
0.45364775738522,33.45274754026778,0.4521976627265453,7.853239696823372,0.11941476376581557,0.057581034093414835,True,-23.682704234864175,-17.573999254426035
0.17137775998825594,8.130454722346043,0.5699336826698413,11.2814478160736,0.15050607662993826,0.05051955138752761,True,-25.403297487525766,-20.71464420473342
0.13093371973595674,9.327607047446863,0.7950516878055027,6.6692855370273705,0.20995444538226216,0.11921092347770022,True,-20.6021765601134,-15.734050680496308
0.44733194799712916,42.72531996571856,0.9686493491894195,11.915306511764053,0.25579750348093805,0.0812945389388906,True,-18.132066845745673,-11.856185886676641
0.21679442044799174,12.09355607687168,0.9576888206646996,16.176240273164098,0.25290308576847986,0.05920342455925788,True,-21.288114425998895,-16.108537012552368
0.22907981159728869,17.317210439466987,0.9620466542838264,8.280449486538965,0.25405388709951954,0.11618290237115371,True,-18.21898901656246,-12.662983432051501
0.3930235495546747,27.71232337015993,0.561216498025807,7.30136354512275,0.14820407325669246,0.07686461502121682,True,-21.851242279658795,-15.884349197927945
0.07770795605228424,6.3505148502745365,0.8540601389568385,16.523542578259804,0.2255371890256865,0.05168747167332835,True,-24.055466225985825,-19.71771820007836
0.42808042364151777,40.59113098804534,1.1009499520491337,8.766620389969315,0.29073498002893505,0.12558430764366507,True,-16.052063441003845,-9.809677516640315
0.4436419542443946,31.408098824838255,0.5126642578783586,15.467390974776352,0.13538256893367082,0.03314484380167234,True,-24.987344846522703,-18.924817369835626
0.22749245940372137,16.93161519145223,0.5183393419481876,13.57187542036141,0.1368812251174813,0.03819216769191245,True,-25.299003652514152,-19.764905326084694
0.2223968447415805,11.940641908735326,0.8731076363881338,16.19405594668119,0.23056718496236075,0.05391531554928762,True,-22.12264250596447,-16.957520976295115
0.29774656303259583,23.13992413882847,1.0505642007242177,11.364592737460963,0.27742928854139093,0.09244186967309936,True,-18.018244074263414,-12.198871059851529
0.15725433629091445,7.256314512138783,0.6204513808317998,14.765205703433116,0.16384661217280125,0.042021180963807116,True,-25.98131832423637,-21.449562125129887
0.13687503115839922,8.359769297331834,0.9515453468943765,13.515264453113575,0.25128073888468305,0.07040523329716752,True,-21.533333897861596,-16.807473766172688
0.19174578998930225,13.003775407217972,0.9813079291879264,10.280546955910946,0.2591403366371689,0.095452891115264,True,-19.25887821157026,-13.998377223858151
0.4158044712311486,25.4889553262956,1.057841784602426,16.087912722216316,0.2793511272222062,0.06575382418264976,True,-19.121795441396074,-13.221847132063028
0.18279772876623473,10.34566449887381,0.926354744314627,17.209887566526703,0.2446284934085749,0.05382689112486653,True,-22.168884660973752,-17.172299849786267
0.2719444262002911,17.84558686559689,0.6203680990989514,11.17414699838988,0.16382461942654478,0.05551816162686444,True,-22.941839713729912,-17.356930764180422
0.08168920205616628,7.009115111686996,0.5447272151089905,12.111217586654703,0.14384964158558036,0.04497708105824331,True,-26.474821558804656,-21.992428066223937
0.23800487976172474,16.31854467136803,1.0900004457641814,13.70586199329785,0.2878434730306767,0.07952804765560827,True,-18.944488833708704,-13.446742572783645
0.24573264293238994,15.622926754566976,0.5141826744076775,9.6623553739953,0.13578354701492282,0.053215044831772466,True,-24.315518420474312,-18.861476877154846
0.23848469276399686,13.725748892359785,0.9747883171605481,9.041837280858726,0.2574186604891766,0.10780865513076011,True,-18.794421591394944,-13.47530732011882
0.08334855569185848,6.927529159144529,0.8369886975250216,10.868532416419797,0.22102902298734245,0.0770102775109295,True,-22.396670684196142,-17.93111942189521
0.18464713871451494,10.033449803071992,0.9976789531009831,9.275669132980864,0.2634635388876953,0.10755870426141055,True,-19.350291610445364,-14.391107700565467
0.43873657847244446,40.10007931637666,0.6593355383466164,11.159245456852211,0.1741150033357881,0.05908424013935088,True,-21.30839323398321,-15.074078531914534
0.22249487119457367,14.626531357550967,1.0471723682527854,9.188137619183735,0.27653358538612216,0.11397003524048382,True,-18.09965302240817,-12.713337538966211
0.4434904211980108,27.4409098754207,0.40521095474598584,6.942279645288725,0.1070066796554275,0.058368572781561205,True,-24.570289812796617,-18.611145674331567
0.4254976794491982,31.138069892698233,0.9094459698341999,9.384611273015167,0.24016328388498945,0.09690821957103882,True,-18.229161394429035,-12.173058743263246
0.08786984796674864,6.872086154982558,0.9207327202043386,12.520746498023556,0.24314384911172504,0.07353656751613649,True,-22.09667437323457,-17.642731466986657
0.4613532043545356,38.08615777938397,0.8776179590456515,14.400692711576653,0.2317582550607942,0.0609427599507167,True,-19.816655702239483,-13.617009027541974
0.17756495559981425,13.42520127112408,0.605781460547205,10.973150701779986,0.15997263136828835,0.05520579066219692,True,-23.6070241527333,-18.311759005828506
0.21281041914388543,10.532998702588745,0.9981291718595949,15.555024771529599,0.26358243106944257,0.06416763627959457,True,-21.081393361306592,-16.063135201398914
0.24432083580489233,18.881127712331008,0.4160665280758177,10.073620903936447,0.1098733811702212,0.04130257948393038,True,-25.964496178126282,-20.326366309693608
0.46302938002072785,41.90510023515232,1.0255726269686196,14.419088928577969,0.27082960189514343,0.07112603521960267,True,-18.36469742835954,-12.101395470415184
0.1686359603600825,8.53837262057767,0.4079446933396312,12.157427170034635,0.10772859570070141,0.03355518298683496,True,-28.44317718367249,-23.6893362817923
0.1776919673849972,8.282107269224703,0.5578940986723218,7.747544766430581,0.14732670575430437,0.07200914812259325,True,-24.356552396925437,-19.643127737914085
0.3963675981968429,26.458260455342447,0.8457084063904516,14.911814845973792,0.2233316929480709,0.05671398251157833,True,-20.71962209827355,-14.789488109190035
0.3879594257904038,34.1361486867429,0.7557395949058252,11.060371217625,0.19957304655226946,0.06832859223581336,True,-20.273967255704758,-14.150731226539365
0.2909008286166502,18.550887820886384,0.653308606077091,14.388409911267546,0.17252343232045278,0.04540519835798435,True,-23.35561189147418,-17.733988480528925
0.29699255870417846,24.485904130744117,0.46091714270712353,14.524260655917903,0.12171737328343965,0.03173429296170908,True,-25.997543993673418,-20.13063238876549
0.2678241587171803,16.145343581656878,0.6225836830646165,7.134135673810567,0.16440970302531432,0.08726827068205656,True,-21.72370578274162,-16.23658757434936
0.2354946194600529,14.844564057245545,0.911530608447041,12.597499633924604,0.24071378789686013,0.07235805794288912,True,-20.356748574701644,-14.955056184597899
0.2081356246033963,10.057470890469359,0.7769417521796165,10.746982309819685,0.20517203746016038,0.07229394538685642,True,-22.002044748039356,-17.039924332193436
0.30511790308526177,21.19390041114959,0.9430590658908529,15.096625848647877,0.24903971173037215,0.06246820152698675,True,-20.140192229563816,-14.3970959255595
0.3395934745161556,24.77155311164314,0.6390777864659665,14.57321284346295,0.16876540767297907,0.04385290967273802,True,-23.15548531317651,-17.278968786741878
0.1948504366036677,10.853860811087475,0.5092514341758824,7.659335508877403,0.13448132248814898,0.06648767815245127,True,-24.450120533326714,-19.395996186968635
0.2481866458399905,16.589355043661303,0.8406140225523072,18.039126406173125,0.22198638603317802,0.04659948622925791,True,-22.242375635284624,-16.728333227127955
0.3235455085429379,24.60350877941747,0.6442095501583821,17.664035862859464,0.17012058572794037,0.03647012240916596,True,-23.848763652206575,-17.977878076125105
0.21214792339476113,15.96985915338118,0.414260451096192,10.238178213381275,0.10939643873189793,0.040462320782300366,True,-26.343222977417273,-20.86704163545196
0.08195858356781224,4.7412179434740525,0.6246709159911988,11.497484330494743,0.16496089213440707,0.05433109522353391,True,-26.464347514008463,-22.59303785607129
0.4518658646500676,39.64046002720835,1.0648968881079084,15.361312001575952,0.28121421407093244,0.06932330311360503,True,-18.34127608339481,-12.114647266008472
0.28491985144033616,22.930015349841177,0.7385016840530991,6.235895444790945,0.19502091985642833,0.1184275282662083,True,-19.374926058903917,-13.563327824164794
0.1208722674965943,9.439342525951155,0.40650958599640086,7.157735849543985,0.10734961761546068,0.05679304105952713,True,-26.56436189742411,-21.68117430083263
0.4790465023321664,49.256405812341306,0.44356911445073227,17.479320840053667,0.11713616717204847,0.02537679344121304,True,-26.232970598128208,-19.86810377572029
0.3922063205266258,23.55534773074366,0.5259437158359116,16.582036918930143,0.13888936135134464,0.03171767849795892,True,-25.421774665389684,-19.587311209566483
0.12155234640445628,5.909997468261253,1.0169254174754006,8.894379814218652,0.2685460773129062,0.11433348234687848,True,-20.562473122734083,-16.3340576729294
0.20429669852203108,9.590170433502397,0.6214682041919124,5.478550585136209,0.16411513129916572,0.11343660965329232,True,-22.31228632684673,-17.409167945625377
0.3494674566128972,29.133053242046316,0.7327683574595725,10.306349323355043,0.1935068831923948,0.0710987309346345,True,-20.495609804804605,-14.489877597694365
0.26312719845371774,13.11729398066609,0.6818403691973285,10.030366963051497,0.18005799968703765,0.06797760956393713,True,-22.321662815768075,-17.051639797274238
0.13225859643181131,6.579932909957687,0.7068087120320292,8.990156468096664,0.18665155159363545,0.07862029037428644,True,-23.402969187018144,-19.012488253990426
0.08662466776845923,6.9769068916371175,0.5847442331592936,7.175969375350887,0.15441719456291425,0.08148644490706192,True,-24.239950393525117,-19.7641721218989
0.2869957648878911,17.57798831827344,0.979337668448514,17.079225158204853,0.25862003713067566,0.05734087228061635,True,-20.59760185816834,-15.027174706791815
0.33329959211368543,29.520947372338966,1.1017404974347051,10.72364283401772,0.29094374446591814,0.10273938758382975,True,-17.071156447698282,-11.0552940768827
0.24002394228186652,12.443647992413618,0.8724479217169832,15.651788880782327,0.23039296983897134,0.055741099523019845,True,-21.908942020482215,-16.697234969280327
0.13698291170918617,9.752109405439079,0.7760127579612363,12.896076969690501,0.20492671194375062,0.060174327416398804,True,-22.73753610279494,-17.813512807973133
0.2801771948317528,14.545486423150848,0.6249303958323864,16.184468123077103,0.16502941465562174,0.038612970848347555,True,-24.627604275734264,-19.247088843031108
0.3073058164415238,21.62834559726466,1.0980932588512164,11.360072600614291,0.2899805945654547,0.09666252122295746,True,-17.73281350599752,-11.971832943360031
0.2125963503986053,10.436545962477275,0.3979824123486989,15.992964743145759,0.1050977916759131,0.02488484272556566,True,-29.197530949418407,-24.190362073530135
0.338362612890116,22.443748962640754,1.0848521943425782,10.134521830349698,0.28648394095434765,0.1070452274416922,True,-17.391410715958905,-11.598224882784196
0.46429642645922764,39.28881369493936,0.8497510827970369,15.83487689318769,0.22439926867405588,0.053663257916618703,True,-20.429553822117043,-14.20889336931958
0.3010035188706301,16.93208030927639,1.0935234421910884,7.113236322563108,0.2887738135006612,0.15373079040301865,True,-16.740116432057675,-11.205991248424489
0.21021392710896963,14.12122700737884,0.7419559514701886,9.071246470205182,0.1959331106119235,0.08179206175327373,True,-21.119789025408377,-15.770412429959217
0.37155538530681964,29.62542237554611,0.5810343737174696,14.729147252525017,0.15343750796706002,0.039447930267508376,True,-23.784163239017463,-17.765605335776
0.45538214227033386,29.361568708694907,0.8676067934256119,17.995102316994505,0.22911454175557877,0.04821349599142026,True,-21.09971110251745,-15.087987557561808
0.087825238410087,7.481586091414586,1.0600299387559198,12.53733480252649,0.27992896725292893,0.08454986290565562,True,-20.62545024695371,-16.05076224310974
0.24123001151855783,12.614873313957101,0.6963555152744068,5.342084791256136,0.1838911082647544,0.13035276347807012,True,-20.672835840192207,-15.445883282860397
0.12377455766850928,6.121511242145638,0.6692335850545134,8.517042531376056,0.1767288445976818,0.07857581814216778,True,-23.948143652485136,-19.665826302043847
0.11723428476330848,8.167890848424083,0.7609703651563086,17.13783675511028,0.20095436990986595,0.0444029416331905,True,-24.45586500057013,-19.761035609135984
0.45492907723829384,28.554972487889565,0.5767737833963837,16.187899680709442,0.1523123863031671,0.03562993314591052,True,-24.262267399879704,-18.272000382295893
0.19229245707222758,13.090972538137246,0.8795249668155483,15.272162959189243,0.2322618509462057,0.05759007215715565,True,-21.639294848014217,-16.37146912579567
0.44831589967733854,36.65252044696072,0.8212163760008346,11.661484772237952,0.21686392395190526,0.07042125355734057,True,-19.65633535351274,-13.483034600589995
0.08378019121689262,7.020137103428267,1.0305718905622823,14.19068221774938,0.27214978979138493,0.07262313923662293,True,-21.52068321020785,-17.036035907001814
0.21323031884492577,14.726518833618167,0.5703011844772504,9.493688629819918,0.15060312521097394,0.06007161249063087,True,-23.468576671664234,-18.07516886089932
0.10363435204078184,5.917525165963041,0.4343923449194798,6.175655787467464,0.11471279824284962,0.07033946836885109,True,-27.019318527145177,-22.78893752056834
0.19410283761378389,9.949628153668503,0.7010586902407436,11.283689602013453,0.1851331061206656,0.062130270768494665,True,-23.089660569006078,-18.140803073943967
0.30555417481864966,17.16867437077064,0.7149625582935881,13.07566820286073,0.18880479055386346,0.054678854434159374,True,-22.34242120562799,-16.79477061042779
0.3439618003290805,29.737456878024542,0.9751973512626879,16.12630100825146,0.25752667677211066,0.06047247603549641,True,-19.633461124426155,-13.61202791253653
0.2729146977428593,20.97269607060234,0.6262052998559472,18.051117497545285,0.16536608681327875,0.034690666654909476,True,-24.41677339642002,-18.682987839272695
0.20331311737598812,13.246135960394716,0.6296230946810011,15.759993037855134,0.16626864601531655,0.039950721625870086,True,-24.641218854300234,-19.360530878216636
0.08001729136762624,5.48421232132125,0.8717987896451431,5.55505146566076,0.23022154933108058,0.15693802209291405,True,-21.053985039518896,-16.942947077819593
0.42870372625783354,41.04517679235847,0.8239460354334325,5.808706841330087,0.21758476278671793,0.14184672388196543,True,-17.563972411864462,-11.314248861975255
0.2950610349820621,16.726949757650146,1.0275559673763954,12.579289134143869,0.271353355434323,0.08168633031792776,True,-19.09444357144269,-13.572267318956218
0.09066748083856899,6.3872978168425805,0.5187717431042809,5.738958019436471,0.13699541208960228,0.09039476179252848,True,-25.093875849913072,-20.747490925106675
0.31355708647206926,18.950787365197815,1.1172563754170803,10.882916878771134,0.2950411227953701,0.10266148201466715,True,-17.640389542867506,-11.998830948433215
0.370550202865769,29.104957054583167,0.7337086710681393,11.978101507040869,0.1937551978934389,0.06125417042399054,True,-21.009538090386734,-15.004547224754825
0.36396692435292044,21.659600124659125,0.8368526842045219,7.456456886671961,0.22099310506941572,0.11223194835342691,True,-18.782741808525632,-13.02049464432017
0.2983429145462336,23.078878539568418,1.0099520024308841,9.510037109097073,0.26670456246481755,0.10619853433219395,True,-17.76403075227709,-11.946908255523645
0.16879724139929678,10.093152302365375,0.8091316576907001,15.631181357205401,0.21367263416619534,0.05176394791924797,True,-23.02352736001626,-18.05706351055076
0.46356666936539836,35.80167812981749,0.6070909559567579,15.920922211243397,0.1603184382971462,0.03813164513347278,True,-23.475726768775406,-17.31878097396479
0.24750711881728532,14.654827841207345,0.6607110965892703,12.356527701706666,0.17447825590459223,0.05347061185303812,True,-23.105568221895687,-17.717238549577644
0.43252979962084537,34.20519375137249,0.8122549315477388,17.238716185332432,0.21449741730984406,0.04711806394485722,True,-21.313618583939128,-15.188937949036308
0.1818261611581738,10.246544624201407,0.8541113634681645,9.410224794659925,0.22555071621395664,0.09076418280175964,True,-20.695727247640786,-15.710839008644745
0.2731912126225236,15.325576998054736,0.9590678360688001,17.586176882554376,0.25326725129228456,0.054535322968359466,True,-21.138271456620146,-15.703776268067383
0.2697197597449457,20.576736584193966,1.1033956789060833,11.992320890860563,0.2913808389506672,0.09200851853013617,True,-17.96039178973883,-12.243631770372787
0.11410732827921713,8.690009597089567,0.39702061514307474,12.080783186897065,0.10484380366233578,0.032863814290921736,True,-28.609870476567963,-23.8329235064402
0.2324398478653566,16.38942075270894,0.6258024446886483,17.020644022881033,0.16525970224166295,0.03676726003125237,True,-24.59538241601966,-19.09333372577632
0.42847091258494374,38.3912783150307,0.9233409278923759,15.997635882600141,0.24383261539822285,0.057717336153190565,True,-19.773580301065994,-13.568511856663317
0.21550485476384879,14.879732434665822,0.6492763711246131,14.12687666874485,0.171458613936839,0.045960362389310803,True,-23.727233259177616,-18.3230910005931
0.2214795946434437,12.688023263176392,0.6769020378106805,15.573190787493942,0.17875390255310245,0.043465854046703584,True,-24.05332959864674,-18.819954226779426
0.18969596388036164,13.86265397500489,0.4673423258728543,6.115024628954417,0.12341411299072075,0.0764252565165487,True,-24.164151422369898,-18.83442073473244
0.21477333328464748,16.445520953313487,0.7183164195179028,6.829201224062961,0.18969046639612683,0.10518308012171122,True,-20.344954316761047,-14.839519092609875
0.3865754492666101,34.47054658208162,0.6736575329098473,12.77905555267666,0.1778971051430187,0.05271575275128569,True,-21.779296996419394,-15.649103628803065
0.3676465201296322,23.2295751717522,0.6352560720879681,12.405285237333207,0.16775618282011848,0.05120850185501503,True,-22.69636506085118,-16.87370246284829
0.3516347768309587,24.549489014426857,0.4220610781461838,15.521537231506555,0.11145640080862214,0.027191963775949894,True,-27.015155195136693,-21.146091579011173
0.3162979292935841,16.790402938937156,0.9916592297741663,18.140915911270405,0.2618738715845228,0.05466423165315916,True,-20.808494962294027,-15.282600091368941
0.4185872685351212,37.62092107915396,0.9104697601325139,8.58453756144788,0.24043364281582016,0.10605926686386971,True,-17.72258864353718,-11.531331524865909
0.26503706415161427,19.91265691436262,0.8202955983919014,14.357650535942346,0.21662076824873636,0.05713299653995669,True,-21.255875902863433,-15.568758261973333
0.411911504155952,31.008604754359343,0.9331854237633772,9.223699069677789,0.24643231514399547,0.10117257910453231,True,-17.955926099840635,-11.902932552841783
0.38938932764804574,37.27099404781777,0.6370098600316338,5.275455263060137,0.16821931695426112,0.12074974163691857,True,-19.76363553599367,-13.578788597278301
0.11937024894563758,7.738063016744281,0.9896981703950122,18.11794728192428,0.2613560019407913,0.054625292534237785,True,-22.544627231571162,-17.923259200478643
0.11022935979304158,6.061549099888367,1.0422509642886446,12.29034472603679,0.27523395838621567,0.08480241909575259,True,-21.353662286882148,-17.086351635286587
0.1082847203868362,6.5026504331747095,0.7929671911766765,14.971160008164782,0.2094039788650293,0.052966315953087005,True,-24.23933777873991,-19.866322731076934
0.23466035828567988,12.17645618150077,0.8175131000073155,17.500143942746377,0.21588597588985808,0.04671465004413098,True,-22.959391347258528,-17.772086108001727
0.1642791699818289,12.154402989680714,0.48136716555651793,15.08664095699998,0.12711774318549002,0.03190684837854318,True,-26.980817633658674,-21.795560770773545
0.12891926341398063,8.258387872467182,1.0475433493065736,13.788300311589753,0.27663155275426954,0.07597334882719818,True,-20.806544625742916,-16.096951329574757
0.4395613534091112,30.732320616672595,1.1070022945834603,15.323954311453106,0.2923332612973712,0.0722399892406419,True,-18.291839107545396,-12.24554389711962
0.1719164406896725,11.737612696042016,0.5282240462379169,7.842063755105469,0.13949154296064706,0.06735778523784938,True,-24.02293963586343,-18.87742755471186
0.390755834787319,24.532367966195597,0.7569680627665833,6.5519323213077065,0.19989745601184475,0.11553355951263847,True,-19.1651651095196,-13.296680156527458
0.367510782600677,23.67351104567744,0.5178819747956209,11.071037110098313,0.13676044521307248,0.04677809040340414,True,-24.037413882980516,-18.198728187303587
0.28096240631431535,15.073974069740403,0.9878519337816113,8.568007123143841,0.26086845428803307,0.11529541462602574,True,-18.33662726798906,-12.919102410221203
0.18886501813327583,10.632369847627796,1.0036242227944245,17.70954441139814,0.26503354473798135,0.05667137445661652,True,-21.523727214979033,-16.494195518024338
0.2798780331041991,16.42346896825131,0.4913456638292209,10.489786662306372,0.12975282981284617,0.04684038671585238,True,-24.89280607608098,-19.388700051060773
0.321233647005701,20.129291293511937,0.6336980197725912,11.169182096180371,0.167344737860289,0.056736295846524225,True,-22.5593660202598,-16.862423604514277
0.11551908323515435,5.866811467074099,0.6253927743264114,5.614060395554004,0.16515151793740668,0.11139758575124781,True,-23.718074977829176,-19.501005521322544
0.2054712145044693,15.46647445897126,1.0350827662980584,14.213019915933392,0.27334100594477395,0.07282637837843928,True,-19.627818762224077,-14.183994249613312
0.43242530015723407,42.71223173193573,0.7882512781079125,9.872999346644542,0.2081586171759594,0.07983908946330572,True,-19.27492715133282,-12.999244150955441
0.1573901071658862,9.892543425065938,0.7602011151177515,11.415671504241235,0.20075122907300877,0.06659276371392746,True,-22.440907393413493,-17.499154121925947
0.24055608918583465,12.078810258061093,0.40720022528277283,11.140041177906529,0.10753199920215936,0.03655284740691552,True,-27.326860112531058,-22.148665252169696
0.20176671185248313,11.90684789533414,0.8215546616491368,9.505073652733838,0.2169532572326963,0.08643327675981156,True,-20.728657006982285,-15.566766119959132
0.11241514496765681,7.232106413769946,0.7100075447689644,16.00659451193419,0.18749628805977342,0.04435718942212207,True,-25.13337946494235,-20.60635033553721
0.14168813719652243,7.740090450478557,0.9656449121319182,9.307151217436715,0.25500410234014587,0.10375300557304866,True,-20.316583054595693,-15.694854873335482
0.4439172000966756,35.35105956336183,0.7323612945964109,17.61414165624651,0.19339938746729707,0.04157802911370894,True,-22.26025535969583,-16.112201921859356
0.10473521633902622,6.5943050260682226,0.6581418667840635,12.419534319100919,0.17379978275990818,0.052992475391920174,True,-25.111345433784425,-20.717648764969788
0.48266905789424763,38.75586974826516,0.9145145267216541,13.173411040031615,0.2415017705098417,0.06942123979450802,True,-19.103623114089622,-12.892157700269248
0.4684689197487888,38.422292029608876,0.9318167171006164,7.381537726944659,0.24607087191624238,0.12623612471683604,True,-17.07963334222764,-10.874017313257047
0.2464670217866307,17.02643606876089,0.7692016933382985,17.2833174682621,0.2031280700223445,0.04450544258941072,True,-22.7973370453143,-17.2577853683446
0.26385485598947167,16.49415361679048,0.5674667615734448,16.70735905060507,0.14985462080821002,0.03396507849353327,True,-25.360545745770686,-19.852188202427854
0.08405868954634042,7.369335825317208,0.5334326099810163,11.66987469787377,0.14086700210210118,0.04571022601281287,True,-26.374989283072363,-21.82145880639367
0.44458407088054513,37.141073174146484,0.996622263255537,17.13167195405793,0.26318449196050236,0.05817425560845334,True,-19.41723525327848,-13.234790590331063
0.25871662778942,13.73095621554157,0.6476361540251954,5.536828788183233,0.17102547119065442,0.11696878823621713,True,-21.181743406848774,-15.862222548605196
0.36638150139767106,29.462433878594435,0.9221934556002417,15.092324398632902,0.24352959496271942,0.061103474272245044,True,-19.872653507346442,-13.858306875053007
0.1900088566958739,9.465237367286209,0.5506761342383026,5.065696818222477,0.1454206111660188,0.10870688752184968,True,-23.297942467314595,-18.411300727027616
0.4187135911658737,28.907752977375786,1.064094120680886,17.796423166757698,0.281002222080353,0.05979258363942082,True,-19.30217397464674,-13.302415842497172
0.31316864168818914,21.488617445863774,1.1303549841768137,15.955460454814805,0.2985001571947811,0.07084439758902175,True,-18.76084254397205,-13.005557003872505
0.13572059334501985,9.91119275144913,0.42411851625411645,5.695901679480687,0.11199972180709915,0.0744602944573272,True,-25.609816853526976,-20.66573621376214
0.15384859726604416,7.110435074763856,0.7003633872525317,15.417129057387587,0.184949492960035,0.04542761396402342,True,-25.156201504071625,-20.65327864221799
0.29276612391521634,15.574444763579502,0.7648260717748618,8.513075589367407,0.20197257131371368,0.08984133451488534,True,-20.480047357060588,-15.029156106193536
0.3688129321652677,31.2925506069692,0.6003952246468368,12.64206931188406,0.15855025319023397,0.04749184724706744,True,-22.856139723194453,-16.79635165563187
0.24106506110729653,17.914087822307177,1.1111758000074254,14.785594841184892,0.29343538588880125,0.07515259358468784,True,-18.904869428551155,-13.316303584957133
0.1766519269728244,10.999619662689899,1.0458106533206273,6.596000452481997,0.2761739885099252,0.15855224099129664,True,-17.806566910421875,-12.736647877321861
0.18199516363782955,9.385810430162348,1.0285558936351245,13.851247090094427,0.27161741243375415,0.07425727712060566,True,-20.651396934890297,-15.775393291038771
0.3627220209893673,26.39198278794223,0.5096937005295521,12.97617706841862,0.13459811462684912,0.039279188149338916,True,-24.59537135177157,-18.66725010410578
0.2036698835987471,12.905625260859823,0.5757747860254635,15.03664370002318,0.1520485746011521,0.03829144305817234,True,-25.288017720745252,-20.035846415537236
0.21545984678652763,10.36408917971948,0.8739343179972506,16.92485286364876,0.23078549212579674,0.051636154537821055,True,-22.60446834279201,-17.60572704102096
0.14196325085259642,7.426431307655618,0.8011065814463115,10.497410518975364,0.21155340033789966,0.07631468541677136,True,-22.451887259131627,-17.8875378979412
0.4761107908768872,30.063921922714695,0.9630677786122208,14.974418398046035,0.2543235420104174,0.06431420259620156,True,-19.44001645934922,-13.410293449175397
0.13636439151878557,7.938251948578337,1.027872773217704,12.736467922686359,0.27143701640344736,0.08070312581613336,True,-20.783403812080348,-16.127113202281482
0.43294813088556394,41.42505195556432,0.8951854316909967,8.592042813994397,0.2363974112723886,0.10418772939922417,True,-17.767122446496618,-11.511350025071572
0.18944620804452306,9.516271490859468,0.7155978161151306,9.700093746377702,0.18897254719867335,0.07377225775599909,True,-22.50780087233268,-17.614391114470067
0.3435232426243958,30.889130639292386,0.4138308589746784,11.698689057192395,0.10928299355972058,0.03537412242957716,True,-25.823746358708238,-19.773638726308956
0.36629351736401594,32.141878636931956,1.1022055239319857,18.036603311622002,0.29106654702306267,0.061109373249993944,True,-18.917223098796832,-12.837634065021899
0.20150252932256324,13.602426103957258,1.1149912405947329,10.70019844569762,0.29444295398114534,0.10420285626039517,True,-18.19510271512343,-12.88568273441346
0.07381490339648229,4.5906469176098526,0.5470066055192561,6.788626070785918,0.14445157496517974,0.0805769237862779,True,-26.17115119392048,-22.35506863238283
0.22160935644424035,17.442110733752216,0.44647467192551554,13.483514893658256,0.11790345654140787,0.0331126323845652,True,-26.51965352277365,-20.95670193143797
0.2771631742120104,22.8226074383591,0.7952319886564891,11.250811555100292,0.21000205859502735,0.07068218899249,True,-20.421646621175547,-14.614066545195625
0.09040845449086422,7.600049648577427,0.8903856913765761,10.056791015068878,0.23512991277996403,0.08853576553817628,True,-21.32388396833049,-16.727354755905758
0.23972723497432996,11.774154297915825,0.6278289081880319,10.553007700573193,0.16579484357476904,0.0594928882837763,True,-23.434192914730897,-18.285115707403637
0.47588597848684516,43.997642472818086,0.740782679564736,7.186211866298667,0.19562327710553626,0.10308389083806456,True,-18.860358392148488,-12.565644919414428
0.2919038974292102,19.249876338718682,0.8728585485648099,6.32510529842215,0.23050140672856842,0.13799905414737548,True,-18.22051814712013,-12.564442037679592
0.285794729992162,22.8092390949184,0.6866197749851383,16.832935598792204,0.18132012830939942,0.040790257347292684,True,-23.212411294003125,-17.405333243410098
0.1805927785730015,13.174186707651957,0.9811769697479783,13.43524030470657,0.259105753330192,0.07303010199261245,True,-20.187883535112036,-14.91313272030277
0.4224998617846407,38.232456103001255,0.7246258910245278,7.479165913856914,0.19135664937661337,0.09688592275804284,True,-19.303268664808037,-13.10101452822387
0.44109986364477344,29.861761178832168,0.6281862170513487,15.44515269330031,0.16588920043908173,0.040672062589827224,True,-23.279758742950666,-17.255153639933592
0.23817742917802442,18.846037045082955,0.8968165399585977,8.132964582508261,0.236828148590396,0.11026932809807138,True,-18.635835757660427,-12.999440007306465
0.08524980690712523,6.9197014524796066,0.9060098567193773,7.604949622595971,0.23925588725360242,0.11913423516014146,True,-20.609946956542974,-16.146026538846144
0.4481256454220872,29.207764612271028,0.6039661190218318,15.556626360558631,0.1594932423814023,0.03882372083918481,True,-23.677472483611346,-17.66977398386482
0.10406747837995564,7.1675691112158475,0.6342329329161065,11.24946862648762,0.16748599583646462,0.056378923660693005,True,-24.823573281920325,-20.309257713119486
0.38517030696046806,35.80521473929296,0.5229613498466513,15.400449978502888,0.13810178866040373,0.03395753699253206,True,-24.641751394010903,-18.484736452441723
0.334874777524288,27.772677826615816,0.71704163990001,11.901098280755473,0.1893538270910798,0.06025003936481169,True,-21.246916698946244,-15.278315400444118
0.4411594950237543,36.279150327646036,0.8324848291805402,11.385695401450045,0.21983965732112976,0.07311673111108502,True,-19.464800834987436,-13.298608415306179
0.19544707260591554,12.572412526484765,1.0232626419631403,16.116456994490257,0.2702195892027543,0.06349178621039125,True,-20.616990460773028,-15.393790693441689
0.0959791803301067,5.902148416160594,0.5936120242218972,10.181800616216961,0.15675896954795168,0.058301281531326354,True,-25.67547930186471,-21.44911713993181
0.30167103916411686,20.06269124488579,0.4976595431195905,10.48071402951513,0.1314201767853167,0.04748336246157588,True,-24.44451606104312,-18.75057778153624
0.11741969647089415,5.61947359759187,0.4273306120922251,13.98005960593948,0.11284796074621296,0.030567152368268315,True,-29.837049670424463,-25.687346410856332
0.08440423509256795,6.480734951860413,0.8975215225147437,11.403789722504488,0.23701431789718452,0.07870379447137253,True,-22.16555946905558,-17.797551514839316
0.23228022371790025,16.2379543046782,0.9210976782608519,14.141151697074822,0.24324022594799655,0.06513597322143048,True,-20.534036662666885,-15.04121532622754
0.1413204217693525,10.024886203985982,0.918009184648818,17.676378002515367,0.24242462744877058,0.051934235877858254,True,-22.428218306195554,-17.470083708882814
0.1294098477807641,8.335490404780368,0.7868044847645703,16.108784838746672,0.2077765530930284,0.04884319286902753,True,-23.866706483969566,-19.14471612349532
0.1789971218507416,9.126328319941825,0.8952881333789783,7.90521903968169,0.2364245323718979,0.1132527927290713,True,-20.049982917715894,-15.209652259712014
0.2810583083568408,19.28843224275591,1.0344078472924285,17.432022582718854,0.27316277571436454,0.059339519690496695,True,-20.04983796063811,-14.391914045942276
0.2963654615947276,22.02922725363856,0.7083777045028844,8.271762842144422,0.18706588559113516,0.08563805781443803,True,-20.488691576861633,-14.711662597323391
0.2389696785177557,16.80401296478858,0.766051519812406,8.116425988839953,0.20229618330902627,0.09438286271145983,True,-20.192721392153512,-14.666031552521412
0.3782210297391232,31.61878184494787,0.41895186511776167,14.996271518815526,0.1106353307989986,0.02793706853014171,True,-26.612689978748637,-20.545205068343122
0.16040233651996305,11.532787840565515,1.1256757162424698,18.236964405373485,0.297264472623553,0.06172495000926753,True,-20.462453072872147,-15.337223455201652
0.4799824017691565,37.927474267608645,0.9849133758886923,5.252047314506279,0.2600924502846526,0.18752941794114047,True,-15.953549981787052,-9.756748016070278
0.11943087907654243,8.398196866051862,0.68760471072134,9.183973975149144,0.18158022666451668,0.07487006306659025,True,-23.00049632614865,-18.268544079803398
0.09699756638379976,5.8414946032637,0.4808787458078566,14.360228082103523,0.12698876302103435,0.03348684596501313,True,-28.778457494597966,-24.568095156899084
0.10101612898550583,6.319443707654424,0.5869576512514925,15.026920409532568,0.15500170620545836,0.03906040860369144,True,-26.958485501796826,-22.628089202672044
0.18048022179778367,9.026429628666408,1.0259343675453252,17.416825397586436,0.2709251290706961,0.058904785695761505,True,-21.66208743018973,-16.835880515866428
0.19625895759518341,9.331303689186603,0.601833988586099,5.567173242372145,0.15893019689645713,0.10810405252085538,True,-22.68210566482818,-17.813477355725357
0.3742917401695066,23.106389007776563,0.9242511657703795,17.439841531451627,0.24407298780642395,0.052996534636140596,True,-20.752570680230626,-14.93443291427644
0.4175495996066541,25.10783914315838,0.5350236421856347,5.978823819727102,0.14128715627475377,0.08948643718524145,True,-21.965629330646223,-16.07800847351737
0.44425726923330505,33.34674290804875,0.5965125136643716,11.017539314117645,0.1575249205692151,0.054142081698770335,True,-22.34328991751845,-16.23687751966466
0.255717166164563,13.10542704880436,0.612744994763863,6.566078663275257,0.1618115369222081,0.09331977671711547,True,-22.067045441996136,-16.7980122821331
0.3337921506169366,24.04606169737579,0.7603504326088427,18.015393467820857,0.20079066030937842,0.0422055967840493,True,-22.520243547263952,-16.668442784394223
0.21771208838571832,11.734257846132124,0.9652777624773373,5.483513199540914,0.25490714675438697,0.17603272342959828,True,-18.02492360649992,-12.87973963455804
0.20808785699359356,11.23176924850146,0.42004271418115025,14.705906336692744,0.11092339837197825,0.02856285798129291,True,-28.236900105916504,-23.142435198538255
0.2371415728817461,12.82845481937378,0.48023365092478776,9.962822650402863,0.12681840863971416,0.04820256947014596,True,-25.389191153090223,-20.14363321568789
0.39982852117423173,32.58106563200106,0.8536977746971388,12.833091462422466,0.2254414971501286,0.06652315828940479,True,-19.80469452355979,-13.715161532407617
0.4441430173684621,40.214176939817165,0.7681082117016769,17.102096492135253,0.20283930724871116,0.04491310244068071,True,-21.58481153613295,-15.348608682192639
0.08956760490853917,5.663375617957961,0.5284747585095343,6.120324044928187,0.13955775017301492,0.08634751275097481,True,-25.451271276917026,-21.28930380198769
0.3199363050185881,26.734747269130665,0.4328843151434733,10.940714119832482,0.11431456305877587,0.03956636746030811,True,-25.384236736722464,-19.445784376827056
0.27170634874887256,16.412347168925578,0.5794619665348035,7.497798331680283,0.15302227222450981,0.07728428278557661,True,-22.443496931299165,-16.940062255837553
0.40639331443050963,38.0304484961478,1.1192815144222061,13.605446590152104,0.29557591436070435,0.08226716462452358,True,-17.490302287095602,-11.2916523439579
0.47453592906793546,30.32632525414667,0.5834711869342981,6.7062252996153955,0.1540810130061495,0.08700441170202863,True,-21.19498391628558,-15.15869180679715
0.19945465390712963,12.466982486613219,0.9448774531940248,7.704760209155527,0.24951990503551613,0.122635543163463,True,-18.79621755638176,-13.582415176164178
0.4557760656164766,34.49409375152871,0.8812564026201752,13.377228318274579,0.23271908240631223,0.06587735378757753,True,-19.615109084795627,-13.484429498503012
0.47359420838760885,41.527883894436215,0.8432606562697275,8.104072164778595,0.2226852997299777,0.1040539421569632,True,-18.114020307685387,-11.856624321614612
0.1720674211218965,12.503356334399237,0.4449247192553648,11.42586378724259,0.11749415050732036,0.03894013857859396,True,-26.57373773343313,-21.356680357724006
0.299607035687669,20.427969987143943,0.8591284290480872,10.624886249903504,0.22687560519593786,0.08086001194185866,True,-19.720141402663746,-14.009900781950527
0.22870525909453893,14.581773040795309,0.550153028004042,10.801892941992875,0.14528247111679338,0.05093116835710302,True,-24.228819995033856,-18.845701948245946
0.207844671564132,10.004929372787686,0.7928776204534047,5.117575435550134,0.2093803253443646,0.15493227807557883,True,-20.008182527541347,-15.052498269702522
0.4457924152592212,43.120626324663974,0.5928644525232898,12.539833476519457,0.15656155345064382,0.04727849485668327,True,-22.57199996633361,-16.29018129573081
0.4457556524791858,43.468647978103874,0.9635687176749932,14.372972875190246,0.254455828231185,0.06704032116683717,True,-18.85578522511242,-12.568804278902023
0.18480836475956075,10.45739819546601,0.7307310236122837,15.153904494767165,0.1929688712561562,0.04822064332427425,True,-23.705262051001394,-18.695683348327496
0.3822033116340189,28.967823326645146,0.6243352505716795,9.121252189943984,0.1648722507943909,0.06844841449072067,True,-21.49813268526558,-15.496775145001372
0.4669653728957471,38.72743305877204,0.9672953284233992,11.922723048054602,0.2554399384529956,0.08113040322455785,True,-18.25196919331549,-12.040999568079693
0.2793974902963348,17.51487523248347,0.9715138564597724,8.268022554684217,0.25655395245710516,0.11750256485565161,True,-18.110203556511998,-12.543238298143244
0.4500839636096428,42.43417732124835,0.9509189710016179,8.233170570686836,0.25111532774829776,0.11549851455613525,True,-17.092527701799494,-10.82107122421078
0.20905209908330974,14.742299124283289,0.5769970270665394,7.147801185933543,0.15237133970414915,0.0807237095796727,True,-22.555616530866374,-17.161095715785816
0.31337589681932715,22.103119854269796,1.068915416835501,16.775336395758487,0.28227541296302355,0.0637194624070709,True,-19.400909713251675,-13.620968594846037
0.37598653373171353,35.250798675416846,0.9248662095248393,13.774352857345672,0.24423540639169844,0.06714407704690249,True,-19.280187905280716,-13.134135393935711
0.21077419182875623,12.845980401636911,0.9545133874428944,10.673945188725664,0.2520645285637618,0.08942461016673549,True,-19.651432932366664,-14.404368077480727
0.15156875452825286,10.871650044944678,0.7744002016736165,16.16056070768992,0.20450087376717946,0.047919141896179504,True,-23.36275899709324,-18.306690719017624
0.1077629999594846,7.774548150290436,0.660635252511341,8.850002272858703,0.1744582272680125,0.07464803196010306,True,-23.445019016941725,-18.81719040902742
0.3420898477490957,19.90380025079715,0.582104369108185,10.843264111411496,0.15372006857571593,0.053683500016897666,True,-23.211978790276262,-17.525266094652338
0.2706627296894194,21.146966545716378,0.6219084691288219,10.255253067065528,0.1642313949107873,0.06064291783554951,True,-22.35351596147038,-16.612383400787266
0.19673040796568747,13.137125979616378,1.0246311430369142,7.581763685383811,0.2705809781392929,0.13514416771023963,True,-17.942353691914764,-12.670679291369439
0.27110239147924564,16.952072836026407,0.6192329737897048,17.02451107043001,0.16352485953873164,0.036373025411887146,True,-24.628757770153527,-19.093479165537822
0.3372717455709925,30.061208472296485,1.0739206339188843,7.3939623940467545,0.2835971730358311,0.14524291262064723,True,-16.141375263914327,-10.111720617048965
0.15853586440190393,8.41621135156261,0.723149389938388,5.589512470764372,0.1909667401777505,0.12937611173081368,True,-21.35907731680399,-16.624282872411964
0.0848524112630988,6.38740819422486,0.9018489774919766,16.471193953141324,0.23815709694362544,0.05475310290545023,True,-23.55135512410612,-19.20494438915284
0.3827060439540821,28.683929249650557,0.5248846408496275,8.184447493284226,0.1386096845645721,0.06413195775039465,True,-22.69450526531881,-16.70074922557562
0.20945021446931883,12.912322673656043,0.8881349589578313,10.525363960938929,0.23453554730168205,0.08438045109450107,True,-20.219198906225575,-14.966456323941733
0.23302586688596155,15.901112076560068,0.6651030916661118,7.989742877390492,0.17563807847288979,0.08324461773960608,True,-21.47391390897048,-16.0020644238092
0.4668049172150556,47.094114834605705,1.080895693084699,9.584812392861851,0.28543912205767297,0.11277171099245305,True,-16.336695870606675,-9.99929033380573
0.11790736434600449,8.81687753276341,0.47239121439621523,17.6197201677319,0.1247474056633582,0.02681036985260044,True,-28.504848365201788,-23.709008889392337
0.39810340167422625,34.312674223938686,0.7739937132955869,5.603455032856602,0.20439352975008906,0.13812794227082612,True,-18.250521482604302,-12.123600474159419
0.395370714465923,23.75916046753094,0.7225546169355858,8.800665503222307,0.19080967462107412,0.08210227018297957,True,-20.388853226435355,-14.547126080449065
0.30949089123990997,16.588538164977855,0.5307830985062411,11.673565772096488,0.1401673284572897,0.04546880609307744,True,-24.576619569790893,-19.062625740874
0.2084378764094344,16.04757712260932,0.691415899458048,8.825878109937435,0.18258667194315173,0.0783396157125208,True,-21.410441900673657,-15.929395640051972
0.15059696281029722,9.086590669699046,1.0966849265145586,5.557185405977257,0.289608687129508,0.19734539094826217,True,-17.53411571446871,-12.699376537430522
0.3626129319326193,24.579391405106747,0.6913063660648223,17.258658266789414,0.1825577467510186,0.04005562630526691,True,-23.144819911083818,-17.274747041949524
0.20191053663989006,10.1195750069637,0.8507084979052334,6.816418958582388,0.2246520994788012,0.12480284781118493,True,-19.86575178629524,-14.896085710556243
0.3387314123285086,24.503601759531325,0.5510811557852665,16.85750323663553,0.1455275678275352,0.03269055613097144,True,-25.025012218402548,-19.157500831684423
0.16050583184721096,11.243086507272695,0.9725902382571088,11.884426951711372,0.25683819956549514,0.08183736937497474,True,-20.148928498217007,-15.053285611276252
0.11967077208738544,7.440736139502615,0.6350957563154633,15.620420457324853,0.16771384719638668,0.04065804490029903,True,-25.923332239827474,-21.356290933338915
0.12614860781928433,9.73637034772177,0.622372001604814,14.696378702912112,0.16435380293205976,0.04234866385700104,True,-25.150636836394646,-20.22862342421356
0.11039909613301292,8.23166155565949,0.557694264262453,5.441648072620126,0.14727393418820897,0.10248627930727724,True,-23.63633210713655,-18.931074807163682
0.26913303667850247,13.999710457362813,0.8569973994634492,14.769202967442364,0.2263128504198669,0.05802597481750626,True,-21.60246498218541,-16.26225602202159
0.11653739048591585,9.106090541898846,0.6410619522447367,13.353795415153742,0.16928937917321954,0.048005973756140255,True,-24.69631193216925,-19.858824561184292
0.3284259794604374,25.59284945661955,0.9704481521560216,12.15586929225472,0.2562725250235592,0.07983371068117326,True,-18.804915681005422,-12.901653010281446
0.13220208316786908,8.426067176233024,1.0254071071151252,12.710207832453245,0.27078589199605985,0.08067587254528848,True,-20.634681321181226,-15.898335579659202
0.3259064753273575,18.743479232449108,1.0307858425276728,14.008686455156173,0.2722062894717466,0.07358190547182045,True,-19.27585375728032,-13.644553030584213
0.405009361288223,37.12543432008321,0.5511443447311263,18.19808967083985,0.14554425454147565,0.030285835200288404,True,-24.803959576847106,-18.621804904267897
0.11213763558497063,8.115181494564895,1.0707587855714724,10.684193257025019,0.28276220327682583,0.10021896457811004,True,-19.742458291417982,-15.056336454131849
0.1934212332725267,10.94470594966068,0.7978345138880363,7.877019018845338,0.2106893242784586,0.1012863510903377,True,-20.607476546491622,-15.543472623406895
0.4466849473417202,42.06001941740555,0.8131776965933596,14.178317939174232,0.2147410978482833,0.0573536085226708,True,-20.312221053651317,-14.046515924323668
0.4250743489876963,32.60552820135512,0.6289256038746656,5.672813173895147,0.16608445510339281,0.11086661672004682,True,-20.133178425494094,-14.043097279826902
0.2310000632314097,12.18544510214786,1.0122980172849718,17.611647911162834,0.26732408979254146,0.057478892514274287,True,-21.12687870835032,-15.93874007447829
0.10821955905349254,7.083988005493673,0.7248953165512289,15.220126924831318,0.19142779831937767,0.04762741599536712,True,-24.818430747089444,-20.320825994637786
0.09492532024876446,5.071672888036806,0.9885206252938054,12.226696055120453,0.2610450399839418,0.08084936607873065,True,-22.43291862729123,-18.44877636762953
0.18164739950846653,13.460376179656786,0.4297323276649858,8.740775341722012,0.11348219732325455,0.04916409710403615,True,-25.843825668098717,-20.545729837789132
0.4802601243306498,35.98743071831743,1.0942001043614993,16.317428989391207,0.28895250405987744,0.06705713903047439,True,-18.44940278833585,-12.28883857858656
0.17434721908033096,8.050705138142405,0.5265190387227289,18.05376256100868,0.13904129058999684,0.02916395055842098,True,-27.902016156411488,-23.226656564874418
0.23632832709681917,18.37172434830643,0.7804465360222874,6.781826375797879,0.20609756841513988,0.11507910889719118,True,-19.418850833319436,-13.806360952429
0.14552484071411736,10.868589375336922,0.7416064332812091,17.610503516456063,0.1958408110814103,0.04211159735371666,True,-24.079232311693126,-19.023498165457553
0.10180746866514151,7.61120214520723,0.5002898714099827,9.143103816117186,0.13211478460245987,0.05471772840729282,True,-26.020298654811505,-21.42173836382087
0.34206584272631196,21.382602125903222,0.901138299142925,5.9409060065126615,0.2379694235119368,0.15168364861437983,True,-17.659835835017834,-11.90890705106188
0.18308026086338636,12.849357213639546,1.1059772968466066,11.378025346024081,0.2920625835104298,0.09720292082431312,True,-18.593507230431822,-13.346152363429828
0.20259392301092793,9.93455336170912,0.5052291154672801,14.670312948472134,0.13341912275124096,0.03443887783729236,True,-26.9065025067998,-21.95951538943275
0.4732642354141606,38.994945912498686,0.6906735727547235,12.962726729114209,0.18239064092569782,0.053281503744383854,True,-21.475351950951442,-15.25973909454322
0.15195051883354072,10.340733115302811,0.7510297873968184,11.172596107752215,0.1983292971978845,0.0672207050316362,True,-22.36582837693629,-17.369821686974266
0.08208344009071168,4.7325686825997,1.0903678765708418,16.28137015716905,0.2879405028620851,0.06697027744257314,True,-22.939861716099262,-19.071656043233794
0.3722473517673859,30.633489800596614,0.7043926493515116,8.886589604355922,0.18601352628298298,0.0792646764070483,True,-20.298892776914478,-14.255014896834048
0.31331785912530696,20.430370356574052,0.9178459546979666,17.746314233205258,0.2423815222591,0.05172037092528083,True,-21.068224957288333,-15.35787860176854
0.4671456169476978,37.950298869495164,0.7522561876109528,8.680777930280028,0.19865316064063251,0.0866576928534199,True,-19.404117389808803,-13.206905184864048
0.3818494392068804,21.90586923023951,1.047992972014336,13.345640209433428,0.27675028753301084,0.07852699125468383,True,-18.704768807344784,-12.932632989590601
0.3946724021106649,37.768416612122,1.107457745380012,11.193374214382175,0.292453535137243,0.09893868677749187,True,-16.88052144601677,-10.686588306872284
0.4052122868152246,36.27236344799606,0.7192029416564385,16.39279879617992,0.18992457603550023,0.04387310248839492,True,-22.103415441691215,-15.937353215248608
0.17222768102509114,12.92046064335405,0.5751551696715093,14.875160150096919,0.15188494849993175,0.03866547747170049,True,-25.25339027656773,-19.999954112863065
0.2018094427433803,14.360534834059274,0.8552018510736108,7.412440537681542,0.22583868833439782,0.11537385652217323,True,-19.27873518731884,-13.911631731091951
0.145773299308726,8.800055377669299,1.0067421061283781,18.07456668709517,0.2658569043713075,0.055699377116861626,True,-22.039340478926228,-17.245983608071136
0.2816747028695713,21.48255319099708,0.5525239229680281,7.464898235820685,0.1459085686961813,0.07401626994949706,True,-22.404061664155208,-16.649024500424254
0.08809068291954592,5.649413276188026,0.7581552674001737,15.91375237170908,0.20021096882393463,0.04764151469065184,True,-25.337513493578268,-21.179431648091374
0.4394974509095468,35.47654118878899,1.0120209888313063,10.924933206257142,0.26725093309564174,0.0926340664720661,True,-17.649918455292266,-11.499372335512861
0.3369810635344955,18.43632000422786,0.5985689021612556,11.841883333860958,0.15806796439010862,0.05054676568630716,True,-23.403648854618467,-17.78785122266044
0.17915987629278168,13.44065545980723,0.8123373440335705,9.774389892983692,0.2145191805084144,0.08310875184308815,True,-20.6669118049923,-15.370401678898805
0.18436190687539206,8.58381555375868,0.7340256320657824,13.93820774267922,0.19383889983570088,0.05266284199640484,True,-23.833662465371496,-19.072835763701313
0.12259783881588213,6.092601157661874,1.1002469357967888,15.23287909579576,0.29054932997671873,0.072228429627624,True,-21.6737240471174,-17.398615604704307
0.3799654566797053,25.250543151928532,1.035659275852765,16.2625062720992,0.27349324855449675,0.06368386634411917,True,-19.361251109315344,-13.46898288697127
0.4710197377999319,48.6811134146279,0.9166624604768099,13.779273957004197,0.24206898927963807,0.06652472861321243,True,-19.015135232286305,-12.657400805431198
0.46003170401375265,37.467297088408586,0.6605562468687028,9.794084770207638,0.17443736373657598,0.06744440775906198,True,-20.925763453610045,-14.737309801279558
0.46812756217201495,35.37548515974303,0.6211139978583087,7.621189655249131,0.16402159373995634,0.08149829960346329,True,-20.779441637469724,-14.63090198105027
0.31085510062190985,18.5913791271753,0.726582177942461,16.911735041089642,0.19187325872561928,0.04296319544843381,True,-23.057677768392573,-17.434007762311403
0.36244502606787826,33.65167198175906,0.643409596263423,18.084719317097665,0.1699093367249842,0.03557752735786894,True,-23.548175973684206,-17.435197140743025
0.43449196049696975,41.390770140086524,0.46858202385003606,6.056331738180541,0.12374148805982993,0.07737060057261802,True,-22.530973682001903,-16.275743823501546
0.08668491139360483,6.897304975086914,0.9154962670603972,13.402608900956226,0.241761025035669,0.06830731791293858,True,-22.386991792002352,-17.927752142064936
0.2453088730555092,19.70795241743857,1.0000741817379724,10.395329417558715,0.2640960624176193,0.0962041837797608,True,-18.3831454166453,-12.70545425817058
0.09725689851985254,5.104117704504791,0.9510873295123314,13.893899318872098,0.25115978726996707,0.0684535930255712,True,-23.217884552962555,-19.22323307758444
0.26888061811650077,21.569285341033563,0.9246575336233454,6.487080578876455,0.24418029999568067,0.14253831479051762,True,-17.594095121907323,-11.835515229542992
0.19585484587886492,11.695521311720476,0.4345145889092041,15.606827165733094,0.11474508000447285,0.027841314848622133,True,-28.084061400224407,-22.942675695858235
0.0705430819926955,6.27059028314031,0.7884169531763139,10.77400029161317,0.20820236806364809,0.07317773638729555,True,-23.199806125928365,-18.881074293462994
0.42150952825433696,37.811500685722315,1.1315511364577342,8.840008968283247,0.2988160328700175,0.12800339236278901,True,-15.916918678762723,-9.722206726816614
0.45418105805652303,37.84063002427974,0.7571313261346658,13.978874359899425,0.19994057002621984,0.05416253888843974,True,-20.993441494024037,-14.798203713486133
0.39347710027972227,32.01523965932144,0.459122421956689,9.92202532922757,0.12124342975806511,0.04627305481716924,True,-24.311942749652605,-18.235257724335366
0.4540578491936024,42.20580976796803,0.5709069887931559,9.225518647189634,0.15076310387790462,0.06188345724790997,True,-21.87175952911644,-15.603804571531015
0.12689854425935224,9.349986357064921,0.4091975324654334,12.652147655065209,0.10805944103798638,0.032342140134731495,True,-28.32927238149564,-23.458109172126186
0.11475158400859366,6.794524612029355,0.42519178479293895,5.622706602059091,0.11228314677716203,0.07562048224910572,True,-26.594547873896328,-22.157071303138753
0.44463457433189835,30.26010076953898,0.9868580050039537,15.052741384087465,0.26060598108224875,0.0655600185921735,True,-19.23999938891483,-13.205357374251216
0.0853098443453815,5.940382807637618,0.5941073490350623,5.959360456614468,0.15688977317748576,0.09969313877895157,True,-24.220343044457287,-19.984015560715868
0.45127616381718744,29.714816939867408,1.0701805592885472,15.538050402393855,0.2826095073195704,0.06887482866728704,True,-18.68196222302566,-12.661108786796769
0.10539158653781258,8.459359951418921,0.9764189069174124,13.614653754352544,0.25784926088069754,0.07171823276117145,True,-21.30514523592055,-16.563578403788654
0.09758359655863752,5.098028242819046,0.580743985470833,8.970172083621973,0.15336082326315556,0.06474167720050476,True,-25.987608992503127,-21.99492264595247
0.4742122709111279,29.859340912810886,0.9026694101146154,10.59364925959948,0.238373753896754,0.08520854221189716,True,-18.74598749225665,-12.721443964782466
0.4803822762920442,43.53225240757865,0.723742943538258,12.591550614506044,0.19112348371880172,0.05747846041332454,True,-20.844634923719603,-14.556717018386767
0.38286013707885946,28.38511206997364,0.7428367052999775,10.268966311058625,0.19616569697666925,0.07233802145207337,True,-20.39852272901628,-14.41288639979631
0.18356425060763043,12.419857776342246,0.7938201414805284,17.750962684117393,0.2096292229727151,0.04471983607913254,True,-23.230081763577388,-18.020516779566748
0.36301238727192786,30.516967526603814,0.8898520998751591,11.319284329836275,0.234989003818372,0.07861381284765644,True,-19.07221478906768,-13.031201523494286
0.16238339523294837,7.8896077530616475,1.0295995739399375,10.48813978597778,0.27189302384734443,0.09816798736001504,True,-20.097523678726,-15.44960209738048
0.07760599214307536,5.061196450709592,0.5659704158047952,7.521984875587837,0.14945947109558685,0.07524216349352406,True,-25.73680071367224,-21.75607248857236
0.42120666959541453,41.190000782845786,0.9987365499280464,7.064004066610515,0.26374282532739457,0.14138391491714772,True,-16.292418222668328,-10.040379025941071
0.40011471992893094,36.774989147632056,0.6892009410322963,12.91735115321034,0.18200175353475606,0.053354664811524434,True,-21.546300625174432,-15.37069114430965
0.25592232532428266,21.016133438613714,0.8743546400102661,14.690439628563052,0.23089648928041975,0.05951861633264077,True,-20.70506577592926,-14.969440733825204
0.2560560644486345,12.868195482453066,0.6377147213720001,10.62255324215506,0.1684054542508141,0.060034033893213344,True,-23.134524663440278,-17.885553908255755
0.47194080517116216,44.72206744452282,1.0008265488076868,5.2240663717744,0.2642947448596147,0.1915799834043355,True,-15.63198506357194,-9.326899258166879
0.2099583353981097,11.154484114732961,0.9163657790152919,13.415220058499406,0.24199064268574538,0.06830792003555061,True,-21.12827717646323,-16.041902421977287
0.09325506800052938,5.963703316591979,0.6567918462796711,6.332358628073877,0.17344327410694657,0.10371993831300874,True,-23.45154544900227,-19.209184749910918
0.42097335916225753,34.038942320701366,0.5033778488363186,10.06601443804013,0.13293024678918744,0.05000766211242661,True,-23.486612483831067,-17.36541747350096
0.43491338818205316,40.11975357624777,0.8521677065346395,7.424842086424203,0.22503744214668434,0.11477250244725981,True,-17.823421715038215,-11.588780875176273
0.47117079883245444,46.314221338909064,0.6569053799543405,14.246983906708104,0.17347325567929342,0.04610838225521127,True,-22.08515194525465,-15.758106203847094
0.34008383936521586,26.89421808193804,1.0163138630625186,11.428096987188262,0.2683845801806479,0.08893115487223124,True,-18.115550415760033,-12.172356624558052
0.4032559422755595,27.81080892526911,0.6057334157401904,9.541766129908531,0.15995994386511717,0.06348231632313095,True,-21.956450811768345,-15.986773054283752
0.3323228455526429,20.764641869010852,1.0513186259861906,5.976019420892591,0.2776285145035382,0.17592289314032442,True,-16.376510144338297,-10.651612121682128
0.0925955532631807,7.404563483305498,1.0569031562335738,8.74979922417272,0.2791032575533217,0.12079170380432384,True,-19.468334036201615,-14.908114239486117
0.21732752531328986,12.72555144832063,0.561811598147953,6.839689276812862,0.14836122519789138,0.08213992996034819,True,-22.971914072764605,-17.735264200415934
0.09880276281382065,5.1427277419950865,0.6302749114689756,13.80675561000587,0.1664407754935745,0.04564974779536259,True,-26.739269594210274,-22.73223602263917
0.3598132769422644,23.85852845515353,0.8140035496957884,12.71238409129512,0.21495918622259547,0.06403232814946033,True,-20.59384339348768,-14.748607443647494
0.39154399179824856,25.206264383465587,1.0420336182590406,11.15002459941292,0.2751765624133482,0.09345572370431422,True,-17.90046547248663,-12.009635179995243
0.3246337191436834,17.999852305359088,1.0411740413353234,6.405882662441735,0.274949568371262,0.16253404818664885,True,-16.825414548094,-11.232298512352797
0.22088579707895867,15.04508103700206,0.9466650929675252,8.319568909647012,0.24999197864147812,0.11378775790531806,True,-18.62392018864345,-13.208370216398315
0.07981272023711616,4.512846083378578,0.4618401251323205,17.65957347964998,0.12196111122671058,0.02615239409176684,True,-30.919668149558987,-27.13315129017708
0.22482455684068192,12.228306278667906,0.8343664751807569,7.239361919606865,0.22033655575986105,0.1152541459380535,True,-19.75578150227761,-14.563681161565366
0.1601986286244868,7.98265565540522,0.7483893735099483,10.929123918964041,0.19763202601199775,0.06847661158012447,True,-22.976948197565086,-18.313081984772435
0.18233404670955045,13.56242948147414,0.8863908107552085,10.09020063672448,0.2340749587963524,0.08784669826376734,True,-19.99583970913536,-14.689590993235232
0.11370058104324499,8.319300209401424,0.6168286851335294,18.155351983651826,0.16288994347089775,0.03397503313011828,True,-26.46039299678496,-21.74099214809649
0.2738315943238146,20.44184980205675,0.46253129184484887,17.14243737505838,0.12214363209424829,0.026981652709305796,True,-26.882075816703,-21.171224046386445
0.12898123526627847,8.657389203606753,0.5064138125865018,8.435606536744505,0.13373197338778095,0.06003288683281078,True,-25.319339178510415,-20.54731383246605
0.2588755772694612,14.868724625863779,0.49013621084953274,9.002079071459178,0.1294334417359939,0.05444700129367836,True,-24.599218143142675,-19.19584180468613
0.4563678269267323,34.28190677946089,0.6666614306709536,14.45677953036721,0.17604959914066198,0.046114103716570966,True,-22.33989328501032,-16.213612565956186
0.3519307927209998,25.13830803386483,0.4483776330513762,14.740542746748334,0.11840598380333578,0.030417986688467444,True,-26.25694689444884,-20.368330570175832
0.3144470577365899,22.499368688095686,0.41235070529015183,16.67697223007547,0.10889211979555935,0.024725753548147857,True,-27.624779126227107,-21.829458186711086
0.4573731289230012,46.263585328929544,1.0665811707424657,8.406581168314236,0.2816589934882072,0.1268745461903803,True,-16.06709727084372,-9.740732936896727
0.08676266252301024,4.6853164438503745,0.45008780933429293,13.095809960380347,0.11885760112393637,0.03436884092667613,True,-29.832296978172845,-25.98119367611332
0.4509075704336867,35.14124956710581,0.4688537033975575,9.284136881503436,0.12381323223646205,0.050500516028759074,True,-23.80484346813491,-17.660986719028234
0.3697777285689499,27.87868643782035,0.4066792195636666,9.150600234858032,0.10739441384956692,0.04444290091643109,True,-25.28134872348987,-19.309760030439183
0.37313703971415296,27.799642267754237,0.7907373699933624,11.856371725922305,0.20881513555204098,0.06669303124703195,True,-20.382369591427732,-14.413006852573364
0.2360389545278409,13.558945955706262,0.8146224866935068,12.535933558517971,0.21512263292181727,0.06498299332002948,True,-21.48961653372949,-16.183644656918403
0.37330674252634355,33.53152431569724,0.5040164375505782,8.400883184200516,0.1330988830443972,0.05999564885016834,True,-22.92820181495772,-16.817799931116287
0.32155859258974157,17.516915001049874,0.39859722593627145,13.535117389388772,0.10526014947952782,0.029449114807734343,True,-27.511932859410333,-21.944855434287124
0.42502716392116424,40.285652197922026,0.9072854591323787,10.236877383066926,0.23959274383947948,0.08862912245419118,True,-18.235405153428065,-11.998023450417145
0.2908029634954236,19.891458795110665,0.5419473651756813,15.547510670804865,0.1431155486203735,0.034857500769776006,True,-25.16475692972794,-19.478608945087924
0.431117501778003,34.61777374737199,0.7263583152917239,16.66243090484687,0.1918141418664286,0.043592577784099695,True,-22.135696715473458,-16.002471185977814
0.14830610530450342,9.131756498971654,0.8219033908536606,6.864211091322016,0.21704534841097736,0.11973748766158147,True,-20.432225655621565,-15.591133907022424
0.4107918852926646,24.20749493073418,0.5370796266677357,9.633905290688773,0.14183009340484845,0.05574890041599499,True,-23.222129304131826,-17.3647363908526
0.09014045589169874,6.620364467585054,0.49384022474603145,14.408138017120281,0.13041158466085717,0.0342750898248776,True,-28.14885658458941,-23.74935467957133
0.22065978754058868,12.040397194457036,0.6782405218043097,9.822548091389077,0.1791073646849937,0.06904934600410746,True,-22.476211271599627,-17.30162938681147
0.3589454049225608,25.671383585721482,0.9357830662705477,7.5664842631149485,0.24711829141479588,0.12367475220060886,True,-17.605258646030755,-11.699503522426145
0.10295219325048385,5.32925649366499,0.9278743064173487,9.692178042852042,0.24502977400881037,0.09573434395395303,True,-21.995769331392392,-17.930741159234607
0.46523890082181424,40.40878299311364,0.668105355461129,13.749800503801174,0.17643090570619074,0.048590185383157326,True,-21.94549453687721,-15.706089140846517
0.21274660992503036,10.174201423698179,0.9796423196851116,14.746431830226944,0.25870048835466014,0.06643249912680979,True,-21.118154406884702,-16.141905888434785
0.3687263646191739,21.44311827504796,0.5010757360050436,16.397917390695568,0.13232231295279517,0.03055727895600704,True,-25.937645458570636,-20.18422592138528
0.38298998766341374,34.649395039185585,0.5540588996279329,16.783121969690413,0.14631391991830694,0.03301286260259201,True,-24.515042212377367,-18.38116787972841
0.15830044215361522,7.366136480241507,0.6394294506128952,9.243529361091575,0.16885827390049823,0.06917589868913279,True,-24.017405400670224,-19.464484709986575
0.2632461163448677,16.774735179767145,0.5583697818991716,17.90605865719111,0.14745232250300477,0.031183287879766285,True,-25.746761502185365,-20.221782943031453
0.1999689467342588,13.16883221308662,0.7035739369770527,12.925027133954725,0.1857973236069261,0.05443500657176394,True,-22.933323510753336,-17.659016404143042
0.20308339257675295,14.306635217582715,0.9743017774510982,10.170778965360764,0.2572901767988445,0.09579421406849334,True,-19.09691134072521,-13.733763300510685
0.3740872529423693,25.728254584071987,0.8060313520355913,6.799068623826668,0.21285391638429796,0.1185502598416103,True,-18.63554835694153,-12.727995183746179
0.4013127547772115,29.20113362599716,1.0274326351035996,12.549887138754201,0.2713207862827448,0.08186787847126333,True,-18.2500630178579,-12.242538741033783
0.14631074138935696,7.012497366345573,0.9257376320207634,11.025550538974395,0.2444655285707109,0.08396293942405494,True,-21.534061077958548,-17.050975432192317
0.39136150728582486,32.97764587619272,0.8645416886116497,5.392498558223673,0.22830511968764983,0.1603230263813804,True,-17.28160573046035,-11.183259108480403
0.47455603514127487,31.789254349857814,0.7883090507254038,17.64577087988759,0.20817387356500897,0.04467410667923314,True,-21.75445329276618,-15.682992044008623
0.4656297772037859,44.11452571760482,0.40032359856242244,18.07814893642172,0.10571604387332141,0.02214405910529356,True,-27.368729301119362,-21.072325532637265
0.14216427517651764,9.623791483364297,0.9889267312944672,11.509598913290013,0.26115228302416565,0.0859219108106855,True,-20.251869957336815,-15.344369956206199
0.20521696855611332,13.095951924813207,0.40231376973906574,8.977189722270126,0.10624160125784976,0.0448151127675321,True,-26.552764362609132,-21.284522478022833
0.4032932023355531,32.79997163392019,0.5544019448994886,9.155624104146398,0.14640451010361838,0.06055315711884797,True,-22.38692074752903,-16.292503652865552
0.1661717358673328,10.893285826614349,0.602388874484664,9.971581119756372,0.15907672920733773,0.06041056751683746,True,-23.775205519082135,-18.71677911519334
0.28340078459641843,19.56305444794287,0.5956037915037746,13.638087958612848,0.1572849484263204,0.04367208902825953,True,-23.869478821265485,-18.198545903788585
0.4451255840097308,41.214690261730574,0.4990455605893828,17.347297710848494,0.13178619138993142,0.028767913533719682,True,-25.36063049750573,-19.10819771249612
0.46593409492068905,39.59373124753749,0.7214021943162088,10.735953107208015,0.1905053469206134,0.067194983725466,True,-20.406859244961623,-14.18101909535141
0.18801418442319845,12.03731805672611,0.41351534918146915,5.092082304185607,0.10919967484640679,0.08120751481993257,True,-25.24071453554939,-20.066422978153664
0.23787445618556868,13.268626918126722,1.1301411814610578,15.67800681952694,0.29844369692773653,0.07208449355012833,True,-19.536429318925972,-14.253894914591807
0.1296015978429668,7.134633106756972,0.8920087998324557,5.0989169196846005,0.23555853753590925,0.1749408381981701,True,-19.882331098219076,-15.374567127388252
0.38983266545847883,32.78389390704544,0.7002818712173315,13.520231627786442,0.18492796649298548,0.051795109025952614,True,-21.711979555809968,-15.617919567320214
0.17866593830763566,11.027610670588027,0.9037490424623795,6.50522994478548,0.23865885939903553,0.13892653297933222,True,-19.03915356273974,-13.966235711695933
0.2284479393084684,14.505494033482968,0.9475122530222195,11.110294355613421,0.25021569368059,0.08528237170813514,True,-19.614275605389174,-14.236639415839548
0.46112286179715645,28.81044244803562,0.5842972555146497,8.673766579985775,0.15429915828311147,0.06736372833261187,True,-21.927167479820334,-15.930010541269073
0.2014249544507853,15.559206789595269,0.9865837274597227,15.462520521837725,0.2605335508358093,0.06380484514580725,True,-20.357913419009517,-14.908015226593898
0.25899918637573577,16.632511943265392,1.1119864457815074,5.53783548279445,0.29364945836548345,0.20079802826146567,True,-16.130577910945984,-10.613973877772175
0.24998913622709096,18.5933175335919,0.7444148537634199,15.962501663560921,0.19658244885639606,0.046635224819601084,True,-22.61947639285978,-16.995708573031358
0.14176268497686692,7.823755679046295,0.8787986732695081,13.03294711949566,0.2320700539083748,0.06742900628783609,True,-22.26989517910049,-17.633421632354324
0.1613931933515357,9.351070745492459,0.9443784692770388,8.376508063949942,0.24938813512275151,0.1127413072448852,True,-19.689358913847602,-14.8180487954752
0.1757673824323046,11.657108836887813,1.0589526083257752,11.780485838623717,0.27964446963293293,0.08989040204554839,True,-19.29926630069398,-14.161664960046283
0.1286669604926541,7.838074339765386,0.4262123445937367,11.77406385447511,0.11255265260960336,0.03619925540252111,True,-28.179819210204293,-23.540844726669825
0.3726227365382098,31.784670770913117,0.6800992264359691,7.3314348723165494,0.17959820484803596,0.09276481865835286,True,-20.018415688942195,-13.947060949153038
0.08747987614653811,5.341642090317128,1.1322874681385955,13.204128988403925,0.29901048074308517,0.08575253007093375,True,-21.34162438554219,-17.272848492200232
0.4747845781156353,36.688945425427875,0.42494271782569654,7.846461663835503,0.11221737405097015,0.054157241318627224,True,-24.112911841341337,-17.938923250644198
0.4757049909600107,32.52128762775018,0.7143080139911823,9.330207143840177,0.18863194080321508,0.07655864473092325,True,-20.255348529488764,-14.167157552936038
0.30837905522128817,19.187982482650273,0.567835919052219,9.045128251014258,0.14995210661309988,0.06277809482563675,True,-22.89155250288276,-17.238453866600743
0.26432406765117034,21.609278375019105,0.7667728371981208,11.444017988784386,0.20248666625999057,0.06700206500458056,True,-20.879571108992234,-15.11936455154219
0.46339709561192116,30.590873549870743,0.8960885163254647,17.988662235579252,0.236635894677268,0.04981407202994324,True,-20.76584415416431,-14.72301212844944
0.14016244785700138,7.064447324972511,1.015681821044408,15.240451499986833,0.26821767275386543,0.06664381439390334,True,-21.90223088925371,-17.408573771353716
0.1395548891286162,8.15230767759353,0.986270349612759,13.890343233764805,0.26045079511934016,0.07100403013910568,True,-21.392961457378448,-16.70069799902118
0.4185482875054647,29.778068116815206,1.0852347061606582,16.846668307489367,0.2865849533260575,0.06441835776384376,True,-18.875271198470042,-12.852799593424276
0.3536468771364852,20.963081723167686,0.5817149030194612,5.221118713834429,0.15361721974474382,0.11141575874880756,True,-21.299156745220948,-15.565779079774382
0.29440590137164957,17.982863208467304,1.0557350334855466,9.454157369617658,0.27879478381826506,0.11166886610945448,True,-17.750810842386556,-12.158593670268
0.0807047712313063,6.568860804324952,0.5965786379692841,11.542982221956215,0.15754238244242047,0.051683232850737296,True,-25.7131623248169,-21.32516562249588
0.12916776652695983,9.732501827641553,1.032657623331148,9.704391494098623,0.27270058274411924,0.1064113730324175,True,-19.268601046410744,-14.347082358602828
0.46554125744841124,36.796673184839584,0.8490822538799434,6.5418744350418105,0.224222646692746,0.12979189104147285,True,-17.65119026245683,-11.475173166989833
0.4475752881350974,38.92851231762728,1.0455929328868576,12.63216943396068,0.2761164936657262,0.08277223784505741,True,-17.780182417289176,-11.565718321069728
0.09202951443054677,5.479685671015506,0.7976935269892069,17.672005935745297,0.21065209295550955,0.04513882181171671,True,-25.41896169488102,-21.309241293267917
0.45517360413695196,28.836452891659075,0.5735356358974232,12.35311707206482,0.15145726773334584,0.04642841418498408,True,-23.2723772352955,-17.274523770280354
0.4074564723312125,25.09832230935257,0.4422828681056262,5.3809097327687585,0.1167964997741248,0.08219481278643354,True,-23.453854801527463,-17.56654523268925
0.17614748493768884,11.091513985563935,0.7518724688351479,10.449500877871458,0.1985518295397839,0.07195295522940831,True,-21.965749458859605,-16.88602606356093
0.07234147954901268,5.248733403485336,0.9888271060259216,16.46109226983809,0.2611259743346498,0.060070564566226545,True,-23.429787215871123,-19.389432367390054
0.4468265329503363,42.86422319869815,0.8426480527032323,6.58179706980429,0.22252352554093383,0.12802704850459456,True,-17.56433399156872,-11.286357553578036
0.3989311809642617,36.911697731485155,0.5488847240287995,9.124632732851179,0.14494754187661635,0.06015417169095081,True,-22.32536428375408,-16.147190787574026
0.31890599766724004,19.720627300432763,0.4115120063247039,13.454841505512242,0.10867063913105145,0.030584678842639195,True,-27.017375485639995,-21.339096562747915
0.3250452375177809,17.47722559401476,0.6065995827106649,5.574414391567149,0.16018867818350643,0.10881853053987435,True,-21.318550673968293,-15.753659152357265
0.3223972382583645,21.659150268956026,0.8315713979766213,8.515379349434873,0.21959844163068454,0.09765523811124267,True,-19.206068379049725,-13.443839426694344
0.43468845948615215,34.60182830340387,0.4285194927260614,15.010373979374096,0.11316191615053614,0.028548222270470696,True,-26.31206023702095,-20.17916220128135
0.1555248445929579,7.6307752300074885,0.5158166306911384,5.619266122450922,0.13621503642691285,0.09179430542188981,True,-24.571603211638582,-19.969488578234703
0.07802103184596904,4.386306198549446,1.0257067698096412,6.2322932449359,0.2708650258634472,0.16457934976713226,True,-20.72159375077777,-16.984760857380873
0.32428348693917336,25.09370052409576,0.7931097598216117,11.969064201221325,0.20944162788991078,0.06626330567603461,True,-20.529090108707994,-14.641931776495635
0.4306435506063344,36.953018219557904,0.6715439186935717,17.19401311429296,0.17733894935599676,0.039056845788685235,True,-22.866508503207243,-16.687562740925458
0.09345015448154312,7.510679843269397,1.1152160969374125,13.59167315878561,0.2945023332509992,0.08205142103616145,True,-20.473111994043588,-15.893014291165983
0.1470753661276099,10.567758152262718,0.5766797302247761,7.901039673905984,0.15228754907335654,0.07298782869415549,True,-23.515248875200662,-18.493030013216284
0.4138364177699807,33.71872099711179,0.7195487097963988,12.120740649365736,0.19001588526629576,0.059365077647631374,True,-21.039767305866263,-14.925356190617961
0.23992842533071734,14.543146674254414,0.5664120546698229,8.939036088882148,0.1495760975292997,0.0633638849913911,True,-23.36305254906271,-17.98270525242305
0.29451437405506775,20.8290901721618,0.8247332023511067,7.81282456222854,0.21779263504981536,0.1055614644591301,True,-19.093092292884094,-13.36542751248179
0.1298902069224453,9.326179940297678,0.7829960196259189,8.935802234415666,0.20677082705256142,0.08762459140045203,True,-21.51691354409831,-16.64898170626322
0.20659115814913798,11.962434694616409,0.7604710148749019,12.183647126456542,0.20082250324887743,0.06241735393202209,True,-22.240687290072593,-17.07348936445108
0.40498355894984467,26.25769430728597,0.40913359693632895,5.89265825953049,0.10804255716897604,0.06943107489300211,True,-24.208502733644007,-18.28448211575975
0.3278077088086614,19.693894075931883,0.526043827268293,14.857664321109318,0.13891579842529145,0.035405553383037865,True,-25.263641138452293,-19.586602536792803
0.44664826239426836,29.320482414025204,0.8728202920536411,7.632847186876735,0.23049130408403862,0.11435055238028262,True,-18.056922278786512,-12.046270964686814
0.18334532849712964,12.469346234704869,0.7226356873919404,6.593528555167826,0.19083108342123378,0.10959771863360754,True,-20.745276173780496,-15.531261854119101
0.3800052993324337,31.486359951536105,0.9986126752018094,12.018481331170808,0.26371011292662505,0.08308975549280379,True,-18.245256418791783,-12.180881819923242
0.14913556719898202,7.85528098370998,1.0057422071524602,5.9438420245740415,0.2655928545766248,0.169207425600201,True,-18.783044518863438,-14.141073316764308
0.4026866623652052,33.591236706752554,1.1156638929170286,15.714093173645882,0.294620585633815,0.07099766309061406,True,-18.21357125349831,-12.101886975431743
0.47313679827708066,37.6822948447179,0.5450257738737271,15.878212143148119,0.14392848393108537,0.03432538682315821,True,-24.343908319186514,-18.151535843635724
0.36059293024292105,32.61005203638967,1.0845738785932517,14.170525966747872,0.2864104443129503,0.07653730575267849,True,-18.09616262345757,-12.005980173566789
0.31516570366396235,17.106310559786724,0.7757401111244001,16.74743778842542,0.20485471232876812,0.04631992791521422,True,-22.590877949865483,-17.046766351075092
0.48211802595111847,42.48265873856069,0.4377385717529938,5.030271152844365,0.11559645802211865,0.08702086993968003,True,-22.826144010194195,-16.55394770217206
0.3121470832194768,23.432912428116534,1.0217191741237692,10.013905840343515,0.26981199565990555,0.10203003607318924,True,-17.809320938817876,-11.979264786783283
0.12316549072506644,7.314417345075898,0.8690644234102336,5.922798062146105,0.22949946754051548,0.14673207060099075,True,-20.24941233019584,-15.706402074316872
0.11714615688013169,6.064628695037148,0.7934526399638034,13.606734951611232,0.20953217446844227,0.05831322817601054,True,-24.097401861257968,-19.829315308750036
0.325878802332703,26.186513128480165,0.9975892298441887,8.109182393311748,0.26343984508651597,0.12301970549669416,True,-17.211498625826962,-11.289663923287483
0.45978500094927116,30.24404144363638,0.721602049118172,8.381046524657148,0.1905581238717812,0.08609927733907806,True,-19.930567569314658,-13.896326488639723
0.3399343524711483,21.35699379460375,0.3961531461844644,9.431248621107999,0.10461472551951204,0.04200431587582554,True,-25.981833225584083,-20.231961508725647
0.3967075785390638,31.37625745122418,0.9968449722962303,5.226139691820363,0.2632433041784217,0.19074212154268122,True,-16.065395364361855,-10.003621320336878
0.47841108414622163,35.63236805280362,0.9234980194388376,7.754227157084463,0.2438740995797138,0.11909607504793121,True,-17.372085748660744,-11.218461904853914
0.21673022962617539,14.888974855559566,0.5230426110002186,13.988222006640283,0.1381232478192107,0.03739164353782257,True,-25.56648981696536,-20.161705102546815
0.44657015137134337,34.71935361624162,0.9110946281485686,17.97944253196568,0.2405986557574441,0.05067424234810016,True,-20.466475432182992,-14.331168744766149
0.316184298365794,24.95677311578333,0.8926632151653271,12.064378477447711,0.23573135322873784,0.07399164547382263,True,-19.538228497247786,-13.655569139343907
0.23236040711002054,14.547083891567345,0.6387721359884979,14.460811882030544,0.16868469257298996,0.044172632989040964,True,-24.000598966182576,-18.619968760572604
0.36914646574171067,23.604754203222562,0.5079612803590906,12.26297877065586,0.13414062321888515,0.041422340351317706,True,-24.57354038308769,-18.737307807249067
0.42693546710063635,29.002242436483346,0.5280108929127858,16.927740858422027,0.1394352541823881,0.031192047263063197,True,-25.185635043004876,-19.18336323755293
0.3185695341489746,24.92373824117249,0.593073466314356,15.42585252128302,0.156616749075348,0.03844672218252402,True,-24.015205045568152,-18.133636451307314
0.16280350878707342,10.907180968603518,0.48385472630868326,9.440678875174722,0.12777464945471276,0.051252111496031406,True,-25.498134722421327,-20.438197399948884
0.3256741827161513,21.20323039948197,0.7472657220008281,5.042134585396428,0.19733529608485118,0.14820423956257323,True,-19.067553952185122,-13.324068023363473
0.44219083586726543,41.3428250318969,0.40255359614913966,11.409387458417918,0.10630493377029818,0.03528266505246371,True,-25.639136071201932,-19.384666115783983
0.43686887405724195,38.9710652594411,0.5547150641424452,10.797598068077491,0.14648719752885353,0.05137393155820738,True,-22.726021400482516,-16.510821157162333
0.3970755707069796,33.06951330290469,1.134082643728259,11.957280279510801,0.29948454438079897,0.09484453129960894,True,-17.06229828988016,-10.961931910534942
0.19067198649501452,12.651611457118275,0.7466099542289928,17.87328770059637,0.19716212324471136,0.041772390549282154,True,-23.751748362776468,-18.521563404950555
0.08833903033822633,6.301066149312267,0.9396529856561442,13.85454686153088,0.24814024607603258,0.06782271517412268,True,-22.5703421621419,-18.244318574809693
0.16211203115040684,7.987395860538646,0.8608519407308519,9.792304292630085,0.22733074408189322,0.08791106924431964,True,-21.389773999465955,-16.725102637621596
0.34330620910567716,31.16319529922058,0.9729055348123811,12.46081303009297,0.2569214619676867,0.07807721153208912,True,-18.615699274623633,-12.558995408191114
0.4565961414925719,43.20793821047005,0.42629927041257126,18.159762821193357,0.1125756076732335,0.02347493602257066,True,-26.862192589553583,-20.579073119697945
0.1565468352941058,8.221940573382799,0.40501157053628273,16.670062668968587,0.10695402697660387,0.024295743728079317,True,-29.806422971386574,-25.102747777937676
0.33301355992410936,26.427827189304207,0.5987442265746368,5.778335405809568,0.15811426344278406,0.1036188079308543,True,-20.85896820046075,-14.929757511444556
0.45774542926646083,38.47785989025018,0.759276010866018,17.750109408294854,0.20050693080527024,0.04277584962440843,True,-21.88156553822063,-15.674969996489141
0.33805110061503035,18.54363639154401,0.5385666931199158,7.09785016831311,0.14222279266830867,0.07587743899191277,True,-22.732675643232977,-17.11141942896322
0.16078393036254063,10.330465546835688,0.4516925993874677,15.43348613492884,0.11928138842070857,0.029267049287406532,True,-27.98284588846643,-22.98804416648445
0.1977898675287263,14.168904012799862,0.9684097624609505,13.093379079245409,0.25573423426276237,0.0739617906576918,True,-20.062102476527496,-14.70915987734057
0.35946773626557216,24.791094387632597,1.0676763416267485,6.538589086259771,0.28194820235240453,0.16328849045895388,True,-16.15878536746712,-10.281617623300587
0.30624616843671465,16.141014060312752,0.764007604588267,14.40468849229848,0.2017564333860031,0.053038814757899594,True,-22.239236652697357,-16.752386215532034
0.18990778745062026,10.117500239197806,0.48356216047952494,13.797019008109283,0.1276973897024968,0.035048307188336,True,-27.010132112863843,-22.04071704897143
0.42405558618119754,34.379931026374024,0.536721712138059,8.76516755668452,0.14173557659829975,0.061233479983932824,True,-22.47860725212162,-16.350289486052056
0.11157736280874281,7.0558993891900155,0.8788812012020139,12.253122925917353,0.23209184759369555,0.07172711858974636,True,-22.34198401016281,-17.850058676857937
0.1951021926837942,12.070297708599735,0.8532964437193298,6.070176267881056,0.2253355150810971,0.14057193828692455,True,-19.20292580058836,-14.025530171910727
0.09362559107910276,5.646596905036625,1.0245672564235275,6.926735523891676,0.27056410718777274,0.14791488037757372,True,-19.974585224822153,-15.817288824833737
0.3422561012461333,23.057412009410605,0.9580638393575156,16.646389468027376,0.2530021193821,0.05755385221508023,True,-20.2589644543125,-14.442635391740184
0.1086524630925156,5.559690150655408,1.0655474241362777,11.53246379082904,0.28138600533071134,0.09239547103400687,True,-21.23175526483474,-17.098975244532923
0.1299556683557585,9.418251089744684,1.00519201450104,12.558444506240072,0.26544756164189603,0.08004112404219947,True,-20.47762211318509,-15.59725797907596
0.37725557739502547,32.481960978696016,0.6812415901747737,9.258421443106403,0.17989987623479514,0.07358074963005813,True,-20.64414235222039,-14.556836211016437
0.16232193051819885,11.83515297014059,1.0491321722077287,9.64155519168528,0.2770511235018563,0.10881358363352867,True,-18.663578993355394,-13.508585786281309
0.25174423567903226,14.179816813700816,0.7495003539867792,8.317291502548622,0.19792540981763104,0.09011351276519693,True,-20.76378408743495,-15.410027690150908
0.15886863419000716,10.688504970926596,1.081780239496375,14.941360102442218,0.28567270995406613,0.07240172461404998,True,-20.192752403490818,-15.156918810707701
0.14697172705852907,8.100906262210467,0.4774043424524899,11.084219313788044,0.12607125483798304,0.043070633026778,True,-26.890309495923653,-22.206559869366277
0.25744718545234296,20.657690753286424,0.5167956993142311,12.006778344777693,0.13647358541549495,0.0430419954857424,True,-24.546878340228947,-18.826599173581805
0.27210258048945096,16.034816960223637,0.42447751232096603,11.069846828201946,0.11209452422216963,0.038345382633439125,True,-26.391080138559552,-20.91083029754926
0.40224323271696055,30.70056479226602,0.8992714880933355,11.177118287415423,0.2374764426346408,0.080456470529246,True,-18.928932257262943,-12.88341254113048
0.43732906224556856,31.03714371128849,0.5996786565965447,13.827907061285297,0.1583610244270161,0.043367275607130454,True,-23.21074267745661,-17.157062152305024
0.45062456561075737,42.77414030771789,1.0608275583204572,8.610931278647996,0.28013959981414105,0.12319545052588295,True,-16.265222491035697,-9.988603905203236
0.24473312890375987,19.79441420966761,0.8586459116909733,15.624474830704067,0.22674818371422292,0.05495518543788913,True,-21.194608994738836,-15.512919185732539
0.26647438328730005,22.029354073712053,0.8934023937149314,8.26598413176223,0.2359265528928616,0.1080817939490124,True,-18.471028642884384,-12.693994653230822
0.4343905817997469,39.626843726261,0.7966510356999583,17.425534384503855,0.21037679553295557,0.04571745222392736,True,-21.3583170136913,-15.13191786663339
0.14860360196353375,10.507028387927456,1.1036388541737958,11.480002555560723,0.2914450558176286,0.09613576729033142,True,-19.080844121627855,-14.065557431557142
0.40119200065619653,31.2715921144334,0.6789365413770891,15.543556607654343,0.17929116707874931,0.043679613264492524,True,-22.571903448141132,-16.512613834932715
0.1500553650480193,10.76278460623862,0.7791304922100104,9.3204607878624,0.20575003220718838,0.0835935593682917,True,-21.34977803438894,-16.305678180646698
0.16987503907554435,12.048662569459506,1.1277914480901416,8.069884661041987,0.2978231876272046,0.13975310620418716,True,-17.45810020732182,-12.282739519189747
0.1238154192519518,6.867952257356257,0.8777618246413916,11.665865355177134,0.2317962465798696,0.07524189572888,True,-22.25822003130372,-17.805148028674324
0.46786925107811417,40.9216870188611,0.5784233435281146,9.055426591849058,0.1527479963243699,0.0638758801323356,True,-21.732951353899963,-15.485211736994678
0.145075307481209,7.143706222431352,0.5306421119458622,10.861912091427032,0.14013009722371747,0.04885347142191304,True,-26.26046303360948,-21.75088993210356
0.34967387459348465,29.286273984152025,0.7644326765178713,5.494688263123964,0.20186868488184478,0.13912211938357694,True,-18.52392014175181,-12.514163228857402
0.41644914665430116,37.58802910181377,0.9908618325828606,17.761097349952685,0.2616632977468494,0.05578832281922605,True,-19.59780976569952,-13.407151487876291
0.3890533291140467,30.932291299296672,1.020891040398403,6.9773730903395865,0.26959330502673234,0.14631452656757912,True,-16.402400854420833,-10.351248805597189
0.24143960811856058,14.408474671335544,0.7405183031308795,16.681551178259937,0.195553461509401,0.04439145348161342,True,-23.29064221466019,-17.920038593448172
0.313599449865841,22.505722329654823,0.4016421595808232,17.037595800968028,0.1060642448161873,0.02357387534443111,True,-27.93756138844,-22.141997033291286
0.20687197084763498,11.42852478530651,0.8684911644297384,8.600651232558365,0.22934808333096496,0.10097969804216739,True,-20.025822546400995,-14.911117099701563
0.29748776155416345,25.376680785809853,0.8425816499221559,14.269714702850326,0.22250599012872532,0.05904684623819796,True,-20.640258248953046,-14.743913690142685
0.3222844585289638,17.292683163438607,0.5251504838466566,5.195466801002343,0.1386798874455371,0.1010785948522164,True,-22.49485833591164,-16.940225254021296
0.3813954899359636,33.71416307822481,0.8286468354196062,11.830941271643951,0.21882613346624472,0.07004065157568505,True,-19.726633884962794,-13.612320003725182
0.29048045163213027,22.09275095353521,0.7927060668092203,7.050579415676452,0.20933502206311821,0.11243133650075562,True,-19.08397042554531,-13.304437101224005
0.42996009936884627,37.03789567422664,1.0310888334503803,11.482621773119554,0.27228630224589523,0.08979559318622911,True,-17.612853804861558,-11.432325639606848
0.0788748222700812,6.442238529950759,0.4327714897942086,13.495803864837013,0.11428476853850346,0.03206711464752271,True,-29.134231585205445,-24.7750779848555
0.10222161750397572,6.905674603878273,0.5093421361993411,11.607697724434662,0.13450527475857668,0.043879686419397004,True,-26.951046706872045,-22.490055296934507
0.2201394660742873,14.71942544986185,0.6590275863184649,14.080345926141728,0.17403368045041276,0.04680478659937658,True,-23.605574893758032,-18.212667947476145
0.36513233922023425,32.968143399267525,0.47901549059521387,9.172041528773304,0.12649672115661692,0.05222561292298016,True,-23.655866970093822,-17.557729731325274
0.4670600503500307,34.614759269372826,0.8628078258429801,15.850476526729663,0.22784724732343942,0.054434188422535605,True,-20.444285564024565,-14.311121930266955
0.23979072112831284,18.987847294492497,0.8879912759840032,8.138222696065366,0.23449760400875697,0.10911366144027068,True,-18.711336613808427,-13.067961284798953
0.4259155160792933,40.79281844265887,0.7356531701841749,9.818264214981959,0.194268694361298,0.07492700889650346,True,-19.90527260817394,-13.659612644086023
0.16720150757975372,8.209422145159378,0.5968017914757835,5.21027861526274,0.15760131203330216,0.11454316276437519,True,-22.998941144509708,-18.29730729768388
0.42773212555548085,27.23784434040979,0.5212341637417822,7.8191282039111485,0.13764567944601963,0.0666614167396641,True,-22.695813207189943,-16.742539602847152
0.45877443933328144,28.366044507646055,0.9587181993212677,12.142633633374269,0.25317492045324685,0.07895471676640328,True,-18.768709823685562,-12.783595814870715
0.24661397992429512,19.907596704063405,0.8516730633402123,10.960695972279868,0.22490681851662234,0.07770246209676235,True,-19.943467738294572,-14.256581429024537
0.3271844383136445,19.897987714021014,0.5473315071511043,15.029718410904124,0.14453737384211413,0.036416617543147914,True,-24.947071545092395,-19.260624752175282
0.3331161971650337,28.787035746001667,0.9933615911661499,7.487787941680253,0.2623234251762907,0.1326642259240104,True,-16.906509064929352,-10.909979707176674
0.16260550537910806,10.960800316437298,1.0760875043981093,6.490618608111825,0.2841693925489254,0.16579120872288505,True,-17.532042131241848,-12.466300177119642
0.369428211611135,24.41125055092418,1.1190589203929027,11.382276087543339,0.29551713251458717,0.09831591781696376,True,-17.398325061624483,-11.53395042103573
0.28789226359862835,23.496379644617466,0.8715562036069046,10.805295747841857,0.2301574880657603,0.08066009704370937,True,-19.442842508683952,-13.610497583562777
0.38999397538576414,33.746168673350226,0.7963246976496329,15.595344396062433,0.21029061733169632,0.05106169363279285,True,-21.10740489454863,-14.992408641506426
0.33634151030007137,20.256151277746444,0.6312660146498873,7.952820972897216,0.16670250252573673,0.07937636428648498,True,-21.50732451077891,-15.804699292185651
0.1583647922486506,9.807129265232444,1.0797160361337332,12.950223597688318,0.28512760241098817,0.08337431612582102,True,-19.870618277465763,-14.939605305595848
0.14095992316702094,6.813980460217634,0.4765688747808788,12.555354498021003,0.12585062748215403,0.03795742086422142,True,-27.85298714431404,-23.411354889151085
0.10760239934048843,6.18091764724011,0.879657415386864,12.406305793404513,0.23229682749774164,0.07090405718151092,True,-22.796238841562566,-18.49926003905686
0.4235547614850167,37.926668015497704,0.4671406509941584,9.372299980591256,0.12336085540010924,0.0498426909042116,True,-23.779744779320282,-17.58295731138001
0.34017401547360054,22.961832463620535,0.5081161541044482,6.309438998919433,0.13418152173128323,0.08053269937176177,True,-22.64398459171424,-16.831201287868065
0.18731524124503704,13.989831869664792,0.9150878381969209,5.487819562192115,0.2416531685820264,0.16674889322188066,True,-18.129747720247188,-12.790289061749288
0.17264981808991553,10.097327608353101,1.0486434173826487,6.282430070640024,0.2769220548516018,0.1669168467601929,True,-17.87891123632714,-12.911940573163434
0.3518059430152604,31.24907471399661,0.5019643934845148,9.51777488909747,0.13255698648547096,0.05273967910919082,True,-23.4317744296696,-17.373020886296214
0.39607130943201185,29.671425629105528,0.9476104049582995,6.356200563326521,0.25024161329766514,0.14908440907697965,True,-16.895718708476753,-10.875978251386929
0.4600861273651714,35.150954283184504,1.0104336000355993,5.761918398837753,0.26683174106156327,0.17536409405579498,True,-15.95106423253523,-9.807012564621369
0.20569756310278675,14.267833963740427,0.8670292057699691,12.726521022699217,0.2289620144447635,0.06812774710571119,True,-20.904132333463803,-15.543845005959728
0.07179665495243759,4.225992678424114,0.5042130644355176,6.211846226389108,0.13315080757862294,0.08116959854761444,True,-27.046503742627465,-23.37565324826379
0.37186135282265126,30.15404602185653,0.640348486141064,9.051439191750479,0.1691009695611236,0.07074548837765826,True,-21.203169288490567,-15.171180739551728
0.16606264616713223,8.0609899303152,0.5564077466068811,8.581187984401419,0.14693419514357445,0.06484040993138707,True,-24.743210440621603,-20.066125875016276
0.14329164532721572,10.251074131144756,0.6755562800849253,14.77768012446359,0.17839851959968753,0.04571463683034938,True,-24.336701215110097,-19.351274941735962
0.19328252780583804,13.437995419167056,0.6935272483684489,17.491537324183508,0.18314422951618853,0.03964930214622072,True,-24.184039933742973,-18.887743952166275
0.10422979995403198,6.829623362546018,0.6373191225166527,11.512473344329344,0.16830098590046372,0.055359009611134054,True,-25.008754503241356,-20.563793294226393
0.44676803434816287,30.574382714005864,1.083362884982956,18.114600793604264,0.2860906493918013,0.05980605906399327,True,-19.145999349588543,-13.103572595918674
0.21176486327505112,10.977278795753357,1.090840629721829,12.02390953990432,0.28806534584668675,0.09072262445934114,True,-19.24768957583719,-14.180171899301556
0.22234682971979747,16.263790519464347,0.5143489464777627,5.245979277531891,0.13582745555671039,0.09804631685845158,True,-22.79414974248097,-17.29974571444702
0.16511413182012494,8.370635783705488,0.821653986637843,6.495391657821626,0.21697948662537128,0.12649798963984302,True,-20.53849879710791,-15.810911885443122
0.47073198186318377,46.69660225060448,0.8264812617812702,16.44850495042014,0.2182542564183181,0.05024658862750682,True,-20.639309851633172,-14.30715322415574
0.26933626427199103,19.62692972050841,0.4577016232382751,14.073262780847374,0.12086823024399605,0.03252277956901166,True,-26.27047692740813,-20.596555909799115
0.3904100549411457,37.172277358680844,1.1333599014029052,15.203167882274233,0.29929368513680094,0.0745476146931403,True,-17.831157893992316,-11.648135143436775
0.1602563535768522,7.796756189561752,0.4164819694595399,11.179753054719928,0.10998308946547554,0.03725323514938528,True,-28.21201547593606,-23.58027561388948
0.13831912106495997,6.435557334108954,1.0397177258327153,17.53142590712325,0.2745649897100989,0.059305941874942654,True,-22.538793067880153,-18.181183890866173
0.3536738540356497,27.312657622524025,0.7294613309545165,5.7928521932019965,0.19263357529759623,0.12592438174247755,True,-19.10371407820476,-13.148270304555469
0.41941723802294983,26.353833192636447,0.46198413625876605,9.375157951158732,0.12199914117702138,0.049277477634567926,True,-24.32525886748894,-18.398299479235153
0.19696298675356533,9.629780092393242,0.5292157592043331,11.091576376451727,0.13975343102281446,0.04771330433498154,True,-25.55098932279448,-20.642711165535026
0.2832163887830438,15.58703856188451,0.8439268947910072,5.88353513906839,0.22286123764869806,0.14343874470759707,True,-18.73963865806434,-13.287927724251103
0.3579715888303148,21.39965784684274,0.43948469778811505,6.904535854617268,0.11605756882647819,0.06365159180022485,True,-24.205770630536982,-18.45413882980133
0.38511950458066013,25.68274940587219,0.43594509729737674,12.391070907525538,0.11512284361388353,0.0351821969667377,True,-25.82052592683976,-19.914410997719298
0.39753527994705506,37.43298255708199,0.5800987760640669,10.833177718449523,0.1531904386388214,0.05354834852160926,True,-22.393424088492395,-16.205598920954547
0.2049806524761753,11.205041104203884,0.5573354067503733,11.290280274693174,0.14717916836219339,0.049364178141761805,True,-24.81057772651191,-19.7189016444035
0.3981628759237662,26.543558935155986,0.6221478470139554,11.934082272981204,0.16429460897835152,0.05213202262083444,True,-22.55028465359831,-16.6175710060663
0.22977171519915085,16.173520620220835,0.9820363629972154,14.620166249946205,0.25933269886816934,0.067169986045872,True,-20.11187643496864,-14.62301806146866
0.13444057527789832,7.7116663537752475,0.5117548931401055,17.004005753542778,0.13514242710113522,0.030096137378304612,True,-28.030167598339453,-23.413500995889812
0.3552874012383348,32.24025825189165,0.6695526264187496,17.65786244160683,0.17681309591581573,0.03791810184459799,True,-23.15822864917848,-17.07639506339881
0.11035246740485218,6.042240659026292,0.7482398396437724,7.4046744515490595,0.19759253763605897,0.10104966052724175,True,-22.635575279654073,-18.373142269060097
0.3385612880996444,25.100931239843177,0.5359558754299345,11.441046932495102,0.14153333714170357,0.04684500278621368,True,-23.771865605963107,-17.884470684037403
0.11200912623177724,5.51571637207119,0.4294461235818404,7.387435184502531,0.11340661755848633,0.0581319649995358,True,-27.768649733552117,-23.648484932644326
0.24303943539541495,19.400440349527248,1.074803214562686,9.589098633278558,0.28383024181917776,0.11208594839483946,True,-17.516075170986817,-11.852813307436314
0.3906637078321688,33.61224014213316,1.0297115575701579,8.263497860002758,0.27192259608942054,0.12460964775633332,True,-16.672181700235654,-10.560047134748382
0.4435989036331166,44.734088513021916,1.1307787807904883,13.087998667802513,0.29861207190969047,0.08639814302337082,True,-17.083491405052797,-10.778235547409274
0.14629792243585232,9.159293265948769,1.105548332881098,14.193933775080492,0.29194930421947457,0.07788879040862148,True,-20.17820422541323,-15.333261480137798
0.18779613686035868,10.647155758003596,0.5631513721913756,17.48699675451352,0.1487150280015817,0.03220400736027026,True,-26.48902905495615,-21.4578328260323
0.42327700765224074,39.006272783888456,0.9687101552041796,15.098792395000538,0.25581356091883883,0.06415812138227264,True,-19.114422010704608,-12.898613575519038
0.4586854355176437,37.21563934426287,0.9023063303573211,16.554232353400955,0.23827787307511503,0.05450608104893178,True,-20.14286414463839,-13.959039241079319
0.45698486950136796,29.20434196132817,0.9464928688120207,17.36257746099472,0.2499464982939674,0.054513384947501624,True,-20.20789757891094,-14.200288998939063
0.20533383330898325,10.598412005776789,0.8178633165128921,8.100781710951672,0.21597845982935518,0.10096103631668041,True,-20.54325638452231,-15.517560108802089
0.417249933142926,32.80981250070822,0.9151642154267279,8.342881428743116,0.24167333801147348,0.10969402157314379,True,-17.753024549979276,-11.658389002777497
0.4037678822047947,26.82987414579089,0.9352624505118595,5.437022093498593,0.2469808090415751,0.17201740850569924,True,-16.872056505741917,-10.93077089693363
0.35123746469437755,30.699078750518545,0.8115091409916635,7.372813281474718,0.2143004715703736,0.11006777331940579,True,-18.541272718828832,-12.495789321115684
0.1222616907712483,6.177239904760716,0.952223133651466,16.022021872546922,0.2514597264207827,0.05943214540750699,True,-23.079742129269484,-18.783665122649257
0.1347666234305477,6.334387226427934,0.4634875911329637,16.3772390906512,0.1223961682371622,0.028300715924550517,True,-29.337681675532853,-25.003743152959128
0.15363224224732075,8.38768758502984,0.6977576782375825,17.616175471893538,0.18426138651431287,0.039608919617703006,True,-25.24711207884725,-20.516821948990163
0.18460304034801717,10.097867570950937,0.7304961758727745,11.490175377355012,0.19290685349346953,0.06357572028991358,True,-22.76111549785093,-17.794079314020635
0.4843546990007685,36.07541961601402,0.7743902834709868,6.360749763417272,0.20449825460321286,0.1217451263253203,True,-18.41471201231601,-12.252443253564785
0.27153269843266364,19.7457447300974,0.7128117585941608,14.578453826737139,0.18823681495561267,0.04889488055906529,True,-22.547522698840922,-16.868080629467478
0.29561860573186155,24.733051858032482,0.7562613098183495,7.698456992440441,0.19971081918615827,0.09823543997985129,True,-19.552979333613255,-13.677748047221332
0.4429424289191589,29.709126874731123,0.5845086234781127,11.810117339308855,0.15435497558935848,0.04949219441983283,True,-22.90723492521005,-16.886527303889
0.3249989889912608,18.552967801149272,0.7282319112201969,15.616115123014117,0.1923089144706083,0.04663335954452406,True,-22.728299483387403,-17.106570784932075
0.4366533237568988,37.16429881720545,0.9148236391283069,9.47681875878467,0.24158339982387877,0.09653277776155614,True,-18.000011154114947,-11.817136146627572
0.09525280358278149,7.161627927524958,0.49689003909526247,10.183033023209894,0.131216968876793,0.04879587819883479,True,-26.604744990446044,-22.091608046012077
0.22084120181774453,13.192016358780037,1.095142498854635,14.48422951245038,0.28920136827357873,0.07560930306394761,True,-19.515353090965185,-14.23912666120441
0.41524627560842664,34.656844622697506,0.931719416274374,5.848949559759756,0.2460451770572511,0.1592968800217597,True,-16.69712745954621,-10.56310040202921
0.272681277551638,19.03099759973887,0.9173309602998473,12.039257931982263,0.24224552435495045,0.07619497526196857,True,-19.702768672050603,-14.057284480417177
0.21757027486574282,11.015577186865205,1.0368316583652564,6.157678116561276,0.2738028471931279,0.16838029509477995,True,-17.737336550072577,-12.665706567241898
0.12277314008574935,8.873282535650851,0.5136530762706704,16.90299255032761,0.13564369260691855,0.03038829217615166,True,-27.596003635746467,-22.79188921607303
0.2563278733076176,19.657160440827152,0.40609892202450976,8.180687842580177,0.10724117092227163,0.04964117074737651,True,-25.46581812850253,-19.790487796474274
0.40305247351458917,28.27538420905184,1.1093166366175926,17.942678669800685,0.2929444245785187,0.06182558674946807,True,-19.002087506413687,-13.01946394290889
0.40491179899222923,29.716427954575728,1.0777257861919112,15.350572824340347,0.2846020242264292,0.0702075289648498,True,-18.57370107893759,-12.552806365828033
0.21887470451919516,14.778120009215709,0.4338883496204922,7.304685391677667,0.1145797049420024,0.059398636129466637,True,-25.080941231923106,-19.683900270658164
0.09898431408110749,7.49197771851611,0.99365119995502,6.119254245769114,0.26239990404373753,0.1623810941736954,True,-19.07568455294293,-14.499060874517731
0.3854997469964711,27.665224973692244,0.5299519498471131,14.11805665028268,0.1399478416510431,0.03753717405833629,True,-24.510324619501695,-18.544768314001892
0.10705826874402413,5.248931670528181,0.6243839522879371,8.952012364361932,0.16488511177183787,0.06974788761168572,True,-25.241992184910494,-21.20157591959556
0.1459565970600084,8.402039937549068,0.6327630227175286,15.035737663630671,0.16709782713594154,0.04208393607771524,True,-25.469652725919815,-20.737093414604434
0.3502734514152679,30.98393917643755,0.9535484815622265,12.026480858075118,0.25180971962224397,0.07928740691604487,True,-18.668635898292553,-12.61623682999699
0.3015087819509001,18.04397275578395,0.6201656754011755,16.81089454043433,0.16377116409043188,0.03689070048649254,True,-24.45920579717975,-18.863761124570015
0.26260971386525206,20.079773716188367,1.0835071756546633,15.853859347687266,0.28612875316343883,0.06834343309679504,True,-19.20845916763247,-13.51374897648055
0.3253046115451587,23.40848611770672,0.7349184099718039,12.288997401025945,0.19407466147608637,0.059802959182858106,True,-21.385132152933725,-15.555959258628707
0.41487456993319544,33.41790481584136,0.5585873826346142,14.15135182270834,0.14750978573769172,0.039472369115879244,True,-23.824996338688056,-17.717043744161302
0.1424673309461581,6.89747020568251,0.6674066800231511,7.626667742375814,0.17624640196092134,0.08750960479304223,True,-23.282150044629006,-18.82287578254698
0.4583210318071271,31.472484005707706,0.6929397706534766,8.067691871501161,0.18298909047339007,0.08589070848147562,True,-20.124022543554926,-14.059974959444796
0.24868231960373688,13.591835487556601,0.7101203464548269,12.337021154907152,0.18752607633109802,0.05756011419112876,True,-22.61892169231554,-17.310340118199086
0.3807426854268042,34.667109486448325,0.8605457661642913,12.681940362579972,0.22724989058230527,0.0678560016496738,True,-19.617861836152585,-13.48362441540639
0.0793563863531989,4.380902690654277,0.9198052478617018,15.078465148516827,0.24289892548689354,0.061001251705792965,True,-24.441093652147572,-20.70642809973377
0.3761651801499963,29.809653518541765,0.9803814781900192,12.63827044344237,0.25889568272545105,0.0775724401987861,True,-18.656656389224707,-12.63337859140503
0.47793363381719856,46.12088139033072,0.991844061076981,17.73747327377016,0.26192268118302686,0.055918001722584765,True,-19.366769000344505,-13.042330887931309
0.11077286735565335,7.90574143315275,0.9583778038285292,12.489199992614152,0.2530850300121791,0.07673652470897205,True,-21.330910828204853,-16.680205343548018
0.149424322740848,11.105275291852992,0.9627383739914152,5.652846317025866,0.2542365540000423,0.17031037463228632,True,-18.21418703852335,-13.133005455916955
0.20062084287090481,12.872687396659634,1.1299597723365067,9.977560870587673,0.29839579104599756,0.11325010059998288,True,-17.954824241954597,-12.705468685938179
0.401126816521501,31.656245095872194,0.4408720323463144,12.317339298857616,0.11642393124315373,0.035792797587966385,True,-25.429283469233287,-19.36092205207435
0.46080219645953224,32.919285751125734,0.7850719787724232,5.3183181151007854,0.2073190390215764,0.14761658888799764,True,-18.10302479150089,-12.005965495275284
0.11236137520869953,7.53447006796677,1.1095693941663387,15.2744123901168,0.2930111719004565,0.07264236199909581,True,-20.953902660115023,-16.369403648569502
0.07749320841195793,4.713511901052189,0.8001825309356267,11.012266383189864,0.21130938033838048,0.07266283824709316,True,-24.186124942052945,-20.3247870380069
0.19758534650886045,9.72547830526842,0.8702044464958739,15.869600164013661,0.2298005208158431,0.05483467998577388,True,-22.539560114303278,-17.618940348087126
0.33438803370731335,19.579275816951426,1.0553457122581533,11.39138509232237,0.27869197324176215,0.0926441959169163,True,-18.242259724935042,-12.570566636214021
0.35658786192022973,30.37979733596685,0.6871060789948371,12.897230268137994,0.18144854975697264,0.05327547579671433,True,-21.794905711776998,-15.757285061723362
0.41760867337111285,26.295801215145485,0.4600496549285614,9.598603933031127,0.12148829017070943,0.047928809037053696,True,-24.440003635688917,-18.51481630706044
0.31560562130732667,27.07755354159345,0.8655068647225268,7.46222091631024,0.22855999999060816,0.11598515702353183,True,-18.17485085642955,-12.226256121290216
0.29674652774543253,18.568914647869533,0.656262568693929,11.167730126435757,0.17330350434898972,0.0587641858519175,True,-22.385023932342477,-16.762488577811602
0.386415327084907,31.34484976844095,0.97021990979917,12.61601891727295,0.25621225158702604,0.07690380905111155,True,-18.67784654969594,-12.61681676329647
0.17978459062761226,9.898925533887327,0.9394848694915402,17.333485319913827,0.24809585055226901,0.05420057490758649,True,-22.179538610296618,-17.236988167359847
0.2407037181092454,16.401972095749535,0.8078977498605435,11.24598618273481,0.21334678813868935,0.07183876422512891,True,-20.815872167309713,-15.313064357239345
0.3485728620724542,24.510705806718562,0.9722446502838678,7.41764259702752,0.25674693791249137,0.1310719190856508,True,-17.286109492351983,-11.418357521952219
0.3378681465866772,22.227578182483818,1.1345543864352046,17.636102659669906,0.2996091205309022,0.0643313553072978,True,-19.073622474517357,-13.288808052685654
0.21121378909138644,15.028599532716417,0.9484736740075572,10.642137458426621,0.2504695823432411,0.08912435849590912,True,-19.390194358782452,-13.975773369349376
0.3280183076621017,18.399151672075895,0.8036855909859062,16.026002998398546,0.2122344560803455,0.05014884816046879,True,-21.986942968621218,-16.373046571489933
0.1043563007679294,5.956394913037287,0.5354180067727832,16.569653472843132,0.14139129868391173,0.03231316862783568,True,-28.334527135223603,-24.094053542434185
0.18769662414515842,11.809055694254424,0.7847193737595983,14.097073459854695,0.20722592433351003,0.05566540998699505,True,-22.537538648317977,-17.385071135313414
0.09605805805447387,5.683901945218141,0.6126641509569155,13.662889613257057,0.16179018797482445,0.04484147704468384,True,-26.581023597950917,-22.41336862798855
0.4568357979941546,44.12760473221579,0.8765072944748242,14.047505497788126,0.23146495467850406,0.062395938881307865,True,-19.575613225404936,-13.27902072157074
0.3208262089343232,23.266212570091966,0.8226620649712088,14.863420457330365,0.21724569639591826,0.05534809886680471,True,-21.127386260783375,-15.303384595301871
0.4560794387203955,41.21328687868437,0.39795134200634025,8.15053861090681,0.1050895867294954,0.04882515880285672,True,-24.660932428026058,-18.408522005907848
0.18923954530148684,9.846717539340336,1.0730542905439502,15.799752658623355,0.2833683921331744,0.06791589170595574,True,-20.672370961220725,-15.736363406021885
0.35018476831028295,29.618548901889728,0.915358459202694,17.926781897369317,0.24172463322268734,0.05106094693643923,True,-20.608006119295652,-14.589625133217698
0.43146103559355525,42.36407907149064,0.7254693425512373,16.405930764045863,0.19157938508073585,0.04421994417659785,True,-21.86113858363064,-15.59075398856056
0.19659733559469322,12.877701234487734,0.682975216508405,16.191283196286705,0.1803576861620746,0.04218166084977366,True,-24.0974954778411,-18.84771063801089
0.08980986017135599,4.869663706856258,0.6946888221192464,8.636625757678589,0.18345097381515663,0.08043521180729842,True,-24.49475163111153,-20.57828182239028
0.41618243841121877,29.016101883021303,0.40184424609129454,5.39559585137852,0.10611761110906615,0.07447634277289827,True,-24.09609562894502,-18.09345612269897
0.3551710982994878,22.639613171224237,1.07902650907423,11.518740657284575,0.2849455145372379,0.09367573601822887,True,-17.86569678860336,-12.065025892893528
0.43708572533953877,37.64790661654007,0.8363716460456605,5.713900609394545,0.2208660742091578,0.1463749027539147,True,-17.5014167931311,-11.309668935806927
0.1904334696516662,12.188002061043516,0.6393289654347932,15.700959925820865,0.16883173812909982,0.040719100517121305,True,-24.664988702483637,-19.476613165139604
0.374431849783301,34.17108161180234,0.774993930016656,8.532641358139264,0.20465766345379047,0.0908269664091051,True,-19.214443865735515,-13.090476417666508
0.39914597314403627,34.54745534535555,0.7412008986701758,14.991658837699651,0.19573371893174413,0.04944088620842089,True,-21.54978002285511,-15.418000369494596
0.26703965750161085,19.944930438995456,0.48664812690007475,17.41417544173087,0.12851232082990963,0.027945516486177352,True,-26.54180467440847,-20.853213615941367
0.2767091693173541,16.111682944250884,0.7844045214457054,14.744976371753967,0.20714277924501498,0.053198086023951874,True,-22.10310118768815,-16.618067541290017
0.25705766203455865,18.960509762417743,0.9006197751817413,10.662270239475788,0.2378324935332228,0.0844679186471286,True,-19.441392452329534,-13.799356755691223
0.34655914220699047,21.693631603976353,0.9001077103455741,7.800481227440514,0.23769726925746035,0.11539130524142246,True,-18.267047806030124,-12.503424501154498
0.1168342563760437,8.102227518381087,0.5341600818586044,13.184111553513018,0.14105911030957105,0.040515440095489255,True,-26.54040341354498,-21.85643397367828
0.1732376437475598,13.177523515473489,0.8531958718818402,10.997706573293293,0.22530895642499324,0.07757943587563351,True,-20.677393177568764,-15.402365984205
0.1473996871167818,9.324474733702514,1.1199679283650004,13.493513575473072,0.2957571801335748,0.08300046700962653,True,-19.829640625448313,-14.96194069799566
0.41278138796931685,37.11558277235311,0.8607062196749572,11.665431872577077,0.22729226257944482,0.073782627945245,True,-19.23539084276404,-13.05341893799589
0.31254028182557964,17.040682863566243,0.7317095239463115,16.498542688426497,0.1932272701729665,0.044349948826667936,True,-23.04598820172703,-17.505620940293674
0.10599842877706048,7.9589689571975635,0.6470808109464006,12.546157561310373,0.17087881814923134,0.051576015029642014,True,-24.740525339050656,-20.080692721385986
0.3050202087255064,20.724096803590687,0.6792187719701559,12.099434012980963,0.179365697538273,0.05613640863212702,True,-22.195826130644917,-16.472675062427278
0.21613093060477467,14.767194046780336,0.5105523478673092,5.248075495024663,0.13482486318715384,0.09728372778770589,True,-23.035582918330242,-17.6393097114044
0.3266934560448135,21.04343740430728,0.998152999308343,8.87339770583639,0.26358872333806294,0.11248825223418282,True,-17.787645085185677,-12.05086658188957
0.07634447983101537,5.854988928417357,0.6525256009512885,18.09556970005739,0.17231665908867325,0.03605996449778639,True,-27.025282117284092,-22.811339599706603
0.13765163378547407,9.415294848487942,0.6269222738674649,11.846320573636062,0.16555542278130517,0.05292126529672664,True,-24.367515683680274,-19.4875480189381
0.22638927917503643,15.593669753688143,0.9310574515898382,5.177817705966755,0.24587036775826324,0.17981657610636168,True,-17.699985176817275,-12.247843026577579
0.2884118479906109,21.24696733860364,0.505544795586047,6.697670300626648,0.13350248644352725,0.07548069297151687,True,-22.93088263452391,-17.185573524321214
0.11297172998656194,7.012940285334618,1.1215850303631454,6.730602598594323,0.29618421872534767,0.16663961568573177,True,-18.415976885764263,-13.932800635327302
0.1984769857301516,11.352091975187632,0.5673228785909606,16.81351793298348,0.14981662469770457,0.033742068783715384,True,-26.12496176915841,-21.018059268693232
0.14434667642518448,8.793683782791858,0.4894394509345035,9.005139769720987,0.1292494438352683,0.054351122075884016,True,-25.771254966910067,-20.97884018874098
0.2692161353839361,22.09530778388139,1.0430603209475073,8.579780395384434,0.27544769043789774,0.12157191360149852,True,-17.230200428657792,-11.450566522169261
0.1956420766887223,10.357761955531583,0.4257243627204413,16.986265798319067,0.1124237880777298,0.025062857709583837,True,-28.867245649272242,-23.869244288289046
0.36772300345153996,32.88726305727306,0.8075070160843261,10.741593631112533,0.21324360454127533,0.07517571822354359,True,-19.64180012057217,-13.5454485986846
0.4787894989538964,37.339030341644936,0.5927869718244988,15.662000296862706,0.15654109262099966,0.03784873966215168,True,-23.571014895421044,-17.384914793587477
0.46629963200263097,33.518662585393734,0.8589334713892847,7.700974760478031,0.22682412146506262,0.11153568192398115,True,-18.05471048987881,-11.944585260766871
0.41948047052350196,34.16971769449277,0.976131693408332,10.330999148548461,0.25777341455028885,0.0944857006928978,True,-17.81657710275708,-11.69263819176489
0.34234365499425723,24.36107699592721,0.6111632248863711,9.77734630806331,0.16139382871223268,0.06250808814886193,True,-22.138730584125966,-16.27606731166392
0.2859647262998209,18.82436800684582,0.488101732881281,16.035808895002205,0.12889618397021801,0.030438235830648062,True,-26.283239764822582,-20.647917186407078
0.23951476462537796,16.799463089240827,0.8269120997439341,8.86537751623733,0.21836803058783205,0.09327432455407657,True,-19.788633363765285,-14.262209181534162
0.14989834371258637,6.888912833224089,0.5427874133556561,15.454659847768596,0.1433373855806947,0.03512127854654956,True,-27.475097980124833,-23.01761786075952
0.13838144051014983,8.055025136941367,0.8756964307037827,10.045074684040468,0.23125082463395372,0.08717669686369599,True,-21.301838927538107,-16.625754397939545
0.19437845305805956,10.564411204652057,1.0576623456180516,15.691317973813879,0.2793037416081359,0.06740430264577577,True,-20.60530723666774,-15.583468932811005
0.3812735618698081,25.004328415665523,1.025622995310513,12.841901465558664,0.2708429029892097,0.07986535312244705,True,-18.557632593371487,-12.67340668998548
0.3012552702149644,23.309939200442958,0.669026508191077,11.510661138462849,0.1766741604699941,0.05812233547172424,True,-21.972298454934972,-16.146702599584984
0.47542298629659385,31.273187958720825,0.6811474831704998,12.72538107321658,0.17987502478904394,0.0535266864898944,True,-21.784972985133276,-15.725645401036
0.29657607483285153,16.913770818720412,0.5651601245427723,11.1282580816034,0.1492454922371988,0.050786036808138264,True,-23.828852996032715,-18.295785856608823
0.16675237417499605,7.9610680931408275,1.10740938624456,6.059655773319931,0.29244076462732677,0.18275120364433484,True,-17.944452914534814,-13.284262142214649
0.38109914847703386,26.553686653380737,0.9294365330137544,7.612529060149393,0.24544232129805033,0.12209300295209836,True,-17.63429641092268,-11.701277270430086
0.2501404866394883,15.866979932880371,0.6771513081029139,12.728615423039358,0.17881972897264076,0.053199133259791954,True,-22.853972156295313,-17.384283415968742
0.4140639867024549,30.89944625625388,1.004289656526909,5.286883951180762,0.26520927013091533,0.18995871023471453,True,-16.033945403170073,-9.983587957603412
0.3516211583629584,26.024532576561402,0.48199321224467623,7.8298706514633025,0.12728306738668566,0.06155825986149566,True,-23.44086068895159,-17.52403247632503
0.44252735517333996,38.01326607128523,0.9991470523039679,9.998493390490676,0.26385122934689,0.09992976074317682,True,-17.38300582047286,-11.184663727692723
0.1287624675531229,6.900485321067867,0.8071931785885225,8.64626485972292,0.2131607274423618,0.09335744297502237,True,-21.983584461489038,-17.523678808033512
0.36494436155587906,27.342665269356978,1.0932549907609885,11.394315178889551,0.28870292179389145,0.09594740654414065,True,-17.449147024976416,-11.49283521200613
0.3221462665046417,19.332174413711172,0.552320464494291,8.347356111097614,0.14585484010008243,0.06616711413090354,True,-22.879333403071808,-17.219319568547164
0.47043182248925985,48.1236598672823,0.5432690999524808,14.005550705209766,0.1434645876781628,0.0387895564685219,True,-23.631915796492784,-17.28121075834052
0.14491742838595892,9.85469082816444,1.128645096976382,7.882128594080853,0.29804861621406353,0.1431903937502297,True,-17.840668701021116,-12.903658691767637
0.48338601371390744,37.97050632833528,0.7916412710878127,6.783804796462716,0.20905383456479265,0.11669576216293821,True,-18.30467009946123,-12.107094993782416
0.43117616552570626,27.24065230266075,0.6768134819151035,5.319318897480203,0.17873051702455584,0.12723686903519066,True,-19.631778327332956,-13.67842311434121
0.1438341799496522,9.927267341640832,0.9807465553311886,8.838764724217757,0.2589920910091785,0.11095968564973721,True,-19.37500981436464,-14.428928155953392
0.09485909068737935,6.281847622195085,1.1166023553517281,5.542947233535012,0.2948684114833937,0.20144560435218423,True,-18.435499394978677,-14.1140681956663
0.24735416633214152,14.071566137687862,0.5212962587466216,10.009645567456364,0.13766207727587396,0.052079392345466685,True,-24.507985971776776,-19.1623422135348
0.34071549764726,20.90898456378056,0.4906835184134204,8.657992119535978,0.12957797278698344,0.0566740546351662,True,-23.891188463869536,-18.16011093207259
0.2456471956144442,14.382961849193409,0.880602260558415,13.385758201779801,0.23254633887795473,0.06578650587318453,True,-20.941250206325076,-15.572507229431608
0.4233737517311818,39.6703755292198,0.4844831551839473,13.467053656197843,0.12794060273547675,0.03597543809896215,True,-24.67867233807761,-18.451539329332824
0.4776071720712355,33.5034369019669,0.8834369268681683,13.699041818346597,0.23329490755850277,0.06448895759154595,True,-19.717317678556213,-13.607520151800914
0.3518349289026865,29.86969184014993,0.9880892914768497,5.757675708950727,0.26093113487097547,0.17161252933033247,True,-16.341573762103536,-10.316766940706225
0.44613384365950903,42.4756990777997,0.7287622697246483,5.952373658572504,0.19244896967376524,0.12243221133725328,True,-18.636192902141122,-12.364102723579947
0.48345245307206464,31.64787277618235,0.8241227302071414,17.543362368476878,0.21763142371931518,0.046976327165651095,True,-21.350802612197306,-15.282636946955071
0.45275074679520216,29.010904099483213,0.539919704413474,14.733411934681783,0.142580091118324,0.03664593828008891,True,-24.449557560748254,-18.447055925503207
0.24428957897624526,18.39981074332967,0.5663561690826411,15.29317392523154,0.14956133946055827,0.037033265419693866,True,-24.84439619744128,-19.2304660392889
0.08791069178692065,5.940240829211742,0.7898285060263583,12.081710467572773,0.20857512596141053,0.06537389785546116,True,-23.768564468391364,-19.532273819537018
0.2284981263280284,18.122281017019443,0.44952140444667316,12.324220525531292,0.11870802691905635,0.036474631682825595,True,-26.063691975073393,-20.46413440463322
0.44995658812194667,42.67796802285646,0.42793928781989377,6.851030983280066,0.11300869768543392,0.062463487446528736,True,-23.543981348548527,-17.268817002836236
0.07126251691704319,5.013520593706985,0.43629564152605804,17.210855714724545,0.11521541409734214,0.0253500260973538,True,-30.886881113462884,-26.92181829477482
0.20557782250411177,13.580353225248311,0.5739795395536008,15.343347721985355,0.15157449224511713,0.03740901594318627,True,-25.291010865382756,-19.983339346385492
0.38022972559946927,32.803346885520575,0.8573376788133684,13.969672949277522,0.2264027101903486,0.06137134934556272,True,-20.076989513769607,-13.982497482851109
0.34719799779248284,26.77178434172569,0.7521662429445366,17.368458423539963,0.1986294083703812,0.043306448079761896,True,-22.319541351806308,-16.379984151454153
0.1539101897505354,9.890471758207854,0.8228102228879502,5.93095766056682,0.21728482141598374,0.13873142753295503,True,-19.926531918770966,-14.985037571940762
0.1257486857536378,9.238661599991293,0.5560856789518185,5.744643848675959,0.14684914465323354,0.09680072317798893,True,-23.44277470305048,-18.586824552350595
0.13970619940650092,8.677327368590081,1.0963270716612876,14.81523407970382,0.28951418608209395,0.07399998310949434,True,-20.553622414769713,-15.77858573509392
0.3077820239620226,21.812831965153936,0.9493626267218264,11.990453228795442,0.25070433384048096,0.07917654225462493,True,-19.17652758317309,-13.408108615975836
0.4576221822844876,46.90511743792755,0.43194832364929603,8.054411936261703,0.11406738972645464,0.05362878470427183,True,-23.782062242291726,-17.447144219550214
0.4136841831282551,24.821772051972175,0.5470611412941824,16.638874721588856,0.14446597658026183,0.03287849391547935,True,-25.018868315484998,-19.140679726867756
0.17701474901732153,11.5734501971843,0.39629204339498936,6.379411449779086,0.10465140500494448,0.06212047091095098,True,-26.052231401956654,-20.92293431508501
0.13260239398866774,6.186182293277927,0.942703735985027,6.256243022660769,0.24894587746217342,0.15068208389131546,True,-20.1659978736351,-15.867729497125843
0.4575364316027357,41.34259678695814,0.5073307411141786,5.025983594566339,0.1339741126391483,0.10094158318834566,True,-21.57250720153778,-15.318040866739617
0.32393115137922646,26.381049485435657,0.7946357908692208,17.936774061420024,0.20984461678629465,0.04430204607295537,True,-21.99076944199016,-16.062980923327622
0.2645904412304349,17.47120561079832,1.1331834300562535,12.868306854582631,0.2992470832060329,0.08806002552330394,True,-18.25290884067575,-12.688349495731227
0.11492677297452253,6.692618343746107,0.4752540027974721,6.15066753130386,0.12550340072663727,0.07726868675288723,True,-25.829662070604744,-21.4142339297941
0.1487832228144846,8.062886424328289,0.9392445128508575,9.935810010621388,0.24803237801839167,0.09453124726084783,True,-20.65455996933774,-15.977157666321403
0.17185059633904698,8.409988477348723,0.5216145586873333,9.021694056026114,0.13774613280149875,0.05781780621777089,True,-25.341129935285224,-20.607316306000225
0.3085501288218542,21.125326385301044,0.5064997660167495,10.600836766665065,0.1337546716664629,0.04777922508999166,True,-24.250046519559998,-18.50982151785728
0.47594567116480047,43.52766585853784,0.5026569028736295,5.99190922097965,0.13273986192230566,0.08388927207269128,True,-21.84883896670256,-15.56098855931408
0.39129791603892256,23.454594045673783,0.4466802172949569,13.430132145318014,0.11795773623756328,0.033259554892069894,True,-26.03492345575052,-20.204084408404192
0.20045028842458723,10.16653260398438,1.066990904171473,14.32221116321196,0.28176719444691367,0.0744990345423859,True,-20.266309818905974,-15.290982326631093
0.2623978413426039,15.599357869989703,0.4585960662916982,13.011189047540492,0.12110443161063397,0.03524628414944034,True,-26.351037942413097,-20.898526112720678
0.2591741668630354,16.154598813795072,0.452535862855909,12.692195659483215,0.1195040744630669,0.035654655427391574,True,-26.311842309398372,-20.82415203206037
0.47082577670419634,37.02099241004373,1.045254864779361,9.572868283205857,0.27602721783234385,0.10918930814216903,True,-16.87899842084783,-10.698784969272218
0.18517576385681148,9.457448444688149,0.6937511572322022,7.437861028160952,0.18320335857914952,0.09327293890078714,True,-22.013587382158974,-17.12798319005431
0.3143894478711782,23.170592330308445,0.6520231744768366,9.35401278139372,0.17218398007747576,0.06970518318873699,True,-21.50631546668251,-15.685815068490792
0.21095970281946386,13.306253762392176,0.8072919755802923,10.367171834132463,0.2131868174034683,0.07787002940593657,True,-20.93625323330452,-15.650639830663495
0.4293842875224359,30.455552431374294,0.7619619939799791,6.016600810250383,0.20121623575191389,0.1266432688507167,True,-18.650577053937067,-12.611080022657362
0.17860529287076357,11.751903494422782,1.026149500741558,7.911970364015715,0.27098194068633213,0.129695822093643,True,-18.276821873869157,-13.129913638222684
0.4028252669288519,25.34445003813789,0.7869617502656401,15.650166098404831,0.2078180832118387,0.05028456217764057,True,-21.5911710251947,-15.695865261810395
0.18620772374794026,12.048705070794647,0.6682319526478275,15.137292782769743,0.17646433704471615,0.04414474650371121,True,-24.16326519433957,-18.987900503509657
0.30318901632687867,18.773264303392228,0.826330306357988,13.140149090121678,0.21821439264259287,0.06288591557756337,True,-20.95313520564683,-15.320350636658462
0.09505635653751118,5.08700998908184,0.5495673915235534,13.412841006913565,0.1451278183007029,0.04097322791198988,True,-27.862083767639923,-23.872961685742418
0.2058217998141894,13.679311896194532,0.8232271652859282,15.795277529552079,0.21739492609378827,0.05211856288980781,True,-22.257220562440175,-16.94174191439719
0.46122687070297724,45.13906839925992,0.6170862815683551,11.811353623294615,0.16295796862880357,0.052245178770308244,True,-21.960379422211467,-15.649433236105061
0.2341598854127369,13.224279430425359,0.7858981808884995,9.685493418756192,0.20753721956218155,0.08114178048653553,True,-20.957067479044515,-15.678178167528987
0.17838877688217553,11.264733293039288,0.541358293761647,7.868378396068852,0.1429599887191481,0.06880176149536947,True,-23.908659293458182,-18.81076798964632
0.33864339676088506,22.368826084851904,0.8352365506530678,17.925722318999448,0.22056632222162906,0.046594303749076915,True,-21.78958855927684,-15.999290946797423
0.47031998606132613,42.83996440777871,0.92060973526359,7.376804753968077,0.2431113716823688,0.12479789908610259,True,-17.06603876741829,-10.788427582170236
0.40394409993778607,37.203559367193314,0.9624550310521354,12.587436302941747,0.25416172979605417,0.07646156118599026,True,-18.5372373899141,-12.353635817242877
0.36919831961284744,22.186938076259494,0.9402233958032141,9.66611079412294,0.24829087797570068,0.0972700826453258,True,-18.49597544978371,-12.71274799385296
0.1494843633364229,7.301026088921418,0.7034605655876434,10.977292195926172,0.1857673848902983,0.06408325049857992,True,-23.78388978582001,-19.243461932963005
0.40928178396112597,35.47971948699341,0.7850232103511411,16.112790707795423,0.20730616042890188,0.04872049942108069,True,-21.300479587275078,-15.149870497156456
0.3559593243405611,28.102309440637775,0.7496264098617712,12.977694608580775,0.19795869820847034,0.0577626791561363,True,-21.161431160299493,-15.183594239989027
0.4672230777739177,47.10000844678963,0.6743076887503544,7.966585478239468,0.17806879600412798,0.08464199506704713,True,-19.878809468299192,-13.541326595813457
0.4321169064725885,36.15443834725867,0.5622747934727642,17.905247339873704,0.14848354418546916,0.03140279398546026,True,-24.595412034607357,-18.431617637985266
0.4712463385025068,29.602163435953614,1.004440612812492,5.791488183074475,0.26524913413435397,0.1734339397856241,True,-16.22011737963757,-10.202158381108863
0.11669884843867342,6.925818914257302,0.5627431417606625,18.002020590263662,0.1486072239493633,0.031259998783970976,True,-27.747492182459588,-23.282297011658635
0.337698361026567,25.784317229987977,1.013115816769754,6.996107691577068,0.2675400513959126,0.14481135245952406,True,-16.71306141205853,-10.803741365884896
0.0759547394599183,4.365962674816221,0.46971845291551195,13.322174032242936,0.12404159223898946,0.03525839339575341,True,-29.82216405571492,-26.093510958485663
0.3065298086688611,24.620489857262267,0.5025199424983224,16.800004403428726,0.13270369390948586,0.02991189349901377,True,-25.806032668317712,-19.934575554914147
0.0760607624510639,5.581582324440805,0.5839778555688725,11.778039255249793,0.154214812272029,0.04958192470861206,True,-26.516303357379396,-22.377296068212196
0.23468930938555183,14.681934005915078,1.1134599360050095,10.117750577801555,0.2940385724663609,0.11005014676364443,True,-17.870625636192788,-12.48037174180445
0.1304521025275475,6.352313747899718,0.454368727853824,8.811699279632041,0.11998809098677239,0.05156425718068735,True,-27.29199068489104,-22.953818600480858
0.15700160180202904,7.740385531756828,0.921945423709889,12.25436152025287,0.24346409557598161,0.07523406439300678,True,-21.657517047688888,-17.03573645991223
0.11597215916257991,8.815443134948564,0.8259098869915065,16.67155615535093,0.21810336977920994,0.0495400596858153,True,-23.433109246080164,-18.63748119322969
0.3778216989262317,33.64743134106626,0.6738969127514288,11.7230265795294,0.1779603197272348,0.05748489165145962,True,-21.491740630334185,-15.378852524014743
0.3415009146127828,29.26617918254811,0.5391137564328051,16.873032688923303,0.14236725921835613,0.031951206779011275,True,-24.98043442548075,-18.971203610085695
0.11637707656292272,6.900548679556267,0.9267422605689554,10.16184581936184,0.24473082733415738,0.09119822097705811,True,-21.295625007276904,-16.835706090240812
0.24768816448873154,14.469539707184452,0.9212552298275472,17.554942963700164,0.24328183161000816,0.052478394930277145,True,-21.58818578658655,-16.213147881935274
0.22687019604695252,15.943021934556938,1.0854448274995239,13.767495738108156,0.286640441428078,0.07884112318953068,True,-19.039388779559133,-13.564895291846511
0.28960491137693967,20.408441616350277,1.0119362019109137,6.760233274131483,0.26722854286476777,0.14968953893694173,True,-16.986134780565237,-11.27675503943631
0.4018784148211613,38.546601535828316,0.7621306312272467,12.39347539936034,0.20126076888134928,0.0614945047025778,True,-20.467916420173022,-14.260111988237604
0.08061797213103901,5.4567973444938005,0.6096178333710149,8.024681737286624,0.16098572717181506,0.0759678518511744,True,-24.985991868014573,-20.882957467754032
0.08365812560563181,7.050491626858411,0.6185944720222237,8.76352756650435,0.16335624624412043,0.07058738245847414,True,-24.27038923528744,-19.779561049574234
0.40893532584148445,24.04700773009254,0.9748718406173024,14.89562910883457,0.2574407170690295,0.06544683903542603,True,-19.6136860068875,-13.761852314835753
0.1338834986896038,10.085075127014187,0.5736544790632496,10.652616448825608,0.15148865141738962,0.05385104042927331,True,-24.60009325989524,-19.634610700814722
0.16367838779448984,8.18055299212598,0.4010551240090309,11.701363819252837,0.10590922253300028,0.03427422052711111,True,-28.56833253959534,-23.87142335055976
0.29387757104598616,23.76534317695283,0.7589377850235822,8.924076587406176,0.20041761331780153,0.08504384488302234,True,-20.004197161009806,-14.162251077563772
0.2757847566218635,18.532413855930468,0.5829848007211225,16.54693668677985,0.1539525698505721,0.035232189000088295,True,-24.889305040769457,-19.268617519649457
0.45790112533295296,31.208531316151813,0.8237958618887203,10.746468769544652,0.2175451054867276,0.07665735410903968,True,-19.533814896770078,-13.47602798020635
0.10504631891314069,6.1590794075436595,0.9938017320290143,11.536469908847394,0.2624396560228761,0.08614435263831108,True,-21.486683882280634,-17.19507119426854
0.3074768390434007,17.380270106190682,0.41499465930551066,5.800179365073993,0.10959032584609057,0.07154859068745653,True,-24.688218659060208,-19.128697186624485
0.18885393834333125,13.929282927926664,1.0741371046699473,15.306741762473736,0.2836543378682288,0.07017411813292099,True,-19.78870501034788,-14.453861881442492
0.1069837968333138,5.730147312819573,1.0112936379477389,8.420400120513898,0.26705885683984604,0.12010042557051545,True,-20.55356278546094,-16.373201159260653
0.4778212451830736,39.37143667107304,0.8033973401229817,5.660699855193834,0.21215833580919263,0.1419254439688839,True,-17.786450636044236,-11.56438089122596
0.2277562974059929,14.820307049448953,0.4357253826828893,15.969069468641273,0.11506482215347456,0.027285583767954074,True,-27.67212721542069,-22.272129465518603
0.31272627199628955,26.030148777653952,0.43922752166491197,13.237313746632513,0.11598965466298311,0.033181016184393806,True,-25.98059501132529,-20.06359245928868
0.4602310737422305,31.15732621032425,0.7641336896686006,14.50426119941962,0.201789729489286,0.05268339277419914,True,-21.282519625803978,-15.225956135398086
0.38437131253575313,22.239947722957613,0.7517486340478561,14.249365469682674,0.19851912768595015,0.052756639279643455,True,-21.81513049842475,-16.029833886950115
0.27816623785171873,15.17318191280022,0.9957717306441094,8.046712563747853,0.26295988630850414,0.12374888785393831,True,-18.073944912938213,-12.64968027308332
0.40708987360192733,36.52719633368294,0.8774877683927746,6.615483010528706,0.23172387477239537,0.1326415270050926,True,-17.39795371011187,-11.227027144265735
0.3129496450879772,21.375982758682657,1.055445254922096,9.264400989899663,0.27871826011734585,0.11392482428953316,True,-17.412517036515975,-11.661861313222436
0.0713760131093575,5.349542978098665,1.0566275921208668,6.734616736211764,0.2790304875544172,0.15689498504635352,True,-19.836861141752024,-15.765701041157467
0.105792722559205,7.904797510092364,0.8276660983197173,8.191139092423585,0.2185671438721954,0.10104407811671384,True,-21.212561321884635,-16.562018489159033
0.16655412298145839,9.378437884911822,0.8693186791886407,12.927004980596397,0.2295666105096576,0.06724826674805955,True,-21.856028235226034,-16.98101858028344
0.4424584208491393,43.89041728076051,0.7842359677122133,17.791508482977697,0.20709826816960286,0.04407922849614147,True,-21.469322941502327,-15.17616585413725
0.263621372011752,13.228401945446842,1.0215941852386345,7.541577882711189,0.26977898903598424,0.13546159717856981,True,-17.94024669979915,-12.661017802726073
0.38595207140974636,25.248329072669872,0.6094836315870357,14.791557636670145,0.16095028763806293,0.04120483092842424,True,-23.597794742469365,-17.705598334540802
0.12883224526253312,7.056658986117987,0.7832520673370889,11.627198953671638,0.20683844322898698,0.06736377957046599,True,-23.15374760967765,-18.661668262865586
0.25657245250114785,16.85281337499945,0.4275378300886582,17.355628458198797,0.11290268214380463,0.024633958437079204,True,-27.933060433604666,-22.403527741926162
0.2492938315239432,14.646161809630616,0.5072462207732219,17.09406875529006,0.1339517928056315,0.02967381423549298,True,-26.64259171154006,-21.254878306650888
0.3912942246464805,25.031358048087746,0.5434852513769519,11.234600272969459,0.14352166818392045,0.048376020345341705,True,-23.590482035396345,-17.705367653268024
0.34987087749440104,24.420873542811993,1.0483631147661456,7.387234427823277,0.27684803352532866,0.1419155064062393,True,-16.626049935352345,-10.761347645657395
0.48510248950250845,45.08594310280947,0.9470832804999646,14.135499280946778,0.2501024121299994,0.06700034159929086,True,-18.904698530203458,-12.594494558467673
0.4290531390753326,28.60525331954202,0.562847593078702,5.433957992947458,0.14863480708500693,0.10357967319754809,True,-21.197550755022224,-15.205920641979787
0.19425140422241716,11.968748832410622,0.5587870260595152,8.0584682412327,0.14756250686915048,0.06934159313309372,True,-23.567937854282714,-18.400139337886714
0.15023144137687125,8.480338190279664,0.9249468532575034,11.67241460447655,0.244256702504171,0.07924211781363318,True,-21.204671507684377,-16.459829885662998
0.3679776325424028,28.318879510676428,0.9085657598063144,10.904398688911199,0.23993084112553226,0.08332103270675942,True,-18.856776703870594,-12.87295687999686
0.45072200217799124,38.505537819056926,0.5459212864745097,17.990828561734133,0.14416496774001744,0.030344421581319784,True,-24.800022186513235,-18.59293952365504
0.3870621242918387,30.494124779031996,0.7414781490091951,17.873025032192757,0.1958069342233455,0.04148587872918268,True,-22.38906066896002,-16.34861083492616
0.12612953258553922,6.7172056590010065,1.0072148087562933,12.82108923221864,0.2659817340139545,0.07855922305144106,True,-21.474294891240714,-17.05350323567923
0.22322353810156598,13.357932188060179,0.6099144640125647,13.954070545637478,0.1610640603453498,0.04370871295352917,True,-24.43239907389448,-19.142577165185493
0.1833014850384684,11.685892935906871,1.083099308770437,16.805294213216612,0.28602104511529436,0.0644498867457273,True,-20.442986977138602,-15.30254817508247
0.3489027523405827,26.649993153278313,0.6413854239158501,7.633209750615155,0.16937480043116684,0.08402565170754822,True,-20.858614053026137,-14.922698320755927
0.3493721289812868,25.82245803242432,0.4579888490706032,14.298568826995886,0.12094407982868449,0.03203039790988831,True,-25.919099477995672,-20.008580558377446
0.36926106786769625,23.158640076238438,0.43827326109901066,13.602120994480568,0.1157376568986403,0.03222095004719132,True,-26.266133954162818,-20.446072672466556
0.257271568180929,17.338736312458106,0.6100691033747744,17.742226520882237,0.1611048969626729,0.034385149048612104,True,-24.883654910937718,-19.32644708217445
0.2578683000211555,18.281051461606186,1.0925559080838516,8.863125308436612,0.2885183105063414,0.12326982526624913,True,-17.22415523863637,-11.616336831971786
0.23213081420911363,17.41190949865736,0.4551075364038288,12.299648910614696,0.12018319294270696,0.03700166888593603,True,-26.01676579045788,-20.455487180797167
0.15225887048811415,10.30193996873338,0.560703744195375,7.120741452686012,0.1480686670337548,0.07874232591100076,True,-23.54804379682175,-18.556598775052635
0.2904086668441467,15.002899911923155,1.0345743440012214,10.28661347737809,0.2732067435779497,0.10057482438476141,True,-18.52360546438217,-13.110948456857335
0.27910841029924766,19.357451897303967,0.8753027318106497,16.245827863418057,0.23114685801892332,0.053878616662043674,True,-21.21600744101595,-15.5547890017511
0.2096005308925173,12.662794011187321,1.057014663990097,16.632063287349716,0.2791327041283504,0.06355282839706715,True,-20.444214070573295,-15.213047892115704
0.11250178648930532,8.699329198198178,0.9524091670396331,10.885498520911714,0.2515088534617465,0.08749338996372066,True,-20.63853766756481,-15.86018945456692
0.48052963676596144,46.02459958988226,1.0004088546260637,7.961026783850136,0.26418444165343685,0.12566329467142465,True,-16.47358047426629,-10.15044688698141
0.2450820516328418,13.08171655089454,0.8076256002285386,14.622072300789807,0.21327491982380492,0.055233320121451934,True,-22.213772847227027,-16.94672131752588
0.29419612091130504,25.259412330683592,0.8221930736528489,5.81863362212629,0.21712184682280794,0.1413034617829051,True,-18.177933589163032,-12.285377783282353
0.29971006453985233,17.492355195622327,0.9412447414880114,6.508980286637544,0.24856059134161665,0.14460709666310056,True,-17.783720133758678,-12.217994503051626
0.4297689962549698,40.43111706699313,0.6886608871343168,12.665559365414566,0.18185913800627415,0.05437271795628868,True,-21.375806512518942,-15.136035009651355
0.42078995274603137,39.97004911849062,0.8180575015404843,7.187297602157209,0.21602973952650564,0.1138199010007532,True,-18.100332922694793,-11.868179581216726
0.2978343297563802,22.28211194597174,0.8496143891686416,13.45945138832854,0.2243631711028197,0.06312399849412813,True,-20.53382043418057,-14.746883082680558
0.4076365792037191,27.20393750934018,0.4215914873137461,16.349091840476156,0.11133239291794877,0.025786844396457162,True,-27.08724227885602,-21.134955081414937
0.2567959942752748,20.238897899975388,0.5358487801310643,8.05540214669507,0.14150505579292813,0.06652042571839939,True,-22.96780751775571,-17.265952158139836
0.3329355953284064,22.232346672768966,0.4221658868915041,7.168606970803156,0.11148407833240134,0.058890923803039175,True,-24.58755856148052,-18.80255820837895
0.12229094428352749,7.393596658929956,0.4823965382348505,6.346030668528831,0.12738957629154568,0.07601547541003015,True,-25.46197906457583,-20.903836846370474
0.4514946530248208,38.67095572212582,1.0432192257239497,9.698592400339763,0.2754896534507663,0.10756398275768383,True,-16.88940433907217,-10.679420956957761
0.15454660956843463,8.058137428881366,0.8705782947349934,16.489123892209207,0.2298992453401795,0.05279712254126035,True,-23.17139938821289,-18.494792930566636
0.4104004591604117,33.04950320176518,1.0432661351965318,6.47996493731553,0.2755020411388251,0.16099873151917515,True,-15.967252307730963,-9.867325167755567
0.19539336850247213,11.126874334888157,0.39770836543110244,12.124379153216324,0.10502542233254188,0.03280236954034874,True,-28.011352314748763,-22.927887255709457
0.4222389005473202,25.533480331558128,0.9821402399392075,8.814977374334354,0.2593601303246123,0.11141721620282342,True,-17.626329065758405,-11.724957960501094
0.29341920610215816,21.449294027473474,0.4360384845208445,12.00035389832508,0.11514750498245829,0.03633546878827494,True,-25.963071793863556,-20.20939864277771
0.09855832590524234,6.348852203101365,0.6792824946463951,14.134266832920288,0.17938252519784945,0.04805926636847341,True,-25.43993090197001,-21.10257496890393
0.16254066859926408,10.585403864801016,1.0194623064368096,9.498858211425837,0.2692160100016339,0.10732472090282755,True,-19.11288392276917,-14.088661543771654
0.19834178691193682,11.195870972121305,0.46745112598993244,9.819279262236064,0.12344284454187525,0.047605441652698616,True,-25.866104708436303,-20.775387641590747
0.14569809209754742,6.92305542171196,0.8473840154017339,13.916811441131452,0.22377418186550505,0.06088923594216928,True,-23.188860938895584,-18.72424142332526
0.1287887788233061,8.704498717375696,0.888369655481053,6.286428296174721,0.23459752513170481,0.14131548370982358,True,-19.689796844598572,-14.910672298658108
0.1658327280902029,9.109672447663847,0.600540792770196,13.844381045440306,0.1585886943067978,0.043377944510418265,True,-25.398078584352643,-20.56008731787888
0.3773807132091051,34.52265674785178,0.4366640948702015,15.099884575735414,0.11531271395684235,0.028918373029943146,True,-26.174170389172026,-20.042901660160926
0.353736758200053,21.386022325718752,0.838453787047175,12.129322040791507,0.221415918660639,0.06912618728626493,True,-20.327068975890363,-14.575999150430345
0.12056679372768232,6.383237509894921,1.0489141560329367,5.869783954304743,0.2769935505594113,0.1786972338673029,True,-19.01839238853058,-14.672957351595583
0.26452050877299516,14.432173928991867,1.1219617349871327,7.195163051038106,0.29628369755372486,0.15593277414682882,True,-16.836078560417462,-11.463750796782064
0.3575369491584943,26.277892785255414,0.5903645017518291,12.264228351441652,0.15590137526882805,0.048137109391185796,True,-23.11799321573828,-17.193353880579153
0.22024506518247844,16.57542208330305,0.5694774778424534,15.622453464890484,0.15038560366826284,0.03645249954639218,True,-25.057741423961648,-19.54452807177834
0.14280530554962498,9.51005431023821,1.0370834190928293,16.93479467066321,0.27386933127804636,0.06123979884382115,True,-21.32610944298137,-16.43352140659358
0.0917428550262899,4.763924367401494,0.7436832756590949,6.63234357189699,0.19638925629105314,0.11212978754753891,True,-23.299600213078485,-19.42018034548514
0.35039538700644113,28.631463190560165,0.7081708529643307,7.646171498521542,0.18701126096644768,0.09261770457296989,True,-19.907923686579423,-13.915584408579889
0.18101993033705377,13.343247183691725,0.7236883694676273,6.9700036527191624,0.19110907199072508,0.10382897994397741,True,-20.72075575366307,-15.432127356868886
0.27516283570242417,14.050661942559465,0.40583776691792,13.010706147015954,0.1071722060028786,0.031192601103438196,True,-27.608922283587972,-22.264855490573314
0.23524741576858077,17.88888029860461,0.573866750076027,9.20430383011954,0.15154470719771435,0.062347653952724194,True,-22.969821648046125,-17.382599150531085
0.2600969579035184,15.476826298881576,0.6548241021936263,15.441041464285115,0.17292363918939788,0.04240802692669559,True,-23.92239980758174,-18.47789468630309
0.4334164293059173,41.12838365712573,1.1330639755103076,12.51462242553853,0.29921553807088364,0.09053920581719424,True,-16.98852843635542,-10.73747301004336
0.47049932080029183,38.27075078880485,0.5532654256222327,5.398756127395338,0.1461043821016502,0.10248016627658987,True,-20.988364018787365,-14.785429752944204
0.45175096351443805,29.651796567246606,0.6627400430263637,8.133418158289285,0.17501405292313083,0.08148358170309036,True,-20.60855539863121,-14.589319198532198
0.32925326277627426,19.364449070842625,1.0174271068806906,12.327081684316862,0.26867856168147924,0.08253592642085864,True,-18.860726953193197,-13.199175462732596
0.34564299248430336,25.61784281191043,0.776710037099854,9.129078127709132,0.20511084695921003,0.08508088398787349,True,-19.767725837463587,-13.863668748678046
0.13597057089001047,6.998963173999309,0.4368783745025148,12.61798349618834,0.11536930016632924,0.03462347011584599,True,-28.54488820633588,-24.064575107264833
0.4471548063784446,31.879067155409615,0.7752271526217638,11.229383557706049,0.20471925205671665,0.06903559297248976,True,-20.187950192496842,-14.1144064405181
0.350814689510465,28.628068460810372,0.6460864459405242,9.576803403124744,0.17061622974583768,0.06746368477499678,True,-21.370196516042505,-15.377949036803525
0.13027287277576774,8.016265194184873,0.8170572641954832,17.22778218916412,0.21576560037650902,0.04742672360400479,True,-23.910212242249894,-19.240652003237997
0.2672735263037034,17.953626597668453,0.6618077631566021,5.8676234623682895,0.17476785974349351,0.11278974654748607,True,-20.598991599019847,-15.008324153820718
0.07162903935147799,5.613861499894452,0.438148575329288,8.972881856501544,0.11570473032036784,0.04883030695559818,True,-28.08142232671941,-23.933296725688177
0.4095667445385408,32.44985422807122,0.7549692649214865,8.824647804146979,0.19936962052713947,0.08555233950149294,True,-19.6044180842478,-13.517835486409176
0.3538836789154254,26.670743608269536,0.5113623790374338,13.668486909314801,0.1350387733613908,0.037411776623859555,True,-24.746922563656376,-18.81038470727544
0.09583204030769434,4.898786804404554,0.7944875227449786,14.78959793063783,0.20980546266302114,0.05371934561514579,True,-25.177979173702056,-21.25150703295529
0.39614306818131445,25.619341845244584,1.0056674391230476,13.549523711906136,0.2655731100991418,0.0742216081174392,True,-18.89434301575365,-12.990238315582472
0.1122975911986546,7.1871753627938375,0.4965773865631623,16.26794066465537,0.13113440469891466,0.030524907657307473,True,-28.320867443466533,-23.802672249775828
0.4289027087227286,41.1748768081034,1.0300384249414654,6.413093051303216,0.27200891407189765,0.16061491961856836,True,-15.807558123201307,-9.555760195430876
0.19474028657814751,14.281803219481018,0.6713024614345136,12.17888395403343,0.17727518617470095,0.05512019524680584,True,-22.963929389039354,-17.602610858452316
0.40136431910982595,35.691224519072335,1.088218230346195,6.40522831524221,0.2873728318693858,0.16989530689430926,True,-15.486204703484773,-9.331423470860015
0.10192281455441363,7.418689055032192,0.9302665403734587,13.038812045613835,0.24566150671397077,0.07134595829122285,True,-21.92865063364147,-17.3657613419382
0.4462373258570042,34.77484359732751,0.7935256078419749,10.493256531687972,0.209551443568335,0.07562243479377954,True,-19.64756864055896,-13.511128809580038
0.44756916868427654,40.79888629795175,0.48233990805803006,5.369565936786684,0.12737462159419885,0.08982847286659401,True,-22.10293191459927,-15.857173814514871
0.3070048813796344,21.770832464529477,0.3987843306248845,6.794645283836276,0.10530955942573474,0.058690971193676465,True,-24.986788259002154,-19.220054686348607
0.35491984489180706,31.433584902409173,0.5237379501349911,14.082973732743845,0.13830687052529753,0.0371894430873833,True,-24.44035690208112,-18.377227169790956
0.3972842635776329,35.351369339010986,1.1013950827611865,10.841391024843535,0.29085252857729377,0.10159167585020133,True,-16.892421275100446,-10.74436166778222
0.3728683176820703,27.57067428454044,1.072767674641169,12.423075369975088,0.2832927036165293,0.08635282671100145,True,-17.912743852814796,-11.949881118573487
0.24023465813640593,15.029516236210338,0.8639672369431315,8.395405702487572,0.228153420517253,0.10290952784892057,True,-19.446173714944617,-14.031689884567998
0.14925325474285178,9.70025318453416,0.4374280650120943,7.369630689107845,0.11551446049721185,0.05935549330288742,True,-25.93379654903437,-21.016412965695523
0.10729356788028918,5.503063287069454,0.9741906155692608,17.566112951698997,0.25726082156118285,0.05545851938035255,True,-23.64349474746135,-19.5269865954356
0.28474809240012894,20.158404757536214,1.1231833697530602,7.760669699915383,0.29660630255371917,0.14472763475107137,True,-16.443219868118444,-10.744968728741739
0.2514408055196333,16.4132423687878,0.6687887036286345,6.722441775670592,0.17661136187993665,0.09948597934296279,True,-20.933168484080923,-15.429679747081464
0.12210383170695928,8.476982154772886,0.6961519340184578,14.847077949795283,0.18383734724476217,0.04688814434547079,True,-24.568089899587854,-19.82377138846295
0.38665386889205755,30.460049924057664,0.43395038726028556,16.032727700986563,0.11459608762309774,0.02706653511202481,True,-26.61340245459025,-20.573794237502135
0.12019226086626886,7.456295068988171,0.804662766015945,15.619373860581891,0.21249250501555306,0.05151696688986019,True,-23.861534949505657,-19.291574097003686
0.20199760583254284,9.978608929667246,0.5279143444850135,14.036316727507208,0.1394097580141309,0.03761060360304144,True,-26.34583863408683,-21.393396788436316
0.47490569670978044,48.59766039740152,0.7911729879853782,7.237133930592184,0.20893017201484587,0.10932131359915842,True,-18.206450362730216,-11.849760779761333
0.33584169664802266,23.23710207683696,0.8207782955807692,14.41341396400389,0.2167482372197866,0.05694544662566299,True,-21.031192240001335,-15.208254290658365
0.46393140037709174,47.809502449385434,0.7761895870042625,5.163631182354825,0.20497340833371555,0.15031855676614933,True,-17.759166271328397,-11.41247520025968
0.28270819828158966,19.76112010325325,0.4791459728795868,14.519319082270105,0.12653117845803258,0.03300058151244046,True,-25.980857070473032,-20.300704045682004
0.4206408210390907,37.8135693439621,0.5600172094796823,9.98954501302558,0.1478873693676033,0.05606033195200221,True,-22.414482328582647,-16.219733014812658
0.08989952091744416,6.998408446732133,0.40441474761664725,14.415120788829658,0.10679642008512068,0.02805489829332752,True,-29.714891482221837,-25.23469218554352
0.38397624924607315,29.918253620139563,0.6060919638330358,9.911162461338144,0.16005462798079276,0.06115245978433947,True,-21.980349052578955,-15.954308740638423
0.25877284861399924,20.013140180613533,1.0068388431005966,13.905282213576832,0.26588245032971697,0.07240693339668718,True,-19.346458558313653,-13.654764735257864
0.08139257109372389,6.905840904725593,0.6850636611428402,9.929415748464182,0.18090919525470314,0.06899335051498891,True,-23.841231577993707,-19.38020539215876
0.17046165584509188,10.135100043988162,1.0226514948525658,12.76083839756621,0.2700581996294527,0.08013983587846464,True,-20.209268914787074,-15.237726910751512
0.21388357950913361,11.822093773862044,0.9876024939764969,6.759270414998531,0.26080258310413107,0.14611081275651427,True,-18.19983821081581,-13.046107872275837
0.07716096824407107,5.293314369370938,0.6356134852097292,15.757992217433076,0.16785056721663338,0.040335943592264854,True,-27.065723683125597,-23.011642172165715
0.3165633460507629,23.30377468424111,0.598351946397122,15.592788426556906,0.15801067147716996,0.03837363337644196,True,-24.075858430377927,-18.25048705977936
0.3634638754616687,30.75317646063261,0.711148632963343,10.419616314678917,0.18779762260525973,0.06825094240384773,True,-20.72406181586944,-14.67725792626255
0.306852637213607,21.616313987281767,0.5912241911505962,17.49370012466446,0.15612839901292871,0.03379640595971038,True,-24.744638585527824,-18.984146313219387
0.16179615424350374,9.604016529622161,0.46632994616965084,14.01693228749998,0.12314676732959896,0.03326904465290986,True,-27.510467871862623,-22.605542353547058
0.483279761885939,44.52617636079363,1.036231279212164,15.95464203216297,0.2736443011840571,0.06494857591434673,True,-18.603274504124624,-12.300969221257944
0.2150031840124378,12.159580158354029,1.0750596653190154,14.061678398723748,0.28389796443034737,0.07645315408554564,True,-19.73128589620384,-14.545547681034325
0.33672885759098564,24.990769264942806,0.4761235115749399,8.537957308633407,0.12573301753762994,0.055765506240408755,True,-23.849568475943315,-17.965788792615005
0.39248100508263656,29.629035065808726,0.7953672263951843,5.572196326440549,0.21003777170004678,0.14273855043855843,True,-18.18503148926424,-12.166380622400958
0.44039120761775075,39.94540627623557,1.052468190621155,15.880821078978851,0.27793208747755604,0.06627290776635521,True,-18.564482259522034,-12.3327396837796
0.40162827838682796,24.07018647573804,0.7529297019973402,6.619435874335979,0.1988310199441468,0.11374529737745508,True,-19.260853859573416,-13.408213954329305
0.208186535974906,11.672737932085633,1.1048615137792472,10.31722851953801,0.2917679314536296,0.10708898341128548,True,-18.467146359462614,-13.328003097371127
0.17168762059779102,8.397372394279829,1.0240434686936069,12.525011138865313,0.2704257871715772,0.08175988486876337,True,-20.601473040079572,-15.869651082010702
0.0745693901054062,6.110419517498496,1.123646514157596,5.881810324466708,0.2967286080944503,0.19103752963327236,True,-18.56715912570961,-14.287601789632802
0.4202358780304711,27.198602461451234,0.5145745288005562,6.099008648329316,0.13588702654083204,0.08437019169361436,True,-22.231710024710193,-16.279578194881495
0.46363050696122665,33.06302936442598,0.6361251699742693,11.037039714156258,0.16798569112442122,0.05763548799759834,True,-21.801200414037865,-15.700976320618176
0.18716342220361354,11.182809814924124,0.8258646548424917,11.670491692204621,0.21809142503284254,0.070765197955981,True,-21.516325755817256,-16.426976576260056
0.38898836004998083,29.5102193525433,0.949400661889343,5.374593287815035,0.25071437803335983,0.17664604762592342,True,-16.60138976110664,-10.585804963750212
0.40152567032576736,34.21616369309626,1.1106251059623855,17.44421441705409,0.2932899605478139,0.06366724688253078,True,-18.642873403981287,-12.517963638459321
0.372412396503031,29.906195968231682,0.9598949754688143,9.806481785809101,0.253485679347526,0.09788372593093196,True,-17.952379678466876,-11.926645365258707
0.25712478643916653,20.159210992702327,0.41468480728888435,15.653777274592048,0.1095085012184605,0.026491037914661487,True,-27.494943831735455,-21.796656488865676
0.4537710452863998,28.981125996066325,0.9298365334245579,17.391712161615416,0.2455479519956402,0.05346434697078098,True,-20.37864510956114,-14.376934027709341
0.21875799235149956,16.739468946043644,0.7836929804627897,14.793044233592948,0.20695487801201823,0.05297712682310054,True,-22.05589093239996,-16.532979396787734
0.393535436838026,28.270718493907296,0.4128721834986787,11.585236063814177,0.10902982992149142,0.03563778771744336,True,-25.922105813959337,-19.939610730877895
0.39903253437164177,36.2841971973788,0.5413228887834456,13.59874340481968,0.14295063909738634,0.03980683160707257,True,-23.85108453552757,-17.684795324285087
0.28809540845863313,18.064961391501335,0.4043294584328301,5.350212713849936,0.10677389721829315,0.07557259497106619,True,-24.72823949118641,-19.13168993581985
0.2320537333743125,13.768795565844982,0.4756904592781245,8.124372799847714,0.12561865861456376,0.058551037845904964,True,-24.702781112812477,-19.380312405446844
0.17383460021582195,10.694027500496889,0.7825947623299099,14.059837108583185,0.20666486444115978,0.05566172326791433,True,-22.77095797064156,-17.734506967162346
0.08100594968278038,4.431127828984541,0.5914375691187164,14.235381141468812,0.15618474711411584,0.041547013265125096,True,-28.007110097558964,-24.25244588344264
0.32646578806671706,25.322346691642668,1.0198160913670367,18.14201440230776,0.269309436278126,0.05621294685100188,True,-19.925409658063035,-14.030817389747101
0.15591865280214115,8.878224016106545,0.6174880368612001,14.586180642005704,0.16306406274945312,0.04233377139749251,True,-25.4206841406724,-20.615848367746636
0.35229284780850745,32.04830751783977,0.7443087128565896,11.520281228792484,0.19655441954010414,0.06460855408601908,True,-20.625125831395493,-14.547680908579128
0.4657652670291253,33.410123720543176,0.7512194916385984,15.761153441183309,0.19837939362492252,0.047662723064143875,True,-21.66700905006357,-15.55922463426085
0.4616589825183669,34.31644267452649,0.7081844290746041,8.529991844490175,0.1870148460977626,0.08302287293885817,True,-19.991567901289592,-13.8645685263652
0.3636474985539044,32.721283371584505,0.9925510912713288,16.43947631259367,0.2621093912228892,0.0603760772179204,True,-19.43748429466946,-13.344817388501003
0.3948597397819115,36.03731637364194,0.7028223997702439,16.23132366561876,0.18559886031219966,0.043300374895423,True,-22.272047401978675,-16.11051604935312
0.372081507564687,33.661390454120834,0.9040342666368918,15.025677501632224,0.23873418039298833,0.060165957011834414,True,-19.864202176870126,-13.751015484105025
0.4441050232743429,32.03302273340621,0.9446279041112485,17.114411340151527,0.24945400499395456,0.05519488139770777,True,-20.052169000182353,-13.975075179425748
0.3112540718495672,21.613949962824314,0.990563208026206,8.205103943938159,0.26158443802724674,0.12072524794253499,True,-17.581804697444927,-11.821408412732978
0.42994249242027605,29.018956354986432,0.7995436195985302,17.43704700123659,0.21114065888606987,0.04585315504063438,True,-21.698617011577724,-15.695901805796526
0.43413753718089865,35.72663136590802,1.1248949801676558,13.274341411121258,0.29705829859475497,0.08474205576972862,True,-17.425288953755565,-11.269812794026562
0.39337263555107216,25.134152402511145,0.5192799257006216,14.821790716729382,0.13712961115716496,0.035034897983987144,True,-25.003161718878403,-19.114681062888124
0.4758010538309289,33.776369567113015,1.0695060915654273,13.109386057092522,0.2824313962622545,0.08158323257150527,True,-17.882869258342843,-11.767229971177235
0.12173376844428321,7.135435526864341,0.5323775954639226,18.04286492095259,0.14058839758971023,0.02950626731377288,True,-28.148611674502217,-23.64068757264147
0.20034342273728922,14.49981724849678,0.8679680154980847,9.258936217924678,0.22920993200636255,0.09374381625156429,True,-19.770526689148948,-14.393300123663282
0.09505109426919742,6.84789447458588,0.814275694776597,12.882734411183279,0.21503105333561603,0.06320674390909888,True,-23.27953700933117,-18.830701335220233
0.07584414443193001,4.463670344749258,0.8602313208685369,6.735781141908344,0.22716685297772463,0.1277106994341596,True,-22.338828235888748,-18.571379131070195
0.21539957818754701,13.87117115117226,1.0695926525628279,16.052367862832583,0.2824542549851271,0.0666314565989574,True,-20.019102293458012,-14.688716115697027
0.3435759874001461,21.85627454697946,0.4918697842695146,11.676073615333394,0.12989123769002345,0.0421263003706636,True,-24.78998872741191,-19.01983137996547
0.4397758268655441,31.693213327665493,0.40402339461899,10.101152852091673,0.10669307296589299,0.03999775080478341,True,-25.493886227265378,-19.4246613584359
0.400045387998429,38.68741582988348,0.6510088708624642,10.993735741640204,0.17191612635667858,0.05921634703267274,True,-21.405928430950986,-15.195657395911317
0.3486631753819427,24.56865485694336,0.9261007373004236,10.630658317186056,0.24456141613220628,0.08711602891076302,True,-18.79604406211439,-12.926333364074976
0.14671449922134538,7.881360238736123,0.4735615550288322,7.992767799505755,0.12505646508955431,0.05924875673957595,True,-26.001303186390587,-21.354807883594464
0.2832782288453716,16.23350694374155,1.0217282855403549,11.21376473025349,0.2698144017706594,0.09111376153486131,True,-18.784564195004556,-13.29201566362797
0.09938812019438406,5.893864683690691,0.5411739597613467,9.516184820961374,0.14291131044653801,0.05686879457924132,True,-26.26241188182904,-22.038220964890314
0.17041537458533013,11.411975772369553,0.4270264493032846,16.90621852643735,0.11276763850976289,0.025258543099718936,True,-28.602657160017586,-23.48963482196151
0.13197293491911155,6.92345368872624,0.7757792313462741,6.268302238189545,0.20486504305897443,0.12376225680693088,True,-21.505934757847683,-17.041232260124538
0.11363195988827723,5.851414379042565,0.6272874292610293,10.044170006692832,0.1656518517296491,0.06245288847590619,True,-25.18051952265289,-20.967524217389236
0.14561978101680623,8.632540664707799,0.45387086049762426,7.274935288100964,0.11985661593144188,0.06238830209802483,True,-25.874931860482345,-21.106673415480586
0.33810181379188425,29.68723856991833,1.0201782037388134,8.55131017259002,0.2694050616360097,0.11930080691130186,True,-17.005551589692114,-10.985405260572566
0.34530865583061887,22.78894310323904,0.9533381790617931,10.402037997704205,0.25175418367971564,0.09164917290940494,True,-18.578693079128186,-12.772378023168116
0.3520689275939234,29.005482766644857,0.4418310395830965,5.6801845052350135,0.11667718249160014,0.07778462815352088,True,-23.348039448921384,-17.34568165244876
0.13988994534043944,8.720038135465245,0.9608240763933187,16.97935598342515,0.25373103304251265,0.05658778091061007,True,-22.219477092084297,-17.43802288411039
0.1645344487988833,8.268231005651963,0.8503399177386841,14.10520919643347,0.2245547661284874,0.06028552330536822,True,-22.700963215218355,-17.989778059903337
0.16299584674358522,9.370084375308144,0.6799608055973687,12.31368611365043,0.17956165116122105,0.055219923532368834,True,-23.813792601367254,-18.939910546011525
0.17693851441969452,12.09645475206542,0.5246619018227597,5.543646454945634,0.13855086442800957,0.09464202057017813,True,-23.271170330839176,-18.091321425133962
0.26019505036404605,15.138133184154295,0.6823305043271787,12.058496886204583,0.18018743284330715,0.056585037983282384,True,-22.67663684043873,-17.254746010515618
0.25340692282943256,14.357199090459625,0.7320830080679971,17.070493306889787,0.1933258985424553,0.04288587300359519,True,-23.488180296978424,-18.12132101387511
0.260573977559622,14.976592832023693,0.7998933592286916,17.23678805952913,0.2112330168939894,0.0464061724531376,True,-22.677433915033177,-17.26658709187173
0.14547767841779147,8.782218245848213,0.8718657639030826,11.650665463017692,0.23023923565688337,0.07483398838208996,True,-21.619678961294817,-16.828961922665012
0.41736400836399,39.69593694373698,0.5909562633260261,18.170086374981306,0.1560576455780604,0.03252358030282804,True,-24.117841768157874,-17.890278388962734
0.3436265601552376,20.750146888397868,0.6032032259848071,15.239658225107565,0.15929178027908714,0.03958115182603116,True,-24.09075498438287,-18.366480937242745
0.22697116535513528,16.065647945049264,0.84966979085127,11.537828042249666,0.2243778013837535,0.07364209171257503,True,-20.50522742559957,-15.023054841178238
0.0973351258475155,6.713430662955443,0.9558391466798727,16.7346326807056,0.2524146303867999,0.057117426173442044,True,-22.951384514761997,-18.53141451453525
0.40209846447893394,38.898712497923164,0.61985648354634,15.118535091696987,0.16368951379599897,0.040999771458463695,True,-23.000562043766287,-16.78661416804269
0.16732848623766997,10.450522890700503,1.060849188559181,13.129559065770987,0.2801453118512883,0.08079853887285791,True,-19.924422280999707,-14.915637373608961
0.32694656258220633,18.5314027693069,1.092327360376934,15.698732148399799,0.2884579564340398,0.06958061008055844,True,-19.229121959106447,-13.608485698382129
0.12677438078095982,7.483019939572367,0.6703364687798862,12.584633031020019,0.17702009024174917,0.0532662706276429,True,-24.61919935465488,-20.044244035410628
0.1526484982188614,9.808800165072642,0.7311985742717406,7.02187574949936,0.19309234038514492,0.10413151704142203,True,-21.324795512350995,-16.39357115054774
0.17510454402546016,10.75592059683541,0.4933236647258794,16.155622528317046,0.13027517331276356,0.030535726114001356,True,-27.302526078457575,-22.259186655436164
0.4115685275786317,30.84661833168623,0.49878175364740585,12.262075752223181,0.13171652618320295,0.0406767796681548,True,-24.373012961019853,-18.323936126422208
0.47242206146627685,29.984176840419433,0.4248495154663027,14.420916291949556,0.11219276150064796,0.029460646387877168,True,-26.407194742414752,-20.379484587346532
0.42748522352047097,29.83199047724021,0.6710644691206878,13.110845698720063,0.17721233800392044,0.05118391937037288,True,-22.083950816727167,-16.06010363236369
0.42586424330910566,27.975583220067964,1.1115744626603277,18.230223145560757,0.2935406633160032,0.060974265305743514,True,-19.062075612718516,-13.08777065702871
0.4192749230683662,35.77809514865739,0.7131598617800239,8.209996051125028,0.188328740817094,0.08686482397056677,True,-19.77112757888341,-13.614643125405316
0.2792893938236765,19.91027959072796,1.0002898954558397,12.949575422142338,0.26415302733536095,0.07724499551896157,True,-19.14473008513787,-13.45772111496315
0.4319508028638111,31.005866254795485,0.6994922905728063,12.583309221174304,0.18471945682141502,0.05558889782313781,True,-21.523532135653,-15.470604556903478
0.14766497717576876,7.860935421163399,0.9643122155426587,12.182857123185077,0.2546521685255871,0.07915320731353612,True,-21.202715673605862,-16.559761742945312
0.14188125223473202,8.180565886878064,0.5636409885871922,15.610383918528559,0.14884432417239735,0.036106798623843285,True,-26.691789062979062,-21.9948777582896
0.3055049611669871,20.4121968624077,0.4816242358357272,13.269944055999954,0.12718562939807654,0.03629436822063787,True,-25.544732638378957,-19.835187260441028
0.3818735296192379,23.605812407704416,0.6726285217209094,9.854404356068564,0.17762536749780733,0.06825663910439088,True,-21.37700659168949,-15.54073618279592
0.4703250629813984,35.215852651359484,1.0045790792697038,5.971591071679756,0.26528569986797085,0.16822636835163007,True,-16.06083474238132,-9.915481598965064
0.20391050244760434,10.090381082215092,0.8159977685870989,11.817721053266805,0.21548581251333593,0.06904865708956046,True,-21.901526559654812,-16.935399256874955
0.21795805696446652,15.073522481873834,0.8921721940094348,8.753078237308074,0.2356016860938364,0.10192667880046437,True,-19.28548277601764,-13.867988743114788
0.07706015968138517,6.568380269232727,0.5247978175561516,5.0519604739415644,0.1385867565754771,0.1038800323682465,True,-24.733721881318836,-20.345833131631387
0.4123127003793339,26.219679076614483,0.4438777891489881,15.675254012203855,0.11721768089759596,0.02831710342961016,True,-26.524606720402694,-20.60175245045892
0.33845187555516687,24.382404408363023,0.8033330115813815,13.839787336064527,0.21214134815482869,0.058045184660316954,True,-20.994465108667242,-15.131073758007314
0.45481757866677225,45.84174304273818,1.0367955757555554,12.094273715690079,0.27379331862482986,0.08572615438746893,True,-17.52293830716226,-11.202293224157387
0.08384874463753422,6.654969412649611,0.9901336593719179,10.823010923277105,0.261471004333741,0.09148412270770534,True,-21.04652986434978,-16.63936942775702
0.283762293038737,22.0135436588104,0.7574658981343618,5.012856716559708,0.2000289226197858,0.15110463772724905,True,-18.887116973541147,-13.110707906647924
0.14321912907211437,10.398951525526646,1.1022094747827258,16.61609462980653,0.2910675903497906,0.06633384675154318,True,-20.508161605867894,-15.50535489378795
0.32738256215883527,23.625440518390093,1.0568061038697727,7.506992792537222,0.2790776283074155,0.1407762246582086,True,-16.645137724491747,-10.80816601313832
0.4812557695910612,42.355746603703984,0.9967812504364257,14.854762082897963,0.26322647673444644,0.067101798391238,True,-18.71493105673214,-12.444674046248776
0.2339758495518966,18.519971953271472,0.7647642183601592,12.797493613192586,0.2019562372821305,0.05975890603858435,True,-21.550136937782625,-15.93008048083953
0.2273072720503655,13.920376258177143,0.9814187809342874,8.612446337858538,0.2591696099753478,0.1139535437939593,True,-18.56026266033381,-13.226100903132377
0.36468487272749944,33.56958673771687,0.41410343844521785,8.661761214967115,0.10935497538484905,0.04780822608335896,True,-24.723929362308958,-18.61270966038812
0.3507136670049661,22.727699158423004,0.6332514028929356,12.373966250447294,0.1672267968500318,0.051176105549022716,True,-22.7465526324833,-16.942545906307977
0.11331315902427772,5.74862295872043,0.5435662451639397,5.717209676206488,0.14354305673750412,0.09507544343285475,True,-25.0349646008143,-20.849567485718822
0.14413483984578024,10.189064384695435,0.6130923950778226,16.177938839124096,0.16190327717175634,0.0378968174607722,True,-25.545493089486328,-20.567462358449518
0.17660702685322446,10.504677989506202,0.8185505436895575,7.2675079926875155,0.2161599403581578,0.11263152988798551,True,-20.26691218853387,-15.251894945940268
0.13606659707891525,7.049449912662909,0.6276748167796664,15.678665199887881,0.16575415165916432,0.040033689652621385,True,-26.199240844628086,-21.708624144307393
0.12110363504663632,5.8330212310095915,1.0611851189368235,5.113869981809264,0.28023402316051105,0.20751116526458518,True,-19.022212722404742,-14.814104515695476
0.17996388946929462,8.487508255140735,0.9367323948595306,14.967109397050919,0.2473689867600703,0.06258605920553384,True,-22.01759690656354,-17.271638667375814
0.3868770758525204,23.725845175368004,0.7886117064885608,16.586890879053517,0.20825379783140577,0.04754427530987415,True,-21.89406517190767,-16.05351918108524
0.2876923940552547,18.029550179579367,0.7261446235734261,9.067687120206706,0.19175771091120122,0.0800804674827458,True,-20.86582387153016,-15.271139505708556
0.3873155666421031,25.13488128697053,0.9477235633488983,14.924564436874862,0.2502714957663183,0.06350091939750754,True,-19.804130343583452,-13.915625889463708
0.25323394517680226,13.14122020310355,0.7586718148328542,14.266890646653325,0.20034737684797319,0.053177096090718315,True,-22.65373244898072,-17.381717574282902
0.19078158389782,11.951354787519291,0.44859608201468765,11.651476816708161,0.11846367103504644,0.03850122083849517,True,-26.66677152948227,-21.500628607712446
0.3063499971391826,18.290674835107552,1.1247595983512273,12.593272247948846,0.29702254744219586,0.08931432404587493,True,-18.160979401371,-12.552663615006638
0.35335494357273006,24.044321675442212,0.7524217990038191,5.7851278751546475,0.19869689471311047,0.13006139453463772,True,-19.007902758779263,-13.156162566886353
0.18132295327892262,12.660695761097408,1.0580404770271894,9.99759872131893,0.27940359721690305,0.105829460305405,True,-18.566722232539274,-13.335740071562858
0.08373968112878132,4.626421919208299,1.0346823541472365,10.040304776097345,0.27323526651633234,0.10305288307686375,True,-21.716521209553477,-17.887083725556053
0.1518608722566172,10.516128861728525,0.8547273020816949,6.567825499214856,0.22571337111045806,0.13013855227789964,True,-19.652188221686558,-14.635859076521955
0.23446813175789427,11.332320500435216,0.725048528187232,17.3857687929973,0.1914682579078001,0.04170356438187937,True,-24.130849497076277,-19.02597772792452
0.4840110238913921,48.78283441966303,1.051476958610325,18.238273738551676,0.2776703264244434,0.057652219375769934,True,-18.91551896805394,-12.55651450368883
0.14457052141168958,7.426102965495699,0.7050595819617932,15.828187565124548,0.18618964749427874,0.0445445556581162,True,-25.072850307764966,-20.508562822580814
0.12237392031571045,8.388352366057564,1.0919658778017534,12.32172856788901,0.2883624973906198,0.08862115991156196,True,-19.986812381369088,-15.256417023369362
0.15681379872228035,10.444982991550845,0.44429104116662965,5.03703610968155,0.11732681103277812,0.08820485529430093,True,-24.920894094171867,-19.912749346487903
0.2970597409467461,23.337004399007892,0.44269442482973725,14.362615781685605,0.11690518222217115,0.030822687980989933,True,-26.373916588384162,-20.54733615107346
0.07657828927818365,4.811936460368095,0.675703613358002,15.665729465576325,0.17843742685076266,0.043132598123999555,True,-26.878418873048933,-22.98203137230937
0.3808162038717093,35.936341045471856,0.42927917328502896,16.21662868664938,0.11336252991297714,0.02647154236431648,True,-26.553822110208113,-20.39425040610674
0.4181370539227568,26.678681639961713,0.8620509313407179,7.091461521757939,0.2276473692930261,0.12156181468316275,True,-18.10174868777358,-12.164973024693301
0.17101043899897594,9.356670209220164,0.5329501573591522,10.399768848160722,0.14073959771544262,0.05124634644676824,True,-25.339858702440058,-20.46779037740786
0.340858552274632,25.182556537233904,0.658127964170794,12.447040428804357,0.17379611140683374,0.05287425295476547,True,-22.286604411152208,-16.39654552135301
0.2518362324114501,13.761416508562686,0.6817516863222616,8.360710935284413,0.18003458062619523,0.08154231040868655,True,-21.66000960397938,-16.338114842580943
0.24184817346328424,13.644931901680739,0.6412929597124205,11.530122163080472,0.16935038281046808,0.05561892152069688,True,-23.253669877027427,-17.9408943379082
0.4581192055999612,41.71489148453455,0.8782868714142719,12.891805862800355,0.23193489907968892,0.06812752850619569,True,-19.2950417135064,-13.034708090420825
0.34076877794355775,26.601345811960744,0.8550267852006435,14.18567226603525,0.22579245755616292,0.06027397004284625,True,-20.425982255505794,-14.491527782753481
0.40819089948593956,38.312650541785565,0.7052799844320674,11.676972655126846,0.18624785060121762,0.06039921521289252,True,-20.93329154656326,-14.729614256232592
0.17912457390051614,10.050092394133975,0.6153412555242004,6.706684307048739,0.16249714830617856,0.09175044289433386,True,-22.65863345078818,-17.697413963203307
0.21188075091701208,10.691690294079562,0.8168149977619131,7.658336112020111,0.21570162351126224,0.10665697950758318,True,-20.380201054706525,-15.344011291646112
0.2126416804587748,11.593626945537334,0.9410516137225554,16.610656312220872,0.2485095908425219,0.05665348773908472,True,-21.635263153410772,-16.50395538432236
0.41767546135260925,34.21693148493432,0.6607652111130505,10.647225925563454,0.17449254627715752,0.06205984692468923,True,-21.30639284959824,-15.181467051099698
0.4584668252625958,43.29591095398141,0.9866231498485881,6.7431148993543895,0.2605439613612089,0.14631563670123002,True,-16.237360874974055,-9.952934623467424
0.37680080343373873,29.522589157132472,0.5158813442154404,9.249651849987847,0.1362321257461508,0.05577305530868367,True,-23.174905307828624,-17.15900047087849
0.16389738190024655,9.352861463785704,0.6567341012015799,13.48845604956657,0.17342802499040466,0.04868860444725866,True,-24.456984846272473,-19.58543218133295
0.33694860204713073,20.518151440589946,0.5276870614678646,11.380445764758901,0.13934973791664262,0.04636787278596058,True,-24.185288450753475,-18.47108766470673
0.18653039150752765,9.686057166137967,0.9974627681937219,5.226477053158039,0.26340644953992054,0.19084801445574445,True,-18.116620902226693,-13.201063864860556
0.30358110137859173,24.38859709396807,1.0032650305693842,14.31742113700919,0.2649386905221478,0.07007302648771281,True,-19.192510342758137,-13.328907757814857
0.08620734499156527,6.410152735143448,0.680554632488277,5.263474301716044,0.17971846687200568,0.12929760714636654,True,-22.600619746090594,-18.248904116501087
0.3937995406296927,32.92923730245577,0.4627386592506907,12.135080561992224,0.12219839294734962,0.0381323104438231,True,-24.906832704158425,-18.809553659444095
0.13732643816427112,10.205727540291207,0.5169688282814646,10.309314731180633,0.1365193047024956,0.05014579938256098,True,-25.36470595775253,-20.384681580187824
0.1440764353963186,9.693415250334178,0.942668389446275,6.5994497893738115,0.2489365432728953,0.14284045178495405,True,-19.005067845364657,-14.088563593549932
0.38165109040057404,29.993498939256295,1.065953138086482,10.354780319253042,0.28149314483963317,0.10294309538412072,True,-17.21886017151833,-11.190914315954064
0.2063631096581261,13.696552028425751,0.8376525163770013,12.288119880059332,0.2212043219283288,0.06816767125915742,True,-21.154705717474116,-15.837875245799587
0.3432207973053924,27.028006456687,0.46310145395020885,5.905695388878038,0.12229419849193653,0.07841607523854845,True,-23.09714483316927,-17.150004491966722
0.10218065764347016,7.233226163964998,1.1300976288502111,12.995735807083687,0.29843219570788443,0.08695911071339417,True,-20.300284793950958,-15.773036513509426
0.19186345895708057,13.274135850653828,0.5140369523546342,8.294661371680094,0.13574506524915092,0.06197202385014488,True,-24.161165172152433,-18.87817918938116
0.3724604051821083,34.1790400064527,0.5752344310091017,15.79932830451567,0.15190587955438986,0.036408790292983,True,-23.967918514479422,-17.843784586844684
0.08425094965790562,6.052900939925863,0.818879747924651,16.50294129209626,0.2162468754513809,0.04962023032323556,True,-24.573921453303136,-20.308792718977816
0.2508450663235098,12.80548657838226,0.4154480580499569,6.806731852442217,0.10971005778728044,0.0610348794481887,True,-25.56945695216895,-20.3258783960177
0.14233616027345436,7.8276767318977925,0.8695052845519182,17.811411116662384,0.22961588859579113,0.04881731598112995,True,-23.568623434759086,-18.931464374774542
0.09437237208044728,7.0672398938963585,0.8024873882345964,16.772348600031542,0.21191803892412117,0.04784585673547754,True,-24.322371806299934,-19.82814957289758
0.4438629482970739,42.01333058151746,0.5607952489165494,11.949162255853327,0.14809283127776396,0.0469317628222717,True,-22.90717279492278,-16.642190565016705
0.1737803618276001,10.188137712795156,0.5288209792902423,14.840449860432981,0.13964917893558254,0.03563375667608054,True,-26.49454821721551,-21.516628494112208
0.16997478267118327,10.59084222262036,0.6189008661726665,13.589455773070753,0.16343715773064546,0.04554272639814597,True,-24.702985444133496,-19.678146552296372
0.24160437187137473,16.21597328905257,1.020698085976188,11.692855539755925,0.26954235030350926,0.08729245670621652,True,-18.943104547091533,-13.451632594752304
0.11103893286522741,6.6678725638441065,0.592583504517077,8.239340877343654,0.1564873616921325,0.07192122687223067,True,-24.632839051788295,-20.222837556290347
0.15729205098712873,11.458653124614738,0.897843337436625,10.270279793526349,0.2370993016466384,0.08742150705597733,True,-20.294299332585275,-15.176538660346328
0.14105454347091156,9.254741421038156,0.4865665186417693,8.062093955751788,0.12849077000890777,0.06035237511647147,True,-25.365896492540827,-20.507732767381164
0.47260689582543697,32.32750015675223,0.6097822406688416,12.935943179879224,0.16102914327112208,0.047138599187518594,True,-22.766250111217975,-16.682434378183352
0.1989213637148134,13.284737819364286,0.6689724886123918,16.016208099148265,0.1766598951701946,0.041768468820529835,True,-24.17188739702653,-18.888033106529857
0.35782890599631856,29.822933850385166,0.5700799734743665,17.456060707925936,0.15054470858959532,0.03265799672749312,True,-24.606170601518606,-18.58255420316025
0.4670094297509433,47.90952447715205,0.9571755635165261,7.9681841157298825,0.2527675466311683,0.12012467955239375,True,-16.819835221322524,-10.47186201559445
0.20471498715498365,11.46319199546359,0.6952782412245534,17.15887864339947,0.1836066255334669,0.0405200278919163,True,-24.41757150713595,-19.299351560509415
0.13725224400466973,10.04145071857827,0.46023438435264824,6.871190415485948,0.12153707286543834,0.06698029839420472,True,-25.238630582766362,-20.27846746644566
0.24967743385530028,19.68004036306617,0.5785288140297038,16.801348156156777,0.1527758486024104,0.03443347573377346,True,-24.91871074731627,-19.242315861748217
0.24990646849890003,18.63854202887932,1.0222383186140882,14.103946088574501,0.26994908950576485,0.07247888726986809,True,-19.383118060831475,-13.757072336156114
0.15371753868508692,11.073426245998709,0.8010354650000695,17.428269056271084,0.21153462015762042,0.045961848673195624,True,-23.326207032798678,-18.24840421859415
0.29580018673673536,21.16190889706948,1.004755462191294,6.292711385030104,0.2653322784477605,0.15966971957136522,True,-16.838917319472525,-11.097158878959938
0.4750371048716818,34.6843970713603,0.7090612951389919,12.377845000044665,0.1872464057951342,0.057284712737672286,True,-21.21024049186942,-15.075648991900387
0.3523907852729194,23.785151799529498,1.1317070846535284,8.211968214951828,0.2988572151194971,0.13781191731757905,True,-16.286076258749326,-10.44342928134843
0.17007317198342137,12.215693706629153,0.6721071529067117,15.988597535864189,0.17748768626034386,0.04203665464710718,True,-24.296861234770684,-19.105924615742037
0.3786283542049498,25.42563375047281,0.7020621557628186,11.15756275575718,0.18539809775627739,0.06292253703888533,True,-21.32093426801305,-15.423015603045709
0.42390642978335813,37.62600620203152,0.7063539266556806,13.569352129892103,0.1865314534755838,0.052055095917191534,True,-21.49059185450338,-15.299242222513676
0.34201668740532054,30.320901154637784,0.46532030552346604,14.253403954059932,0.1228801449889934,0.032646258186692624,True,-25.55820247100211,-19.5220453156603
0.2061074475837793,11.952669055870112,0.6460240880707473,12.951340724004721,0.1705997624995378,0.04988086576035878,True,-23.88296739141005,-18.71669925458249
0.40966186602378,29.271193612941502,0.9848599251270022,6.9162488726711056,0.26007833519603885,0.14239798816647298,True,-16.7634184290143,-10.754056282941608
0.2894509891701498,24.472062846118916,0.5199806048563024,15.386619891608673,0.13731464403713775,0.03379433615175492,True,-25.173449608184967,-19.307007528600465
0.39554546554222514,23.877735959792556,0.9982541394982499,9.541264943662668,0.2636154320826684,0.10462492608606291,True,-17.826541879094638,-11.980630124730896
0.3668057498449443,24.88869134975647,0.8473010358713406,16.861329364920444,0.22375226892380704,0.050251140792856364,True,-21.267547350877862,-15.387138242353963
0.12494107710895737,9.053397879668282,0.8700672039406181,10.707433156729063,0.22976427828593776,0.08125824286783674,True,-21.264524260984707,-16.434482563447506
0.19580092257977738,10.89147013527382,1.0107616428240096,9.876624545857556,0.26691836944404296,0.10233877354869608,True,-19.248684963631717,-14.190456197133994
0.2960644556327714,19.39633526901081,0.7650037167213053,9.630304777273821,0.20201948316457516,0.07943712420468847,True,-20.483547884845006,-14.82048087112756
0.4146495086139458,30.636187203540313,1.0702560851632748,12.818091414782186,0.282629451926171,0.08349574445451567,True,-17.912368248369496,-11.868424241737944
0.42638126994706527,36.05609128244928,0.4204065906483377,5.546112496325261,0.11101948958595563,0.07580203086880953,True,-23.4789480042808,-17.31705316231808
0.17170337901651583,8.568235587680535,0.44279933643714786,9.74202729114219,0.11693288690940835,0.04545248367757678,True,-26.958206532238222,-22.19976891018924
0.3697485859398524,25.314087708891293,0.8791907893957491,6.8557971059441325,0.23217360255190714,0.12824049134030974,True,-17.922425267398783,-12.02809982993639
0.3933144850424987,35.33319652368558,0.6346687992569383,8.50262376287625,0.16760109788234887,0.0746438766381736,True,-20.900005949078736,-14.752308403794206
0.20405433348430985,14.548218909580218,0.5797915918201985,12.440670936485345,0.15310931850721135,0.04660452758378297,True,-24.278939345189436,-18.89822760324178
0.15770162938555754,11.347770613499849,0.7211429674383607,11.40546675438678,0.19043689120106516,0.06322783477151377,True,-22.580217308259307,-17.473758221949073
0.18583428709247404,13.177032166305843,0.46765858327113485,12.572068528802248,0.12349762912894478,0.03719822097690149,True,-26.37772755349159,-21.102741050906253
0.08283149128286808,5.127448861100196,0.6190791354717478,7.741744176942305,0.1634842344583493,0.079966364338877,True,-24.98450215294518,-20.982352479691485
0.33296840800791844,23.76168145610265,0.5753742974986802,16.998216203400432,0.15194281500361592,0.033849098670928696,True,-24.727006914680594,-18.88519048739868
0.452495391416917,31.30506652493791,1.118528720580389,10.443119766068188,0.29537711921823745,0.10710675982235841,True,-16.775866309158218,-10.715780807199945
0.31000607516798784,22.859722886103267,0.7502358831023677,8.176612541293458,0.19811964575209226,0.0917538747633611,True,-19.90207610498636,-14.093104446042506
0.4036824346716872,25.282900475843924,1.0370370358244925,6.7845750032541225,0.2738570825481486,0.1528521735447088,True,-16.465949752124203,-10.572633047147592
0.2736246515304813,14.876607199331463,0.8876169149250314,6.9192613980293,0.23439874406076278,0.1282820324114127,True,-18.71961172664816,-13.315686838164556
0.2134459303093344,15.517524499916728,1.0510846605205826,7.909201852132782,0.2775667297286314,0.1328938975349515,True,-17.515189316164783,-12.068014722324264
0.4124977426151619,29.038249764509615,0.9161652924872483,6.145417019116509,0.24193769891058256,0.14908106148652547,True,-17.149834317913523,-11.146607740818189
0.23855592573215417,17.889308887556318,0.4263577590667776,11.732893051085888,0.11259105315073313,0.036338672585728364,True,-26.367656101248382,-20.780410740805294
0.12636142490522362,8.175691272020591,0.5240207620110716,14.49260949253079,0.13838155448798917,0.036157792168563005,True,-27.03960253500545,-22.343491353418933
0.304763866224524,23.464197407589296,1.114120811162491,9.365747507224654,0.2942130940468873,0.11895695568379012,True,-16.838632971743948,-11.007447493522449
0.38503032679735893,25.03788352303532,1.1325585533258993,6.476512963085193,0.29908206796316744,0.17487165698289384,True,-15.612214383866457,-9.726885713739401
0.28621375004381094,21.621481318971153,1.0267774760070711,5.683312576515004,0.2711477741794331,0.18066531836555946,True,-16.43485297814061,-10.674150947002374
0.4803133362460997,33.92251919930639,1.0302922554690221,6.660685175824696,0.2720759447422952,0.15468262322448773,True,-16.104354862047543,-9.985615522313152
0.2952696052556912,18.149520785659355,0.4623371986594602,16.563864421844478,0.12209237665046295,0.027912399358312086,True,-26.94196392451753,-21.340981669467254
0.3309836716871634,20.979164101389838,0.9701416494428746,16.474467966762155,0.2561915848681781,0.05888758601492752,True,-20.250804411384227,-14.516744597845628
0.22859857352704832,18.08688718163336,0.5618680464721504,8.6222550863033,0.14837613187223894,0.0651648601030946,True,-22.93510029207382,-17.337398494333435
0.2328519654015691,17.305829965634498,0.875058188113853,8.685158803792254,0.23108227978203613,0.10075327439398933,True,-19.183589178495197,-13.628220076553516
0.10248236885995998,6.3907807861320025,0.44777996746378673,17.053824580614695,0.11824815438307161,0.02625686486612417,True,-29.76843232037648,-25.421233261570894
0.4646030232970356,31.467953744477075,0.9983943803572183,17.522366819448642,0.26365246639404244,0.05697828327900704,True,-19.686837815680573,-13.622897041625848
0.45229059968069524,28.61921965509684,0.7972464251959834,6.207750757347262,0.21053402389098771,0.12842758292967743,True,-18.395699465280742,-12.403691345619553
0.19575960290021943,13.295601068241833,0.6026780320695425,7.0189752776287015,0.1591530889224259,0.08586410526197948,True,-22.333899821318496,-17.04915685620972
0.0969155125344235,5.052623453491278,0.44448932072259667,17.11792056939377,0.11737917199853948,0.0259663151795042,True,-30.67382757458318,-26.695900642008446
0.10995041994602002,6.017706118357945,0.42607081896993676,9.442415906788879,0.11251527902206429,0.04512307265173542,True,-28.24415043739332,-23.987947569255766
0.2067247262763336,14.103690204358093,0.673768022960161,5.902584041511361,0.17792628296578128,0.11414797624594979,True,-20.888881929679695,-15.540821357264837
0.46457900443562855,31.409295136992558,0.3962372688295275,15.373679632552328,0.10463694033090003,0.02577374306607327,True,-27.201247215603715,-21.1386914532908
0.37051007886012416,34.26668249874447,0.7878157044577916,16.45254052361719,0.2080435924228057,0.04788413700163223,True,-21.3921976485218,-15.266234064664273
0.1321568654504754,10.148636496038398,0.6835123529494733,11.051032224533468,0.18049953125882595,0.061850543828119955,True,-23.18992410354429,-18.21674981582656
0.09815288962770308,7.322564805856713,0.9409464977903337,17.731241717115154,0.24848183219790926,0.053067151911988276,True,-23.055595621033547,-18.511017498600054
0.2756337407914654,21.254417958670416,0.7763316145636406,14.112074127288187,0.2050109144706317,0.05501187193046743,True,-21.567182591215225,-15.821563440774096
0.24228903034206611,16.89088517849573,1.131752344583902,15.227635687484042,0.29886916720226775,0.07432226300988513,True,-18.95982738921848,-13.428085056100418
0.35580927157122477,31.87599345153528,0.9731883180461491,7.517818151528519,0.25699613836661755,0.12945089897502787,True,-16.966949418412522,-10.893476796202863
0.31074458669808835,24.605086947891987,0.9613628818843274,12.733335662128333,0.25387331889608516,0.07549968895767245,True,-19.110913659340007,-13.23997494231929
0.2694174844057905,21.220779174683702,0.7725579223868815,6.854976420857413,0.2040143711512888,0.11270030339364039,True,-19.302084308545712,-13.557866204565974
0.2758978782369245,14.551648585884386,0.930624545704825,16.288598278388978,0.24575604749910934,0.05713349484096113,True,-21.193133588629713,-15.812175524449101
0.3029423072433318,22.066657069966592,0.640058309148898,9.011593134115449,0.16902434064455463,0.07102609933928451,True,-21.62262404895695,-15.844118184160752
0.181250510414995,11.595480247563762,0.39572144419245014,16.674437789288305,0.10450072318017488,0.02373222109153584,True,-29.174520114678216,-24.043027909511384
0.38946235074583657,29.133157652818827,0.8029022919223601,12.08770552659325,0.21202760522652336,0.06642305193123337,True,-20.258362098276997,-14.252627138133002
0.17074458535019715,12.759262623282606,0.7721525454634456,11.858283511826137,0.20390732064320716,0.06511503496213311,True,-21.87577284732678,-16.63619332830126
0.2308351794796622,17.442967452830583,0.8323808052660966,13.299784773383138,0.21981218705272018,0.06258603574788221,True,-21.057729840687323,-15.494730852721087
0.29992425570420145,20.417974750290114,1.0913281244095798,16.592225885907766,0.28819408172432015,0.06577346113257021,True,-19.298521282911864,-13.588721139116345
0.24618146189644585,13.973770347769928,0.8484417890704494,6.651077979120038,0.2240535150049241,0.12756455295427183,True,-19.141182527336998,-13.802945405850817
0.18749937897229502,14.177783611266392,0.7815384460157575,14.160687208565056,0.20638591615479332,0.05519071458220233,True,-22.21771454725191,-16.864109703299842
0.1901064142680829,10.630271429701713,0.6283931346486763,17.623467538537806,0.16594384250833719,0.03565661146278669,True,-25.57153092352436,-20.542235726137736
0.09330464998900434,7.480590327960861,0.4353124123507579,12.466896237635263,0.11495576640480834,0.03491746494501414,True,-28.33556755177056,-23.76106523341867
0.22047709086464123,10.539756895058458,0.8469339528949795,17.25106963021618,0.22365533094619716,0.049094576223350755,True,-22.913810033472224,-17.894780337481265
0.29296567151910885,24.216696426523367,0.5747087461926098,12.36298327630194,0.1517670585622641,0.04648625120234885,True,-23.49411584815744,-17.636405813865448
0.18139418556701128,11.200059558484396,0.9286359105132326,14.465164546421324,0.24523089573209547,0.06419808827843418,True,-21.288878591754514,-16.197723341479623
0.421227907163104,30.28441528107382,0.9118540252517063,16.94484018476178,0.2407991946658694,0.05381307910308425,True,-20.388937843459793,-14.353689384089087
0.14665062785852126,7.17640088512245,0.4130937856607027,9.765380189433598,0.109088349838796,0.04230186410025093,True,-28.06477582672761,-23.548710775204604
0.3313524361710908,20.774397339031694,0.8476328945127771,11.586456074704957,0.22383990498329448,0.07315721813879673,True,-20.112871744094193,-14.387554124760268
0.23405774747467234,12.261271531953224,1.0113699509547311,7.154312900325648,0.2670790093095587,0.14136507097819218,True,-18.049823775428273,-12.854689957581867
0.1364622323472706,9.488342593781137,0.9714175748992394,12.245087363253539,0.2565285267622072,0.07933120818838586,True,-20.664006736440097,-15.77429437605012
0.3629575346172021,24.685341058284738,0.4529044199103859,18.178361924945566,0.11960140171002615,0.02491447919126751,True,-27.019311102911864,-21.145676507527984
0.1929884132239476,14.310818936894131,0.5497703016839421,16.161928352157492,0.14518140210014674,0.03401638032942722,True,-25.766164159077046,-20.40270833065901
0.19430922285693536,10.090138779100593,1.134470825326797,12.430380552226213,0.2995870540081335,0.09126597697957199,True,-19.222263992382388,-14.256166122041607
0.25913367715983593,20.8753651101296,0.4449601682791896,5.199314671320377,0.11750351176049499,0.0855805421306018,True,-23.62843221515291,-17.898788466985877
0.2035707549616127,14.254230581882107,0.5915464084639781,16.277182314204154,0.1562134890245107,0.03634206443382832,True,-25.165519704754825,-19.806237967692116
0.23846873901295096,14.023240236127604,0.6610056206269721,9.7970447399776,0.1745560327736133,0.0674698991553736,True,-22.381742242306405,-17.039749202070354
0.46995348384496677,40.82649735045567,0.40738180086473513,18.028864718127615,0.10757994904138436,0.02259608728746641,True,-27.2873285998254,-21.041124211503792
0.4546646359060723,37.19923687783453,0.733822855386107,17.774471622752053,0.19378535128537303,0.04128521347699493,True,-22.220930516559356,-16.037408882333605
0.295416594752084,24.96248667169991,0.8366909823633613,6.337364495296095,0.22095040341756228,0.13202506862030655,True,-18.201394299932794,-12.318546500503915
0.21840535194108435,10.622098883530729,0.4334566510704054,6.509956020521306,0.11446570351159728,0.06658365274727229,True,-25.50775383634237,-20.479380354114905
0.36761178268120737,25.79245608229617,1.108594741804867,9.945046837793988,0.2927537891426661,0.11147204833585032,True,-16.942519070304193,-11.032942981689427
0.47210294157859606,38.62937187668507,0.625166182106561,18.208533946232116,0.1650916802632324,0.03433369122152343,True,-23.66736056809883,-17.458104688769588
0.3096170228861918,21.279953352182844,0.5952048034596183,15.116916146220817,0.15717958507094384,0.039373427602720265,True,-24.136640695461388,-18.389960138258047
0.2691579295559715,13.57535508184055,0.6241478059992894,15.108525296016454,0.16482275109287503,0.041310968064093824,True,-24.504187261448177,-19.196912228175123
0.24885272076150716,20.19652427230296,0.5354793866352111,13.65204444825418,0.14140750766148052,0.03922338435571736,True,-24.74707239949527,-19.04711180910537
0.30057779972249427,25.273021155650486,0.7396505074868451,5.933169373965172,0.19532429709664278,0.12466364279645237,True,-19.129777059527463,-13.236780270751263
0.33498582470242255,21.91665724862624,0.8357413975772474,12.400205322855712,0.22069964041665313,0.06739738381886566,True,-20.398381131330737,-14.625815805860949
0.3655496266072872,21.27583305638793,0.8579554196835224,9.577430031124383,0.22656584102042227,0.0895809645066965,True,-19.324843251672853,-13.578333834655611
0.06995608879299889,4.770073686418009,0.9856942843980954,11.94524110112711,0.26029866984936867,0.08251773874242596,True,-22.614389636405964,-18.732782910361713
0.18210928955765537,12.962871166543625,0.9849879728495687,8.431197273092277,0.26011214958695994,0.11682658357349865,True,-18.607747804174316,-13.350707213961439
0.35042500133469995,31.83575733111819,0.8656137987498305,6.6254864396331765,0.22858823875135717,0.13064909371360145,True,-17.681819545017543,-11.609278960783948
0.37748847779246336,31.87455230093151,0.5549375998955561,12.49858980261604,0.14654596398559935,0.04440001701467184,True,-23.47551488002498,-17.402075611463932
0.09391845102475403,7.4992787352076515,0.5023734907411308,12.450688618960116,0.13266501944601633,0.040349052660116166,True,-27.079111503925688,-22.501130144624206
0.2626641659232132,19.32594848175039,0.921425593464269,7.943250920761514,0.2433268206382813,0.11600106841090858,True,-18.29379617632822,-12.634079388832504
0.3896926565251489,36.99885170727465,0.7684233246211363,11.089914620881025,0.202922521157005,0.06929028318886099,True,-20.045753052613485,-13.86595214399647
0.46359496883484824,35.05890196467837,1.114848071702427,8.065067503675273,0.29440514644505533,0.1382317099260964,True,-15.86356312366978,-9.72136347389375
0.36073228775208555,30.011792635339596,0.9752044388154222,8.830898481363727,0.25752854842803724,0.11043094209195625,True,-17.479896506125797,-11.451488420146589
0.16877783117154255,11.126181864595228,0.5084025540441515,10.311868474929824,0.13425715321716042,0.04930266083980588,True,-25.312802769820646,-20.229410820866907
0.15075347156435875,7.3237967048124375,0.719853220723295,16.118157188769487,0.1900962994377892,0.044661012564442604,True,-25.00395217283615,-20.459137205812
0.4562714312048547,43.85152792832479,0.9370895301486765,8.259332525757891,0.24746329778752815,0.11345826399726987,True,-17.194673075968367,-10.902081840169767
0.27486929178470565,19.865186454579405,0.8974079341821555,9.81408787273131,0.23698432189096724,0.09144078857044127,True,-19.120254389917292,-13.435310240170484
0.08264997196801332,7.225070950844476,0.8440750638566953,9.392578591314074,0.22290036561293797,0.08986616993945265,True,-21.712907756623004,-17.187256679840015
0.14524269679025195,10.770687981983743,0.5300826193565444,8.000262353961213,0.13998234839419177,0.066258154533405,True,-24.238100458797653,-19.19312588902467
0.16782013299539097,9.870301137067933,0.5416380097868011,11.746953606960874,0.1430338551404469,0.04610880641137831,True,-25.492287636779846,-20.553318359710797
0.384935395357473,22.304058850356487,0.46426432807185425,7.513366897451618,0.1226012861882514,0.06179178182145255,True,-23.87619067140421,-18.08840107171081
0.33581950664858407,19.483549621087498,0.9281143414368085,10.529515321498998,0.24509316161008965,0.08814407055772067,True,-19.09349938457619,-13.426305439630212
0.3418674901698419,22.230313961936687,0.746203535108448,7.9492885047238895,0.19705479751689325,0.09387048094493164,True,-19.910978013241436,-14.126056911830036
0.4303514732795069,37.80443621423845,0.8066334104356192,8.667258933759385,0.21301290584297644,0.09306672577805929,True,-18.79753469399802,-12.602950355141079
0.11366952016452322,6.690829910778578,1.0335728330542846,6.67959637092082,0.2729422680996462,0.15473582169633412,True,-19.252939315477,-14.837902406783193
0.47883799030347013,31.10577166915309,0.7401621925712161,17.541431649428176,0.1954594210888904,0.0421950846067541,True,-22.3049809983863,-16.249652231895844
0.43283460450270267,32.60700152863222,0.4470508776938592,13.000758055892257,0.11805561892829944,0.03438652390667673,True,-25.470689917452596,-19.380575776682083
0.28952736250703315,21.634616815548135,0.9582131510763723,11.558680215901102,0.25304154909415827,0.08289987552023223,True,-18.977191279634635,-13.215956361623594
0.2881692478101904,16.201887512179418,1.0086576529842834,17.57344587052932,0.2663627552284328,0.05739669160024005,True,-20.596765355969463,-15.106159495045095
0.3510126210731692,29.66339870083826,0.5613116866689923,6.444904508339789,0.14822921033783223,0.08709387174668728,True,-21.473205873228387,-15.453671563920624
0.16638498261235288,8.238987817710967,0.7854995811629111,15.83630887632699,0.2074319587526027,0.049601178361525916,True,-23.845698483603503,-19.13925058920183
0.22717476523430952,11.291966531030129,0.6552563511627754,13.975444816231693,0.17303778597252747,0.04688626085101291,True,-24.168347278320354,-19.067636091691238
0.24826302119981558,16.544966810448386,0.7345114276314302,14.338183300983072,0.19396718701516247,0.051227649431784684,True,-22.519710485470092,-17.00831281873058
0.17673376720223272,9.151506706477658,0.39867112621441675,14.101348936241683,0.10527966480431687,0.028271843212800556,True,-29.014729986287314,-24.17087450170929
0.2914578786684547,24.628310249620466,0.4537971353902797,16.939572796750056,0.11983714686514003,0.026789172361970245,True,-26.724157950924543,-20.852437815864484
0.11813894413555985,7.793503052854046,0.9288795328945031,11.31933995353345,0.24529523067122824,0.08206128066721272,True,-21.28943768850798,-16.658269767186226
0.36384914451104083,30.419765168183506,0.5492734640400567,11.469777995538788,0.14505019896761215,0.047888761600590586,True,-23.313378441532116,-17.274766982384257
0.3719896638461119,23.75918586449221,0.8598797542496646,6.090567088267267,0.22707401250507056,0.14118221534840616,True,-17.95641452183873,-12.114686476345886
0.17160635255246326,8.513867997983608,0.7479876804578918,10.292460733999777,0.19752594832767606,0.07267335769249172,True,-22.6029028866187,-17.852851146939983
0.10013334752535506,5.051438136165018,0.5030752041703881,12.962028667737947,0.13285032545330708,0.038811455912184906,True,-28.52944017722708,-24.551901092378667
0.1573639666945314,11.623577726204728,0.4570075937261314,7.87899631865311,0.12068495337843368,0.05800327544819255,True,-25.314837354714555,-20.180554129790977
0.15825054821902335,10.33036109524316,0.6716329647072719,12.267394405342179,0.17736246431320854,0.05474943924642959,True,-23.67205782432757,-18.67726836926327
0.18637983058208343,14.334771504860507,0.8478105876606269,5.8022228159403735,0.22388682956301328,0.1461182402942968,True,-18.83253539722061,-13.467319911597064
0.4785612210563124,35.18018004030444,0.5831164422206465,15.502752649280355,0.153987333273436,0.037613735793411825,True,-23.742103079224922,-17.59746488489509
0.22879113531094952,16.61300677747729,0.9275881053499029,14.56776206175243,0.2449541950404175,0.06367402909368487,True,-20.5460921736665,-15.03064470426753
0.2489420135702493,15.366889913497031,0.7559861808567265,17.152075143337235,0.1996381641004171,0.04407549375449134,True,-23.10058697735187,-17.66334356498777
0.2459850434466544,18.878258515366017,0.898025493211656,10.392927055321024,0.23714740470120252,0.08640736997686137,True,-19.38662988331016,-13.748641630972816
0.13081372946209535,9.850710453255376,0.7005851945891259,9.25449422176111,0.1850080670591164,0.07570215916735491,True,-22.457683838290098,-17.521174122429755
0.12906761474186845,6.305042621721489,0.42868349935973615,11.852146357070328,0.11320522644386717,0.03616927149266998,True,-28.809380046193343,-24.482408759583834
0.13410394826001387,8.097140888861462,0.7092505625196689,16.36645834756412,0.18729638685743305,0.043335616506501494,True,-24.908940804403695,-20.225817893157156
0.26812301761655144,19.763972551463652,0.9046574225204072,12.956024157147194,0.23889874120069038,0.06982523431166596,True,-20.03112018504516,-14.3508353511378
0.29941043904479625,15.769121246197171,0.48973695520535454,5.450814077647837,0.12932800771374744,0.08984657121467778,True,-23.325640672237682,-17.862184165932412
0.32225869646282457,22.041920039346014,0.7028735110546231,7.697686760270999,0.18561235759989708,0.09130970549259895,True,-20.35565504222113,-14.57812483180248
0.42453225325854077,26.148672485719082,0.39938693828551763,16.28626684102271,0.10546869393121644,0.024522927334060418,True,-27.595379287412207,-21.674710143628616
0.08156312509950568,7.010824222379198,0.5322075969789619,9.49060788722943,0.14054350498942625,0.05607729276173141,True,-25.841847807555908,-21.35910449846378
0.16209192769701214,8.14789375712388,0.6020116269219865,17.968714636666192,0.1589771070016263,0.0335033216952284,True,-26.68649206945016,-21.994956686558666
0.18664716520741315,9.59559305086767,0.9533491882897697,10.522161615211928,0.2517570909578076,0.0906039294161296,True,-20.26594993711049,-15.362123372332528
0.09455620479449497,7.0327056029859225,0.5516152821211775,16.769290906224132,0.14566861802633393,0.032894371336622145,True,-27.592406832745134,-23.10519565915496
0.30303162587859356,19.642659296454333,0.6671206216099499,10.14457544945078,0.17617086066415816,0.06576131499382434,True,-21.823139488675558,-16.148484789526666
0.28968284960530466,20.87063740523355,1.0894730463700542,16.030636310533712,0.2877041992589367,0.06796193396603745,True,-19.143883469805058,-13.414441613463165
0.1816320624657637,13.407967378379862,1.016610865250062,12.920984355958584,0.2684630114707382,0.07867905704732522,True,-19.699225663958117,-14.405351298945172
0.1726873891932349,11.737963826645736,0.45128401068103186,8.700573291002762,0.119173489756301,0.05186830747666977,True,-25.688523311197976,-20.54297689674277
0.0750640759424847,5.8853532771282095,0.5876243098420708,18.030098879597652,0.15517775505459738,0.032591297128548184,True,-27.90299619069239,-23.68104075162571
0.26079500385569776,13.968565375368382,0.6670631744373363,9.868148182934032,0.17615569021744398,0.06759760413721339,True,-22.33373803747257,-16.995897206097258
0.45054154083076975,37.23210886289208,0.8253430667925763,9.285744537168366,0.21795368590038397,0.08888280993397432,True,-18.82737547751326,-12.643246260205828
0.2889594210340832,22.510625660575673,0.9685254955640245,12.017812392422826,0.2557647966524045,0.0805908316703858,True,-18.964160630191994,-13.168408490410421
0.3474125577205879,31.208730208404376,0.8703801075468425,6.363755414558751,0.22984690876658526,0.1367714581794927,True,-17.573197475133657,-11.515405812180594
0.23670419322958458,11.697059149330702,0.4330602863953346,11.647551268239328,0.11436103292627559,0.03718037177275263,True,-27.01792970942607,-21.876392870084622
0.13118135343443732,9.953617352617465,0.6827481184117681,11.921166189348902,0.18029771489774288,0.05727192353226121,True,-23.513850309993074,-18.564498541891815
0.32813074377094453,20.812609144496335,0.839878851298827,10.16608011687206,0.2217922446016801,0.08261580094228535,True,-19.73905161057035,-14.012093181682562
0.33246129222842713,24.74144734555482,1.098726775005776,14.997708831672375,0.29014789127699103,0.0732596416784322,True,-18.560883610768116,-12.685371821563546
0.21976505690838882,17.384609387636253,0.5196647492432853,6.9562510505024315,0.1372312340009489,0.074704714575497,True,-23.103185998015952,-17.54342326505992
0.30270043396217167,23.274361924762044,0.7676861118451633,15.746254279738524,0.20272784060744808,0.048753570100349676,True,-21.951331893253148,-16.127032789644137
0.21428206708507358,16.698522758802937,0.6285190136001543,13.610138685527728,0.16597708417783896,0.04618020639778541,True,-23.659685531690258,-18.13918181415576
0.20708560889137395,12.007095791239934,1.1178962990265233,6.011015938910586,0.2952101115649914,0.18597460236133173,True,-16.85003171672853,-11.678595442496324
0.41561942500122906,32.37994533506685,0.8018788589920651,14.424572021739305,0.2117573406681786,0.055591171632929676,True,-20.795485992238323,-14.71048242835025
0.38244513888856835,22.509486998754227,0.9004594399283792,16.306671716677208,0.2377901527650549,0.05522030832370646,True,-20.75169294165251,-14.955984404345283
0.27843909368572956,21.880488771421543,1.0890534676095274,10.454006917992796,0.2875933983798093,0.10417569800294615,True,-17.499954375804908,-11.728830246289277
0.30081752836110737,16.37618316846328,1.0610467065274662,7.901849458188515,0.28019747169966097,0.13427827398406417,True,-17.333779383264826,-11.832532224897847
0.31017684565921944,19.023091835210824,1.0095168103624466,6.60386082503314,0.2665896384784089,0.15286766894536735,True,-17.066971120634097,-11.421872787181442
0.20593284429285996,13.844939618850649,0.6536468193937752,6.9806102215637935,0.17261274650016523,0.09363748993957516,True,-21.535601003928054,-16.207235486058252
0.40149206185577424,28.433717518795994,0.9488859968390837,5.346643863110634,0.2505784671022315,0.1774732002230329,True,-16.647085477306636,-10.660119988073369
0.08799155951987264,6.610641269652539,1.016160764077989,17.229883989040353,0.2683441503408293,0.05897664573507008,True,-22.583628707054977,-18.18628899676585
0.22433797726138116,16.786909160714316,0.45787470096375515,15.149426281582224,0.12091393599925515,0.03022389709374091,True,-26.810755610090176,-21.285064962267345
0.3096306525307163,23.80909479264352,1.1348748665070967,7.857711216076577,0.29969375177787927,0.14442817193194707,True,-16.136953969741246,-10.293460936296672
0.4347505827369421,27.529501745241436,0.8427004230933257,17.893954783219677,0.22253735532882707,0.0470941406358968,True,-21.414007421803394,-15.452321799831951
0.1473077633020797,10.498966366638712,0.518192992596453,14.880047325867764,0.13684257769688363,0.03482468712956418,True,-26.610999474758227,-21.59663736774755
0.12355326575162032,9.603751739880487,0.7589803815453329,13.680603675641287,0.20042886205701754,0.055478573865619656,True,-23.18801217342624,-18.283121179380334
0.12744626394828754,6.766844302703293,1.0819339268311827,16.515230409916686,0.2857132951633509,0.0655112826147147,True,-21.798413406827443,-17.3668786832928
0.2930197224134954,23.97553503914069,0.8389075035349746,7.132260462164138,0.22153573451037284,0.1176215462103897,True,-18.50033466586497,-12.650994057691838
0.4318024229311867,42.734733345184395,0.5906059225124674,5.1622008717333605,0.15596512881174987,0.11440971345118425,True,-20.246238901026167,-13.970215619748023
0.30974164169705676,22.783850006599675,1.1136851242849712,11.994107580994243,0.2940980393930414,0.09285268760217782,True,-17.726228700016552,-11.920105264816046
0.1460389293598333,9.126288807623808,0.8049546889559941,17.59870183424006,0.21256959499588066,0.04573943558665634,True,-23.782531693339752,-18.942206577776673
0.3996459480722742,26.437254098297846,0.5806325030530174,6.126863722343513,0.15333138337948343,0.09476830714147606,True,-21.229398361210926,-15.299901509347407
0.37523240513606976,25.69579113979595,1.0558088730817805,10.389688054254494,0.27881428311838896,0.1016208443957502,True,-17.517227562488266,-11.610700057507227
0.38231597367791287,35.86331493109535,0.41405121958447877,5.751223329142729,0.10934118561229321,0.07199359090897914,True,-23.67392884639429,-17.515779364889223
0.39654532456408864,30.908678937683813,0.7219289685938275,17.350795472643,0.19064445561379076,0.04160783116440356,True,-22.48601198666046,-16.43543105588175
0.10106022104737891,6.572253018941876,0.932879070777087,16.17905645790152,0.24635141452795462,0.057659670896412996,True,-23.09618676452684,-18.707428319717472
0.4462707282493319,41.0938089414671,0.5059476866904322,6.20861867316072,0.13360888050528205,0.08149118400161971,True,-21.919436946669503,-15.66893447490367
0.08699249306942773,6.789499398754702,0.8301101328078302,11.998305468598467,0.2192125558791345,0.06918561416696421,True,-22.87899379614592,-18.442593358692548
0.2596376223816946,19.150828232434964,0.42841568359602744,6.762210851569596,0.11313450260163586,0.06335438113358838,True,-24.553754124297335,-18.902449495840795
0.22598546806137532,15.283258903274652,1.1129380519193848,7.374997721807698,0.2939007551578365,0.1509069011138068,True,-16.860782566715148,-11.42911354135669
0.12271342496936286,9.15773557425697,0.7811422073187293,6.675770024482429,0.20628127883730873,0.11701155139467093,True,-20.803717925843884,-15.958992579741459
0.2534742551187294,20.240288507733247,1.0969922955763316,16.13248882045547,0.28968985606717834,0.06799894968378227,True,-19.156709595247463,-13.454792150562053
0.3686484123671225,33.20280695512786,0.8634960083579033,9.478095541932039,0.2280289801345995,0.0911043789902424,True,-18.63288338934408,-12.529600905550835
0.14134293667147307,7.213355753050206,0.43496720699552976,15.711827840187683,0.11486460579221978,0.027684061423010976,True,-29.324532641558573,-24.80118051677219
0.13242365638523276,7.794134686598403,0.6521055199819028,9.682973338814229,0.1722057255880018,0.06734558664619429,True,-23.833627717699713,-19.20234872079368
0.159499798164257,10.206641563443828,0.7000919858057241,11.106833442616564,0.1848778222232585,0.06303254563262771,True,-22.985852530316222,-18.005718930404257
0.4558738751810363,31.825472549890897,0.7770857292917972,10.96200288183487,0.20521005842810408,0.07088902800595917,True,-20.085225644474566,-14.012923573285267
0.20983335452706353,12.993015602936781,1.0755063266055604,8.777698919625294,0.28401591716741925,0.12252713797245077,True,-17.959227933075674,-12.699635681157755
0.4721601217035667,33.553141729259174,0.8945476611399903,6.8673909086637845,0.23622899107484488,0.13026019241331438,True,-17.41372043765883,-11.302853911841765
0.42382531373172244,36.67971770929277,1.074269646566391,12.141732223361203,0.28368933906473537,0.08847746160135628,True,-17.46728037095234,-11.29346593967825
0.19750162275919841,14.584818505617307,0.4324704933823486,17.853520428114066,0.11420528246774427,0.024223261463959467,True,-28.208906366655405,-22.825570311213248
0.15939375016635254,11.104225366229862,0.6584335623591583,10.461310564754722,0.17387681269850064,0.06293987338235532,True,-23.119658411145124,-18.038587990292
0.28664140583022757,23.01148749516018,0.8051395488164508,5.743808979262921,0.21261841213578608,0.14017519588887356,True,-18.471311991260887,-12.656683955558545
0.3647967524057835,29.52409096164238,0.7936428339237902,8.178574724511659,0.20958240021853694,0.09703925936449502,True,-19.064136369457092,-13.048192690076135
0.12844403503447105,6.548575714285567,0.9425159787603762,10.210003736812789,0.24889629519655132,0.09231299057825783,True,-21.327449914855514,-16.944020137088675
0.12041426499203647,8.72954303367396,0.8085432194991211,6.17396371293154,0.21351724148412238,0.13096015090040206,True,-20.46469891254722,-15.681822664218581
0.3497189808113447,20.260865830351975,1.1285714511171787,10.476424204398228,0.29802916807533136,0.10772487149225785,True,-17.31572721026272,-11.612891789289353
0.48323673581362014,50.28203290186214,1.0477277250330275,7.810787594919583,0.2766802420457751,0.13413855034471905,True,-15.932847494938624,-9.555561525762906
0.14894503849835392,7.989802090045162,0.9238104043918361,7.728837244460393,0.24395659309624676,0.11952773427257415,True,-20.067360094105844,-15.402280283184355
0.12104129459430209,6.69823946024623,1.0710067529250433,5.15674727899589,0.282827685620918,0.20769037049525285,True,-18.49865549295711,-14.081998667929446
0.27621790725854783,15.225031439051122,0.4613933536429006,17.390591495418455,0.12184312938765221,0.02653120532239829,True,-27.461421495811017,-22.033659576687313
0.3680181174882951,29.968086822120476,0.6436072822961437,9.96531837952207,0.16996154095522018,0.06458471849918063,True,-21.47452720809075,-15.447224123953553
0.2620104340771772,19.180958770831378,0.8342516947993197,6.975473974116544,0.2203062449615884,0.11959785068296798,True,-18.834565327254975,-13.18180544953422
0.1854994598161415,8.781120636603479,1.0563165644919636,6.626556637111549,0.2789483524752437,0.1594065549181515,True,-18.273478460956007,-13.48292411545353
0.2737596462646419,19.82497385259837,0.48629207793415286,15.22358567375749,0.12841829667485702,0.031943333742485265,True,-26.029530502149434,-20.346433404318507
0.2002809444405732,11.372884401910051,0.6722413555538858,10.850640471852214,0.17752312602204542,0.06195407149446668,True,-23.01127758108587,-17.90224495475424
0.3202634078261169,27.779320847237788,0.6862655590918203,15.901994993496626,0.1812265882256944,0.043155941086164315,True,-22.718740072179852,-16.749951084158315
0.3248806063722465,21.688069588077592,0.7041274056895123,10.159023634067749,0.18594348167229868,0.06931053918688192,True,-21.205084144349353,-15.44168553911578
0.3179108989428598,20.908316160921295,0.8121006042070702,13.857805216079848,0.21445666309006897,0.05860239709999333,True,-21.132228084046886,-15.401179025493368
0.14420108326256248,9.523782786234264,0.6401113085447636,15.333021168359407,0.1690383365380735,0.041747239602438625,True,-25.124123166712742,-20.229721670631754
0.07412388711308314,4.84346052184046,0.9030279395739795,8.821629337762118,0.23846843309176557,0.10236520998546747,True,-22.301745551012907,-18.394348826313603
0.16847666333353045,10.468377087700468,0.7727390132772196,7.161511107334839,0.2040621929948593,0.10790167070826409,True,-20.73872042604559,-15.727875694765125
0.27010310310184693,21.69476270341179,0.6432515165962533,12.936975949045845,0.16986759160406203,0.04972193804253735,True,-22.843230450599904,-17.079561460665673
0.4808480673217329,47.7807820240137,0.9265718676804663,11.603791351020933,0.24468583058118082,0.07985078666542415,True,-18.309519494599524,-11.96319729937482
0.28249405604275685,21.58903823846016,0.8553031231759483,12.29204922370747,0.2258654319139727,0.06958181728774233,True,-20.18823290356178,-14.428849043754274
0.2615260956610884,19.55076072345039,0.894903682773585,17.148572637111116,0.23632300801207293,0.05218531604414293,True,-21.221264043920513,-15.550907844972164
0.4382006217165673,28.318643637058617,0.9400020007997238,12.661983931557725,0.248232412764091,0.07423812933903173,True,-19.094866939988517,-13.111053596218436
0.1111601388622073,7.5434275323527515,0.40829958149104395,14.001077770671666,0.1078223133119529,0.029162010823646528,True,-29.30024129337521,-24.71409026033099
0.08273432595870304,4.771654311449086,0.7426728706004873,15.989420834595718,0.1961224320871112,0.046447765574697576,True,-26.17119528836077,-22.289027103983663
0.2567545013539983,12.78097251064319,0.9745668042102124,9.11878777356641,0.25736016413057994,0.10687460092396181,True,-18.965798130995694,-13.724337807377996
0.2581893804111488,18.361137120834613,0.745322390529475,8.943494359166307,0.19682210796448127,0.08333682122419903,True,-20.566484105808016,-14.954537964498531
0.16404535702999382,9.934935589852815,0.6448250395182291,12.568339967176392,0.1702831219871137,0.051305505834681506,True,-24.206591481043972,-19.259556889142914
0.3593338407797351,29.19007261408596,1.041091070684294,14.517364080326331,0.27492765777439504,0.07171350562841926,True,-18.68180221813404,-12.67456868658128
0.20878984091024677,13.416411447386842,0.6086731600180242,10.731210408496676,0.16073626116484133,0.05671989802157766,True,-23.49007397631736,-18.195517850880623
0.38461559810886137,24.668548409612907,1.0518871688809859,5.300417280636135,0.27777865330581186,0.19845365245559354,True,-15.933000525698782,-10.059928975797643
0.26246599519822,17.226432117534063,0.7801225672600919,12.414183782745845,0.20601201588713294,0.06284122910636818,True,-21.38792103384299,-15.837009301189466
0.1875406324784566,12.614292396064258,0.4759392578216419,7.156231115910502,0.12568436045636516,0.06650697135304681,True,-24.538500556915782,-19.31159922011537
0.12563149333121668,6.938885684263533,0.6463573652291685,9.467463520519292,0.1706877731559871,0.06827143973972405,True,-24.17743294392253,-19.709520318997725
0.2293706651925017,17.406771674525515,1.0499164270779842,8.04801123704003,0.27725822676174283,0.13045663035929508,True,-17.37006590052578,-11.809072314058016
0.07672445987588905,5.842209145295531,0.5622044260594079,13.499639314214637,0.14846496180715238,0.0416458849731953,True,-27.186984304674287,-22.97643209487704
0.471323046206082,32.35746037172987,0.6146182567479878,11.685424314099302,0.16230622133954223,0.05259699949503817,True,-22.326984129751022,-16.24248948579094
0.18066674951290246,13.109972828394062,0.6853349235430469,12.48738531197871,0.18098082927254375,0.054882179609339776,True,-23.04379267144703,-17.774380181515873
0.19478532322239253,11.25184682554087,0.796347682750842,14.117014927286535,0.2102966871561498,0.05641048669656043,True,-22.520633601582563,-17.424080046874945
0.13910010861452587,8.55830918837684,1.0159604586049766,7.736228052003053,0.2682912543780405,0.13132504002928477,True,-19.058705766172167,-14.301793536455339
0.45209479684391124,45.12329216530475,1.0016342324503789,7.392255293409111,0.2645080351070876,0.13549778689913886,True,-16.28519296813915,-9.97446705922944
0.24201128556071283,12.556027211575733,1.098855617512216,10.130101847613894,0.29018191555163403,0.1084742911810948,True,-18.298756345861882,-13.077009624111076
0.2774672586683165,20.66250706248125,0.7155562764624765,10.58581861387585,0.18896157755372053,0.06759574318839434,True,-21.27809185408486,-15.557603945748362
0.2859128659844525,19.31404094176057,0.6166462397467105,6.7035651658692075,0.16284176393667418,0.09198780417416201,True,-21.35702903300828,-15.697880753768814
0.4241721976320295,41.26299794111654,0.5479748758967701,5.715878843126811,0.14470727239115735,0.09586887527465614,True,-21.07460878978612,-14.821406897127803
0.36886934270551275,27.748839540164838,0.5441294622274565,12.433717820784318,0.14369178911303923,0.04376241041258671,True,-23.80342867951178,-17.835501434971867
0.22316099879966206,13.282690605705415,0.9947977449344402,17.571835500469117,0.26270267959777027,0.0566131947290243,True,-21.092072360097404,-15.808385660072721
0.16407890724762053,8.289401830805504,0.8638089227539855,16.111242086819573,0.22811161346459455,0.053615290372966216,True,-23.071184879984315,-18.356585098530612
0.3533765080973725,25.7511907037272,1.1117674339690349,9.466608115392102,0.2935916224985516,0.11744094826967347,True,-16.75999309598132,-10.85171639429102
0.2875494065746885,24.314182560444873,0.953495161140447,8.693384574489972,0.25179563895333407,0.10968054535840975,True,-17.90995931383878,-12.048900176192047
0.340231697717838,29.888281781882856,0.7303057160187474,14.533655201432465,0.19285655752701453,0.05024928043887865,True,-21.735643811698594,-15.710364454497457
0.17851607983808065,9.14617364413406,0.5949801541068147,14.099758708842188,0.15712026046224634,0.04219789617631491,True,-25.538018783370543,-20.69490873547307
0.1610337965896534,10.724398201321467,0.984467354631052,9.310242141693163,0.25997466656415635,0.10574025247124415,True,-19.322634956794317,-14.28279670780073
0.4831586285961107,39.13202246384272,0.6727565185663962,12.847291590857072,0.17765916845328864,0.05236563004806176,True,-21.666723652073536,-15.448749454504686
0.19706265469738699,13.67120420656335,0.789143982754372,8.745102749594162,0.2083943594702182,0.09023838888468112,True,-20.53541018664656,-15.220568121045632
0.4605975680709388,47.20129191367701,0.9366165893341905,10.617128224224174,0.24733840524541165,0.08821750755512156,True,-17.918267451068644,-11.579457740889548
0.29927755795598077,24.259280482814123,0.6603307547093722,12.861792719559075,0.1743778165625036,0.05134049110472754,True,-22.430457281800606,-16.571281893155145
0.22443397157375305,15.50546212766271,0.7576584235447463,7.674380226147271,0.20007976405107797,0.09872568223337948,True,-20.278118693406945,-14.831734242206146
0.3883409921763625,24.83710227418578,1.093573735718252,9.159654208386613,0.28878709483791754,0.11939028601286848,True,-16.849371590728243,-10.970673549868685
0.10125293447271955,7.226747647737921,1.0018144909293416,13.362793595091421,0.2645556371303982,0.07497043816476667,True,-21.453197032080116,-16.927217362403656
0.4837369200063878,31.36876797133042,1.0393609756985884,15.397106326078237,0.2744707803930199,0.06750365644603051,True,-18.83252950135072,-12.770932834970896
0.31028683631685716,21.58204600755034,0.9070395517557863,13.374086596785366,0.23952780548684185,0.06782067285057096,True,-19.98983718727349,-14.230737798453747
0.4822090792043137,38.855227192942124,0.7503397509364698,14.555844864400125,0.19814707480335578,0.05154903462674358,True,-21.196482127788187,-14.983288577773095
0.4309980724459305,35.9960648807318,0.8538675119983631,9.298031030429543,0.2254863207779327,0.09183315362187136,True,-18.574772906799012,-12.414041165574986
0.2362841144041939,17.82191433610074,0.7189715128336535,6.642226892178385,0.18986346112828276,0.10824254041672152,True,-20.135748883680336,-14.552108388182596
0.40796993539483933,28.07492839411227,0.9578283078402154,11.550510763980773,0.25293992104978613,0.08292519070473633,True,-18.611098978892734,-12.63402323512334
0.31737437174882943,22.870075727247976,0.7578813615706418,15.464341081709824,0.20013863673860183,0.049008319046132044,True,-22.01819626155874,-16.20883702195504
0.4305316635698819,42.980979292208104,0.7584019075205839,13.768390813885766,0.20027610067697513,0.05508282832556704,True,-20.784073197078477,-14.504343018541263
0.19151067763787977,14.47262082259371,0.8866463560365345,13.801560075867846,0.23414244229287698,0.06424247339884741,True,-20.984956024855048,-15.609695095952754
0.18147477108356186,8.60070083145754,0.7790909087990912,13.825880722803463,0.20573957915965277,0.05635018299514995,True,-23.280358963576738,-18.5169500259534
0.237579283663167,17.18792757919477,0.4934046941017699,5.4291363485665824,0.13029657126453914,0.0908808809401223,True,-23.103125248143762,-17.554385818057533
0.10609877455459163,6.6203480424713135,0.9823508181353415,8.37853440118945,0.2594157390718888,0.11724614008816185,True,-20.313287110185914,-15.913788853865515
0.22487749374700522,10.987786152361618,0.899734497274067,13.48522166471979,0.2375987124659466,0.0667200376563304,True,-21.340555527302378,-16.271907572310855
0.3298175535379699,18.29186082632509,0.4678649784480401,8.473973987310892,0.12355213323925782,0.05521199134533939,True,-24.455233716629806,-18.846856658953094
0.39085648335690315,32.50527545681003,1.0233638284677073,17.503121207137887,0.27024631017797185,0.05846750510134004,True,-19.428295302054178,-13.34046440610974
0.23730855968721015,11.697400945907386,0.5880610265458339,14.489075090338702,0.1552930816613251,0.04058651245019444,True,-25.16842053304714,-20.026850106635095
0.2837265532079372,15.765878352205625,0.9223649247567223,16.9015364570418,0.24357487593275096,0.05457284472929863,True,-21.26770938029665,-15.804460353540247
0.20477404072433847,9.810363975979088,0.3964993545747568,16.928561378665513,0.10470615101006243,0.023421916706664245,True,-29.600298578347456,-24.66887642147004
0.35535059743472486,23.99190505429916,0.44278199879012636,14.641189480501952,0.11692830844473685,0.030242214908822167,True,-26.40587617532377,-20.555963606525488
0.09285047080786639,5.705422800018165,1.043531433743595,11.052962778711432,0.2755721002433635,0.09441191964868366,True,-21.172489143031548,-16.99890262071757
0.19157504757806215,9.243410652005904,1.0020758290738163,8.466330756192395,0.26462465038579025,0.11836010875678155,True,-19.23436459250642,-14.377760105386173
0.21652555158793058,14.784826865487979,0.49292208226270906,9.76106232710777,0.13016912483236487,0.05049881516418544,True,-24.817296357193168,-19.419784517386567
0.19827996900510242,9.965304671497051,0.6010326324670122,16.546470694719925,0.1587185775990993,0.0363239172604225,True,-25.85934776033732,-20.90854953363219
0.081727635012594,4.84524670698693,0.8500904900610788,11.567828523517452,0.2244888981471752,0.07348747332594364,True,-23.72269403770046,-19.814676596655673
0.4173339629548343,37.02332301411157,0.62579272499617,5.234054734700929,0.1652571354995569,0.11956174643097756,True,-19.915789325230172,-13.735532468861145
0.3471603560893683,21.95094193909114,0.39605706250211337,14.651485607738705,0.10458935207958642,0.027031870562867818,True,-27.507374828354145,-21.733446537292494
0.25005993051756437,14.119800031522045,0.5576305567206592,15.315295240922739,0.14725711052528345,0.036410042898204174,True,-25.458787033398828,-20.109517435380862
0.07904457653631757,7.126330116610775,0.7390545111096187,13.350649911900943,0.19516690847556356,0.055357193543875034,True,-24.133540045842388,-19.627434535814196
0.4174932234978663,33.520888684731595,0.41254398886206295,13.560270412499225,0.10894316143947323,0.03042299130567478,True,-26.292504432939165,-20.18233130959562
0.10113077865700851,8.168699494581203,0.9119307276922094,7.663738709828847,0.24081944997580998,0.1189929305030515,True,-20.096489706621064,-15.401527354464413
0.08449130290431182,6.2767750801711895,0.4343759635912724,11.265876988959795,0.11470847231947741,0.03855678204341723,True,-28.52945830296718,-24.209242576633887
0.39312726897515865,33.19389987478125,0.6657328807393736,10.095511137971943,0.1758043909499433,0.06594345463454272,True,-21.098091105038684,-14.995002954128118
0.4845001881041932,50.04684707268818,1.0162974369101834,8.66519192729227,0.26838024242027814,0.11728504635993213,True,-16.498869163029607,-10.1243982056279
0.27497153266574237,16.777876733614324,0.644402605506424,13.195719942535835,0.17017156710329986,0.048834213541408975,True,-23.318889863614515,-17.793727475356654
0.26732975461462855,18.82779626723742,0.8515668689085307,16.623821294181752,0.2248787750656765,0.051225699184252814,True,-21.5903806591832,-15.954888175569666
0.25621033356721595,18.411681933304074,0.463339497029459,6.796682073377477,0.12235706006867127,0.068171424237181,True,-23.949113154858846,-18.33457519157571
0.35977718205444714,30.398591916853018,0.868896185189147,11.825785520589687,0.22945503978450654,0.0734747119907025,True,-19.439469993837516,-13.401383187842704
0.08163193070146416,5.973908624588172,1.0712470099618399,6.964777531882041,0.28289113185175235,0.15380922148023937,True,-19.405880676141006,-15.160890394258775
0.19510854466848776,11.606284675902147,1.1264105536636886,7.530326383513314,0.2974585258978048,0.14958323136296195,True,-17.361287635061895,-12.228721041250045
0.3658879887433126,33.65164234094774,0.8296030465118438,16.077501015733567,0.21907864631870247,0.05160024842791102,True,-20.874097426100192,-14.761119227253408
0.2692879814951929,16.34306063161693,0.8509018544171247,15.682878707351977,0.22470316038444782,0.05425673884847624,True,-21.60966482298622,-16.110427317973787
0.1595163852854369,11.942259787011537,0.450629274071798,8.90772724286239,0.1190005892219438,0.05058858020522345,True,-25.735409667893325,-20.570133801435833
0.19337719652311214,13.243758180768053,0.8697147488690922,16.21215409443876,0.22967120319384074,0.053645847664834975,True,-21.946396847965374,-16.665904342467233
0.23589892781266253,15.949506002814635,0.4606661089643099,13.63326883255732,0.1216510811780922,0.03378985000752005,True,-26.446177682639505,-20.97127602253408
0.42263919286012475,35.85765172384292,0.744932423833056,8.568461657055355,0.19671912693479476,0.08693887580388147,True,-19.514427170081593,-13.356388158284062
0.26842263892217155,21.94775575479686,0.6664314027347031,13.756933470429138,0.1759888541746193,0.04844331072525819,True,-22.747933029134494,-16.974131273143065
0.33979729110335793,26.095643456825446,0.8217386842609767,5.40394720755677,0.2170018532749401,0.15206267802022086,True,-18.025231225864985,-12.106199583234291
0.4308612202611057,39.50532617307427,0.8712964206007621,13.351673137973005,0.2300888854858137,0.06525747085005697,True,-19.55326133963656,-13.328916960308277
0.09338516633061945,5.456262716884771,0.7347815123670094,6.876568398794022,0.19403851003948214,0.10685293445141501,True,-22.967786019963157,-18.86490827202306
0.4698455545019646,32.79058203462694,0.7231888849851997,8.157931518914136,0.1909771698904043,0.08864856039897967,True,-19.734343272913016,-13.640134701990998
0.07926989330730487,6.809451128924863,0.5826547032184823,10.485302070397541,0.15386539886640604,0.0555687093520608,True,-25.472635391312085,-21.03196906313611
0.43273773495745244,30.25371813522413,0.6330902185429114,10.413990222947326,0.16718423185541234,0.06079228086347642,True,-21.752645606269642,-15.718162902266728
0.20189677012002444,12.244941704109804,0.7360856630899006,9.615613214866684,0.19438290556233837,0.07655108900926254,True,-21.66057161165498,-16.466939006236206
0.45937413538324656,46.67614807732774,1.0723610192444943,8.884001483181013,0.28318531549374426,0.12070698336494692,True,-16.176226548068968,-9.84434176530333
0.16009996238223695,7.507326969476475,0.492234906953364,6.19390218282607,0.12998765800050122,0.07947088804827941,True,-25.19425380002098,-20.614778000394832
0.236136411690823,11.450253915428904,0.7688234486449697,6.218710452153845,0.20302818449788781,0.12363068751314646,True,-20.268235568028572,-15.151325474850415
0.37039348778506376,26.720394525849617,0.5414586126162384,14.954966777005595,0.14298648056842053,0.03620593884894298,True,-24.59056161460594,-18.65253800237969
0.18708598829893006,13.669400011458974,0.5238338031386571,13.644612940767656,0.13833218304840966,0.038391254146428425,True,-25.62354551125241,-20.308845177434783
0.42129568507182713,32.18791007505915,1.109423066120879,7.371676807466027,0.29297253010634483,0.15049806103778948,True,-15.766430933027088,-9.685790443401673
0.13681041973228952,8.052585077568109,0.7802035161872332,5.3847807068845395,0.20603339259428657,0.14489049019020012,True,-20.76566109800407,-16.089985965787534
0.21361443466516805,13.125459699758766,0.808455880118804,13.336772625554936,0.2134941772086347,0.06061855463965103,True,-21.84965095305835,-16.578947552768277
0.3218419584053871,22.682057013973946,0.5781436075058892,7.576436724021644,0.15267412462231503,0.07630811535359924,True,-21.967805368928488,-16.165524781642958
0.24979237866281795,19.834212775979626,1.0593606225559857,13.19245818321949,0.27975221659168525,0.0803004722731256,True,-18.7214432278316,-13.037921288276454
0.3374044437159559,26.06770395170304,0.9873455085717273,5.851956653544046,0.2607347193048872,0.16872057792392803,True,-16.554364601955044,-10.636197650820831
0.16929868272403742,9.533939366372495,0.4514969831227158,6.029851344153938,0.11922973076749725,0.07487696749944776,True,-25.258362329319773,-20.36262161168224
0.25767220892240567,14.850029701296565,0.8672526916285416,8.778345253907839,0.22902103180200836,0.09879455256586865,True,-19.568141041982777,-14.16606736142646
0.2806575735776633,21.350645119014,0.5362908240848929,7.203634323075707,0.14162178920106266,0.07444725815231484,True,-22.582219869944517,-16.832610498417317
0.4267019725270797,30.732425099333877,0.9525371774757342,16.13900392069811,0.2515426580061893,0.05902081579236218,True,-19.799331718793056,-13.753033958762153
0.10008377794628386,6.582733684931284,0.5545317990677333,9.00051150661253,0.1464388015343424,0.06161114272898021,True,-25.51268292690856,-21.12157453683182
0.22232679633201657,11.61518858002388,0.6859385548124606,6.267025129884835,0.18114023408902172,0.109452019195121,True,-21.24310989975924,-16.109658983043335
0.1645888093774953,12.225810288203604,0.7584395059166698,6.791700907437294,0.20028602952879512,0.1116715114892848,True,-20.43250876269751,-15.240638582234041
0.20304911728632652,9.879254197226048,0.7196442752006214,8.726133930889016,0.1900411218411613,0.08247000113683839,True,-22.036618282923087,-17.096527300190246
0.11611460859544387,6.90950870888409,0.585450125566986,16.606520420620548,0.15460360414008986,0.03525423211716431,True,-27.09033061245548,-22.628537740782274
0.2915816892096685,21.03144684133817,1.0293404409139129,13.666333972382832,0.2718245929118547,0.07531942677487774,True,-19.011722966978354,-13.275450741071639
0.1084146538975588,6.97161079708524,0.42615045448756234,9.48835966272561,0.11253630888866574,0.04491297438498943,True,-27.788402700013055,-23.313716375966518
0.40000761771294874,38.46440387174605,0.9097422377735166,5.222356357174757,0.24024152127739778,0.1742014859870034,True,-16.6206631745218,-10.414304637674935
0.291722334654829,19.795915826850727,0.9235798851356499,6.750309440201766,0.24389571838416851,0.1368203773941427,True,-17.824420470296737,-12.14266143776584
0.1750323763040233,9.68325894988558,0.8277397447188934,17.857051742906258,0.21858659215352175,0.046353662219056645,True,-23.451352578181968,-18.536156029074974
0.23668660223022286,15.69158772802582,0.9376418986654139,6.957502249941406,0.24760916531709512,0.13476702773230298,True,-18.157984080749856,-12.699505033283792
0.3317862269764175,22.518761211219605,0.7700442236082161,8.085021288113273,0.20335056244422287,0.09524331429285751,True,-19.66596255789292,-13.869898978315867
0.4406278935198591,41.00176601289284,1.0376640637319874,10.334098878170153,0.27402266586628565,0.1004116639452675,True,-17.081934017494778,-10.832906895648557
0.3276840797809452,26.784454709067727,0.5581884875125676,12.965783771616863,0.1474044469208581,0.04305088665248967,True,-23.78304508968677,-17.843110431632724
0.22457978454280197,14.558243926130618,0.6835625505635852,7.630749126391986,0.18051278726770187,0.08958000574273774,True,-21.27425515643364,-15.892823643926487
0.28055722015930923,19.42505943881646,0.9377314794808429,10.361648924054679,0.2476328215028611,0.09050021732582439,True,-18.954416618722274,-13.289987443398088
0.38358887216477133,31.69455105553823,0.5287019947960886,12.23720908566533,0.13961775793005257,0.04320445872052723,True,-23.82611433007163,-17.756858243872255
0.21141711972194,12.710052376774698,0.5500680827897486,14.463559881335497,0.1452600390842244,0.03803130676698646,True,-25.566674426671504,-20.331375233751814
0.38203961681226206,35.72974351538389,0.9788784376260289,14.6641551242108,0.2584987650748884,0.06675314256665778,True,-19.009855056609513,-12.85431786281338
0.36133817920062977,29.558740147154854,1.0586937398223188,8.495757465436409,0.27957610855163,0.12461440243903385,True,-16.669940482848478,-10.653101436791665
0.440667958827064,35.780175880070544,0.7130637755853007,12.387251462885466,0.18830336671370998,0.05756432552626979,True,-21.128055612019594,-14.971530436536877
0.2357988046083992,14.66102430488175,0.42783030478656947,13.888607435749279,0.1129799178304023,0.03080440618440508,True,-27.313761556773212,-21.924991556629372
0.4006321553139722,35.16428449978299,1.0976306694349973,13.799858870920957,0.28985843558408075,0.0795392677346812,True,-17.802473518834038,-11.658154241429418
0.12689604124577747,5.974967003576903,1.0527094124147243,8.125356846000857,0.27799578847795603,0.12955854522658256,True,-19.95863811787971,-15.713375493662038
0.2041890972132988,13.931150722797273,0.4701284889925534,15.367749034861303,0.12414987311992133,0.030591890063149794,True,-26.980738369749865,-21.645752431562496
0.13162131639388194,6.60306678347532,0.425594175810243,16.96064132844647,0.11238940877768436,0.025093047342286186,True,-30.084085198849454,-25.68843302171983
0.13552779298146128,7.44151696644127,0.7983798101840518,13.289792395231,0.21083332420092266,0.06007466380517334,True,-23.31866159089813,-18.75147355832139
0.36730580889011977,33.79608608122171,0.4558718741889562,12.991391715065713,0.12038503656900511,0.03509030319363673,True,-25.255430447273987,-19.139371808279865
0.227405959651668,16.026592538592727,0.7146431290133259,14.36549879936646,0.18872043679623365,0.0497471851826574,True,-22.821737181204583,-17.342001147287267
0.07265284576929187,6.718623128902325,1.0993721261838014,5.375953798456699,0.2903183133397793,0.2044980606975089,True,-18.313643642325435,-13.892543634855317
0.16013308090644632,11.960906644396037,0.8713421472534351,16.30857003256356,0.23010096081896297,0.05342848241836124,True,-22.164286030683545,-16.99723351916867
0.07256409872250746,4.754968852394875,0.5018193888055209,7.533112718794701,0.1325186941613077,0.06661514403647634,True,-27.031165318676965,-23.15493751873698
0.3149289649931661,19.47384214793256,0.677960453633442,17.53512307036105,0.17903340527029693,0.03866299945047849,True,-23.72768409545769,-18.060948183497352
0.15262307450909113,9.522179006843649,1.0006580800194698,12.714009813960699,0.2642502562162512,0.07870515239973236,True,-20.535000752411065,-15.6408109138528
0.08348334287799135,6.25767550526908,0.572871265975219,15.479113405839616,0.1512818232676784,0.03700930737797287,True,-27.31634964793453,-23.000723175216592
0.2750543642873562,14.400475874767604,1.005306563993701,8.226140173510423,0.2654778114678751,0.1222087811281116,True,-18.15193180507081,-12.781911024185284
0.2774235783647026,22.688036041562043,0.5690087439156294,9.30093466532793,0.15026182206620145,0.06117758745653627,True,-22.70203037505105,-16.899523381579073
0.31532948445874903,16.984994546073384,0.5285467405966069,7.252383027289802,0.1395767589486714,0.07287904384086613,True,-23.097386979708357,-17.560213298721262
0.46737865654171457,32.24720433734808,0.6366444633647153,11.773179802956964,0.16812282429130085,0.05407582947172989,True,-22.05200949131344,-15.970017804633049
0.47725962776110414,33.46616694801142,0.6748522256473026,10.037964157751627,0.17821259538716497,0.06722998957175602,True,-20.951208595665854,-14.842214142834063
0.35482677793625145,31.538741590359365,0.5677583567497615,12.365918893118494,0.1499316242338473,0.04591315547651806,True,-23.25116550769215,-17.185558310543268
0.4422706355398245,33.739013911689135,0.6374104784806045,5.018506819015278,0.16832511086119023,0.1270119781576138,True,-19.816963874131027,-13.70212008187034
0.2555910112145081,16.433468129738074,0.6570264278758999,12.910006433040067,0.1735052215874545,0.050892804065100876,True,-23.1055851719522,-17.60087612213269
0.33032201266184297,21.05914906301957,0.7890562303927969,7.2959461448965,0.20837118613609656,0.10814995268910262,True,-19.280888750844657,-13.543447484364323
0.2747276541507447,15.40747074079555,0.8556115584721342,13.479821942767847,0.225946882419066,0.06347350596356982,True,-21.08868181255685,-15.648749206103108
0.17871987719134752,13.19120109856661,1.0146687782784527,7.152572781654158,0.2679501519934709,0.14186067157275295,True,-17.870624837822,-12.594465817984084
0.2955908686703934,19.427756374735512,1.125198379968159,9.96794553047019,0.2971384193439098,0.11288167421547729,True,-17.242068904149374,-11.577511983541688
0.11948910899923869,9.31952980089042,1.106891119733182,8.571899106484048,0.2923039026350494,0.12913020860171995,True,-18.386348587759787,-13.519321521607692
0.4854784473968081,39.13451619245118,1.0882005067624916,16.170783830388075,0.28736815148791667,0.06729423373513592,True,-18.367718609671808,-12.149701565429371
0.3117976428315579,25.374567722171875,1.0725613935266622,12.40812372306132,0.2832382296274122,0.0864402561954823,True,-18.022397224023244,-12.12612071067822
0.17397497162369785,10.891819037808016,1.018721934775244,11.117072513860634,0.26902049526471183,0.09163580911297588,True,-19.581197058103875,-14.52293031001462
0.35996099723352537,24.71621513207234,0.407313103980648,16.75990740179657,0.10756180781054464,0.02430282544025191,True,-27.615625936326104,-21.74095759933585
0.08078177379496795,7.182210982516627,0.8848229239298473,9.053677159619927,0.23366091677381487,0.09773077925466828,True,-21.205750824070524,-16.68853653280203
0.3669847962761106,22.205546335509077,0.5175221195888179,16.765857310462753,0.13666541591935347,0.030867620426773976,True,-25.69206241715465,-19.90810780187859
0.20170793688473249,13.693159708020039,0.41155590572871853,13.93239365920932,0.10868223193082015,0.02953949736100658,True,-27.79419579765156,-22.477631129399896
0.35063220072593565,28.300261725800155,0.8600572971596838,11.96407292786207,0.22712089741051306,0.0718866645452129,True,-19.661548854728544,-13.678240753701676
0.07728323688380294,6.612570161390464,1.014159904063205,8.070440451675067,0.26781577028562675,0.1256635136751068,True,-19.932995332902095,-15.535226323653688
0.07845352677726865,5.567972463287698,0.9314813376906445,8.55473145162202,0.2459823061046187,0.10888493028194718,True,-21.415441209272224,-17.280301145361292
0.22463889589296276,14.665310719528582,0.632916518523748,15.65853658521292,0.1671383617670323,0.040419902273718236,True,-24.372551292841955,-18.983476851721374
0.4333783213626617,41.539582243424,0.4817136399527491,13.187568313398746,0.12720923892195043,0.03652785930695969,True,-24.600616964200526,-18.34303664894813
0.13381081234642392,6.995127957433339,0.5119785578780214,14.280375293798183,0.13520149169620618,0.035851897960998844,True,-27.631973996685872,-23.152447957076838
0.2338736431411898,13.72821113418632,0.4438390859054855,9.9929596569269,0.11720746028156717,0.04441517839990738,True,-25.947824065497503,-20.628517515145788
0.3668313302033978,20.86768753394808,0.8032276360791921,12.808893527300576,0.2121135209638946,0.06270858871355371,True,-20.936657309224913,-15.207341457580934
0.3114449099093529,21.927879915410927,0.7873991791018452,7.361280436471669,0.20793359787598983,0.10696497516935424,True,-19.26033319257862,-13.487321378469337
0.41544298837127197,33.23282164328713,0.7230675692804025,14.944079852918355,0.19094513326699034,0.048384883940458756,True,-21.79858778027812,-15.694650998616886
0.3261279684212711,25.801490850652307,0.9815864499058321,13.506485212350784,0.25921388740594564,0.07267519524681644,True,-19.083178349249497,-13.173318170192584
0.41966471704623365,27.180244681531537,0.8205570134716542,10.727203850373899,0.21668980182092532,0.07649309409208753,True,-19.73944308840149,-13.787846212325173
0.21131363478596493,13.267880948985662,0.8607767214737921,8.214708189808022,0.2273108804458048,0.10478482029851732,True,-19.65637553806441,-14.373902303050365
0.35837274968321653,28.18016982460761,0.5421309278837505,15.185706290726696,0.1431640232128518,0.03570007989781866,True,-24.56836010703065,-18.588364572157797
0.4242086673339978,27.852873493550998,1.1183817607917985,13.267073491556417,0.295338310595628,0.08429754772245529,True,-17.78022246193682,-11.809359678383624
0.4574340988742641,45.097755595778104,1.1110199650733459,13.814660181149097,0.29339423354907584,0.08042325692450959,True,-17.430775175208105,-11.12040606088767
0.22426559820556635,13.764339145880752,0.9378889611056309,15.802382365471164,0.24767440869486057,0.05935111171306395,True,-21.114167829335933,-15.7920456911722
0.3171748254884602,27.860381603373003,0.9068331374227502,17.840455125531847,0.23947329631784536,0.0508301571367965,True,-20.74917966956054,-14.778105643117463
0.23926078012995744,18.079939834820035,0.6825789632003146,8.930103228214646,0.18025304498615227,0.07643573044527723,True,-21.351432331396314,-15.7540954121107
0.3641532824006645,22.444966309735722,0.5881364534362516,17.009448874515105,0.15531300012849833,0.03457704348771958,True,-24.622233892834736,-18.829001246863093
0.30255913878727425,21.96877047461396,0.6425259349088732,6.806164127387694,0.16967598255135513,0.09440353228088905,True,-20.83399837171775,-15.059362533247905
0.4674495150207457,41.38326261496555,0.4101161062824402,6.493643613975966,0.10830201477155665,0.06315654671897399,True,-23.82727873931101,-17.572167786302607
0.38744455864945565,36.35730697916206,0.3995026194571005,16.57937167151688,0.10549924260697349,0.024096366700279735,True,-27.25197159702499,-21.08428243723165
0.44440955868499293,43.44989291806135,0.7095654804557219,7.24917441448255,0.18737954927519662,0.09788224698224081,True,-19.268932327725143,-12.98222804399413
0.3220858067745577,23.798825782464807,0.6774127388642541,10.558671167590411,0.178888766685968,0.06415700689150698,True,-21.53425766146109,-15.691127345828429
0.4771562813730241,45.15567373733653,0.8947315025353186,8.386511834434614,0.2362775392620715,0.10668696595187455,True,-17.610628456815235,-11.299450538120748
0.327831881259256,23.270469924956593,0.807150141324583,11.58864329481494,0.2131493623135032,0.06965009801326122,True,-20.368489595126064,-14.544332524370558
0.1499084452289054,10.238267235246138,0.9301200893736925,11.708180429864605,0.24562283245051947,0.07944189918710098,True,-20.69690565246891,-15.713001519017876
0.3359074068245057,22.673820356109175,0.9610328543591813,14.756768765452254,0.25378616639132895,0.06512488401994204,True,-19.787082615522085,-13.985114064731395
0.09578719696401673,7.03540634815638,0.6786383702367487,9.07766639628343,0.17921242709572763,0.07475912207068948,True,-23.58000264758209,-19.092241400457137
0.13534221921949827,7.681364372966642,0.7355806338631842,14.990680401233597,0.19424953922550336,0.04906919593874155,True,-24.39681842141647,-19.78557730466656
0.1830189877959345,11.383913201788225,0.5814971609800861,5.936746893898949,0.15355971919501282,0.09794878767320815,True,-22.62011781606326,-17.509957586812284
0.40711482057898357,31.913018288283084,0.8842839207665727,11.144711923932295,0.23351857871964762,0.07934560595215119,True,-19.016916306979297,-12.942587539872468
0.32341871742866035,17.527311780000794,0.5059135965558742,7.718199250670295,0.13359987810279186,0.06554813890195146,True,-23.584958774002068,-18.017309922863433
0.41164744205124837,35.07904951344615,1.0507271676455,10.112729911868652,0.2774723242711406,0.10390143678338823,True,-17.074807043535717,-10.932201438265828
0.08825948545111775,5.7481361198480405,0.8267288546316881,14.181373069051865,0.21831963986493855,0.05829681305231761,True,-24.07988762739113,-19.894622901467784
0.3751546765685784,35.202961580088036,0.504104914220624,14.447776210501562,0.13312224765134498,0.0348915228804699,True,-24.73423030351736,-18.589135401062393
0.10168681592176453,5.76056077135855,0.9589716913708988,14.545434209317497,0.2532418617395877,0.06592939595825897,True,-22.880277083989043,-18.691638660786637
0.16644624346542963,12.345047866955472,0.8386052411844138,9.206092464356924,0.22145591413498686,0.09109241998505098,True,-20.37251578532249,-15.169725248088481
0.2588193021881119,20.832476801003168,0.5146383415949883,5.362096458678545,0.135903877998503,0.09597707642167587,True,-22.406533639000962,-16.678723812801067
0.3304764152343265,26.716019890217645,0.4228774396306999,9.860065268250139,0.11167198266995508,0.042887894565199744,True,-25.23767948162733,-19.299786615575783
0.17526022170446057,12.125601153475547,0.9887492957012702,14.919958099459288,0.2611054264585711,0.06627024614345957,True,-20.690762947747594,-15.508189347578995
0.2967847434797853,21.162204404550923,0.5333702798679668,15.608360003934877,0.14085054218569995,0.034172089811710125,True,-25.222031455417607,-19.480260643623343
0.34449895871708924,20.06937892914694,1.0453509836970616,17.768452941524096,0.2760526005770963,0.058831851435648744,True,-19.971342073965275,-14.27710148280278
0.42301278741821274,38.753713677823235,0.4760538323571033,15.64873259690382,0.12571461689555857,0.0304212388708906,True,-25.431179397264327,-19.219751555617535
0.238050589944374,12.244090305643615,1.0028359137081906,13.477599489542817,0.2648253708550394,0.07440760607898199,True,-20.160697056029132,-14.967142799097031
0.22153513222903248,12.989385241445977,0.8868056954662115,11.907764767218655,0.23418452008743856,0.07447289334330259,True,-20.651726580826228,-15.392441180598556
0.1946821608551007,9.53354634892254,0.47376022120254485,8.118733640024004,0.12510892815196625,0.05835395545765732,True,-25.543652017734413,-20.647963084370748
0.2153505837982848,11.808326398070605,1.0337814657210824,14.70121529231778,0.27299736307839795,0.07031945626027884,True,-20.303651541781345,-15.151254725105405
0.12325201461065706,6.365423571441312,0.4307454164195603,6.963338359527677,0.1137497302281614,0.06185903860756491,True,-27.10896898139991,-22.767711670973764
0.2937484227139798,24.37311015207741,0.9280170117611838,5.270877802607634,0.2450674591326552,0.17606498319920655,True,-17.03125136198477,-11.168177186698198
0.18284619380858405,10.202895672086747,0.6880216791967293,11.771771573605424,0.18169033822875205,0.058446740568718326,True,-23.343126956417954,-18.36344106557145
0.34581801071897356,26.387875194389032,1.0581763723994095,9.02457181867966,0.2794394839874641,0.1172550225828028,True,-17.0055632185357,-11.077566952291386
0.34809013656433874,24.14137408951835,0.4364653033461497,15.03401661938668,0.11526021779235499,0.02903184919879086,True,-26.62372896262026,-20.768619979793954
0.09095543613165778,5.201402296119347,0.7706706609613321,5.425249909648116,0.20351598981084254,0.14205256417603776,True,-22.285978864393734,-18.260381533203464
0.27031720183727476,16.04432340513833,0.44045837473877714,7.915730300586038,0.1163146940012225,0.055643428718910246,True,-25.011691605009602,-19.530848337052667
0.3903607445567421,35.11846134555038,0.4422382896498063,11.156159062388216,0.11678472765275054,0.03964073003770311,True,-24.925154519438472,-18.781755778182692
0.14284707748200237,10.798094506517163,0.751465930846589,14.85020092065712,0.1984444724217199,0.05060308172674453,True,-23.3105176066916,-18.26251690273995
0.22418740142904514,13.200371956125815,0.9388900318417098,10.589574661570172,0.24793876792383346,0.0886617321136575,True,-19.712521396019746,-14.4356044271746
0.42531254700027576,37.260782300660054,0.4925473054443582,5.6536527584352285,0.13007015509210035,0.08712019051921424,True,-22.095246392154408,-15.910587830891421
0.3043949628682587,22.84334151860024,0.969164701975864,5.354444578505577,0.2559335960270124,0.1810019111723363,True,-16.76798292063587,-10.959625051503227
0.2664460857961144,21.224448232004217,0.9274003689881403,15.41078925354399,0.2449046182841933,0.06017864197155689,True,-20.363223111878742,-14.618852036888672
0.2355903031071151,13.921562985318161,0.7912433555479919,14.198265470162049,0.20894875443257804,0.05572817026212154,True,-22.15593517768516,-16.82168259814932
0.21854160820943347,11.439381424930886,0.513439311934805,6.352712691348973,0.13558724247510007,0.08082205773826334,True,-23.81963544176505,-18.703827724786887
0.2979388272510142,19.525017780499056,0.45654732063183984,12.130586909639355,0.12056340608318411,0.03763604548012864,True,-25.74951215064223,-20.080365291003936
0.11131533765814589,5.581717186117161,0.6420159408552216,15.392965456300198,0.16954130512053525,0.041708398727839054,True,-26.694790113699362,-22.555744571362958
0.1219290641682918,6.471362894196093,0.759438170090889,10.319329775608747,0.20054975324140062,0.0735937494589942,True,-23.276767294922905,-18.910908009303398
0.3088148331359374,19.404907839367123,0.508808039392275,12.634293988598973,0.13436423235765116,0.04027198036165827,True,-24.966336962869633,-19.302863115093327
0.47286447581080204,43.30720941388952,0.5300252438002944,6.392583150097392,0.13996719685967426,0.08291253024878048,True,-21.518913868521658,-15.234320065270563
0.3926678407374085,26.168878378532394,0.6550238915614132,8.597777508483496,0.17297639886093916,0.07618525728481526,True,-21.036002450599938,-15.114710626097839
0.2827149638491408,21.673210027464172,0.6503680396763847,6.237643942066734,0.17174689791742032,0.10426501507889799,True,-20.56318196219113,-14.800384076051312
0.31402924471330473,19.135714853188738,0.4574616426168649,13.027877689896188,0.12080485700796185,0.03511405721682901,True,-26.026083200177293,-20.37550976401766
0.12640299693696327,6.061223432370752,1.026183755395548,15.161238751405655,0.27099098653453363,0.0676846906919401,True,-22.278022124624762,-18.01079355764061
0.4687210459452021,36.763400257502276,0.5697257938004261,16.58508987619539,0.15045117807057576,0.03435168564375129,True,-24.15778160273433,-17.982390111990345
0.14837889452406738,6.9123712337484315,0.5771498609641078,9.09881106571927,0.15241169954073805,0.06343134908456124,True,-25.04763191102213,-20.58524108683036
0.3661825984626612,21.818169056133705,0.7161347184408917,7.654401512877763,0.18911433047108014,0.09355855153875411,True,-20.19356147650167,-14.424928673205514
0.3477936997865163,29.681027186081145,0.41660978892940675,12.690481659230231,0.1100168435802288,0.03282852456796956,True,-26.110608283951326,-20.090621345552634
0.3735114859416213,26.652503136406114,1.1050103463940564,18.205203453025053,0.2918072346455809,0.060697500538531096,True,-19.172468320633218,-13.236477298718427
0.32999199668243356,26.451420696376424,0.746305742659523,5.379582903770693,0.1970817881264712,0.13872929481882645,True,-18.837079221994454,-12.907152607089817
0.31529492353304794,23.923722301677042,0.8245566537003426,14.10907088139588,0.21774601270484997,0.05844159836120726,True,-20.868000262303667,-15.020473694416358
0.16821923823281332,11.234667745548455,1.0663305483664973,12.396468224650956,0.2815928100151653,0.08601889901561231,True,-19.503972398504125,-14.409205633073768
0.3196167794418271,25.4206944597605,0.7201747331238999,13.78352972731454,0.19018120329849145,0.05224893386319937,True,-21.869878718212867,-15.972118679585957
0.4405369581454465,36.18274860477196,0.5640558582802647,8.236194191012084,0.1489538814976014,0.06848501203332508,True,-21.804646153962256,-15.640306340735663
0.4218669152183763,40.71394076048646,0.7285786393438678,16.698565726007025,0.19240047721051606,0.043631210685906384,True,-21.935902464127153,-15.691520131046847
0.10881116518577354,8.237341669176221,0.9152985325533854,6.192227086924726,0.24170880800451322,0.1478141094802701,True,-19.547124071480237,-14.840943561372036
0.3473316473216284,21.37321465649878,0.4078688976322275,14.903740553756991,0.10770857983763944,0.02736688123099475,True,-27.358072321319348,-21.607530823364733
0.0819298692493344,6.312724295779915,0.5959317764730381,8.251655698541454,0.15737156154012374,0.07221966090737085,True,-24.7625635106035,-20.433763897910193
0.4774829086499341,33.596306647599015,1.1116847015675082,7.365409763589286,0.29356977481777297,0.15093317782034246,True,-15.695055863135938,-9.58326285446642
0.39484877952263714,30.207568147836305,1.041358334178741,9.131614238049284,0.2749982357753077,0.11403880048279375,True,-17.004642398571534,-10.971313050425506
0.4353185756826769,28.33332471573179,0.6486127315111743,6.145007382422908,0.17128336232853436,0.10555117205659621,True,-20.18130434556079,-14.197087820700249
0.25048921505722865,12.48928660873437,0.8786268099043051,12.877624570835057,0.2320246688370943,0.06822895053907681,True,-21.09823289652315,-15.88243296731055
0.2599941935213105,20.471547216847018,1.1271764441157877,15.106583460289409,0.2976607795469202,0.07461491521751361,True,-18.647259519917295,-12.93510213582982
0.3711042458289217,27.554857215102743,0.9623744605706077,9.035006568245791,0.2541404530274833,0.10651618826188186,True,-17.775445084794963,-11.813034255222348
0.34598950674071305,31.305140403987092,0.6200452219779578,15.217538088938332,0.16373935517529598,0.04074543584869817,True,-23.276407867845514,-17.21632061070133
0.39864783652347596,24.031673876801644,0.8141924435941321,10.889041437309562,0.2150090686569971,0.07477172791394032,True,-20.028486028662194,-14.177186303071675
0.2517154290524,16.559711766363147,0.5859477976998518,5.38772820391317,0.154735027641531,0.10875600541138493,True,-21.664421452171126,-16.15214411881103
0.12204571541240514,7.908694817671824,0.44243679443164124,15.26713141381081,0.11683714809536468,0.02897969385600547,True,-28.801254181001262,-24.150039964014695
0.11050397921839422,5.4541472260937365,1.0892343704251284,8.921872107191636,0.2876411705572666,0.12208585343283854,True,-20.257308910162592,-16.155051242225515
0.12513540408447696,7.319452645679707,1.0507051310819828,17.04108267471048,0.27746650493317515,0.06165718171423834,True,-21.94054378611437,-17.396564261047732
0.42798816070928375,37.54297846423479,1.132307251724591,16.169574232036993,0.2990157051226935,0.07002702949847223,True,-18.0683350820108,-11.878498245906208
0.42332430523697845,27.993896587989394,0.9756325875895184,13.157612616134251,0.25764161244611966,0.07414966651269009,True,-18.92879129494742,-12.953974499625051
0.2394073581365052,12.711826689503939,0.5503463788838541,16.629603196759923,0.14533353053514034,0.033094378282644915,True,-26.104571012130325,-20.869117075384345
0.22579658362398192,13.485748235512773,0.4828683229691922,16.412816141242914,0.12751416354009545,0.02942019936212028,True,-27.06958324490578,-21.769452201116817
0.2424457562865147,13.78912259075634,0.5242004730871721,17.74164630837985,0.13842901195508275,0.029546326421780733,True,-26.62107095655785,-21.297023488847895
0.24798990311447472,18.458926453956995,0.7289487153570169,11.694016305586054,0.19249820557872374,0.062335188895607165,True,-21.645046831043523,-16.028095533764205
0.42230939250242105,27.843208787884336,0.9300021376890557,12.599070622894956,0.24559168418568378,0.07381513807844377,True,-19.19166315036065,-13.221072407581907
0.4220369924350353,40.78507628381488,0.7955686600198302,14.937093550343615,0.21009096558113974,0.053261275852525464,True,-20.734789444475297,-14.489254725883843
0.09406313128408862,6.668377006910903,0.8523884184145785,11.14452504906971,0.22509572696143615,0.07648494795978153,True,-22.442900263762727,-18.03278785821846
0.4787440267617021,43.32030710316835,0.9026369610152353,10.840152324532742,0.23836518485304528,0.08326792225718498,True,-18.39767074930219,-12.11288279204168
0.3729174314980942,30.478844266970317,0.8525192777808878,17.7985340202765,0.2251302838413195,0.04789828627513244,True,-21.160878183023364,-15.120805594615579
0.46245192139981656,41.4865490506559,0.4659158595014281,8.374720148861416,0.12303741678283532,0.05563360341835084,True,-23.362314087635095,-17.105570014126638
0.26425096984233554,15.162593688663776,0.6134307334633858,12.426439998422829,0.1619926243792172,0.04936496160937829,True,-23.707328139234946,-18.283779795387332
0.0821614121530354,7.136009185648386,0.6587781474150635,6.106118666680217,0.17396780950463192,0.1078881992598465,True,-22.78414454718422,-18.27610598172906
0.4340110686397785,38.35369194813094,1.029215649012202,12.021446391184114,0.2717916383066211,0.08561495975783527,True,-17.753420227255575,-11.549016277904764
0.38192620571819025,30.567163423490783,0.9648895854962981,8.41239539708043,0.2548046383464252,0.11469855373549946,True,-17.404518206977976,-11.362268971383964
0.26390010628846006,19.62891486563066,0.4375648013593017,5.08688020823596,0.11555056934948128,0.08601830266237809,True,-23.8460897329441,-18.172076074578353
0.18039023331090498,12.163647827656272,0.8330369287829195,9.515079554875248,0.21998545383674156,0.0875491291458615,True,-20.56610977188985,-15.37999356757503
0.07612300525870813,4.24944733635883,0.9260109480064609,12.379380707901046,0.24453770489216445,0.0748026876187305,True,-23.774151463844056,-20.09342468598077
0.1620127150710091,10.140441882596841,1.0657975530748183,13.319316779996411,0.2814520584985378,0.08001893570663356,True,-20.007996802275226,-15.035810283184807
0.4378683124387607,31.046398792165448,0.5825876005647017,17.090064844863804,0.15384767863428242,0.034089256293242845,True,-24.28300498198405,-18.229101868932375
0.2391443660239343,16.829223780462037,1.0395089516211837,11.333261196108255,0.27450985735271316,0.09172196189902887,True,-18.608412448813326,-13.080252479008799
0.077956755984776,6.212301843352812,0.9858090476192383,15.151157713392895,0.2603289761160113,0.06506493208422157,True,-22.54244300673756,-18.237799815143145
0.4203754695431769,35.13870246967597,1.0268230361192505,13.17911455405712,0.2711598055331562,0.0779129001350966,True,-18.20996024040645,-12.066154662591817
0.4491110216379011,38.65424701802125,0.42117173563670585,17.86526451542483,0.1112215463756384,0.02357489503013331,True,-27.021162404249836,-20.811471201548578
0.07742625068310985,6.153345338639342,0.6087835322858429,8.095531170053963,0.16076540788401805,0.07519994914450868,True,-24.60674329541201,-20.316544106924354
0.0881217124958752,6.2378976906953785,0.5994357473113072,12.058316717468298,0.15829687779976848,0.04971139516039861,True,-25.994249224311503,-21.683396160469318
0.4428297800380938,38.397994990827485,0.7365930768930131,8.384227127695963,0.19451690160969703,0.08785461863977835,True,-19.471141310875463,-13.265954220923257
0.1764527067506203,12.810712218132865,0.6579664638134133,14.277892119773872,0.1737534629621062,0.04608288522520605,True,-23.94541861467995,-18.701389269963496
0.180045641984821,10.866249560838378,1.0359906328542925,11.64113004784704,0.2735807521426864,0.08899399187159608,True,-19.602837782161924,-14.54735916340277
0.4301327758194998,29.792187577695795,0.41123242719411973,11.368823369480241,0.10859680886038782,0.03617194267421541,True,-25.82249669656338,-19.799664550180932
0.442161973756264,33.43350551333452,0.4929086321563672,17.16549982564052,0.13016557297572381,0.028715076004958373,True,-25.662274112509046,-19.553984499373374
0.11403682502103527,7.560202582970249,0.5209036915289507,13.4973280393832,0.13755840950970794,0.0385930970936641,True,-27.04013040580364,-22.45089310048955
0.2898282569839591,19.4651684201177,0.5901153018657489,13.134095578481753,0.15583556744189833,0.044930029505234025,True,-23.817067710135042,-18.15074133405983
0.1435159137062519,8.453914697770564,0.9471118765028157,9.851841225462,0.25010996366156757,0.096135519729552,True,-20.426425664032514,-15.685710760690535
0.30365555638918107,20.617455603220964,0.7992354092604173,9.315669033280118,0.21105926778711104,0.08579474071107059,True,-19.90071453171335,-14.182181928905703
0.4469477254409357,45.18954168181494,1.007298480913744,10.564962740442983,0.26600382986216276,0.09534330651804158,True,-17.313297702596184,-11.001647530731944
0.44804345164456705,29.751150467644685,0.8102303058754122,11.604143830037428,0.2139627613036248,0.06982249769932393,True,-20.00632652832796,-13.984542954027576
0.0885459162264277,6.509405251932268,0.48692505652950446,17.130003269078927,0.1285854514296538,0.02842527516666879,True,-28.9993269024092,-24.62477343080114
0.32261327052487404,23.862309587192073,0.99389914248087,9.21103590102702,0.26246537983141266,0.107903079866408,True,-17.75371175498297,-11.908342706120262
0.32545715735263636,22.45499861675156,0.6368280008087451,8.192058888854898,0.16817129221214072,0.07773723424707486,True,-21.357301587094835,-15.563683290724759
0.08340390992619887,7.316587027961063,1.1334291159851677,14.255509120357162,0.29931196307954877,0.07950814709006832,True,-20.588850255035727,-16.045422229370654
0.4437946337748338,28.63461965876507,0.7527030789895648,10.513052653218287,0.19877117413960585,0.0715970045825981,True,-20.351794553415598,-14.359369933761986
0.2347963840555864,16.88742809137026,0.6457239080109228,8.903068150631274,0.17052049200814468,0.07252824499216459,True,-21.94073046194003,-16.409188477788813
0.2000630424133445,14.650053095383722,0.46511492865155263,7.273071652785882,0.12282590978907079,0.06395027449968743,True,-24.482802103974297,-19.094811913265872
0.34271611189527695,22.579322179356232,1.0628289268834565,11.582908503676041,0.28066811416496246,0.09175838059552563,True,-18.020714342931388,-12.222337505849783
0.25319022552953147,20.22956428908446,0.6007425246473443,18.215122677850545,0.1586419669493596,0.032980427048006807,True,-24.869682020841996,-19.168243528950466
0.45382335171484073,44.100155351188604,0.5043258243267201,17.803577752998617,0.1331805848129612,0.028327217783053617,True,-25.301831941911953,-19.00563563743528
0.17729080350487086,11.513239461585881,0.927007138508786,5.8439593038670035,0.24480077536622138,0.15862655612529275,True,-18.51729733861855,-13.39403048480431
0.3491159707624839,29.41003676962964,0.46814486073506884,10.856695680210521,0.12362604356640604,0.04312038160822715,True,-24.552352277397333,-18.53936665097284
0.11146856439288048,6.510763657231769,0.7685742559047405,10.812068026554432,0.2029623785580092,0.07108485203914021,True,-23.31227939657233,-18.937416821400454
0.19720057801081126,11.623267284295043,0.8987828793520386,12.885955318149335,0.23734741256167652,0.06974902963431358,True,-21.056288890384934,-15.922036449818687
0.2980765545036588,16.704255571236523,0.8295087929595266,11.756114868758623,0.21905375617306092,0.07055977269870943,True,-20.711486117786066,-15.190644773782624
0.3790282220882279,30.999302574227936,0.8918243495332334,9.421811349212032,0.23550982855149,0.09465529678725935,True,-18.417228243699668,-12.364458813124235
0.23127563924577982,17.485106110723198,0.7212924186473814,7.682699755489441,0.19047635774919394,0.09388528012330609,True,-20.496014242903552,-14.930688131284551
0.46824626126797675,32.918374319900096,1.0147666405833224,6.041715865307242,0.26797599512575765,0.1679600072572625,True,-16.074071356706796,-9.977032191370704
0.43428366480155567,26.53835960068016,0.8171230498870163,13.927205525692088,0.21578297282988756,0.058670998168271156,True,-20.753248619952743,-14.820691870929611
0.3592509614757941,26.95001189958759,0.7138828380909182,7.4675241623384725,0.18851966185116828,0.09559832985761163,True,-19.855878805867363,-13.91103573614345
0.1876670503175541,10.466445571125048,1.0945899324159247,10.384499582839837,0.2890554484774753,0.10540613186837727,True,-18.81451596160275,-13.803893824682739
0.23373798176419386,12.696307829623919,0.7709597484265401,8.35092247903832,0.20359233100897553,0.0923203095660065,True,-20.750355870995282,-15.516256438545174
0.31059108195015556,22.90811560594897,0.810986417924204,13.058652394751341,0.2141624327064855,0.062103377393685995,True,-20.784315652972648,-14.973534483642785
0.3275718039664183,29.139226359375613,0.8233196728615493,6.920937365867114,0.2174193551680624,0.11896071721758701,True,-18.32692165390618,-12.321026702705462
0.2157249392351515,12.784094768307826,0.7452545466097671,5.288338998320721,0.19680419198146618,0.14092412510741426,True,-20.042983281020042,-14.801252842533266
0.3116833358641845,19.471220393684682,0.9669306673533082,12.971194089224245,0.25534364004385096,0.07454446064889131,True,-19.481077728621447,-13.814465576801798
0.22305559792823498,12.14876779923663,1.0640461431792554,15.654825759462874,0.28098955235095024,0.06796921023129697,True,-20.235602912654436,-15.050870321756584
0.3204626435974382,17.656985470747365,0.8036102079084357,16.988527767655793,0.21221454918314084,0.047303110599048924,True,-22.286615479711386,-16.71188031128336
0.4445275245452502,33.80630928307383,0.678368027080818,17.20204970442255,0.17914103582867302,0.03943530211439939,True,-22.883559194645812,-16.767283257457276
0.29259822170288335,23.235168429256454,0.5891892143640276,9.494963012069206,0.15559100952097119,0.0620528182800817,True,-22.430042011352924,-16.607174786940522
0.3614852082882272,30.603241323967573,0.6197834296957533,14.180308323139581,0.16367022199281406,0.04370733100946641,True,-23.037251735251715,-16.994115971950812
0.3509631621386727,27.95690060309032,0.9934665927039649,7.8253871289157475,0.2623511536120319,0.12695430607298472,True,-17.061118802101436,-11.087336506422998
0.31384525281663295,23.700839542640907,0.9680074851613705,14.329549458377072,0.25562800229241556,0.06755323940736128,True,-19.54728787378536,-13.707630004941132
0.4339457209608384,37.16535965957801,0.7712586212238786,12.430784136498463,0.20367125628310234,0.06204424537944948,True,-20.416187641357574,-14.233292987008713
0.13800972177125218,8.928273879593979,0.6434759324802874,14.269335039011303,0.1699268545591504,0.04509501884433101,True,-24.964242935730528,-20.152133197421236
0.22474530907297652,10.94862875991137,0.7558441212452877,8.033280294970583,0.19960064949930584,0.09408910102620234,True,-21.130728818512054,-16.066300933299008
0.38740792097608495,32.36213465299397,0.42305363271272733,15.812419878651319,0.11171851111758264,0.026754515498535487,True,-26.705458577404922,-20.62085809451655
0.1693279348889797,9.367804533680378,0.7670148209942733,10.349247827237388,0.202550568487345,0.07411309824619583,True,-22.158142599638854,-17.28456853927319
0.36805408006639095,28.606846951022057,1.0841249295824267,16.134724846119106,0.28629188744171985,0.06719203084787602,True,-18.765524517160557,-12.773851258086943
0.1344085477380888,7.303138829733713,0.8224434957573072,13.720958898737818,0.21718797740885593,0.05994067191856127,True,-23.23517879605257,-18.694343066604162
0.47806952973397643,35.1775489386084,0.8831733439646319,8.459986246942655,0.23322530151505547,0.1043941819980855,True,-18.020363428115278,-11.875778007904758
0.13253183846421943,6.4931394390560495,0.6583816845402952,10.80372929917317,0.17386311298708046,0.06094022409379346,True,-24.662407293267457,-20.291562277716388
0.20928982764069531,10.352654930532266,0.8876919794775712,8.573586212565576,0.23441856684302725,0.10353800118981209,True,-20.05020435732952,-15.052800713128022
0.24810290616939612,18.063899382541315,0.400336568110595,5.709865926706782,0.10571946882585617,0.07011312931851847,True,-24.9095358535549,-19.31304215997026
0.1775001233829293,12.14296327214252,0.581817768035361,17.213756007079393,0.15364438397531366,0.033799582601036084,True,-25.853723850134553,-20.669531650668397
0.17955079164612253,8.992485522379974,0.654549894554427,16.79730041248125,0.17285122740323267,0.03896756493490246,True,-25.431526381633304,-20.61016959009934
0.3914105588659279,24.00490499533982,0.9867666875787785,5.853708110354521,0.2605818662987064,0.16857121485666568,True,-16.675046607844696,-10.824680228989742
0.31191642293221433,19.62302104833162,0.407144877789106,5.535361500927828,0.10751738323125538,0.07355343959393817,True,-24.579949722331715,-18.906211150217118
0.12979745560728911,6.625198570975005,0.8275169114251519,6.484905980018542,0.21852774712329565,0.12760661665333595,True,-21.15090764812618,-16.750332451579773
0.4605673579448592,42.378476368910235,0.4526688102909675,14.763867679221196,0.11953918275278042,0.030660584348643122,True,-25.547140680594733,-19.276535723864313
0.15253499337021728,8.57323383181824,0.6338851140558426,5.798923305792079,0.16739414505868466,0.10931082903315958,True,-22.51299901663993,-17.75379427103005
0.14112968024857192,9.593650364444514,1.057403475375427,7.864540877202016,0.27923538006755955,0.13445202865442052,True,-18.466031770634245,-13.562458851071014
0.3398203238446351,25.971210448066458,0.9433432897597219,6.80939264184929,0.24911476856713896,0.1385355991901694,True,-17.259776835795407,-11.344606577614078
0.2648317336974538,14.018316396804732,1.042886802895414,13.71082079948177,0.2754018684027397,0.07606304670941597,True,-19.611635723646433,-14.27001566366446
0.1838978651045744,14.027533064293829,0.5573191500371069,9.700446530282417,0.1471748753466952,0.05745293768666144,True,-23.830939382336798,-18.488621314446252
0.17270919910845314,12.266603824174704,0.954091861654465,8.658974890949905,0.25195321352037353,0.1101853133506199,True,-19.07753701155235,-13.881913613950623
0.33550035625545405,27.750143466013935,0.5561933926097353,16.552821519781865,0.1468775892960849,0.03360112304388967,True,-24.702976231907723,-18.735012095743567
0.45945049160386287,38.18040582517427,0.5922180903508537,9.581547471019423,0.15639086440801758,0.06180818830591725,True,-21.782192071350195,-15.580863957982821
0.17398403574386873,10.18829610562279,1.001070476313848,8.770153241414338,0.26435916037505236,0.11414515217209684,True,-19.111568364850548,-14.133629666518805
0.335132249343496,20.85347937074456,0.4019682565061733,13.370820646302843,0.10615035934201356,0.030063095388039723,True,-27.11013071082124,-21.38142212576281
0.48164943200538335,39.491456797721064,1.0807826002260863,14.477861201970338,0.28540925689447555,0.07465070877174863,True,-17.98851732081792,-11.764408046150622
0.10920664142041532,7.10868162101379,1.0118653665409252,13.661279425660604,0.26720983691011413,0.0740681260526955,True,-21.498295596602084,-16.995724450890396
0.3505088425377861,26.870620654650793,1.0378629274272628,14.994437014107259,0.2740751810894952,0.0692165318678392,True,-18.94169897614144,-12.99920422164683
0.42814294610441245,42.01040692642622,0.701586004896015,12.493069836604699,0.18527235751486745,0.05615801512934537,True,-21.123166409695155,-14.858229486638105
0.07220105504020057,5.327577836193076,0.7181924929113119,13.989917437074219,0.18965774029497645,0.05133643541083765,True,-25.52290091975245,-21.458381648121822
0.44851737949296894,41.23239330043349,0.40482096094866954,7.445328618040501,0.10690369146903161,0.05437247725610966,True,-24.266380580133355,-18.013665792500248
0.15820837252755732,8.638623271971726,0.7957609778725623,5.913990058458626,0.21014175220133913,0.13455568406551616,True,-20.551244597074284,-15.782062627918956
0.19799430919090333,9.591173959066259,0.5522237839040813,11.11085683774106,0.14582930903083496,0.04970127794539683,True,-25.19721937410924,-20.293969891077843
0.44553399031828506,28.67267010797877,0.9450242104529155,12.96019367824987,0.24955866017479678,0.07291744505630957,True,-19.118300046622938,-13.124847725426275
0.23842228136174942,14.911913386685745,0.7051156890522203,14.451338035225662,0.18620446405681587,0.04879241543817432,True,-23.093130471257727,-17.686753737410395
0.10514747562522006,5.417218754243911,0.7436340153557135,13.995990515392572,0.19637624780388882,0.05313193192992496,True,-25.161047464839964,-21.069669866729157
0.46893455237395587,43.83396315688514,0.6844416312803991,14.623482356337771,0.18074493180267465,0.04680428468419934,True,-21.884169275904352,-15.591833852236313
0.2754606366686084,16.598154610135886,0.6626151715633353,11.463627292870488,0.17498107730762516,0.05780152779176901,True,-22.58429758785311,-17.069732093543507
0.34014383040022833,29.22974501410174,0.9539146658008486,5.40909948890485,0.2519064202643618,0.1763536920993077,True,-16.58102927668925,-10.572753672174164
0.4357915611023377,38.90376202697291,0.8002534673568297,6.664979660633056,0.2113281129782824,0.12006840352170253,True,-18.14413868306734,-11.930103294208633
0.14356643112217027,10.419624614768153,0.41022889500874354,17.84089590147809,0.1083317996205666,0.022993738502490608,True,-29.37080912852458,-24.365600880004926
0.4573293960867435,41.35191524355505,0.7690427259938649,7.290257054753889,0.20308609048674153,0.10548910967307819,True,-18.635933500159364,-12.381319371529873
0.3088473893535766,23.17412779258323,0.7145873023749927,17.60021811630699,0.1887056942944962,0.04060104810365457,True,-23.019476051574035,-17.198845825982907
0.3195369876756722,25.063859980201507,0.7490743708022077,11.499609060074976,0.19781291768079182,0.06513911619855745,True,-20.884065141710472,-14.997884239108775
0.3762153428861364,22.440955511573925,0.8854206158759179,9.778519892348067,0.2338187531547338,0.09054750878696698,True,-19.038226084399795,-13.245147686597463
0.40216451777917483,34.997007525621044,0.9286973024233438,9.798317401956549,0.24524710789117402,0.0947813042102412,True,-18.045812423457622,-11.904862014115416
0.08940565286251143,6.119811683986639,0.8012485570827822,10.938853535919442,0.21159089276319756,0.07324794636400943,True,-23.19212762694166,-18.910232722031758
0.4410340850625239,30.284747887628534,0.9065658334157964,14.065468094975898,0.2394027076185328,0.06445329990401219,True,-19.716285476143888,-13.681028725901253
0.28802902506069483,22.172794125690537,1.0989425094776095,15.520971170090597,0.29020486167536685,0.07080372081325081,True,-18.85073795626023,-13.068063796334146
0.26409185686081765,19.072797525865138,0.9230256227606236,14.952157714688125,0.24374935073118473,0.061731934639366284,True,-20.45579465057876,-14.808274156899424
0.35499064245721784,25.966060262638916,0.5207729751738366,5.912909633745639,0.13752389039571658,0.08807389380715828,True,-22.134051143394593,-16.219041281682745
0.3949408361223512,23.479363212178445,1.0421103473177127,8.971162992937117,0.27519682475252094,0.11616223539112522,True,-17.283637158925238,-11.4519050078776
0.44593505156568675,43.74637267731075,0.6147479925076391,18.21650765878435,0.1623404815013426,0.033746753440481544,True,-23.68221314760956,-17.391155616442116
0.2707445492012589,17.262120533407206,0.8461480292238177,9.277081627744138,0.22344778699525353,0.09120842773370867,True,-19.682526172026684,-14.129607249660294
0.34058717629478863,25.38088587040322,0.8451593508512703,10.72972078499884,0.22318670029793128,0.07876806561759582,True,-19.576735064466796,-13.680255116730535
0.4416734123203251,33.68703045688222,0.467621608424137,7.841062036143403,0.12348786494176855,0.05963753459271634,True,-23.378833366921885,-17.265098700520326
0.15397547286833713,9.89714654091338,0.5998264119936076,13.669993575388196,0.1584000431511046,0.04387905588145633,True,-25.156276704958913,-20.213948397004437
0.2727621928103918,17.67167625083917,0.6571095761441554,9.535794787257432,0.17352717908885198,0.06890978579176674,True,-21.926111870459657,-16.35057861907234
0.3632818571766035,25.18532091386283,0.9388344678495594,7.650373896146017,0.24792409478077354,0.12271746199522486,True,-17.632583667717483,-11.742434776912996
0.31159537497547213,25.54208867152435,0.8328275412164159,12.773330531489037,0.21993015950673822,0.06520050030517216,True,-20.317004522021833,-14.415358751389487
0.1712255145270116,8.900110917970398,0.8143980536056512,13.681130013821123,0.2150633654236044,0.059527104324198346,True,-22.766789839995873,-17.95876593794087
0.4763093568349006,45.54826272542545,0.4167530941237374,15.503997163613397,0.11005468711047665,0.026880364445745805,True,-26.379953893300385,-20.06333316590629
0.4570779207967787,36.83953914285471,0.5244927492674151,16.68470697099879,0.1385061952178348,0.03143553855510221,True,-24.897601646430147,-18.720779786322687
0.09926412994072269,7.44618141041652,0.8062660041819516,12.093428945388812,0.21291588249543575,0.06666975990208124,True,-22.88481740337663,-18.316753328733203
0.3233168567436569,19.03523301723844,0.39710565830864625,15.823559197994687,0.10486626156153274,0.025095849381280243,True,-28.00503451883229,-22.35934370342577
0.3581973804800336,31.502922326669655,0.5546954409083422,15.95923779827576,0.14648201549440734,0.034757013331067205,True,-24.421299334008907,-18.35653468272584
0.47088891271966266,30.92759622325163,0.5541608846486868,9.512331550613965,0.1463408517628626,0.058257103602840574,True,-22.58350486679928,-16.532466328587642
0.1680033901281113,10.358725496655824,1.0199495132836953,5.046879596345994,0.26934466986726685,0.20209507554373835,True,-17.723965429353125,-12.725851344680892
0.32705366434274374,23.50025108955847,0.7583101193459262,5.742261206142569,0.2002518615795699,0.13205775427539804,True,-18.960817981816618,-13.128333732713514
0.17907263499541518,10.980009990076734,0.930332517690933,17.26766369819537,0.24567892977125189,0.053877150606550274,True,-22.008653096943572,-16.940841476053222
0.21391596050191447,14.870786742389619,0.7880152953442021,16.700778321496145,0.20809629968008522,0.04718434555411831,True,-22.695487554120305,-17.29196767212816
0.13325244352953808,9.484510550312809,0.6424392402614529,16.222930089342793,0.16965308853465672,0.03960069091855889,True,-25.322996508734317,-20.433792674537784
0.3823063288613649,33.96099218477688,0.8186646682819101,8.187418958569971,0.21619007797796214,0.09999056753105248,True,-18.62566269074219,-12.506110502738675
0.3642967673082857,33.13490541473997,0.7682287900905156,11.186439221019363,0.2028711491643275,0.06867500684641549,True,-20.206527235294246,-14.10472812657967
0.47700423050223606,42.65883287106909,1.1248289268335543,7.599552557738304,0.297040855463271,0.14801252024873338,True,-15.407497085771244,-9.132622655346246
0.39070643752857115,24.878570810780584,0.5588694451190344,7.311936342999134,0.14758427180367698,0.07643248230055065,True,-22.037928189810238,-16.157854347068664
0.44230559425323146,41.68213204065598,0.7505914031227395,9.5704071578159,0.19821353022506974,0.0784283668129784,True,-19.624788889370773,-13.364968487436936
0.4685653436671871,44.95519868000695,0.4064599016189031,13.278133661367013,0.10733649714029951,0.030611222328745344,True,-26.019363292213566,-19.710991388409504
0.33485217815869983,19.36214130585224,0.7724104631404285,8.240643631984991,0.20397543063360876,0.0937318124208669,True,-19.926597004446492,-14.265155339710113
0.38748877165824935,33.22778714718941,0.9478985418360847,8.079370093375156,0.2503177034680244,0.1173233223482773,True,-17.340880154316107,-11.23705306105969
0.441861252382341,27.51948761042171,0.8889292922201908,15.499527248732123,0.23474531202780657,0.05735202615892083,True,-20.383684287148046,-14.422285352159452
0.1484160516382006,7.087958035262134,0.5864774689429728,16.798654805333264,0.15487490135513993,0.03491216860749928,True,-27.043534788932917,-22.545129911012257
0.2262124589130201,11.463535357412892,0.817757205066439,16.961061317664132,0.21595043829285573,0.04821379922816411,True,-22.96220602772135,-17.84395134797205
0.13941338923092655,8.755618828863312,0.44527136057768285,8.435120880697532,0.11758569032503301,0.05278778655047107,True,-26.40738141537924,-21.620615296460507
0.15231574576274143,8.127671108558491,0.978237666023539,8.559773309640423,0.25832955237025435,0.11428312767603335,True,-19.81224461651706,-15.124052193187547
0.44481969222596296,33.12318409062023,0.776500348996385,18.062353865115867,0.20505547326446497,0.04298998650979004,True,-21.929024588633137,-15.827481990085925
0.4677299170103935,46.25694674050071,0.6905613040174591,18.025966592572583,0.18236099339355916,0.03830925240380717,True,-22.573148378924074,-16.246873460828247
0.33797364487817017,25.469470903935818,0.4753075934361562,16.424211911545967,0.12551755275347423,0.02893944598352523,True,-26.15304959863101,-20.253725045253486
0.47505974400045126,45.252091942513424,0.7096336645070224,9.194154569869124,0.18739755507896297,0.07718313403525082,True,-19.899652152728827,-13.587131136090463
0.10784595480475001,8.362263693253512,0.9264943738350346,14.505794390939812,0.2446653662798181,0.06387064016388613,True,-22.032356045481297,-17.306099248213684
0.1854072551435752,12.977207757805337,0.4100720152005969,8.04316915709237,0.10829037135418304,0.05098388547989201,True,-26.081947260894623,-20.823692047335697
0.4540839608632004,44.85701906754605,0.7808446725166189,15.754485258509686,0.20620270689624234,0.049563324964543076,True,-21.004211528382555,-14.697220483028701
0.1954610041208658,9.71491061823145,0.4740047192253392,6.88863572606432,0.125173494327424,0.06880966537856865,True,-25.067898007637414,-20.148632525796724
0.2249359768011031,11.058509803884807,0.7197847863442046,10.103604457431157,0.19007822752834308,0.07124039637307912,True,-22.238364368067096,-17.162148791566185
0.35849330344114716,21.39646059649941,0.5855625475641489,10.225233404601394,0.15463329214456198,0.057266423600721296,True,-22.848856640730556,-17.097356565274346
0.29143970458524493,20.530882118536717,1.0290210009447376,7.991654251117913,0.27174023633153443,0.12876195198269405,True,-17.25555642567571,-11.540798616589136
0.3142431697884674,26.82805827256734,1.0469304233132894,15.16675015146994,0.27646969341989647,0.0690279995950103,True,-18.91242350266984,-12.97119184145309
0.11641120350006365,8.449350903731288,0.9746599822609078,12.30385677612002,0.2573847702615468,0.0792158101313874,True,-20.94934627704632,-16.209346000769244
0.23893002670535024,17.70439503681252,0.544371210033844,13.75082144524673,0.14375562902104894,0.03958826839555958,True,-24.846117911292296,-19.26881062818723
0.26296878993603395,15.103055865667574,1.0829562577564253,16.549250632367347,0.28598326870808854,0.06543838641481195,True,-19.869084963414856,-14.449577808866767
0.45747690090294135,46.19431747521471,0.45618906397939507,11.330098701883,0.12046879893006156,0.04026346777575547,True,-24.413402492760902,-18.08797205575751
0.16522326315866448,9.39724876821325,0.8099135157301993,9.790180400176531,0.21387910447946995,0.08272712888064813,True,-21.49356697878277,-16.616023396158994
0.17877497047492735,9.255890653725656,0.7143830789392156,16.84291166058692,0.18865176368992007,0.042414464513929634,True,-24.60949091939037,-19.751169200016065
0.4322798729885572,33.59190454028452,0.6081439457820421,11.062289194979781,0.16059650813606566,0.05497451160995016,True,-22.18091867197962,-16.069220070107406
0.4834797619852021,33.02609614424712,0.920363226536878,13.285150271132249,0.24304627452731264,0.06927759248134108,True,-19.263754576063597,-13.164341731590646
0.3600972566718809,23.928537939097076,0.7866402160029156,8.959651893074597,0.20773317357786503,0.08779807802699932,True,-19.695194973639737,-13.847499563870977
0.27156863812149934,18.516464044595494,0.9996232732250889,11.259445630949493,0.2639769880879969,0.08878086062047019,True,-18.76315857211409,-13.143280149820086
0.3042069416453194,23.940591027636703,0.8351678809723873,5.316682549948143,0.22054818817456898,0.15708439861253953,True,-17.983297141236353,-12.13517935133557
0.2273016033069316,17.230209221653475,1.0872810005386548,7.3519631250019035,0.2871253315276396,0.14788988764662409,True,-16.841816069166672,-11.290691621112291
0.468642575988693,33.561846869784084,1.1108232010368888,7.107416716325213,0.2933422727963611,0.15629070946204826,True,-15.61421719418875,-9.503163683847708
0.12009527417587942,6.053045893206767,1.1039835593172698,10.3461138070287,0.2915360843360615,0.1067051435841805,True,-20.254579167014427,-15.989413824419572
0.24322292533878198,17.925292447917645,0.9360316578356438,16.874624509732953,0.24718393859846577,0.055469776959822664,True,-20.909597469405913,-15.320435388947377
0.26192970042319397,16.36210093634338,1.097787229637449,7.499994880663962,0.2898997794501197,0.14637173052846983,True,-16.89982372360127,-11.399430264892668
0.3018156787482814,17.977737452811073,0.5600707740658206,6.694301552007656,0.1479015145145759,0.0836638101398125,True,-22.30777390905675,-16.715828172112996
0.10800471200523287,6.665963161816903,1.1255428673285135,13.474116947194517,0.29722939035094464,0.08353370181805242,True,-20.71814986094365,-16.30856828749276
0.46444129116758515,35.84174742480063,0.9805926061483635,7.155874298976927,0.25895143665199294,0.13703323523843322,True,-16.637109556224146,-10.479380918180555
0.15031918919669246,9.674627147368378,0.8098053170783804,15.352524395197861,0.2138505317611396,0.05274737210850358,True,-23.048098245868687,-18.134014654922396
0.15607344537207976,10.732608301462149,0.5449106192691255,12.788099316753634,0.14389807430927945,0.042610759095000186,True,-25.552163384949722,-20.51141182465383
0.10288583434152794,5.233520505386097,0.44370595757869574,13.086104176725408,0.11717230422260332,0.03390665025943009,True,-29.52129660463609,-25.48566416752408
0.44562312545548677,41.03882292784338,0.8875624728163237,6.297762866647528,0.23438436718072533,0.14093297756839765,True,-17.06718265843645,-10.817560975029476
0.08691568907633793,4.983441386577785,0.7898547870737957,9.052592512551987,0.2085820661677184,0.0872517774304557,True,-23.432106060764045,-19.477037034357917
0.4582383639015135,29.992132569790815,0.6128856941372032,12.2772227079534,0.16184869231644017,0.04992054870358954,True,-22.623365846102992,-16.595454531263677
0.07866638045123699,5.75415460953991,0.8910021012222717,11.935752163336282,0.23529269211779355,0.07464984937934727,True,-22.787233820298862,-18.60033357549082
0.10636543266585136,6.472844291605767,0.6506470133585205,9.526230300083931,0.17182056830339326,0.06830057565927079,True,-24.356244414093837,-19.990045202066533
0.296904662789975,18.37981926783095,0.7039627607106809,13.771017229324194,0.18590000280703028,0.051119154742734096,True,-22.555817039656127,-16.94291172390887
0.3366013199899873,24.332058662544753,1.0940413011049301,9.228818025799958,0.28891056785601893,0.11854619931246269,True,-16.89815578761983,-11.036484628519016
0.09369804235305725,5.556127554500855,1.1053083281912512,16.845594754767212,0.2918859246275326,0.06561408749776881,True,-22.345969244639367,-18.214205935378832
0.36690879295791057,31.017888001243236,0.8773158526977066,7.2242281504566535,0.2316784758820287,0.12144077324610107,True,-17.799900276293084,-11.746683166188847
0.23775066861241273,12.603491915191645,0.8742456698075419,13.715608272232563,0.23086771281364776,0.06374093313655395,True,-21.358094331440274,-16.132145909039977
0.27611786743365035,19.21732350278625,0.8298966846725379,13.761986678700401,0.21915618924844804,0.06030355239022135,True,-21.05089954991577,-15.396387707063834
0.11864286036926881,9.214567009128157,0.4356250632390399,8.882293290911495,0.11503833014859297,0.049044210652757714,True,-26.621601842619715,-21.76897894720809
0.07113824205579972,5.125096559064407,0.6235098858036885,6.201147469056926,0.1646542913777146,0.10054750171882498,True,-24.40528454447772,-20.40388863844935
0.23739642800690203,12.324779554752181,0.6730758243097836,16.433943418929168,0.17774348958773628,0.04095644040824142,True,-24.373544676057413,-19.172599701780403
0.4502736609784608,39.06960871623822,0.9681849655082817,8.013711575397394,0.25567487067641315,0.12081604839393911,True,-16.94848649026808,-10.731585965980383
0.12284567148684908,7.75408461097626,0.9603373105676629,14.432099499214987,0.25360248964021054,0.06654176065096412,True,-21.90850424655264,-17.284293843503626
0.48391376770328626,45.566915240497785,1.0700465508046872,8.498543737589724,0.282574118831832,0.12590940093321962,True,-16.086106439982974,-9.76922881690583
0.17944076641543222,13.259424637928555,0.7635592917346845,12.798951744472046,0.2016380445089334,0.05965795535282575,True,-22.172681660613716,-16.89090218708157
0.1179440124706963,7.705298872294088,0.7089424003319932,12.920255800208814,0.18721500847387182,0.054870616440932655,True,-24.146197929574356,-19.530668870874127
0.27138972500573894,16.869272508693545,1.08419314958144,7.164339946962441,0.28630990273843143,0.15133189625390678,True,-16.838530160789933,-11.308041319656967
0.11062082732209008,7.470929131366754,0.7716762815443452,15.991582351960668,0.20378155054734545,0.048255154778334544,True,-24.31142283827821,-19.738723935887123
0.2791608472212047,20.329770966577517,0.7178320558854184,14.324430559676008,0.18956255735652427,0.05011243224607837,True,-22.373328952231763,-16.66742936842612
0.19515896770434804,14.8417299125937,0.8697984137058885,12.011143347811364,0.22969329710883646,0.07241595479454341,True,-20.590848851914313,-15.189354254940781
0.19441291022821977,11.271430655579364,1.0064871219715639,15.19082067711216,0.26578956905456474,0.06625627037306989,True,-20.763885485772494,-15.665299793003104
0.33352691307806354,20.553513395987647,0.4796668748738382,8.901564905928801,0.1266687364193312,0.05388567964654852,True,-24.198898376255556,-18.48315157908447
0.2867551789996593,21.06079144749409,0.623721497481107,5.59612794094896,0.16471017304308333,0.11145590380754228,True,-20.780647401847126,-15.043136896049408
0.13133183798141357,8.32341240930778,0.710983115219834,11.050530062275337,0.1877539132633737,0.06433927704943418,True,-23.346856177687833,-18.626796927106575
0.20058907603407233,14.927777463866116,0.8371149380227165,5.9255943959082735,0.22106236013269395,0.14127104929773104,True,-18.90225534241371,-13.494779641487245
0.25073089760232514,20.32129391699185,0.6117597903086338,14.019843117819466,0.16155136760471792,0.043635280735137214,True,-23.681076552468827,-17.975553128125267
0.3889536594737745,32.05164661815186,0.8167465522575296,13.396570258500255,0.21568354866388798,0.06096683975805643,True,-20.368643538322118,-14.291121946388136
0.36524383980648667,33.51833856862436,0.5712181986035315,9.750265880890517,0.15084528706691874,0.058584884307930345,True,-22.30205009750476,-16.191931839955412
0.2939012185285633,16.81491789960319,0.6475589372539331,5.189144269487827,0.17100508005806114,0.12479108377494535,True,-20.722011343549394,-15.194685209771606
0.4775144934564844,40.14778887425221,0.8680424764630645,8.200981851388004,0.2292295953953532,0.10584616478771376,True,-17.93240126779773,-11.697296091845118
0.2528800065695482,19.04035183878363,0.9102494567336232,9.233037354630849,0.2403754658713028,0.09858613387685318,True,-18.86941050056506,-13.223470053201183
0.3448255783371103,20.45849035070388,0.8346272466238615,7.345022426733589,0.22040541936275418,0.11363168117582306,True,-18.85493766237342,-13.143353971965437
0.24622599517705407,15.750465280326097,0.7362714340433087,16.464445324480728,0.19443196330045673,0.04471887266973751,True,-23.12330999111579,-17.6610479291539
0.3580699667134364,32.711851601150094,0.9341085972431867,16.573611396857025,0.24667610354029457,0.0563611982250488,True,-19.996966257644793,-13.904509543237339
0.34525534976566613,30.08036320582794,0.5770519902183068,11.346699735335324,0.15238585417939995,0.0508563726614956,True,-22.86090233583725,-16.83076529128303
0.2981807319017824,21.013897789559962,0.8275027983815693,17.569989701883152,0.2185240202005264,0.04709751186097039,True,-21.884747583307913,-16.149217082431715
0.35772337688107286,25.88490990323009,0.632357247409331,17.787904754516067,0.1669906714238172,0.035549844466576955,True,-23.967433460839462,-18.05495702414685
0.18975208263621823,13.7409132685542,0.5219210967854081,9.93958549604426,0.1378270823012067,0.052509342265139876,True,-24.52076886477853,-19.200471178068966
0.09474737301483717,7.903774323406527,0.5832453247941766,8.801371549312,0.1540213681288548,0.0662675494979835,True,-24.464431602270906,-19.81406511119317
0.19486323345846118,9.63135936091554,0.4038923911271429,15.84268239199054,0.106658478025846,0.025493939797173217,True,-29.223709857241893,-24.315226606379557
0.34571371664430245,29.3440018467669,0.5708132197750625,5.507499695277085,0.15073834168635178,0.10364289629730876,True,-21.061657092029588,-15.050391724032465
0.45156128777401355,29.65442283105827,0.9945732926751889,16.300806088037803,0.26264340703684286,0.0610137490933683,True,-19.508392058188193,-13.489088363164694
0.3317463997402444,29.808431981068946,1.1084351374748826,11.982550361046012,0.29271164139416567,0.09250410839734807,True,-17.39665135536477,-11.373404713321625
0.21316191517487448,14.750114938031006,0.8204209742442777,13.1204102026508,0.21665387706160194,0.06253013141910173,True,-21.433628294637217,-16.038556854359477
0.11662334265325364,8.920354561225178,0.5066634280265211,6.163220308268345,0.13379789095272918,0.08220758023963551,True,-24.465160950387205,-19.654198265745503
0.10263350704974111,5.858887221178163,0.744648526148276,7.2968566278853775,0.19664415623557166,0.1020505902915177,True,-22.744647556643415,-18.529672982418838
0.37828732297324086,33.42789344030001,0.9924818507698066,11.761512997756663,0.2620911064354747,0.08438385868885305,True,-18.148656839807504,-12.040488436827793
0.07286094751806049,5.7430038342401435,0.6322750386887614,16.2324253447352,0.16696896203485861,0.038951359717408617,True,-26.934690372768074,-22.750822279558385
0.08726276192041055,5.661938536585653,0.9192690441323488,17.685867957368234,0.24275732669736208,0.051977604172339514,True,-24.073350404970952,-19.911782226687485
0.15342421455734878,7.530254571861686,0.41758373699725504,10.71185505953471,0.11027404035064335,0.03898332592033724,True,-28.139720645851934,-23.556000070070546
0.1443830621882674,8.537000902998415,0.7027492394024228,8.67691278344428,0.18557954038031924,0.0809906999115264,True,-22.593784663460674,-17.840155459208034
0.4717601377792316,37.065765391325584,0.7730735797806032,11.734806312059138,0.2041505441369785,0.06587868254682339,True,-20.190734355000348,-14.009687752387261
0.12219999340822885,8.793279914917125,0.5526638603053642,7.516453726205011,0.14594552285463325,0.07352720849974542,True,-24.199856419066947,-19.40750138904036
0.1462147821473982,8.413259383101451,1.0137001194681141,13.508715987604608,0.2676943519915231,0.0750404494696809,True,-20.96487847513852,-16.230549174180652
0.1962020388932948,11.669570809690091,0.5417696778603082,16.047129051742832,0.14306862558087455,0.03376115915273132,True,-26.281351388305538,-21.142520345910665
0.07940134289606886,5.280111780520729,0.6210091058965026,15.21157960705826,0.16399389424066108,0.0408247612633438,True,-27.139688563512536,-23.08965486731108
0.12298320372754606,7.469129206764089,0.4490468114182606,16.466987899710528,0.11858269806611388,0.0272695173004988,True,-29.130040033065274,-24.557677484277
0.21284245950258512,13.604641573375705,0.6972462741319584,16.92043866289834,0.18412633672194167,0.04120734030736562,True,-23.981314957652916,-18.671719707850652
0.1852292375805606,10.158704440508433,0.7805324384864532,15.014204779124967,0.20612025323487868,0.05198626567100431,True,-23.164594524584462,-18.19020822363041
0.1831637939022085,10.815709143043833,0.7777104974787401,18.222725899821192,0.20537504500720832,0.04267805496028293,True,-23.814089556872187,-18.76414971476039
0.22042271760530763,16.510194964799986,0.9093632147888187,6.146811041622884,0.24014143022450157,0.14794064900175102,True,-18.06757029987719,-12.558251557165752
0.08509073506447318,4.599362736526992,0.5463674959509159,7.5250401353235254,0.14428280116466155,0.07260658895175791,True,-26.425683970005952,-22.60633403644797
0.19206578656567136,9.103567942608626,0.5963014850558983,13.146352092046014,0.15746919287863678,0.045358703378763215,True,-25.267308117949984,-20.430175791764874
0.1985253221359516,10.160505751626669,1.0975567985221744,12.562372024086248,0.2898389280139824,0.0873685953908858,True,-19.53177879434396,-14.557175827080716
0.15080434177826108,9.58231767260992,0.44089134528601426,13.250739942461845,0.1164290313361484,0.033272960393191546,True,-27.791812271834946,-22.889720464297696
0.2333444715359051,18.185380039635263,0.5340310013018597,6.658112039304143,0.14102502317144322,0.08020757207889712,True,-22.690049558243693,-17.087196497150394
0.35606224093044136,21.398489473180504,0.6732109389171219,17.463515054767413,0.17777917017666134,0.03854956672845426,True,-23.625150856613494,-17.873567189053638
0.32580698105540307,29.05049572835699,0.4992758531743396,17.687351188145136,0.13184700624347093,0.028227847565382026,True,-25.844068633651403,-19.84051773291204
0.4134683508686649,32.15959273056522,0.5403413439600264,12.625561560465439,0.14269143620255617,0.04279741074266378,True,-23.733202052390435,-17.653208132690636
0.114644986705259,6.598163166919578,0.9508878764520482,12.276730286445291,0.2511071164093251,0.07745448945000619,True,-21.871195154614394,-17.476636941665905
0.10718665054966584,7.797839918283158,0.6033011028762955,17.107877175592105,0.15931762726335666,0.03526452152327983,True,-26.59359892064746,-21.961668601881982
0.40937215004598027,37.20683948949658,0.6158824472729004,14.31893535835584,0.16264006431426528,0.04301174855946962,True,-22.897217224108957,-16.713554999129915
0.18424559467217122,13.669509146772663,0.7498112206391466,12.721374085092268,0.19800750238668877,0.05894105586579865,True,-22.247576178908144,-16.932867271006234
0.45814148059975807,31.045235708443567,0.9363530372269184,7.796943702506679,0.24726880733453324,0.12009231731734647,True,-17.431705746917853,-11.377830601146597
0.1303771684644114,7.160005950489289,1.1245882933569096,13.886589939909227,0.29697730982352927,0.08098376190434703,True,-20.621163548070868,-16.10834861811721
0.4063295852435776,30.964514413813674,0.8852759858709154,12.293193590407546,0.23378055977315662,0.07201350725996064,True,-19.394115313478714,-13.342184895278756
0.2343212915677511,14.098475150240116,1.1126405884176545,5.82174622139388,0.29382220204552295,0.19111801615963583,True,-16.509037892507532,-11.161369129864536
0.41532099485466933,26.37420810623436,0.7331963242022909,15.679936399951718,0.193619899140273,0.04676015932083427,True,-22.1586536506395,-16.231073434572846
0.2907206205556541,19.550720645222917,0.6008593111334274,17.42256743963985,0.15867280751267113,0.03448741485519244,True,-24.744350508941825,-19.0739961909834
0.21664110557316302,13.254266103081251,0.9124214401032477,15.414648331321803,0.24094903557845943,0.05919184275188766,True,-21.33142257617664,-16.050066624585597
0.34508007379434097,29.420068741754637,0.6575963650909838,17.439096186336513,0.17365572859691186,0.03770816778946428,True,-23.379137446114463,-17.365890969106314
0.463481884419473,36.11274236328082,1.1049484252520623,11.200880353864015,0.2917908827288135,0.09864835533850547,True,-16.953249764809595,-10.790259800600776
0.42632817152287894,38.97962538320517,0.71152579534087,9.187408164220109,0.18789722231557707,0.0774457586538792,True,-20.03181640268859,-13.81646821416435
0.30850947469516776,22.494740588369922,0.8889877270468495,10.370378337455822,0.23476074329071725,0.08572375067898881,True,-19.194599294973486,-13.399455726031444
0.20630998371315057,11.355235908009867,0.5096143808300905,8.670450021436624,0.13457716816039444,0.05877600119603151,True,-24.69456700101961,-19.58734205433932
0.3353769588570617,29.73687000871794,0.5387071269446083,11.707368732205353,0.1422598779373905,0.04601436405284643,True,-23.583586457759825,-17.56216826665709
0.3551241892637109,21.856755855658264,0.9913338274564543,5.514661524313857,0.26178794048823156,0.17976331332135523,True,-16.67792880828733,-10.90775222894656
0.271889094609603,20.730930509337202,1.0979529307690172,13.595878145254364,0.28994353722047755,0.08075630856931865,True,-18.453991623824074,-12.730545768055535
0.2245601349273389,14.47219311275265,0.7996200812424468,17.92076417931937,0.21116085060729728,0.044619753557452166,True,-22.900120590626607,-17.52489061710254
0.3703660651638862,28.44524508734848,0.6855225469724038,11.620689528778218,0.18103037620597656,0.0589915551288701,True,-21.520822372327153,-15.533542134030016
0.19378569866914114,9.473892924264216,0.6564294106107623,7.189498623233679,0.1733475633738966,0.09130392048333333,True,-22.403897087679194,-17.516103790893652
0.2537573526129253,19.251496540048443,1.0380510278528197,16.48467328998775,0.27412485398640196,0.06297067643332051,True,-19.801067375322162,-14.144913509758922
0.4382352665844642,38.51634309582376,0.418436189344043,13.934856237530177,0.11049915295958412,0.030028023412045395,True,-26.112677509952253,-19.90540481638971
0.23262411567014057,14.019971104430983,0.5174438659929697,16.9167817236141,0.13664475098578063,0.030587606700077645,True,-26.512061284442055,-21.17031585954394
0.3008810489176822,20.280813550396935,1.0264595732486845,16.304682932033796,0.27106382354031583,0.0629548932369608,True,-19.772497898627567,-14.068773871865332
0.4535218447511764,43.608698503608466,0.8709398159997446,13.185385667798968,0.2299947146006049,0.06605341989553881,True,-19.40504984885115,-13.1160084464309
0.40824829461427414,31.23981254626399,0.5228884633584061,16.12633572888228,0.13808254105367565,0.032424505613008685,True,-24.9853683313105,-18.92683545418698
0.17650312760989906,9.800052189192689,0.6173279735387875,8.626488563628655,0.16302179379185122,0.0715619071404778,True,-23.353632515247178,-18.423515455614904
0.46240272574907815,47.21918943036828,1.0655215850724544,5.803539455176799,0.28137918184187727,0.1835985769205035,True,-15.184857494623065,-8.845813753832974
0.1946195615136197,9.521741997994061,1.093019603224295,16.923329128339265,0.28864076148346834,0.06458655947274342,True,-20.864119953204288,-15.969987797402851
0.34747797580882767,28.648390591437348,1.07701500671231,13.446630969883403,0.2844143240885418,0.0800955279522815,True,-18.121069383925267,-12.128272597947753
0.07966483983438799,7.128151273165987,0.9559815817906074,6.637594943392494,0.2524522441484407,0.14402529680456855,True,-19.72382395004733,-15.217354440683907
0.297609336906456,19.431231639272617,0.5521414081914251,16.913086866634448,0.14580755554319513,0.03264580928042595,True,-25.370801227849107,-19.706079732713594
0.2156640375024424,11.684141221145385,0.9699706004832938,11.086544913000942,0.25614641486226175,0.08749079249621142,True,-19.842239273178173,-14.701972863847734
0.18470046534656243,13.1937937677113,1.1288627723365177,11.895530080477336,0.2981060991553762,0.09489806378525162,True,-18.520232024204304,-13.24385864984405
0.27032170724369964,14.308490942501365,0.5236197603487471,15.84748255228304,0.13827565938342926,0.033041194941925506,True,-26.11284012798714,-20.74955554968268
0.37356711135426235,31.808750201722507,0.5179453469317609,11.554466327461835,0.13677718030325595,0.044826418828253896,True,-23.794185361387722,-17.722271334775005
0.31663933307018316,17.298534253207666,1.066735562946172,16.69240260230891,0.2816997648367845,0.06390545377803312,True,-19.79182088332817,-14.23686013030588
0.42027457536599955,29.06514392373512,0.746935768600762,5.006255929186191,0.19724816315478463,0.14920047619742502,True,-18.62146961313189,-12.617531027821494
0.16828813753293512,11.102108186029401,0.9604813150983358,10.957331507237926,0.2536405178487329,0.08765649870717926,True,-19.999249451732254,-14.918403234970928
0.42863976061936476,32.099127464316396,1.0729763885954324,15.771059354175211,0.2833478200613882,0.06803451591293225,True,-18.621259788651553,-12.542649240628794
0.3495912863635261,29.245039369839088,0.7831923847999748,5.3211302556916085,0.20682268247510013,0.14718534355783783,True,-18.271453259191816,-12.262776465734298
0.08078933837929257,4.451381390990604,0.816295417228087,11.228075872158858,0.21556441451657163,0.07270127371085669,True,-24.318711491435515,-20.556074544483373
0.3283953159216543,29.31394446283801,0.6629140352905238,8.461681668585861,0.17506000018653878,0.07834306007416986,True,-20.735008856549143,-14.724528364443758
0.261693751682297,21.658051849551676,0.5642211774046458,18.119798353872206,0.14899753838884872,0.031138380592633453,True,-25.28828522997669,-19.526100748063445
0.312855420894357,23.701541715393088,0.945051948122306,6.299925751338078,0.2495659850406921,0.1500100136769994,True,-17.205107358528636,-11.365424532220816
0.34465694581078415,24.629674742178114,0.8222774574750764,11.821357571343897,0.21714413060494034,0.06955863169796637,True,-20.196948605509345,-14.32518259112489
0.4489727288549797,31.112236882650322,1.106230979668096,9.086162090412923,0.29212957517513,0.12174898143577174,True,-16.42734717795236,-10.371863407850338
0.1533884180525651,8.160275244373135,0.7007376768174163,15.995176753440878,0.1850483340281228,0.043809311245446146,True,-24.902579679122443,-20.209003400247475
0.2893533319385758,17.193542787171253,0.8931835321967054,14.868656277965872,0.2358687567151043,0.06007157038933842,True,-20.89315858981497,-15.344101931332489
0.07819946719369086,5.49757362931885,0.6893345868280947,16.454902791280837,0.1820370462451105,0.04189235242358046,True,-26.392388410475924,-22.27747047840274
0.17795405922599156,12.434487193139022,0.9429949684036916,7.591236698496477,0.24902278509204942,0.12422152092694744,True,-18.77949290922711,-13.568609998132843
0.46367933836435166,37.24071519501024,0.6333673969260075,14.892940352346363,0.16725742814514735,0.04252802884732036,True,-22.803706996463355,-16.619418834378724
0.22498979949845993,16.578635826999243,1.115832156128647,8.352103868457748,0.29466501998923544,0.1335989319221302,True,-17.03155261261201,-11.51814794332822
0.16680109426678758,10.832020864192748,0.9158310304268408,12.384079731906244,0.24184942816469068,0.07395228795784486,True,-20.90369826838498,-15.851966757218129
0.20436963533391816,11.859462328907588,0.599138531444936,17.482164322900786,0.1582183900821271,0.03427141630628043,True,-25.710771289431914,-20.553432603607277
0.33317965979393216,19.273465481577492,0.9883156551408688,12.663512440572333,0.26099091218893206,0.07804435458004742,True,-19.21893578652904,-13.561728526063664
0.13880686714411028,6.575680216810257,0.7932030995371644,18.0823309895448,0.2094662767127629,0.04386619733903744,True,-24.9445566096131,-20.555029138102746
0.36783331161339816,21.42690591807999,1.1191045135257116,11.789719182804909,0.2955291725882817,0.09492206694438535,True,-17.714169179767094,-11.961415922536343
0.32098765444026284,19.825902013155023,0.4419926889900439,9.425888708376814,0.11671987029681151,0.04689135450933595,True,-25.144716642993387,-19.46157685181628
0.4404887299753878,35.415671901642085,0.6017000508626684,8.966460191256896,0.15889482709488326,0.0671056401331464,True,-21.520595611272384,-15.371257053093624
0.35903398893973476,31.39538706161503,0.7664738645841405,9.31108838544905,0.20240771462663704,0.0823183963952003,True,-19.679677274103057,-13.617450451102451
0.4561985847475378,33.60216880482209,0.8709631035981761,12.003745176309803,0.2300008643074579,0.07255761354523589,True,-19.35007793772139,-13.23815923815494
0.39606050348873056,23.317467715855752,0.596744242543895,12.655289838777437,0.15758611471435763,0.04715373967298591,True,-23.307129435599172,-17.481259540950603
0.308459601974819,17.56802722148213,0.49029674250399036,7.920560957716251,0.12947583436907034,0.061901769978342354,True,-23.923841616889526,-18.353959662715802
0.38072511753821997,25.814899038135188,1.0932879304600798,16.997478243970455,0.28871162039344145,0.06432059595945673,True,-19.034827842876506,-13.12454632021211
0.4507846321917555,36.42043666783877,0.5846807036388908,10.165895324913532,0.15440041791124978,0.057513940971437645,True,-22.14051499122779,-15.971620273279562
0.3997683536218086,24.70283827885451,0.8234236678065128,14.189827450770967,0.21744681778631386,0.05802915297336996,True,-20.85620043151404,-14.981979755803303
0.08250203704763331,5.577990444875789,0.6940780597712528,16.189910579560213,0.18328968584860023,0.04287102491149812,True,-26.21700333555431,-22.079015361359502
0.3034721678362253,23.90934808866052,0.6701205047609742,16.201521801790985,0.17696305922539055,0.04136157781714655,True,-23.20471134035313,-17.35768904152615
0.2524582446346321,14.583396529383082,0.4607467994347789,11.19638789950339,0.12167238963291949,0.04115137878129563,True,-25.893524536216805,-20.51029026435438
0.0777862223676887,6.426526125001499,1.0423753718480815,14.04996529504433,0.2752668114956972,0.0741906011836019,True,-21.658565470943007,-17.303047598695294
0.18238850305790305,11.328814710029041,0.8663733848219737,7.639024174908551,0.22878882756205088,0.11341414361113018,True,-19.731867809538745,-14.627356651356973
0.27338047632539275,21.975503752452614,0.7171605171946488,13.426036918057687,0.18938521978773998,0.05341565210729352,True,-22.017315485844662,-16.242412644646006
0.4485864328080642,30.920744167567317,0.5504234630488154,7.921163154658174,0.14535388664952942,0.06948770683067292,True,-22.094828242236467,-16.043955407748427
0.3437672193161724,21.929516756206283,0.9375520689723301,11.031188147834543,0.2475854434085959,0.08499103237182791,True,-18.982049868891725,-13.208972961400482
0.4201438735975642,32.37964981785658,1.0333752300345407,15.782156313347915,0.27289008579118434,0.06547744234167503,True,-18.940068436878033,-12.855071558339525
0.1176327735438702,8.97577067488596,0.699141375154595,12.16269020900582,0.1846267883155346,0.05748246178603795,True,-23.63572516033694,-18.81676632905547
0.07524710913151321,5.677234398657561,0.8688750346775244,14.988042013571867,0.22944945443200004,0.05797121691350657,True,-23.90338583436575,-19.737575097196512
0.18598076766159025,8.661914362351519,0.5760243310744181,14.06673940692828,0.1521144735774762,0.040949385242091664,True,-25.950112288791317,-21.177402620570426
0.277901302342922,19.11180036373693,1.0463890493312469,5.2590932630238845,0.27632672928827146,0.19896757805918655,True,-16.354399009765952,-10.704984270714775
0.33205264816321234,22.161049158425673,0.7587507471740793,12.365687523518357,0.2003682210222311,0.0613593660466519,True,-21.211073927619818,-15.428859605642076
0.4533086003783183,45.96169575573313,0.48130504439573246,12.056483916942042,0.1271013384484657,0.03992084655123969,True,-24.174458681091973,-17.852179528341054
0.24590748558544423,19.789512952600298,0.6487569783703422,13.329840860578791,0.17132145453031097,0.04866952165115141,True,-23.022910049538552,-17.34144623785547
0.23782887846268286,18.051878127673287,0.5256964324673065,8.18148884383411,0.1388240596315897,0.06425437258445837,True,-23.363346380465792,-17.76748533632062
0.3244872367260254,25.74254621702358,0.5137717608514656,15.769842385602544,0.13567503441238668,0.03257938464372515,True,-25.303046578833175,-19.395042461195658
0.2415257246142934,13.184440607713832,0.9717873739585574,5.787154827165793,0.256626181993424,0.16792144032449907,True,-17.806938052761712,-12.53133825590874
0.3514524760250432,26.60463119270539,0.8462791844296704,17.51683719993014,0.22348242199940002,0.04831232800593965,True,-21.337853107879138,-15.403299827737111
0.09034431791806798,5.593077379710556,0.42317112652026456,6.752788006875326,0.11174953846784891,0.06266613524508904,True,-27.63018445673428,-23.487921370199793
0.20010397619750997,9.616548058325877,0.6045138679137572,15.744283828729165,0.15963788997674339,0.038395767917412595,True,-25.700328361633673,-20.793770494562192
0.08235692351020632,5.031264701208198,0.8893571981190393,8.911883112108459,0.23485831190825024,0.09979453129391715,True,-22.31634712526092,-18.34542906216949
0.46406019972355667,29.18953058891334,0.5856551393291719,16.447643664803664,0.15465774345127642,0.03560723659051638,True,-24.16375783225123,-18.15653855225499
0.27760229537849257,20.837174949150167,0.9274860367953575,17.10088775586506,0.24492724113655281,0.0542361338216058,True,-20.799372819453176,-15.071361832792363
0.07668254764583489,7.005672635566215,0.6166889733616725,14.455032457388084,0.1628530488789819,0.04266257963651114,True,-26.05754356851618,-21.57585504424643
0.42285336901165915,40.47134433861161,0.7988624914599615,12.636409847660278,0.21096078896973505,0.06321910266371081,True,-20.076940199977678,-13.83651002097399
0.09055137941917896,5.882959847378164,0.7275839522820398,5.996730409923876,0.19213780375972261,0.12133010866687868,True,-22.504326611722174,-18.28300062915512
0.3693613482186462,21.2749419040869,1.0498799087697963,7.054424253424116,0.2772485831357252,0.14882573985541056,True,-16.70172415154359,-10.955251755631284
0.1119207713986905,7.294781076498115,0.9765264148231177,15.006550195689769,0.25787765118923067,0.06507334477870863,True,-22.088704334681797,-17.54948310562617
0.22828136251075504,11.602152968367601,0.4567159214614814,6.634749791611735,0.12060792959558127,0.0688369472559318,True,-24.897668564193758,-19.765512656401206
0.0798791895451319,5.276279430034358,0.8531577674874383,7.748669513741519,0.22529889395092273,0.11010377536097589,True,-22.093764121999374,-18.044908112975612
0.2714681887365842,17.836895300103734,0.8542888487248499,15.736365095188482,0.22559758589451007,0.054287559011074,True,-21.43715363395449,-15.8527101260003
0.23694246169597727,14.128132147814535,0.9825064447822872,13.903308491149645,0.2594568364078826,0.07066709664161708,True,-20.16720709648274,-14.817312959649405
0.19263020680924897,9.301712905884528,1.0832525757485265,9.40608609343131,0.2860615193182597,0.11516507131536995,True,-18.864267908619176,-13.999669451871547
0.350119998244423,30.961828258847788,0.4978870781621179,14.122529856338652,0.131480263436778,0.03525480797186278,True,-24.9093893955982,-18.857523818265555
0.4059055177037799,37.128822618045966,0.4589389183437339,9.849244991981644,0.12119497077121612,0.046596355224929435,True,-24.117419596040556,-17.935202079388933
0.1889597863628043,13.375397165237542,0.9839829081640096,17.435887033531877,0.25984673564989585,0.05643434751966791,True,-21.142169796414777,-15.850930887758404
0.26769429467974293,15.798004875465963,0.6509682770110845,15.1318368684332,0.17190540647559027,0.04301977893834431,True,-23.85791002257022,-18.39260825396378
0.30505979837926644,25.108568654208113,0.8054944560061851,9.933614160369759,0.21271213477461037,0.08108775346033796,True,-19.750095206487423,-13.862450494657567
0.3168527551280041,21.67984023930437,0.9923920157538509,10.148480133868802,0.26206738312133027,0.09778725510255606,True,-18.221557737760207,-12.45849174231896
0.4182132897230035,39.491310468804144,0.9642000161774339,16.23847244822108,0.2546225393129719,0.05937750729029082,True,-19.425030021027546,-13.200923227473124
0.08527448847596718,5.628292500842281,0.5665609297320406,11.341591470645497,0.14961541193061295,0.04995427063286695,True,-26.615759343608186,-22.463581491432137
0.43605697027939444,41.56231741991528,1.063820406027265,15.869047075242154,0.2809299404800804,0.06703744723821305,True,-18.425820747712798,-12.167882413491961
0.2513512026973218,16.700475621769282,1.0408531301607762,13.657321897112144,0.2748648232802164,0.07621209619294876,True,-19.29107913009277,-13.77046038251333
0.2166216914908659,14.342229259337456,0.8027064612242396,16.80933615379076,0.21197589094650443,0.047753608701746206,True,-22.62918829134773,-17.263425790259387
0.35919448168950396,21.11542118745167,0.925171614821753,9.18970274410254,0.2443160567452714,0.10067481403742669,True,-18.550122157688392,-12.810313014423784
0.19233416727993438,11.64577796049294,0.9446762500918067,6.45500688558154,0.24946677202997278,0.14634782996156318,True,-18.517790697015837,-13.381309084402979
0.4025609455918763,37.08501413810863,0.48876689981667476,14.92992558733257,0.1290718389083173,0.032737396911835484,True,-25.06906433925056,-18.88765999861376
0.15316181131788717,7.163275212613324,1.1197405178508943,9.33251364731888,0.29569712636713985,0.11998273564513699,True,-19.263295512879147,-14.749831636368846
0.33084388889070276,20.9452325645739,0.9856811446351231,15.890724009772091,0.26029519994711,0.062028712098263925,True,-19.973674789920782,-14.241055097104994
0.1740912940460438,8.404913979852868,0.6071497250993867,16.512311099701797,0.1603339578450391,0.03676951829658487,True,-26.193210458956898,-21.46019741378007
0.3058476071263268,18.091720370466,0.8923114158907903,5.299203980381904,0.2356384513171966,0.1683859347921314,True,-17.83778290999203,-12.239827389646589
0.44513728548214837,34.32004191393545,1.0613729551881852,7.7681486922045675,0.28028362629522824,0.1366313902118385,True,-16.21197054163425,-10.084896330708686
0.2789484733610723,15.54072583431958,0.6278803840634014,12.968829623687935,0.16580843714236915,0.0484145757390906,True,-23.616890874666975,-18.168198965248205
0.24213079660460612,17.61489744635813,0.5295117434881229,15.303202555100993,0.13983159350847182,0.03460136801963858,True,-25.50436356653829,-19.93192015473283
0.44120031797957826,31.836680129447203,0.44793489940675474,9.543861896826275,0.11828906826408936,0.04693434421507204,True,-24.406792777882803,-18.334230798614723
0.29025615777896013,18.625413079960634,0.5999878810059821,16.426732932410452,0.15844268331835346,0.036525088919062386,True,-24.602625359934343,-18.97724010356456
0.11477321490117733,5.784157867015964,1.1342114613543313,17.160899566366666,0.2995185620851222,0.06609277427258252,True,-22.05379370910849,-17.8587765127424
0.19307352907609832,11.101824530028457,0.5804991680451632,5.86218697189572,0.15329617274091306,0.099024335257161,True,-22.668621338118236,-17.58780516447809
0.34414507071657296,21.251788161887468,1.044841597645491,5.338455841353478,0.27591808370532145,0.19571981649670978,True,-16.219152698742604,-10.473642963263288
0.08536321867924267,5.055114673916355,1.0014911994207125,13.920129335028536,0.2644702634491243,0.07194553838667042,True,-22.813403326770278,-18.834661666879086
0.27434578218805583,15.347924074260227,0.5034227187842277,17.63527423877438,0.13294209588676445,0.028546350454667763,True,-26.74503968502394,-21.30905659949125
0.10896415392997544,6.427877718480289,0.9599922754855392,9.010839483145379,0.2535113739927428,0.10653749601035378,True,-20.825091034843055,-16.469259914231877
0.4602917690888352,40.4250170951223,0.842434861937572,5.337018019165372,0.22246722687551201,0.15784748316613628,True,-17.261168762980976,-11.021497223482763
0.4701904955725648,29.54680072146591,0.8745123801000197,5.046964813623353,0.23093814472693566,0.17327491123762828,True,-17.238973949710978,-11.222443257523674
0.2680677748581488,20.455588950205968,1.0152674320323456,9.373578074013073,0.26810824236520703,0.10831162060163896,True,-17.8544907341287,-12.143034597454093
0.09265904001399575,6.050167775103453,0.6010988329793961,9.824487151834795,0.15873605959690493,0.061183736483093325,True,-25.364861720839066,-21.100423488404164
0.08896537742295943,6.428067053101155,0.8667231195892913,7.423595919104311,0.22888118428580767,0.116752464578361,True,-21.16232526185272,-16.806450268152687
0.33942000108032844,30.208442125005583,0.9251433132566211,6.063476102117203,0.24430858296777763,0.1525763930913467,True,-16.989576896261298,-10.956225682422076
0.34853042801479417,20.216302116129093,0.46852600833305635,15.86300063323961,0.12372669567968579,0.029535774420338782,True,-26.482006892856322,-20.78116120789641
0.18859821765652354,11.117292545937058,0.6740587933527226,5.981533828308723,0.1780030685854337,0.11268995757620123,True,-21.403030029666567,-16.320577183220273
0.4218819614357806,31.591555872308035,0.4936919623726821,6.561392752206842,0.13037243205625917,0.07524194649171626,True,-22.547482856753337,-16.480635882769096
0.2449068661502548,16.015026314485358,0.44999071818017045,13.594055679945152,0.11883196163441893,0.03310202111677581,True,-26.631635295315235,-21.152622484561586
0.41669609859908474,35.57832022224948,0.5633376585629065,14.648222923721859,0.14876422184949997,0.03845774750264192,True,-23.80977582606289,-17.657217259101024
0.46306311376941434,32.967719582273865,0.6205837526382465,6.189303642809971,0.16388156845254132,0.10026713641027615,True,-20.389178985217747,-14.291051087123922
0.3693304752177579,34.04754406938685,0.8138447275231803,9.313811919245115,0.2149172450234561,0.08738041250774392,True,-19.06184519436275,-12.940469234142533
0.27322739982409805,18.264525491493146,0.537672446713138,16.687262996559866,0.1419866432314232,0.0322205293237112,True,-25.649546431632288,-20.042583043335682
0.2876272329376923,21.691089944852568,0.4209128742697952,17.310565361776966,0.11115318717892927,0.02431537419333528,True,-27.648732318895085,-21.885211684074367
0.3283645115375274,23.25034457600102,0.6999226836901007,12.278683904972844,0.18483311351773285,0.05700307045176343,True,-21.815694465170928,-15.992272387767636
0.10643100915397213,6.088977221442433,0.5871530362062887,9.759194053024165,0.15505330277515247,0.06016409070422598,True,-25.52562726252789,-21.251425926323893
0.35466517689687443,25.448482856785326,0.8400643303018915,7.823358327480426,0.22184122524258149,0.10737899187757655,True,-18.64391903169043,-12.745267142638404
0.45730047577064087,34.27747393849193,0.7175746327846345,13.879064676920326,0.18949457797206076,0.051701944582612874,True,-21.54572652331207,-15.419538123146054
0.20129004739783762,11.297411343909511,1.0522826769114888,10.026927086980908,0.2778830976714577,0.10494567954700562,True,-18.866975572474324,-13.765701769559545
0.2629325450477659,20.97380839050497,0.4559492593263023,6.2259197448495875,0.12040547216311998,0.07323404059351839,True,-23.69436639262675,-17.96053366237927
0.3689139454604509,28.997968962585055,0.7536046199063491,11.41733260125795,0.19900924988496438,0.0660053136950147,True,-20.610924653119064,-14.608766277267902
0.4723894193349144,31.943813142832365,0.6286045744983778,17.338381085773797,0.16599967879804853,0.03625509044867806,True,-23.64489203875072,-17.56985228258962
0.31060907580096303,23.829490782572393,0.40516782483444985,5.2790438455957,0.10699529006051836,0.07675022914850023,True,-24.263736925357758,-18.41952414322699
0.12525727445716198,6.843882004973657,0.6195152848919337,6.335909894051105,0.1635994112588309,0.09777842413346303,True,-23.516501064023814,-19.06851498145604
0.28397211956065105,18.69000546571512,0.5969435823555577,16.9960552359136,0.1576387556687033,0.03512247836746158,True,-24.77570491676737,-19.14707671226288
0.4117377482434872,36.81740322161853,1.0991721796544378,7.641314866199632,0.2902655121655632,0.14384594783765342,True,-15.782825241342497,-9.606418790615544
0.44044435548133687,30.88801532051222,0.6906172996365935,13.1079331176042,0.1823757805191505,0.05268697157975895,True,-21.78996677387149,-15.739886158378983
0.4028434304633086,28.479254982710938,0.5748607392207363,13.569126026391578,0.15180719634501677,0.04236534748830897,True,-23.615958636678968,-17.627750866856648
0.19647688847350975,14.392899202565,0.6597816094455428,14.960059685813679,0.1742328002181954,0.044102872802787026,True,-23.870153993291265,-18.50068572366673
0.39561663396180446,32.96159659895073,0.5789463777443855,6.6307633356588696,0.15288611735533858,0.08731217635697115,True,-21.13513540004127,-15.037142468305609
0.41423487325021646,28.45876110875487,0.8829070401524781,14.659256082115364,0.2331549769436578,0.06022863883452076,True,-20.183331221439484,-14.195682176533705
0.3002204953400355,21.701826622485378,0.8910654378471212,15.918623097073226,0.23530941783028067,0.055976288427291875,True,-20.80295451840781,-15.039000294874135
0.1423608779348879,7.3993704056687175,0.519785595699893,8.709311204074258,0.1372631467069561,0.05968159634216938,True,-25.62062547554961,-21.061388916890635
0.38246392372590504,30.701130458548377,0.4705814017261412,5.615899920046502,0.12426947671707798,0.08379447789771947,True,-22.710721500811882,-16.665187960633048
0.10569175925603416,6.263773802748977,0.7207497895676851,6.012884438429895,0.19033306217580753,0.11986756056064994,True,-22.381488553756025,-18.06439460222545
0.43938594148917093,36.806860703156524,1.0846151776628385,7.971496416667496,0.28642135042557526,0.13606167787957993,True,-16.01393590254355,-9.837727423475506
0.4182672807729593,25.47319535805989,0.4881531630587158,13.623371204967661,0.12890976547006872,0.035832038613226244,True,-25.200628350783134,-19.30118451288196
0.46569205913349027,31.958775611847233,0.7588063375124232,13.930468095081412,0.2003829011227008,0.05447098635402951,True,-21.15840790107663,-15.08302305141628
0.08962965099689049,6.184265083496323,1.022811697806969,5.484229252260317,0.2701005054605782,0.1865005364947898,True,-19.23345167373595,-14.935652735368809
0.24092945608173788,12.349791349501283,1.0114698878231005,13.672420707180821,0.267105400285257,0.07397884467465748,True,-20.122120044116947,-14.918898209799327
0.40901815080359805,30.441715195127536,0.9387636752224566,6.607879890372187,0.24790540011351048,0.1420673030982682,True,-17.02683588130473,-10.987681079787368
0.39441200315632546,23.772149606623895,0.41905023854645423,13.65893528197302,0.11066130890706162,0.030679568348165046,True,-26.633583713620386,-20.791396701193566
0.17936490806085156,9.297409859279098,0.8859436491333303,6.187483037135786,0.23395687393249054,0.14318320451403416,True,-19.51421185949383,-14.65020094785334
0.4763779866156256,48.563444826682094,0.899177406876375,6.007147306105292,0.23745159799871238,0.14968459421038452,True,-16.69175310787464,-10.33549266487399
0.07344119224183283,5.594107515976687,0.6307779183828294,9.981059190955715,0.16657360778516186,0.06319749300298765,True,-25.268563685556593,-21.12600929684138
0.07236509404541788,5.703111913576437,0.6133552581307432,15.577354919226327,0.1619726931195921,0.03937480151869111,True,-27.0618216428316,-22.888870507259696
0.35867374272794095,20.185080851196425,0.6326574179928304,6.946116863719675,0.16706993941273582,0.09108073336589957,True,-21.145760265656385,-15.446312360580098
0.44277843832362423,40.409511967573096,0.45106578580345114,16.957469908502638,0.11911586170035972,0.026599828172319647,True,-26.16956462595663,-19.930147275712685
0.3022021354433554,26.170277817645022,0.5937931416598747,14.633340891542,0.1568067984021292,0.04057809806119424,True,-23.733711500342267,-17.812376575384437
0.18207310330036383,9.658058068196302,0.904873897775543,10.775165768064316,0.23895590722250773,0.0839777240789584,True,-20.784561910558956,-15.87261867929318
0.3695857068329081,33.05797551683928,0.7561619129995795,17.543025292953935,0.1996845708248533,0.043103278959717856,True,-22.0453575723449,-15.9452444104914
0.16899093170610618,9.631976703008851,1.04790678589185,16.62900413113646,0.2767275278057834,0.06301680952317101,True,-21.13265880610531,-16.224095396474027
0.3103789764723174,18.414893769346648,0.929497525601323,7.4871774669145745,0.2454584280054403,0.12414525095855167,True,-18.138252531912777,-12.523550219653622
0.32964481557743675,25.42075265013062,0.6004213169994561,16.23506308830287,0.15855714356667985,0.03698299869447696,True,-24.080520534481717,-18.182758626799526
0.4356044696852356,29.003936313061644,0.934396921724902,14.540929354987137,0.246752243252438,0.0642597800259878,True,-19.63537975269371,-13.63306299385908
0.30714507338358094,17.125410367887277,0.6596159743691088,8.40477095470509,0.1741890598914444,0.07848113624082141,True,-21.559451545843494,-16.014254107133524
0.42161508100078576,31.880602064420447,1.04403728913215,15.493045605854116,0.2757056847501027,0.06738747924021188,True,-18.797789463648378,-12.724210195470743
0.09441321348320184,7.386179117935551,0.5591177305145664,5.037960635428497,0.14764983813516838,0.11098096451621269,True,-23.824961494140076,-19.26822697390888
0.22508658905638151,14.619739224507063,0.572257263939532,12.231207450802522,0.15111967977582308,0.04678665342251101,True,-24.321447181880576,-18.935616007437662
0.2942937309205528,15.81654136811768,0.4299640067944306,12.745392934720424,0.11354337833057182,0.03373485690057794,True,-26.80964356252316,-21.343160125588927
0.23069198011339048,13.5826937296917,0.6676289166133071,11.770252815542959,0.17630508941576928,0.05672171422959445,True,-22.98650081978429,-17.67864370860917
0.3415496679719195,22.209011534045267,0.9723422582750859,8.527593068019675,0.256772713886526,0.11402306026088187,True,-17.81427358774953,-12.030183659298652
0.12332846153317897,7.011947865429574,0.6124446729881341,7.396296381561742,0.1617322290069788,0.08280423625463414,True,-23.89876842147086,-19.415795194443536
0.44079349823073855,35.0754822216009,0.6638323790769102,5.561369096754735,0.17530251317443418,0.1193649203150859,True,-19.54704976120795,-13.404516009083219
0.354360430761834,28.457074313572736,0.7417210876666538,9.554725034260848,0.19587108860710564,0.07762872139250768,True,-20.171557411184327,-14.18395437936908
0.23870413995680445,16.69288999748467,0.7424287592633161,16.362811904204925,0.19605796802622888,0.04537293245255276,True,-22.923055875810114,-17.402884054968887
0.13643418290033846,7.131109896133188,1.0820178089827408,15.632537565202485,0.2857354464660624,0.06921574980835338,True,-21.423296620488617,-16.916236047190743
0.19097844776757356,13.36477032669456,1.0492992031163713,12.776556444166928,0.27709523243505346,0.08212691797682492,True,-19.38926298681192,-14.098885957016654
0.1675800610645118,12.735100365656853,0.6415080440591598,17.088556120796067,0.16940718152610212,0.03754021343432702,True,-24.877215968922442,-19.639735123899026
0.3006260575706419,20.31379809587042,0.5602230950701881,12.907618116371918,0.1479417389081374,0.04340251547724406,True,-24.136402826134862,-18.43121220903293
0.3263855497553125,27.55214740461756,0.7943748021303688,10.708707238894199,0.209775695800707,0.07418027072821513,True,-19.9971349522174,-14.034801581501721
0.20716838127628412,13.77631118993101,1.060707215777789,13.843764489557932,0.28010782017994956,0.07661985412839539,True,-19.534838141540774,-14.211785320241399
0.1596156892333347,8.85006776980251,0.8982552928123492,6.283553784387296,0.23720808936919657,0.14295338651261938,True,-19.549764699978784,-14.74904687184699
0.15055108304835174,8.331090067096596,0.9750943213499386,17.428755748265807,0.25749946899616244,0.05594744314705095,True,-22.315773577395262,-17.594486307689156
0.15742646485505543,8.489432804142979,0.49282462595918847,7.916800031939417,0.13014338891548236,0.062250483019773685,True,-25.426647943776935,-20.680390218399964
0.1577734355465062,11.98948952163849,0.9823182416268704,17.783506731449847,0.25940713638243673,0.055237600573437885,True,-21.461137811784624,-16.291369670341282
0.3656089398840922,22.649135929904887,0.7657781392496221,17.40309838220626,0.20222398993428353,0.04400240247061923,True,-22.407224816206558,-16.606192388722945
0.12855781622675883,7.957156158440612,1.1110702104373211,9.291356228099977,0.2934075021675673,0.11958105826112836,True,-19.015519881866624,-14.355996672871923
0.09896288309546264,6.419422527810701,0.7012022587304763,7.571227662008483,0.18517101918103454,0.09261407661125098,True,-23.058593826990688,-18.70472385266631
0.2579858297642391,20.522526207324372,0.8746844092065964,15.879798049401929,0.23098357356661353,0.05508158268042579,True,-21.040269365945306,-15.325877108415646
0.2398025118362846,19.26076594714589,0.49099647318179196,11.59280281795572,0.12966061677835028,0.042353560298748746,True,-24.976987465325205,-19.320388927066524
0.41030986699523747,29.557852137441746,1.0026973281726783,10.573035527942857,0.2647887736756449,0.0948353313977531,True,-17.839426439309563,-11.822610321244156
0.31578961997593413,22.165602102723216,1.0594405491556098,16.31388383855863,0.27977332332619415,0.06494103793062275,True,-19.364059139084638,-13.58166651885324
0.16491166274280736,8.274768032868348,0.9696916443994532,5.272074498251039,0.2560727491235845,0.18392980689501626,True,-18.775778097990596,-14.063537255364606
0.47887014177717346,47.1333587887734,0.7631691923259307,8.422468434625458,0.20153502843304164,0.09061110745021966,True,-18.96147706558034,-12.623556837001411
0.17734945588933712,8.301697128014919,0.7166258260583156,11.224230022725898,0.1892440204384379,0.06384632394447998,True,-23.339660476784637,-18.62308332442374
0.15809248134951898,9.091107165814597,0.7935766363153993,17.372813017799416,0.20956491898760754,0.04567922509166108,True,-23.86449800944607,-19.02912155327077
0.4452632754387839,29.739954657412582,0.6714766143155917,15.587671982927926,0.1773211758532581,0.043077414962992076,True,-22.741821948081224,-16.72032481089912
0.3658369264446898,31.66560605272729,0.7604942122074092,10.483491014089033,0.20082862911862354,0.07254207698421847,True,-20.125854051548867,-14.057273856184615
0.38824281561378104,27.488792265625538,0.8668349636213928,9.312607151297255,0.22891071966330498,0.09308187809690241,True,-18.781344179207974,-12.820824939626359
0.43197993525221007,39.322457574315585,0.9801272297920353,6.382574463882231,0.2588285417053051,0.15356299175801047,True,-16.278852001608076,-10.057617168888534
0.44721269208997133,33.159810713710165,0.4089326664525407,17.058758077676913,0.10798949615554612,0.02397200690639197,True,-27.26963746663995,-21.167293765686544
0.0710458812263068,6.715224243838123,0.8924981396865027,5.47390593803258,0.2356877606785498,0.16304594010018422,True,-20.150812375500777,-15.73045190688925
0.4362076233482842,36.7534866732429,0.6577233551789661,5.910593287459113,0.17368926369142246,0.11127873686969804,True,-19.672461884541065,-13.497256950203996
0.46978671973204983,30.93429298323965,0.7756252806865802,6.815180371250783,0.20482438831178248,0.1138084743814683,True,-18.734011564297177,-12.68281112931138
0.21093047420374722,10.719008711110693,0.8676655162796931,8.953544072795266,0.22913004907975526,0.09690749375055131,True,-20.299093832921518,-15.259855669201867
0.4143192082014333,30.18096452993325,1.0753488299079206,11.508058532759787,0.28397432599503425,0.09344311439212306,True,-17.499865100072498,-11.467201776536545
0.37259018782881137,33.88007321782076,1.056226613241463,6.4976783037460875,0.2789245984662906,0.1625544638971307,True,-15.836210067140952,-9.718369070041394
0.40633922445825793,30.41152681278234,0.651258309432434,8.868096292529284,0.171981997214408,0.07343834436947544,True,-20.982875156597267,-14.944467773177085
0.4048255232295076,36.66537658360636,0.7780353470999573,14.051469505761402,0.2054608301493587,0.055370390035074,True,-20.81202609066208,-14.638482453175328
0.31306913763684074,21.910271932143985,0.7355184527971316,8.039736263535112,0.19423311866890738,0.09148539562586602,True,-20.089460729584072,-14.317149588400692
0.29993021726052355,25.787214051824837,1.043935482044081,7.5082376598734175,0.27567879989338284,0.1390386838210021,True,-16.628880474906108,-10.71946928339891
0.11562828487044596,8.684265020338966,0.9688061701789341,6.350719704454931,0.2558389162147047,0.1525506108385372,True,-18.96352598939013,-14.187443814484812
0.4701271420347339,39.38635531903737,0.6421344670864071,16.89646976017003,0.16957260510959693,0.038004060978471824,True,-23.11539841310378,-16.89307466057888
0.2845005184685305,21.19837433045826,0.772999504646895,17.34804468389828,0.20413098263694918,0.044558307217433,True,-22.412522293211026,-16.6692391252825
0.4539093968706301,34.36923940613475,0.8237151575567595,17.17600492158423,0.21752379337140645,0.04795731960472587,True,-21.17182069234542,-15.04372469955163
0.19932000281383788,11.127726465201054,0.7960839273329174,11.30368938259533,0.21022703555571137,0.07042691110733054,True,-21.733313217823707,-16.649758200966115
0.15410322945876304,8.814362740495358,0.6809325756865012,9.482220040137182,0.1798182727786986,0.07181151384424633,True,-23.059211336204694,-18.263742560558047
0.2665845617931418,21.331574476366203,0.5720729184873603,15.238142363862627,0.15107099847904315,0.03754216917175125,True,-24.508155861738402,-18.759335221173785
0.2188624893576624,15.913985489463705,0.48832275523673946,14.0984153572041,0.1289545507742499,0.03463671220235493,True,-26.070597128878383,-20.59793442158015
0.37464606772906134,31.48206054978323,0.8084002851329356,15.344975522884956,0.2134794958808631,0.05268175787750953,True,-20.99772038630921,-14.933447089199582
0.3571957818291443,30.37460471281131,0.4480610111444376,8.358268015593298,0.11832237140695102,0.0536069207530231,True,-24.056452892506314,-18.018961107123275
0.28462957776169934,20.75745610720383,0.538065317993448,10.618408882474895,0.14209039129337853,0.05067287612944492,True,-23.75764137778027,-18.033052607006518
0.17405393705837108,8.360851608540083,1.099661889878304,8.290431024877737,0.29039483311415915,0.13264230612117314,True,-18.626061658280776,-13.90002939372145
0.214311338653629,14.391548268931563,0.6075450751068492,10.341913389429383,0.16043836048051777,0.05874590631631373,True,-23.24378784126239,-17.874418129273554
0.38929592703908406,32.554814770620474,0.6547916992183813,7.864159358913278,0.17291508232598807,0.08326277092493517,True,-20.503681597869473,-14.414737497605177
0.3458626101411179,24.41914693915498,0.6932029145167811,12.481999790876706,0.1830585805766415,0.05553620622742313,True,-21.889025958175964,-16.024382443120896
0.25022530564414414,17.06310771056381,0.7423579051808666,15.127437251422519,0.19603925713005455,0.04907360664219966,True,-22.579437925156224,-17.03778889883873
0.34547842131599343,19.859843910328458,0.934591054485302,5.166204030063163,0.24680350914705274,0.18090478987022807,True,-17.253042486472665,-11.568343420525425
0.3288047767955835,27.792668109579303,0.8458841962561551,16.21960286476135,0.22337811491575385,0.05215196717879697,True,-20.979232975152236,-15.010067074784567
0.11871893516986315,6.437609215575219,0.9461215246244291,14.983002051202197,0.2498484350307261,0.06314632550881316,True,-22.740641562979512,-18.382557829438383
0.3048636319950796,18.351817305615114,0.4047318061177555,17.43016562284035,0.10688014777575379,0.023220192789642696,True,-28.281353241260845,-22.669886121824234
0.3078309562435758,22.58852430459961,0.8509999315279165,6.65755557914979,0.22472906024192474,0.12782468301024597,True,-18.302169830868905,-12.503442283057515
0.40969630882646824,27.714648640644388,0.605584984401921,13.072652468241627,0.1599207466408591,0.04632456847400433,True,-23.06012837039193,-17.093169376602255
0.3340601036535367,24.570085104179167,0.9185311089906646,15.646571157133845,0.2425624553880161,0.05870494562458003,True,-20.290840138112785,-14.421081180981815
0.08267184834337768,6.009926308175439,0.5218299183074635,12.982190008392418,0.13780300421035893,0.04019583120953578,True,-27.59226356905728,-23.338043857071177
0.1541635840357107,8.069715237221756,0.9306791013906675,12.258297150562576,0.24577045437219597,0.07592238056881785,True,-21.460998805973798,-16.782453293943334
0.21997150085458067,14.133700827103043,0.5997695779158376,6.187038169155636,0.15838503460831418,0.09693969255044858,True,-21.981956698226362,-16.631645452789215
0.09227108520673169,5.226969321094487,0.42533872943298606,15.050767499052396,0.11232195139939753,0.028260268418854092,True,-30.423553833295458,-26.389961089803915
0.3332239469400213,29.987052381247523,0.6724141067398668,11.014618674380163,0.1775687455459054,0.06104742493754158,True,-21.43251478134527,-15.40473190960681
0.3049746429060725,23.07896005534949,1.127262180670432,11.041747454853311,0.2976834205538578,0.10209092222761833,True,-17.309169327256647,-11.492043819594024
0.3897607059083794,23.330955912645738,0.4628713590600081,13.070430345276526,0.12223343584493085,0.035413628077462914,True,-25.632064365019836,-19.805703817243028
0.24129171271413252,14.578287472525531,1.0763628976764017,8.242167439636093,0.28424211743448036,0.13059221443381952,True,-17.54095610802758,-12.15808765492901
0.09538297841418572,7.816908625903811,0.7242083084630324,12.889577158289319,0.19124637564668512,0.056185575334974605,True,-23.911901844961633,-19.276626541256313
0.19843655015600092,11.141518288367273,0.45989289045625503,15.546388069630307,0.12144689236180774,0.029581976752185324,True,-27.68245867142726,-22.597449050432402
0.07195000483111694,6.653363360711732,1.0021672403612323,5.733234082200091,0.26464878995614205,0.17479963769012152,True,-19.243402567087863,-14.836596308342148
0.32249759302972963,18.253258299988097,0.6976604294234532,16.983618359399273,0.18423570539049694,0.041078433032342945,True,-23.457685048616383,-17.85130524026172
0.29328610005791006,23.537646149601045,0.5981471919588308,17.82922710538517,0.15795660064732286,0.03354868881434381,True,-24.593470009759294,-18.759641708080096
0.11842095253542984,7.983630888907896,0.9491599659819936,11.946257491650536,0.25065081590713784,0.07945249519737703,True,-21.226515346524515,-16.562483429199318
0.11908904752332233,6.264256177175221,1.0690260492703372,9.619356328898698,0.2823046283861886,0.11113280480719315,True,-20.18043581231848,-15.863225870749744
0.34799838440946385,28.453137182419763,1.0329050113173008,11.4242221552955,0.2727659120909071,0.09041359641614775,True,-17.899265280787667,-11.91176966302385
0.42737894142596455,29.22315168480702,1.1182527273412113,16.909176178822285,0.2953042358971281,0.06613289231333191,True,-18.653599261523137,-12.645496701628174
0.19259211040559865,10.493353746556295,0.6880979604543314,6.27095886534904,0.18171048231419776,0.10972771074237178,True,-21.444751335893663,-16.431033506721327
0.24121733620464297,13.356754094405483,0.9518612183331098,18.006886927956128,0.2513641531000712,0.052860953819581225,True,-21.561885591587174,-16.272159361925386
0.4824140236393602,32.736720479456785,0.6110100411854918,14.312975757923189,0.16135337650081927,0.04268923887803394,True,-23.113791925510796,-17.02078118520556
0.12168369007761576,7.060638238259508,0.49586835812466784,16.31064518502444,0.1309471669697863,0.03040151707670936,True,-28.39656607553941,-23.90368029567925
0.16965782661877862,12.115050456223013,0.6132648003026928,17.17235042911514,0.16194880533542647,0.035712339020459484,True,-25.391807376644987,-20.21021900104841
0.16852962017211312,9.766660981140522,1.0895810026585173,7.648485074093026,0.287732707974807,0.14245709994900166,True,-18.08692916083752,-13.161051757499216
0.1970941799419857,9.626860186798371,0.879990361238226,14.42721729177903,0.23238475066379138,0.06099515543719339,True,-22.098798589759163,-17.19089975654126
0.2264939587525578,14.593390399937485,0.4461657810792683,11.738643534186817,0.1178218857362612,0.03800829114368162,True,-26.338775983151457,-20.954826662582605
0.4762611423726617,40.78649051358733,0.6821412592567964,9.31752690684521,0.18013745767263223,0.07321054890173215,True,-20.393176727390507,-14.147619128114574
0.46113838252583744,35.01654704186298,0.4055831459737031,6.773836348582779,0.10710496660203747,0.05987495491510643,True,-24.2024887062258,-18.061143576667895
0.41675616271527666,26.396295960452576,0.4432895187110657,10.582562252643424,0.11706233251531693,0.04188867574110761,True,-25.080818118011976,-19.15256566408668
0.08904446441813854,6.627482408349374,0.9024422439724258,12.32561179818143,0.23831376466319273,0.07321683164689445,True,-22.325909399399325,-17.92482752393411
0.07225102855862922,4.871649489492592,0.7140735192471417,10.681491343105197,0.1885700162583267,0.066851481343761,True,-24.93759708465488,-21.020442535792476
0.2896253497074226,24.506757287968885,0.7781146076643687,11.798735057130763,0.2054817609996379,0.0659489855392678,True,-20.676640267800664,-14.809022004387455
0.37856088182393544,23.699945314421917,1.0287515554503455,14.770361001873662,0.2716690821157727,0.06964972320716098,True,-19.134744512134144,-13.295118428565857
0.3311518011813746,19.939994393999743,1.1035065108436857,16.271579265725606,0.29141010705781906,0.06781803369068838,True,-19.162556161115546,-13.474190230281252
0.3198727947030622,26.195988287204962,0.4712435174436611,14.931227640421572,0.1244443259003235,0.03156093583141941,True,-25.817662032538834,-19.895535859840155
0.4570281974289171,28.945065735907253,0.8759735353950968,14.800667170753014,0.23132400146342288,0.05918473304541783,True,-20.266756750147007,-14.26600457817921
0.36647081835114576,21.737107539714078,0.42227533861524685,9.35183816809658,0.11151298195754547,0.045154260694525515,True,-25.37357973375898,-19.6082029084343
0.3716660434202356,22.54450178267896,0.8016103772455402,7.173482729442195,0.21168644095555428,0.1117463312423522,True,-18.998936479244094,-13.201888585833954
0.07020706462947696,6.010488918248619,0.9757218494031296,8.475784252027875,0.2576651843910107,0.11511876900001118,True,-20.720093841952128,-16.465730591387786
0.42553443202971847,26.54659849104296,1.007668348437743,13.510090182652394,0.266101503173291,0.07458635248280114,True,-18.817634481808405,-12.884829131256483
0.10766995793364556,7.044146824264187,0.5645438567537984,10.020015209556778,0.14908275041320732,0.05634161674878039,True,-25.49182662867176,-21.002287238067645
0.13545757920377693,6.716371412455029,0.5624701842037187,5.016298038829328,0.1485351422805108,0.11212854177519813,True,-24.05454313585534,-19.633933003199225
0.32288560198364546,27.95286017114054,0.7674969367920448,7.3085430696881595,0.20267788392668523,0.10501367091550741,True,-19.12341692468739,-13.149747729605991
0.17432643428865163,10.591109839691233,0.7566831374755991,13.551798458375554,0.19982221394599983,0.05583636295948149,True,-22.94664342414024,-17.92177420593946
0.4073218336199172,39.52350927439255,0.4031188919333723,10.785273997344877,0.10645421508706777,0.037376787277969226,True,-25.4794230161556,-19.254770590410462
0.39414714598803996,23.606585301010835,1.0661115558748802,6.917901546114613,0.28153497925041676,0.15410909634492465,True,-16.367753186198556,-10.531455146278827
0.37831776630402963,35.706044345590335,0.7835024498133338,10.405549684765836,0.2069045633501561,0.07529659398584339,True,-19.698944594602963,-13.543872372760234
0.306313586551081,21.893025450417234,0.5729899914558414,10.909094203341963,0.15131317587382861,0.05252406668926811,True,-23.2229345373351,-17.451310472665543
0.34609360392897576,22.26255497810615,0.8356658956494016,6.889239800285711,0.22067970213386062,0.12130016081233591,True,-18.559315227363626,-12.773138339683133
0.39823013822859943,27.80965049081838,0.9628374236126528,12.034909831583544,0.2542627106746475,0.08000370896721239,True,-18.72522925544881,-12.755584169633426
0.2141730200776099,14.049235251052197,0.8120094347997373,16.689215352918218,0.21443258739455637,0.04865474005988857,True,-22.540505323542497,-17.196546279847865
0.47153691495355016,32.59294082656466,0.7159336653447221,12.119537932080217,0.189061237078605,0.05907268654604872,True,-21.123830898889985,-15.034031735164564
0.3508562847357597,30.593179429616107,0.9445002961444875,13.162980338160574,0.24942030673219548,0.07175428906524327,True,-19.098224811606052,-13.055336142771255
0.3568246027571064,21.18534169583153,0.5844103414560036,12.518570848332764,0.1543290216196236,0.04668347118344071,True,-23.591618674867036,-17.848880004769207
0.14553696652004267,10.002629283811181,1.0010281764412077,7.419825846905747,0.26434798997388703,0.13491262424422826,True,-18.6864813481587,-13.731079950161146
0.09177027209723514,7.530316688117637,0.4475183233509238,12.309927873746439,0.11817906032862678,0.03635426039378773,True,-28.030112200028565,-23.446380149296758
0.351321877104542,25.983717481769112,0.7982005297689528,16.57891371253043,0.2107859804612673,0.04814552651695561,True,-21.659772553164025,-15.744212969648572
0.40671381524803885,25.947037305939368,0.7992842486043867,13.20586909308622,0.21107216510879867,0.060524925922735576,True,-20.77586840933037,-14.861451394498658
0.16415282218002045,10.162863515731313,1.0427134280340369,17.219742629816665,0.275356084180881,0.060553368912061284,True,-21.18524457142373,-16.21035808946934
0.42789493784119825,39.2777220976494,0.6559245618979634,6.672377177892284,0.17321424470654023,0.09830447896009999,True,-19.86357741802661,-13.643106481557703
0.27844878729771144,16.68886432346034,1.0952263480127724,15.669835313458757,0.28922351086350406,0.06989392843663692,True,-19.377021060293558,-13.857086541284378
0.14227865893070757,10.588385363712538,0.4501322064821194,14.52649261708584,0.11886932536613525,0.030986984838492996,True,-27.722125847691224,-22.697565418447123
0.3489911134011469,23.16057491136056,0.7468924279109004,8.614304930451176,0.19723671789827874,0.08670373685875335,True,-20.07369257462273,-14.253560186378298
0.20234585384708842,13.971820783167473,0.5715512848904963,6.731254665737298,0.15093324731870714,0.08491006703397283,True,-22.599485692046784,-17.26139697937698
0.27181452180462534,19.46846452557511,1.0389204456959784,15.601302250519703,0.27435444678378307,0.06659190553540942,True,-19.559986991967317,-13.893504957058148
0.40295920358072745,30.11780508734476,0.3989386198005865,18.190278352013344,0.10535030356704006,0.021931419194386927,True,-27.858970635750644,-21.827891929823796
0.31395996469884907,24.667847222590375,1.1268874130714206,6.862245863699981,0.29758445324820393,0.16421554043005773,True,-15.804769260410536,-9.931721232862854
0.3391446179125575,18.527585970188113,0.5555751858594925,11.885527817447425,0.14671433543804074,0.04674383791723014,True,-24.056106705084076,-18.435663986014397
0.18843927958620926,9.159376331184713,0.8885108875530596,10.407589462333565,0.2346348211991218,0.08537143886859656,True,-20.956248188049567,-16.111293851265998
0.47295568712442093,35.669428530856656,0.8980820768218141,16.346134968083426,0.2371623471013894,0.054941555210168046,True,-20.182127166145793,-14.027774219528172
0.12038813910697226,7.0386554917586235,0.5461405852087697,7.53561910369029,0.14422287937624287,0.07247454757118996,True,-24.930860545005274,-20.4424379299811
0.2958784144687088,23.25576603665833,0.8570966175397388,8.414078005803116,0.22633905157948803,0.1018645913371146,True,-18.802914538138015,-12.979294374332547
0.32554198624023944,17.70378658050969,0.7149495401723446,9.246899823076626,0.1888013527743234,0.07731775555609585,True,-21.092587488856054,-15.51531315349271
0.4359687632656616,39.65606918437972,0.6526665448118448,13.395102752279907,0.17235387904622698,0.04872426564258778,True,-22.07074911781936,-15.84385715705772
0.18627815692919847,9.7875668221042,0.9134053176508011,14.304662437077624,0.2412088544908509,0.0638536785938589,True,-21.702296064900203,-16.773761835800347
0.288851691596795,21.89399018368619,0.5957237877402086,17.326058018626213,0.1573166366091831,0.03438311167489924,True,-24.621208609467228,-18.84954609049126
0.0991360424822369,7.328594286543207,0.8096324886876902,17.807050191681235,0.2138048918493323,0.04546696280251511,True,-24.37576921380623,-19.8300324082818
0.270950637521547,14.72509540128269,0.42751449476675485,8.111241419470948,0.11289651983430553,0.05270641972762775,True,-25.496599943341334,-20.10329261343546
0.2529999469086868,18.590478355745653,0.49163784959346507,16.953350205076273,0.12982998919886019,0.028999451061080303,True,-26.46027930636107,-20.836654759027397
0.4467439137812725,28.54937374708007,0.9998600683715612,13.324365841651005,0.2640395201150454,0.07503997415367197,True,-18.737039177423686,-12.746924154834698
0.3893325180673922,22.523629701022784,0.8560417237572762,13.95901368826657,0.22606047895027262,0.06132537318713521,True,-20.589675380748492,-14.793425506577824
0.3300048454091378,22.526834355170774,0.6688502847324691,7.653711142839894,0.17662762400062632,0.08738901589697223,True,-20.738941002590366,-14.94256853286865
0.26121165634415455,20.929688829858147,0.6711761195241037,12.301784648977083,0.1772418222486374,0.05455924800146077,True,-22.344164231347037,-16.61220537020837
0.39882631656700895,30.375319542681584,1.064658904116642,11.342078366797306,0.28115136809794405,0.09386806101016852,True,-17.527273253642058,-11.489763726521376
0.29137220212757137,21.46681564592125,0.8021945923613982,14.614474801628798,0.21184071842268662,0.05489041537585688,True,-21.400905340425204,-15.646513218812732
0.13845554538868143,9.14722547300288,0.9585612461305387,14.691806427813683,0.25313347280824977,0.06524461446182994,True,-21.552466562138886,-16.7092094440066
0.3773897018660134,27.811204806454395,0.4450945545682061,14.485365765788353,0.11753900001768659,0.03072718782286008,True,-26.11699153952604,-20.147302617339182
0.1359971801091978,9.607711163477532,0.48847930625690644,12.622954818848761,0.1289958922154635,0.038697699014774475,True,-26.71544759565178,-21.810040499534953
0.32398495367355445,27.105663346683574,0.6515699277134973,16.917942919913756,0.17206428827092055,0.0385135433307644,True,-23.445670834297022,-17.49625268201172
0.3372273228171773,29.243644689546215,0.7385855805892384,13.138904656346115,0.19504307495776926,0.056213634234152106,True,-21.284560382086966,-15.275920160136199
0.434796224928174,31.14133047789728,1.1124381399558365,13.627420035359338,0.29376874016980914,0.08163233664694938,True,-17.784389860496038,-11.7282091484482
0.21170333811487213,12.768440978954064,0.6307439795971606,16.152033113493587,0.16656464535035245,0.03905043873828057,True,-24.796438556028797,-19.55606332305994
0.4687531667234467,45.242200155555174,0.5062488781502035,5.39650533810102,0.13368841808360565,0.09381050261841262,True,-21.58156147041644,-15.26917805369839
0.23929839972087885,15.738399486548388,0.8778820086402913,17.496661624295925,0.2318279843463819,0.05017425766646028,True,-21.83763872230751,-16.376150255070304
0.4285844884161823,40.3224801066237,0.9084817059904949,17.974459788547094,0.23990864449032814,0.050542921271512053,True,-20.322297011762164,-14.08430908872852
0.1840119110201243,9.889818548562172,1.0494744015171213,16.602810480362784,0.2771414982107578,0.06321064754418551,True,-21.04949102851226,-16.10807833838423
0.374445306284973,21.798443416288865,1.1208257453482529,13.554971261285255,0.2959837094167908,0.08268743059230792,True,-18.186879914516588,-12.41903781611487
0.12160435881577451,6.8286066669616865,0.8545601166117286,10.788716278110673,0.22566922136125167,0.07920869309961868,True,-22.234778899213886,-17.79003372055628
0.1211490303398034,7.954878767448429,0.7925126952128141,17.371317139324653,0.20928395717400616,0.04562191161767166,True,-24.22933920573403,-19.570204845159907
0.2906792939474877,15.89156316538429,0.6403084872372893,15.3140836639388,0.16909040679170026,0.041811740179079133,True,-24.037023592110856,-18.56577793043935
0.15842999192439822,11.134536024577267,0.7019767297359789,5.711036858424175,0.18537553875242715,0.12291581146084088,True,-20.96823964314381,-15.883966108598438
0.30292446995361133,24.17794006102703,0.4873390299297784,15.345146591239745,0.12869477206501706,0.03175851250635762,True,-25.743232281617473,-19.886859129510945
0.31450050085379405,25.929248958262374,0.5490063333568047,11.183978431705178,0.1449796560390114,0.04908864378711966,True,-23.438178382170335,-17.52431630714915
0.13560887953904538,7.0404380937111375,0.46737487190794313,7.160099921276227,0.12342270763286953,0.06527490915582608,True,-26.15316836553939,-21.66438308497248
0.24371049861164762,13.61219399202947,0.9574349422302613,14.029922557122731,0.25283604244700203,0.06824235403524656,True,-20.498706170311188,-15.18851374550354
0.4755006936279454,39.091697628939194,0.9314959473522404,10.344932057551475,0.24598616417252125,0.09004369890204139,True,-18.074641634457763,-11.857360840475614
0.4143587876247077,26.029216161695818,1.0837390153476303,9.347226658541011,0.2861899765718047,0.11594230619810271,True,-16.92671875104377,-11.009745145717954
0.17356015055911297,8.40622196947807,0.5960108527643014,11.96205643374001,0.1573924437282,0.04982511628044168,True,-25.133033442080006,-20.399813974153428
0.22890211026186424,17.78706125729442,0.7942043802458318,12.83897830448123,0.20973069139055636,0.0618588458840707,True,-21.301417431606442,-15.719648906778154
0.0916991994784622,6.409981333571306,1.079612929921646,8.429001983356219,0.28510037448617986,0.12808312681067502,True,-19.613353276230715,-15.261677523197985
0.3273445410179786,23.17131306506557,0.662025964569712,17.62200020361462,0.1748254816030201,0.03756815099990281,True,-23.688191325315184,-17.8676644583551
0.36250114239568243,20.749698045547557,0.7194620432544687,17.071566524602595,0.18999299867159605,0.0421438795448338,True,-23.005061404323108,-17.280806688874986
0.4839349309230898,42.22644045773584,1.1212398042568448,9.899198392373712,0.29609305263288904,0.1132657170625696,True,-16.234951481391658,-9.966679065356564
0.12371849854731651,8.294384139912056,0.9292269647914485,7.504731023586489,0.24538697926109992,0.12381882333570612,True,-19.836750899046308,-15.12134934001968
0.4350259991751308,26.85629147213347,0.7504193825923224,17.459561403915483,0.19816810365015386,0.042980425752506775,True,-22.356327206279076,-16.414257365089398
0.17844446515665272,11.092405933602645,0.8583532702043106,7.850545373864927,0.22667090398264006,0.10933676952709999,True,-19.933107722214856,-14.853289734906243
0.2948412229971711,16.868414940714658,0.6629411082848263,17.201097208085244,0.1750671495273814,0.038540629139239786,True,-24.08588963556908,-18.55545057937917
0.21862326891719558,12.170092230006954,0.6791547230597806,17.843287747036676,0.1793487837279366,0.038062196422997845,True,-24.64850726385023,-19.46179258326023
0.2984585167858092,22.76604125474898,0.4309874893354796,12.849071067993489,0.11381365598994952,0.03354230722632173,True,-26.224523977425306,-20.419071058876863
0.1092284516650223,7.435304942468167,0.44787647455699364,14.057409886503107,0.11827363963584257,0.03186052609784194,True,-28.553491293109428,-23.98747117948812
0.13432269467119298,6.6309372829396205,0.3968374668883385,17.95007085392431,0.10479543851723179,0.022107849607823714,True,-30.904273701019903,-26.50242582207918
0.29409238123922754,18.002212036248615,1.070825548081833,9.863251679465751,0.28277983368507487,0.10856719293812392,True,-17.762709611075824,-12.169468822769643
0.44616414808221183,34.42303729560854,0.47174410349212703,15.073807009881234,0.12457651889831821,0.03129561783449182,True,-25.49970010434287,-19.37048921154223
0.1054878873823106,7.6863810621963164,1.0972825270034785,5.775618983113858,0.2897664993587451,0.18998526914805094,True,-18.038289003718532,-13.426147547540527
0.42778990327472793,42.11513501326942,0.7627566479479735,11.094574122675098,0.2014260851688513,0.06875042155868344,True,-19.97015132966841,-13.703594327603492
0.4807273339102798,37.81265675949456,0.6833650152529591,7.6803387761409425,0.18046062283962505,0.08897589483628511,True,-19.894669241547934,-13.699936409506094
0.18875337282232663,10.627163225504564,0.484085954706318,16.782631681808095,0.12783571143436345,0.0288444603852597,True,-27.64422703499872,-22.61528226694375
0.3779488732120794,28.469942773135834,0.5074252019140786,6.825597132964685,0.1339990575140005,0.07434151064431185,True,-22.528680510620326,-16.540726547547294
0.4376519108943078,37.54938259673056,0.9511770575076451,5.32744496450088,0.2511834823224779,0.1785428219053896,True,-16.285425644275495,-10.095471949559254
0.3320834573533163,26.86047992312076,1.0751119303997734,12.204284911830278,0.2839117664085227,0.08809298850091649,True,-17.86393060558043,-11.921736527377092
0.42215676594048035,26.034085960671668,0.7276131487147862,8.24633410230851,0.19214551385069964,0.08823474039344288,True,-20.008223354757536,-14.091098616227399
0.2509314929973006,16.308104425502506,0.694847165993467,9.229865265260282,0.18349278870694485,0.07528248203240401,True,-21.476942954108104,-15.979832726608603
0.14119463369788907,7.705047609497196,0.8820929665307686,14.458587319355193,0.23293999925306497,0.06100824008926116,True,-22.67159806776435,-18.056113924499993
0.48294515484497647,38.60599669733582,0.7384154275471149,5.09780612358723,0.1949981415425749,0.1448496489755687,True,-18.401428279236605,-12.192581844942175
0.4059284603361927,29.507210136376177,0.7798729489907299,15.355084353662821,0.20594609757502189,0.05078923248016531,True,-21.39352400252884,-15.37801709096061
0.19251899482686463,10.221359412026388,0.9408283028142963,15.685529780066478,0.24845061968553867,0.0599806519770803,True,-21.69743158932945,-16.715541190363155
0.19123582599669298,12.964332050535335,0.7676016352758372,13.099767718127273,0.2027055323329891,0.058596583679391585,True,-22.258253057125362,-17.001088609755907
0.4006676918919954,28.663979534181728,0.9225109024868638,16.85570694561953,0.24361342521682913,0.05472988498572624,True,-20.337334297943475,-14.344116525611676
0.09134882775451958,6.4627983476382695,0.7601218363630864,17.971542827589126,0.20073029341911153,0.04229585871704797,True,-25.344946534996215,-20.9810546854121
0.339089505534788,22.36502897533543,1.0407166100451346,7.338795673742225,0.27482877152961616,0.14181027191815093,True,-16.800339491678898,-11.010188626917301
0.3388329897077874,26.248162148235718,0.7253650500627185,5.386059734765528,0.1915518438882318,0.1346745275364637,True,-19.096359503927516,-13.17263111323243
0.24414980235183237,16.71723580578624,0.8559008971116194,6.700842755379318,0.22602328994641616,0.12773033607220785,True,-18.75097680990456,-13.229371628226845
0.21718941455724589,11.210453072132362,0.6274594904951039,16.02437802564183,0.16569728905344325,0.039156558182230725,True,-25.08839438844403,-19.99615284927274
0.25949718183307047,16.90753431609682,0.7760935620808673,9.616731474972784,0.20494805041064773,0.08070242619341347,True,-20.583685003388673,-15.050978627271064
0.1474634083461118,8.199278200536396,0.4799281023672031,5.586106866120041,0.1267377204543685,0.08591459380735912,True,-24.989389160620824,-20.289412732602763
0.13969301888572377,8.427623023844596,0.77941591115442,11.926379276336277,0.20582540463528862,0.06535226602267277,True,-22.78521479583969,-18.048624402953955
0.3017222017510628,16.369648287798707,0.7299881996701509,16.728293425891827,0.1927727089296317,0.04363793610532232,True,-23.19138101370827,-17.690529884451184
0.3545955247134246,22.877431871812714,0.6901670766249375,6.5729731254115755,0.18225688721427435,0.10500074524216493,True,-20.075010024980205,-14.265375546460021
0.25768961949631636,16.90752694945153,0.8615674141323365,13.795084954429564,0.2275196837741151,0.06245466533757659,True,-20.949408405481034,-15.416702455615471
0.1674367961668782,10.921999778914314,0.6837540126033885,16.194435200365987,0.18056334788784173,0.04222154117409022,True,-24.441848803904858,-19.380303165269424
0.4513125866476427,30.889034255352332,0.7217237353271657,9.023355636996847,0.1905902583366365,0.07998396210474198,True,-20.124309517307296,-14.074204219607031
0.3229386799348129,18.84257411102278,0.5112827502732562,5.444968021385965,0.13501774527821608,0.09390004647687793,True,-22.643744717621843,-17.007520351656414
0.3004581685218786,25.890502649358012,0.8375741286111407,7.751879498012277,0.2211836215636123,0.10804787778575632,True,-18.621113292905736,-12.708461888280524
0.27555086625460223,22.50411396022813,1.0325299973613546,13.69106696680258,0.2726668797281829,0.07541632802359247,True,-18.889595731416826,-13.094092985445764
0.11265055988784148,7.134372814257054,0.7038485120687676,5.150878506346899,0.18586983242865554,0.1366463043540024,True,-21.951468355610928,-17.443756334314447
0.31659689615351894,26.213953366874957,0.9322676131564255,8.009936795190448,0.2461899429562445,0.11638888508036715,True,-17.763723030792338,-11.84104464380825
0.21198259475049636,14.940959769300461,0.4833893890565274,5.84677685790053,0.12765176483451685,0.08267621645306018,True,-23.64715275558678,-18.238765141556765
0.48035964851741525,40.59803215849088,0.6600240008151569,17.07423551413161,0.174296810076112,0.03865613779714375,True,-22.88535891327904,-16.642860569903068
0.17856955897484622,9.544054061219837,0.5870790559602043,16.522325630594768,0.15503376633271215,0.03553247097812287,True,-26.16225248991825,-21.265180104189984
0.21814220537196122,11.009139934020466,0.4186235982693963,12.85287606678549,0.1105486432475563,0.032570422066949434,True,-27.80327006938124,-22.73232985422021
0.3923587260191186,23.49210454156246,0.9340330055096877,10.376942250075023,0.2466561415419419,0.09001042725307012,True,-18.70395710231313,-12.871766066411288
0.46262287290422555,47.51024497069754,0.8373777602778358,7.145873796241772,0.22113176530679024,0.11718339620246832,True,-17.70434964297506,-11.361518064076986
0.2089615179519964,12.750725726543923,0.7899784985407212,8.900818427146538,0.20861473545554476,0.08875346744872042,True,-20.719958056560866,-15.481119378729973
0.10151209891047934,5.485330876347817,0.8720747884530708,14.90855340342615,0.23029443412276576,0.058494930048186865,True,-23.973335748517073,-19.86197245203895
0.4810417973749267,30.475462343715485,0.8864687682739048,7.128248188662785,0.23409554554291528,0.12435997524381945,True,-17.698799004835678,-11.6588099464818
0.4158416350870945,37.423670629592046,0.5467082502988907,12.054043378432977,0.14437278637095438,0.04535476048452405,True,-23.285578804993406,-17.097924333672452
0.2984068621898495,17.799242671645235,0.5251956152381293,7.348493707198115,0.1386918055842082,0.07146983261667371,True,-23.10564959091525,-17.523226197815823
0.14221390189369668,8.741486483229691,0.7861542200820721,14.968723703532536,0.20760483348931005,0.05251978963954984,True,-23.462781430578104,-18.678121448622154
0.3659992381707641,23.666449644085368,0.6845882401602992,15.560784792920515,0.1807836477585548,0.043994454603071,True,-22.876086429495714,-17.03765219710044
0.33390927140045334,29.923511948628605,0.6565700208993969,5.54791281197177,0.1733846952429538,0.11834541081514346,True,-19.8317152294007,-13.805541527718661
0.4509264835623103,43.8740877134997,0.7218025630726832,16.982918459047163,0.19061107488962883,0.042501679838671286,True,-22.005191079534008,-15.712271503279682
0.10572386842951478,6.981906873514178,0.4185484949319961,12.86022916804181,0.11052881022312269,0.032545959287576774,True,-28.994569043949937,-24.517760965778372
0.4244515235736584,38.32704163855312,1.0772786407345545,17.7704467514413,0.2844839436312372,0.060621922217413034,True,-18.851920277930173,-12.647988057147884
0.30911769823660906,24.4748588223555,1.093812198629261,18.017194573967515,0.2888500672823423,0.060709351510788274,True,-19.336973845443495,-13.47043688955172
0.4535689117751581,40.373838030198336,0.5101981802699452,13.831699330260859,0.134731335857274,0.036886153182475456,True,-24.31096353110583,-18.072131554184185
0.2630892133304236,16.20372216730041,0.8735427323299207,16.071532893790923,0.2306820835639826,0.0543534171944112,True,-21.49249483127553,-16.001776101624365
0.36505888546043347,25.04923968927755,0.9627048271093408,8.993902562739848,0.2542276950577518,0.10703972167740143,True,-17.887943412808724,-12.002242013688857
0.4066757301001178,38.79905347658538,0.7401374162248594,16.37068691690737,0.1954528782387365,0.04521113988567321,True,-21.773386576417202,-15.56116927239535
0.47959933506579405,31.473993169475403,0.48008697664923033,13.016853289875163,0.12677967541437946,0.03688195341516633,True,-24.89916553288723,-18.835082372144814
0.38724803485074577,34.760976787339835,0.677253068514828,11.622400567607599,0.17884660150328627,0.05827135836312313,True,-21.379523295324137,-15.243366387991966
0.24081737265858277,13.29199712138568,0.743294271269251,12.589835867448128,0.1962865293838927,0.05903923443442885,True,-22.34082850733944,-17.05638024959824
0.17902700848471226,10.35850973884866,1.0410081556438344,17.631270959592975,0.2749057618629713,0.05904328496962006,True,-21.248747452147434,-16.250658607453577
0.28541001274550154,15.728344718488652,0.6672405231269803,9.401234020670344,0.17620252383385485,0.0709737170311822,True,-21.952142945581677,-16.491299789020136
0.3590627418769419,24.86166970009445,0.41706754504029986,11.795262716695566,0.11013772619938048,0.03535890255754651,True,-26.072113792600803,-20.192600277417657
0.0897186395333641,5.464778520822787,0.6661532734940072,9.809649514308369,0.17591540678576326,0.06790795864035255,True,-24.82158127769608,-20.716210908251824
0.2675699059083225,21.5651067869186,0.7889243680160698,12.233826075597957,0.20833636438475991,0.064487132900286,True,-20.874361400463606,-15.115951716683224
0.40382957590611146,28.56214556131827,0.75420091477146,11.431081279986916,0.1991667173296713,0.0659780904621757,True,-20.62788220266468,-14.637420513069037
0.3490419729895252,29.119809344875893,1.072463063155867,6.886131961400778,0.28321226288992674,0.15574245006738244,True,-16.019721961677448,-10.014339076786207
0.2522425023721383,16.83018904191495,0.8795688202092452,9.220654579518516,0.232273431595732,0.09539114740975085,True,-19.370747948899417,-13.84253175439377
0.17928051113761329,11.557436112008043,0.5381138323320963,8.853451058648389,0.14210320278880734,0.06078012164606097,True,-24.2463232353088,-19.118625591239
0.2603417734613881,15.361120861484032,1.1245140540391603,17.78913734079286,0.2969577049663575,0.063213523651903,True,-19.79749828083242,-14.360637999277019
0.37023962030921054,34.01898713377898,1.1183574951928068,15.786861417416894,0.2953319026218367,0.0708410282210355,True,-18.195658075471552,-12.074883106283735
0.4152871121444004,40.03438427144922,0.8246658956353141,9.587873228982216,0.21777486092971537,0.0860113474532094,True,-18.856384509752996,-12.623160514202898
0.14260929196890648,7.234197774750396,0.4365904741569839,5.105654553706515,0.11529327245857332,0.08551116601495012,True,-26.0485665712239,-21.521128172093817
0.3769780626190467,31.575887011127616,0.740955780088467,15.312490257106209,0.19566898888127707,0.048388979692222486,True,-21.74252125357649,-15.676041780941748
0.19804675086624213,14.828972003236592,1.090394697166536,17.120402915497728,0.28794758555039346,0.06368978011489956,True,-19.978035751727063,-14.577432194147734
0.2907531236801441,19.020468353327903,0.9071163114922896,16.513320963836442,0.2395480759273081,0.05493239751585042,True,-20.998589775048373,-15.353619537485404
0.07621262144769422,4.898376443086703,1.1128183467694708,17.400178752455666,0.29386914384407525,0.06395442038849285,True,-22.888184628409558,-18.961852833630857
0.37566141921401147,30.546797455578783,0.7787198981390089,6.046497554841988,0.20564160397317968,0.12878859059744696,True,-18.466960465862922,-12.425212345098757
0.08114827931771096,6.071556306598537,0.5740427052680472,12.077765861653475,0.15159117282418788,0.047528881735538084,True,-26.46548725541485,-22.195657358611655
0.13740888530202494,8.346528221086768,0.566250974291651,7.7985846670367,0.1495335599912003,0.0726094539545231,True,-24.22436725749527,-19.500615599568604
0.12672321774818177,8.526371795218596,0.6636163863531268,17.929096112211788,0.17524547457779435,0.03701337659186998,True,-25.709632304732857,-20.957645147444623
0.3566562175487285,28.12663092830138,0.7939111202683995,6.756942587030847,0.20965324833011262,0.1174956143318752,True,-18.633464326965314,-12.654952184219578
0.21102142147749564,13.16120466789423,0.8721605736979611,17.36484398234495,0.23031708798765174,0.05022564985810972,True,-22.206101277617975,-16.93242668673055
0.101220411927261,8.015554422290657,0.7755318009004183,11.10278510224223,0.20479970249957793,0.06985020368842391,True,-22.710930158050022,-18.04148998181662
0.3616466200160903,20.708911436228636,1.0186300310433496,17.57526008126888,0.2689962256513591,0.05795817679699495,True,-20.103572543053797,-14.3810770329862
0.39007253544246545,24.99181664380326,0.843110832064702,7.066535442229538,0.22264573468237964,0.11931035214601501,True,-18.375789972755197,-12.491975808605497
0.30903208794189435,17.55814307480003,0.5477043797577861,8.918550627953282,0.14463584072487767,0.06141181483470243,True,-23.309027166844054,-17.739686638589024
0.29500805970600535,25.275560859913323,1.096721369494373,6.29686937252611,0.2896183108630744,0.17416930614433282,True,-15.820489150096064,-9.927410102301836
0.3046809132199598,15.988480237206982,0.9528636157621755,7.725067247846302,0.2516288626774485,0.12334696711252936,True,-18.249018251282497,-12.771668183782394
0.36895612965543606,26.00354236693199,0.8291040239949315,12.065090504452352,0.2189468662126055,0.06871925442158675,True,-20.123234892140502,-14.207058744713377
0.14181271552903457,9.583935868565938,1.1099633877122415,11.834220852010692,0.29311521632635107,0.0937926883055975,True,-19.358221663571772,-14.455918214320704
0.1666204324520831,8.289419509977343,0.5278258268177274,10.89734999077018,0.1393863825807765,0.04843616358699908,True,-25.89683133604428,-21.182228708351502
0.07709641658311772,6.867691955872066,0.806698745621816,7.9368624187535834,0.21303015932849478,0.10163950224407457,True,-21.756962441114048,-17.303945302286657
0.44501109863626503,40.564364925428414,0.8168908744753857,14.257737406828076,0.21572166076612115,0.057294565832316006,True,-20.33248265212258,-14.090533005939497
0.32605420358277815,18.89105892930095,0.6718703785346418,5.813469744001516,0.17742515971932626,0.115571321107828,True,-20.367848294860607,-14.729228486876927
0.12303655698025223,5.784411989338103,0.5166874642845679,13.647470342837567,0.13644500309063176,0.0378595777316149,True,-27.995542904225417,-23.80045721638833
0.11853490247837133,8.279457319855874,1.0046688960007768,15.839569964126932,0.2653094183535079,0.06342778865058371,True,-21.695741437991828,-16.98274404155712
0.13504320545288537,6.40736764265807,0.7450544658733614,8.170323191562883,0.1967513553663278,0.09119032973417074,True,-22.746340878926233,-18.39527339001741
0.073188179753327,5.6489024158322865,1.0078656232601555,12.999483589664834,0.2661535988125593,0.07753120470581257,True,-22.09320079631216,-17.93526138079703
0.1993590681430608,12.765168824668862,0.9379450065420645,16.339124109025963,0.24768920897602859,0.05740485232154706,True,-21.395718657832788,-16.15562700873753
0.38950762525413185,33.56079051612867,0.6193367602932897,6.545002131903711,0.16355226711251902,0.09462743446244629,True,-20.49954779809586,-14.388516974249061
0.2010478300280883,11.274743159994081,0.5007700318659455,17.614441188205817,0.1322415836820322,0.028429515674970627,True,-27.408734709830625,-22.30980579220386
0.16320345309855716,10.573813826151818,0.9480090303171261,13.86262355725727,0.25034688087637913,0.06838597516563383,True,-21.077876489088002,-16.054969517666056
0.2819900832055816,15.681446041336265,0.5001063535029902,10.575317747077502,0.1320663218408919,0.047289960024245604,True,-24.849762150155094,-19.39193679141923
0.07986767923494173,6.2218899797919205,0.8381320487610401,15.419583233946408,0.22133095514888276,0.05435503904644334,True,-24.01505834221836,-19.708084664187226
0.07755078017331786,6.482787929510113,0.9055998899836265,15.145566947478931,0.239147624684074,0.05979306638860218,True,-23.14019458160918,-18.771716549016027
0.09394253250702621,5.694185503339567,1.006225221244697,8.992953026089658,0.2657204072343989,0.1118904122289435,True,-20.81676028471304,-16.646266966507838
0.35315145616487414,32.384440398126465,1.0768061943951044,8.897961166503842,0.28435918166834406,0.12101718295295726,True,-16.547904127908545,-10.462798885192843
0.15792997063771685,9.409528057453048,0.42684824524896947,16.582594625459013,0.11272057901166678,0.025740739304670433,True,-28.980094207480445,-24.100900456081078
0.11541790155720713,8.441127160865049,1.063255595947183,9.26032908143166,0.2807807874263497,0.11481833816026786,True,-19.226906537715777,-14.488195382725698
0.2219247483319316,15.050716617436189,0.49379127145010376,14.430621653020365,0.13039865724713834,0.034218295186663146,True,-26.164701145781713,-20.74876554442988
0.46398223884067913,29.62766745817393,0.6898686619038747,12.939247611238386,0.1821780829073147,0.0533159796172916,True,-21.80377287530261,-15.785157198496904
0.27313481611492046,16.28889352123669,0.5630457822783701,15.917091244431637,0.14868714418979556,0.03537366052829178,True,-25.260165081768776,-19.76422674073364
0.08490353071254178,4.815244923046187,1.0033104522519087,6.222940879145775,0.26495068531985594,0.16122770113632084,True,-20.523218984483748,-16.62567120854512
0.20850376484511024,15.13098411387132,0.8828458856335288,7.68916088480664,0.23313882747399997,0.1148169350153648,True,-19.000055715675586,-13.57865005500351
0.18995374213708088,8.88954784529606,0.7258076321384896,8.933055817983956,0.19166871940171087,0.08124964703313503,True,-22.29611875174765,-17.489632102854976
0.285511481955088,23.195109003289527,0.7599362070977609,16.726956031774336,0.20068127309748224,0.04543182905809011,True,-22.281699718881978,-16.460299620753688
0.19732830655365002,11.717215893754787,0.5068847269780823,9.650175280540523,0.13385633079928425,0.05252596064241548,True,-25.00646021098437,-19.862945048283752
0.3352089585072987,18.933557263595997,0.8643910210361476,16.559654094015198,0.22826533192575102,0.05219861575179557,True,-21.436147263441537,-15.795435060493938
0.16960697850097856,11.48237583735163,0.8954535385023461,12.765285515865136,0.23646821197345425,0.07014755270373277,True,-21.080384833477105,-15.9602266113664
0.31116309190517494,21.98190251806777,0.7071031025969078,6.228121665526437,0.18672929321562415,0.11353392572769198,True,-19.8124229386938,-14.037266469051069
0.30661927355450247,17.1195388481729,0.6415325725494369,9.303165730508885,0.1694136589232968,0.06895852348900862,True,-22.11021899050592,-16.565355166798987
0.12403574236891662,7.481455602183876,0.982701837172937,14.44634964805825,0.2595084349412107,0.06802423180343159,True,-21.814294614413036,-17.23963094159923
0.23780507636621817,12.973855992134684,0.5374945274893224,6.484187020671108,0.14193965895036073,0.08289312534876456,True,-23.19877308864132,-17.940801670364824
0.3228883127467803,21.03326979578017,0.7182553102455769,14.558676041643416,0.1896743288750377,0.04933520796747523,True,-22.377436027318698,-16.641086803974805
0.40050628130759813,35.16761588374636,0.4401500817647821,17.222969806033156,0.11623328108007139,0.02555599218495981,True,-26.599378523871458,-20.45499239059071
0.4330635716019036,26.801571763970802,0.9195627512901985,7.890264370525935,0.24283488784763313,0.11654397217984519,True,-17.81123235136289,-11.870788176402948
0.2644534220001044,18.621485968599572,0.9943563170112508,8.686813681139931,0.26258610886883405,0.11446732409722479,True,-17.95091267128732,-12.325725103616803
0.35672500350080927,29.322984260706537,0.6346100906842719,17.207980969353592,0.167585594329558,0.03687882336774287,True,-23.63935651115164,-17.62863984401218
0.2604539782819843,14.055782447639462,0.7941662394590832,12.748220896632507,0.20972061930612323,0.06229624085576249,True,-21.701725285842958,-16.357271901749648
0.18723772437383357,13.742815312396532,0.5809593933020303,7.616197806961107,0.1534177074034243,0.07627945177199058,True,-22.793083030884947,-17.472637042718187
0.07616304336017365,4.612023331463157,0.7477518170064854,11.209064711331292,0.1974636623393743,0.06670956375607145,True,-24.925758736005122,-21.10167841379477
0.28558336204481183,15.25142883875073,0.9866753553853079,14.251526251175422,0.2605577476152047,0.06923296059633822,True,-20.07988131464738,-14.650345451294877
0.47708457402753973,30.101630217771252,0.5455752482407017,7.279287929003444,0.1440735871837913,0.07494898588458397,True,-21.982418978519163,-15.951746861433696
0.4187634510534195,37.48880512590394,0.46359981644971604,6.1822292212325625,0.1224258043029652,0.07498910180449235,True,-22.77091561907051,-16.582068464396947
0.4047171182299702,34.50858595058406,0.7373146921287316,11.988611333795255,0.19470746321583973,0.06150125912000173,True,-20.761044641540703,-14.630066049488079
0.36284125319358335,22.865997628136885,1.0097740094534524,13.339240549424288,0.2666575587071603,0.07569951270554405,True,-18.96198601012385,-13.152779412579418
0.2239694747943683,14.734717414126772,1.0873930949552681,5.6438228762774125,0.28715493302579553,0.19266959980723164,True,-16.573851648665332,-11.179865367454669
0.3736673494888996,28.326966648712492,1.0797240997210276,13.095077257156257,0.2851297318146787,0.08245267122276619,True,-18.015073468069552,-12.03103151532214
0.26701570737318725,14.193664316800312,0.5816168989006671,10.04717136133314,0.15359133916273618,0.0578886213824359,True,-23.55263659009804,-18.19784884097748
0.14254597808756117,9.98413224692335,0.6045779836001155,8.96306120503933,0.15965482142104584,0.06745217618955918,True,-23.606130202259358,-18.65300692402982
0.2835118385717811,16.832668614281204,0.6489273227333471,11.72959376430685,0.17136643846884886,0.05532393838804824,True,-22.82253598028918,-17.29417537654548
0.4829944845345169,41.456463033893,0.9019246806984467,8.55020192610899,0.23817708837936716,0.10548577548143274,True,-17.686688838436343,-11.4304198610386
0.274501604006503,20.265329319506126,0.5758873050891284,10.792384333124247,0.15207828823860364,0.05336052602589413,True,-23.260662095320125,-17.557627730876554
0.19669638631699188,12.220833424837425,0.6683229987019971,5.130755016424582,0.1764883801655605,0.1302582166879066,True,-21.047089622925537,-15.855678570372184
0.29367981841417523,19.45548503827817,0.7318653178541034,16.952683502954642,0.1932684116786146,0.04317106007002068,True,-22.930441734052287,-17.264572876416754
0.3669545166607545,28.099308559420216,0.7735006573217396,5.539422691871456,0.20426332526763932,0.13963560832011856,True,-18.48685652700603,-12.509102976962033
0.09905571885101785,7.238905239065232,0.44105556097942855,10.830092593161734,0.11647239683723806,0.04072500370476213,True,-27.81728508804138,-23.288926079330135
0.3015758957622537,19.020287605501903,0.5425410076558976,15.230686220989076,0.14327231563263307,0.03562157343299698,True,-25.147228170926418,-19.50226675961637
0.1416065724138646,7.508966020316249,1.02118267311545,17.57811718526405,0.26967031836599326,0.05809397345305674,True,-22.23728026592572,-17.657500399496545
0.21860105259234597,16.916813880925922,0.5552135009681206,11.334946795800128,0.1466188229676745,0.04898245320161896,True,-24.04726108932192,-18.51401798724915
0.14029687477301586,9.774997830823207,0.9141185410925178,11.74287461867911,0.2413972000216334,0.07784452876968057,True,-20.968576334018714,-16.04163846300489
0.39192116401295496,25.389056261984557,0.9562290594121816,16.67602079009227,0.25251759716583455,0.05734156076252353,True,-20.14567166458608,-14.248928751743577
0.2894123675573708,20.042046095902265,0.7853970931347176,13.83406652378228,0.20740489407561666,0.05677268442973972,True,-21.48218004627416,-15.789175932889002
0.36499162840458577,30.33668584381984,0.940687337300864,14.119147975418537,0.24841339400996978,0.06662493650031874,True,-19.407677987328206,-13.3711281987137
0.1913478817871179,9.894389649535944,1.0768493776725276,18.16256262485944,0.28437058535592846,0.05928950665797698,True,-21.181915011126378,-16.23993105710667
0.21908548196413907,12.128373885512753,0.5836657039114347,14.549266853873144,0.1541323803633648,0.04011650276082864,True,-25.172054117574586,-19.98922180376088
0.2579791943812523,17.213736374299007,1.0820690341387817,11.358854895685614,0.28574897382458664,0.09526215838444944,True,-18.228678743495223,-12.678482490482171
0.41563439055229356,28.89264898277905,0.9884562454273648,5.76488112827636,0.26102803877589503,0.1714616873154682,True,-16.38292354819997,-10.383568326449149
0.4612332948491901,38.71758853147676,1.0472167612465029,11.760119070503254,0.2765453085313186,0.08904814270742661,True,-17.513488571321826,-11.302690706977899
0.30766503429293707,20.535069655354285,0.5368067369313487,7.879393230617207,0.14175802964580936,0.06812792828329241,True,-22.868247126463448,-17.153306203194166
0.3044008718781964,24.274496844506036,0.6529781149477365,6.428743724024872,0.17243615738873244,0.1015716511621844,True,-20.423504231665635,-14.563806136373254
0.21488669667965932,11.36648812206808,0.704738928596365,6.451129755457707,0.1861049704845559,0.10924271489038803,True,-21.11466536505003,-16.00628742418926
0.336213159053992,26.97004352610309,0.7324608190508385,12.208345582917197,0.19342566953417628,0.059996730439524165,True,-21.193064231774702,-15.247630227749395
0.47915018247926927,33.62719924934599,0.4556284851358156,15.450517710692502,0.1203207632463419,0.029489528679061593,True,-25.92489086535311,-19.812435844195583
0.2526480990595349,20.446043101871698,1.1291189146462008,8.471371747203618,0.2981737403130435,0.1332864320372814,True,-16.622560156141706,-10.91152386615713
0.4678206869802387,32.956638122943765,0.9099782578758041,5.073438368550482,0.24030384863351173,0.17936125202912268,True,-16.76397096951251,-10.66608736204749
0.4638124857855443,44.36093840879213,1.007053649564754,8.333599966796001,0.265939175663099,0.12084257146697833,True,-16.58317960046972,-10.283233625977246
0.37628960361240854,27.982902090305245,0.4348382044339972,17.48053342326027,0.11483053925079248,0.02487556837684282,True,-27.046081984655924,-21.071572415941425
0.32513910258988393,21.79326071089505,0.7335974392673728,6.858735285391548,0.19372582419183307,0.10695812110286065,True,-19.712415846339077,-13.944781668798957
0.14715252720709598,9.582488907469168,0.5361689652214978,17.191375454417038,0.14158960914224206,0.03118825289129138,True,-27.09735359525935,-22.195239389717383
0.3766277245604631,30.789557123002332,0.6758187766744059,13.683965720057916,0.17846783877315067,0.04938764028645532,True,-22.143003342362675,-16.09531331546329
0.1585573661705274,9.645787657158714,1.009401939961358,5.161238639719036,0.26655930390806426,0.19557358425424545,True,-18.008699205279413,-13.098344435538213
0.4195950726352641,27.590428282877042,0.990393581631191,7.1972900342399235,0.26153964368716315,0.1376064570025046,True,-16.887677030730572,-10.924250437916253
0.4260905760516403,27.349343192899283,0.861267973214068,8.184824443726908,0.22744060847261696,0.10522742169188115,True,-18.455662823124857,-12.499158023657921
0.4692966254665816,48.30124751014708,0.995689322323907,9.523007165596784,0.2629381242099785,0.1045561874531583,True,-17.004126167145962,-10.651168954577297
0.09083994752377325,5.9976942766993595,0.9460897923193716,11.501201515292186,0.24984005527553382,0.0822600830931825,True,-21.99186276267977,-17.740768571410342
0.3461681121078703,27.66214015512012,0.572562322489916,13.310100831770864,0.15120023856179557,0.043017128850235654,True,-23.616715219128082,-17.651246583864335
0.22328112544441875,16.982878421974213,1.1015776416719012,9.647909789654044,0.29090073809050726,0.11417785465336545,True,-17.544392195005337,-12.007340165589868
0.10309190744845292,7.216279947945432,0.6438315993329989,16.440482935262775,0.1700207778070942,0.039161355652884186,True,-26.094697017180554,-21.570770557541685
0.4795402382546147,39.84985898953368,0.7218529231758344,16.370298735146633,0.19062437380803712,0.04409528102416566,True,-21.961346853853158,-15.731200423937366
0.1218467938616345,9.37786737052946,0.7228731842808945,17.060848713139464,0.19089380076196166,0.04237029449327287,True,-24.52514149061754,-19.65020880083309
0.18647446149000532,11.533765594504334,1.0876364967019492,13.060783853891573,0.2872192097005241,0.08327497865894769,True,-19.46645176107473,-14.341124096959181
0.38631681311146565,36.53166456375422,0.664645864153723,17.312849999584458,0.17551733544416662,0.038390320725338455,True,-22.99656254007507,-16.825551123065942
0.302004099161543,18.157088919672137,0.9183187430919924,11.933740327260836,0.24250637455055898,0.0769514601381288,True,-19.739168214228798,-14.13779068027543
0.13993066367900098,8.057308625981433,0.7965745992213644,9.721081999806838,0.21035661045729784,0.0819429976248727,True,-22.01608044637995,-17.339612949891027
0.2313164294207109,16.856067478297437,0.49065126914712204,7.219525187535751,0.1295694565144901,0.06796170889384993,True,-23.745531870348643,-18.21581003359325
0.14000833528691925,6.806245865854044,0.6148354147759236,8.785480119124891,0.16236356766559235,0.06998313199041949,True,-24.438131025878562,-19.998148809408494
0.40528804493632675,33.37289949899238,0.47698876826742476,17.177790055240884,0.12596151147301846,0.027767760971202298,True,-25.95244574806168,-19.845466674691888
0.23200122053360617,13.323275944777812,1.0528634635123164,9.557323024835334,0.27803646974843393,0.11016300911629556,True,-18.359026398870288,-13.072024180484767
0.4238854148024353,27.483886813514864,1.0959257801392104,13.269726366667987,0.28940821443239295,0.08258842344270556,True,-17.97476232787409,-12.014383805066181
0.43853418612316536,34.51529057929716,0.9679584664848295,16.789100216291356,0.25561505761321496,0.05765398109575688,True,-19.674975206782214,-13.543858345242981
0.4348376496393415,43.401999744447245,1.070365200945943,8.720321066491675,0.28265826683718115,0.12274378348967926,True,-16.210087000889235,-9.924089995480331
0.2420397827698083,15.908937299916406,0.9257951953563865,11.731544847529403,0.24448072969334292,0.07891502844583625,True,-19.836783243593615,-14.364439320937919
0.4504610809023343,29.92070875926334,0.5415521562475547,12.193435666744143,0.14301118324062825,0.0444134180922085,True,-23.67631342549946,-17.650210829012156
0.3070909419375509,25.178815740750622,0.5100796749864791,12.668149323253608,0.13470004140001215,0.04026473496410236,True,-24.564762548192917,-18.674825471878616
0.4587246160069204,45.93234280434847,0.4171817633868266,6.276753161520901,0.11016788857745644,0.06646458011832038,True,-23.501085716827347,-17.17920585368589
0.4276552969682611,35.05237233660326,0.4413276663430972,6.4530889998149785,0.11654425346189638,0.0683901409628398,True,-23.36169960192079,-17.21963159112705
0.449942307141109,32.96808813870477,0.9689242202063617,6.868967976283255,0.2558700904495577,0.14105819441170825,True,-16.741558984723472,-10.643422963855011
0.39423416626963376,25.673432010586755,0.8896040439588906,9.241107035439578,0.2349234980869551,0.09626596040358212,True,-18.624135747359134,-12.718315760150611
0.10884393179303065,7.897146251279815,0.7989679059381524,18.028291677848138,0.21098862645331418,0.04431744949633062,True,-24.32725615269637,-19.67803277254641
0.2104844397361924,11.05449767636898,0.7520102868027372,9.458994347373798,0.19858822402254864,0.07950213935919372,True,-21.643970804653428,-16.568182677281172
0.3066959226655109,24.127934283918258,0.991782115745963,10.33510465887021,0.2619063228785073,0.09596246467564852,True,-18.130964963640615,-12.276321321602722
0.08230014404041944,6.886102432329591,1.117695093773712,7.4800242609610255,0.295156977991527,0.14942399312888216,True,-18.7576056708553,-14.300715477705214
0.4708452075041019,36.846834159644075,0.9156987720007015,16.26403171750409,0.2418145018260222,0.05630207736346116,True,-19.956520509508177,-13.779561828347262
0.2627702029099086,19.01118680208079,1.0602974153259896,17.6293991289661,0.2799996015221005,0.06014370697319236,True,-19.903443144461225,-14.258926298742624
0.07864554303128338,6.869487053315246,1.0389795087488976,14.17728334658704,0.27437004394646874,0.07328480946238658,True,-21.512381574727797,-17.058986143331964
0.40391761292071315,36.277266556467836,0.45390174483602275,12.718869277436276,0.11986477175858987,0.035687271795556585,True,-25.132347884293026,-18.966191597593305
0.34631157209238134,20.161455202062633,0.8902289249351854,16.50694049404831,0.23508851445107354,0.05393058303300745,True,-21.06709932922027,-15.368711222512918
0.35624149779019065,31.50945950731945,0.5658938502410233,16.07294306941005,0.14943925193157065,0.03520785507652484,True,-24.275242556749035,-18.210324033356756
0.2731045357312901,15.343026021927276,0.7119691706004567,12.763241907241266,0.1880143072902404,0.05578278432507957,True,-22.489644406986248,-17.053987173237594
0.42437085226361876,36.721231711647825,0.9089647979542462,6.582992801338474,0.24003621771213712,0.13807774448263604,True,-17.075092574387334,-10.900495128495574
0.13691815546069835,6.401325784292762,1.033434405050946,15.4865736162289,0.27290571252079254,0.06673099102876928,True,-22.1201028081701,-17.770442755260348
0.3140684853012612,18.48210552421209,0.7334403719189561,13.732008144530655,0.19368434640047652,0.05341100618346773,True,-22.17962879808349,-16.561496725948206
0.20604227239784595,16.08475733958346,0.9713072124350116,17.58483014167659,0.2564993826319282,0.055235518603787,True,-20.94005113034723,-15.456689471764896
0.2720263929493808,20.87661753242896,0.500856135872206,9.116716515842652,0.13226432172429647,0.0549382154201942,True,-23.87292270090191,-18.14322548037267
0.40019295868095744,28.427489226516737,0.833730149206143,9.120408493504414,0.2201685170409557,0.09141368501201767,True,-19.01007325675834,-13.023277901917819
0.3880019022116048,32.059537938084986,0.6118412136018199,13.253624227381898,0.16157286958078348,0.046164068265777444,True,-22.837237225333237,-16.759534486752393
0.4261914779598875,26.670061364758514,0.8046007393705953,16.0941329614177,0.21247612523783158,0.04999341942181393,True,-21.438312596669938,-15.501795183647449
0.22255593636057064,12.407951041527618,1.1165259229420814,6.820389931930103,0.29484822748224926,0.1637041186919522,True,-17.05219578515056,-11.843705095235189
0.12717212061475527,8.256534503021612,0.6469403598976928,17.10430007675651,0.17084172833169234,0.037823258303146666,True,-25.828924493876638,-21.11963123385612
0.2735771233460003,21.917877871767274,0.8348897771224191,6.101194505987994,0.22047474749080678,0.13684038040469285,True,-18.334319335770783,-12.561705432368589
0.07426284067484716,6.367738672291177,1.0348710452354986,6.230228398827771,0.27328509539336293,0.16610483259814543,True,-19.25318967114479,-14.91138847708976
0.21560272787161633,16.52861559936422,0.994260512156276,8.25392207319888,0.26256080906065843,0.12045915909295007,True,-18.004714074010153,-12.49429322203878
0.2985557467077818,16.589828311154857,0.9056616056621951,16.575077158241537,0.23916392234278475,0.054639963181823126,True,-21.258472648472356,-15.74440209698388
0.18134811912363136,13.768445148266585,0.6744720422166264,12.249112684973877,0.17811219788778793,0.05506293064345867,True,-23.014873254687316,-17.692431792939193
0.18526536422987575,9.366887815488433,0.6551264896056451,8.497517153214869,0.17300349259057263,0.07709622443748652,True,-22.903560085145504,-18.03010989901972
0.08416893818376621,5.626120393472195,0.9088073892457825,12.972808504926189,0.2399946497756234,0.07005479105782525,True,-22.99847689261025,-18.846908020008442
0.32616966408527426,24.994985061432963,1.071331140858807,9.354431172860593,0.2829133488422741,0.11452659398114884,True,-17.085167967372307,-11.201249508281695
0.43496321797855203,34.70633773438787,0.8488730622432258,13.689758111566139,0.22416740410318947,0.062007893443057543,True,-20.01980345242631,-13.884762939014092
0.16333477544004632,11.602713477489836,0.8397282234136925,13.335284921379948,0.22175246732107354,0.06297039983505628,True,-21.777843408476798,-16.645631774547468
0.4622047808405723,35.00006904436895,0.42038187446609876,7.652013107792513,0.11101296262372971,0.054937422158621,True,-24.19308409071659,-18.052071814113738
0.1748275320837595,11.216158923481682,0.8509857062455912,15.112419825704752,0.2247253036795442,0.05631035373952143,True,-22.212481298961894,-17.119644020974242
0.18537176847389392,12.898153220365241,0.7753187272161973,17.47664419642748,0.20474343475260962,0.04436313507914097,True,-23.294883189642768,-18.043349738621195
0.47738395328106764,38.54133384303181,0.8089411066003629,13.562039517683795,0.2136223141063774,0.05964745240165166,True,-20.28394352695804,-14.07623162174939
0.39971499095067464,33.021629148763225,0.678141928503842,5.686274092298065,0.17908132851396782,0.11925945135539114,True,-19.46722685440925,-13.36791221802675
0.08596954985609868,5.27464719215813,1.0079655906084413,15.37207138784868,0.26617999783728635,0.06557122753184833,True,-22.977268176317587,-18.9289141288117
0.39386959068463245,33.55030303534723,0.40022279482507506,9.88643812458677,0.10568942397792108,0.04048200067421182,True,-25.436231480643706,-19.325425944576516
0.15786700424731742,9.429834250673093,0.6369786512888103,11.420961754621565,0.16821107545953679,0.05577276808855898,True,-24.09538016280072,-19.21346429696358
0.14067430034732126,7.617054450702923,0.47345972885768506,17.947243102897904,0.12502957519344252,0.026380638304344166,True,-28.95577925468026,-24.35615485331286
0.20119022867169578,14.630072066884457,0.7288625743981916,6.528917152088361,0.1924754577781565,0.11163605808124785,True,-20.332416385500167,-14.945848562111673
0.1986513499833632,14.030109622213573,0.9711377641303451,16.726028947552983,0.2564546353213157,0.05806146618396368,True,-20.997454170345826,-15.654941089326524
0.24707100299549023,13.00809906910826,0.9016594956025376,17.091410148842847,0.2381070592346094,0.052755125981432456,True,-21.877773872668275,-16.61690802761433
0.28498245272163414,19.121193604757174,0.9439802482833624,6.902935011883406,0.24928297432736013,0.13675056286323137,True,-17.741700021395953,-12.091829914868955
0.158039235456067,7.627001674648391,1.1155730907077435,15.980239319891446,0.2945966069066676,0.069809535913466,True,-21.048121389445487,-16.446690992165557
0.3612027405702517,31.88498324607136,0.8520141626430653,9.329501321698526,0.22499689481738266,0.09132472714929074,True,-18.74792419958047,-12.674243569054811
0.1244706966799955,9.568426342100489,0.5682926411063515,5.727566906082007,0.15007271616218956,0.09922060281878,True,-23.162363862217088,-18.262090993259644
0.4420330620977465,30.80397358937294,0.8987037577007027,18.071769559587082,0.23732651839507232,0.04972970437330195,True,-20.75032147679243,-14.702280722507039
0.431309857861367,26.927833977192204,1.0315256716521584,12.1170700935987,0.2724016609373902,0.08512995828893494,True,-18.194075354932334,-12.249887277493857
0.34311309961033154,28.17765346205497,0.8165321015801432,10.967358080943658,0.21562691728542152,0.07445112082178745,True,-19.810897239401804,-13.830971333476828
0.17303609579015383,10.291941466059342,1.1095198712477181,9.103314608333008,0.29299809406278615,0.12188086636400372,True,-18.308683797038128,-13.318418488581703
0.18531186788866327,11.364947876671662,0.9468245959689799,14.980049210427552,0.2500340996314979,0.06320570664813967,True,-21.22242905052008,-16.11420883907141
0.26380619706002095,18.67569500632997,0.5448538204712191,12.834266601626432,0.14388307508307094,0.042453054575177056,True,-24.491882799979905,-18.863971676831106
0.2779400791325709,23.065463801661842,0.9988135756693325,13.346437553574974,0.26376316601346556,0.07483746667677552,True,-19.0460883017868,-13.229461508205752
0.47006791658623065,46.3995572537201,1.0444154398046537,5.244162988191524,0.27580554544587155,0.1991577001241957,True,-15.229090263800702,-8.900898610923688
0.4269545108535358,28.106824895183383,0.748355225837396,12.225601977215874,0.19762300841507696,0.061212137220896044,True,-20.957040236632487,-14.97907789258196
0.43153158645862427,32.07444954388532,0.9754573536037625,5.707906118339972,0.2575953372732525,0.1708958299908854,True,-16.350735228387016,-10.272690367758772
0.15116223540548818,8.587042292784348,0.934877796136629,13.821192235226208,0.24687923087093025,0.06764089379741761,True,-21.699921364015267,-16.93860064068037
0.28948956732762465,19.318637487212204,0.5538377884817641,7.036248378410189,0.14625552966673747,0.07871208614254484,True,-22.401999076078603,-16.74263128154451
0.26610222340306366,18.508666883420407,0.7573644904998731,16.599205507385868,0.20000214324935847,0.04562655062996126,True,-22.630906378005335,-17.011423854251696
0.36467603148825756,22.67297650479208,0.978726326358818,13.29723444716789,0.25845859606797544,0.0736037504826631,True,-19.233926216811223,-13.431989643624506
0.3381611846421744,26.888642051337023,0.47325121286633,7.53870718227187,0.12497451102593017,0.06277617652788454,True,-23.454334975402684,-17.511306285215397
0.4818025968074652,39.33739408405161,0.8966831445115736,16.74215565905289,0.2367929219912628,0.05355840447145259,True,-20.18020859881503,-13.958718993793696
0.23750370949038824,16.222984534139457,1.1259212590566432,7.357467271164292,0.2973293147038329,0.15303109311398544,True,-16.645838342572794,-11.153935693758303
0.45200871275376914,38.480220240986014,0.8173019949968994,11.618059376960392,0.2158302280233242,0.07034754845698925,True,-19.630033625860825,-13.423396522983476
0.09753069714451257,6.948622540217809,0.5353366558078805,11.400523015293658,0.1413698158080441,0.0469572014450331,True,-26.436067199563684,-21.96613439164874
0.27248511409247295,15.199785081682167,1.0059074382481907,17.37646612979041,0.26563648822157654,0.05788906850994586,True,-20.691522849414675,-15.265461667240697
0.4813185627185223,47.958854361493444,0.6453477122276766,14.20777918247584,0.1704211475526356,0.045422138389063754,True,-22.194170558401503,-15.845566451497726
0.37047389589713786,27.674885404870256,1.0600095221594197,14.063980406067042,0.27992357571013926,0.07537052040417687,True,-18.473824803732107,-12.507994041291845
0.29310701647709764,25.08038681499912,0.7239303180746047,5.29688162717675,0.1911729649254463,0.13667103949620663,True,-19.15442088745639,-13.267698439119211
0.23543266773255261,18.53809773492554,0.9570824232758713,17.871105023764137,0.2527429504849436,0.05355474225030792,True,-20.88867832147561,-15.267702712240325
0.4713632577675587,37.39527704204861,0.9631183040638863,16.340914220658284,0.25433688459347814,0.05893907103718263,True,-19.51986160845924,-13.332727998981737
0.22565881227856066,14.160354618188467,1.0470318618866852,7.116983382707154,0.27649648096056123,0.14711736779247836,True,-17.446080514378572,-12.09377609721794
0.34620292307993467,30.786885018877918,0.8518347948372657,16.34407889830559,0.22494952799989937,0.05211886213579014,True,-20.81725304440375,-14.769628051274191
0.23230057249080088,15.959010117162338,0.5586953630906633,9.786485169903862,0.1475383008356528,0.05708845958391737,True,-23.59731636076632,-18.121816847632257
0.40998294935101,35.25681493709933,1.0577552482272607,16.104053951371974,0.2793282750014866,0.06568254499278711,True,-18.715590339269102,-12.569417527229295
0.3939906948054627,37.47620860716768,0.9495702927544117,9.262598215114634,0.25075917355387944,0.10251662338164583,True,-17.59432094476537,-11.405704211083314
0.1554237532366083,9.452002714757437,0.5061699616944145,10.73304915360897,0.13366757810431773,0.04715994070745644,True,-25.86987800574994,-20.98499995711261
0.2381353353339326,14.604716749686505,0.8184430347762088,7.385595988919166,0.2161315497835298,0.1108161123359772,True,-19.618961613929255,-14.234202758246393
0.30800393305027274,26.741970182795086,0.6704991338011692,5.532493051583116,0.177063046246812,0.12119294638956783,True,-19.791998284831617,-13.85333028678885
0.2710614695278031,14.36082323853111,0.5486110527458172,11.911381346738576,0.14487527172950906,0.046057718813278616,True,-24.626310888270435,-19.25918632495234
0.3036106265777058,24.88167954665277,0.9305073877958414,15.705646208882204,0.24572510885174836,0.05924667953296951,True,-20.175310182117606,-14.2951333344711
0.4399375960018435,31.358433901836943,0.5067614062034592,9.474668316533869,0.13382376468410304,0.05348592576260743,True,-23.33032325828409,-17.26897144044826
0.37181599060341425,33.09751302972863,0.5388364619132667,8.919477422132006,0.14229403225971912,0.06041121429112488,True,-22.542639640839155,-16.44165928972589
0.3731002710524192,34.29347476679543,0.4993760540708722,11.72581107512611,0.13187346694279525,0.042587762234221525,True,-24.073419582048032,-17.946898028264464
0.08801482166371953,6.997807467729246,0.5888093185659973,13.764505151663023,0.15549068797860874,0.042777369188231044,True,-26.276838535986347,-21.79676254482919
0.24613085236157717,16.05654040869775,0.4336802936285575,17.075795239611672,0.11452476224951445,0.02539737022745068,True,-27.830111243352043,-22.348506088208488
0.25038524973299686,18.240300245561727,0.8560884929572687,10.331321250262455,0.22607282959564076,0.08286340848567851,True,-19.83869408305909,-14.232986074507581
0.2583239262633013,13.383790749975597,0.7948310333355407,5.123201253761549,0.20989617572813454,0.1551434335615766,True,-19.353391210085324,-14.061472243510906
0.3018991096547482,24.076843569143456,0.7685080265891335,7.439542850090973,0.20294488895395002,0.10330043687828695,True,-19.361570403988946,-13.508699156275279
0.15463709218531735,9.220736478448597,0.4798209005935028,8.234010139000738,0.12670941098809546,0.05827305195081201,True,-25.556245799949284,-20.70276976751851
0.47354359994281514,32.32849318399032,0.7916628319513772,8.63088082076902,0.20905952828159255,0.09172445413060856,True,-19.1299048746512,-13.04606662458373
0.25645941166683917,18.64754522415079,1.1302339271960355,17.008792088871758,0.29846818889429355,0.06644998194407391,True,-19.237710733436927,-13.61121247922447
0.47395815057449836,41.927066962628395,1.0155173350394575,12.084393764543975,0.2681742358698587,0.08403543899893597,True,-17.79224661065453,-11.528603109772904
0.4375961182637474,41.125966142409574,1.0606311468544047,7.228419009519298,0.28008773216697513,0.14673072292262407,True,-15.828191858688747,-9.577175073779873
0.43276178735623233,39.43803093332447,0.6208905977571271,7.4572588285140755,0.16396259902922075,0.08325989643581207,True,-20.60347641838948,-14.380273907397301
0.1445082751517191,11.049119366955013,0.49523750343051676,6.098058715503784,0.13078057308732707,0.08121232125420808,True,-24.129952956728896,-19.05473817977313
0.22276387352126503,15.639832438365525,0.5678980547250667,12.480363192092558,0.14996851518241844,0.045503327586242176,True,-24.336154377945224,-18.88101763278516
0.4718066965649745,43.493542477278865,0.9309990872844296,17.35783544983662,0.2458549551183555,0.053635667302814105,True,-19.89028075256772,-13.602932847088452
0.3721523367316399,31.03097304300657,0.7513054046345715,16.61939338889983,0.19840208122586386,0.045206547980046724,True,-21.96401777905056,-15.910485714087852
0.2066454483108196,13.984288531036858,1.1145894774405347,15.059195606312526,0.29433685778449736,0.07401387873422138,True,-19.39683148913343,-14.057794193737942
0.11151397904527831,5.833997424664465,0.8243196960085676,15.438237195713633,0.21768343775341129,0.0533946774854215,True,-24.380490710069317,-20.172122572221035
0.3025194223625744,17.957226462300326,0.8912830416565704,14.754670889534058,0.23536688187674046,0.0604068398630826,True,-20.80811873777273,-15.217260280514004
0.3772888708839754,24.53538807670693,0.6398735447720088,16.325632002739418,0.1689755487196129,0.03919441187113852,True,-23.59914663035535,-17.730559560205755
0.1464108792741896,7.307409515924437,0.7782582956319402,9.147521470106545,0.20551970561129307,0.08507859732007554,True,-22.301494361686164,-17.759834667767752
0.23193688553945274,12.56918597000799,1.0434862784097338,8.589273696095592,0.27556017578207087,0.12148713795021682,True,-18.2246781161923,-13.001764263969147
0.2874932260773927,18.99629391345049,1.0537099114166275,17.795167480671417,0.2782599967253845,0.05921326183421066,True,-19.996214913276585,-14.352426233369036
0.1307722572046854,8.149657331846662,0.6117005841972321,5.996154855816932,0.16153573266365276,0.10201547473441501,True,-23.01630711138966,-18.324480759387466
0.22006688776995237,12.88882487372968,0.7751564561003045,13.626927345581027,0.20470058276869285,0.056884170322642404,True,-22.332587680503487,-17.08185129343574
0.1570292497270711,11.25969136267607,0.5776310652716932,9.174697024666765,0.15253877427696497,0.06295914336121343,True,-23.79809162772937,-18.700723467024407
0.3439953846784164,23.552956640164954,1.0982587248265472,6.64801805661799,0.2900242902365829,0.1652009238653089,True,-16.02247208994203,-10.18809438903449
0.3247215918697075,26.248397034180236,0.5656579405779434,5.214480979812065,0.14937695373985307,0.10847828245378512,True,-21.215361518810756,-15.291625925376986
0.4341734147572602,43.48414779211917,0.8225430576304202,17.458566236681495,0.2172142693571296,0.04711400962022918,True,-20.989348586839277,-14.702139128513068
0.17814041387120486,10.755933241132569,0.4989112242332608,5.871972167169664,0.13175071631884244,0.08496484827068582,True,-24.058448993151362,-19.015108168688965
0.4568897114678729,37.341863666050564,0.7270254860581045,6.413942545828771,0.1919903259691469,0.11335079490709135,True,-18.940919914933666,-12.754767697954579
0.11606199985281362,7.58890464344796,1.0889328327807917,15.887835744741313,0.28756154155974406,0.06853877710444077,True,-21.249649144547142,-16.655153914429807
0.333573903009537,19.579026937165704,0.5050956488166424,14.566549173068088,0.13338387734890866,0.034675038186155124,True,-25.549949354160873,-19.87826792166548
0.3640044378451015,22.048633192566907,0.6631929594333167,6.688884616162119,0.17513365749033677,0.09914851241877706,True,-20.51434201809228,-14.736546877588259
0.3105377131405245,26.563998548023587,0.9116282224238734,6.17162730865646,0.24073956545155473,0.1477127792770642,True,-17.318515734407566,-11.38518571866664
0.24697300065155225,19.817500573655,0.7516762679087013,14.562558933888102,0.1985000174911745,0.051617045556430166,True,-22.076453985539377,-16.393700747227044
0.29895896307663555,18.374487090960535,0.8408967530031293,15.214272568497393,0.22206104849337463,0.05527025687342335,True,-21.393576901060673,-15.780945205339748
0.32903880403828023,27.30402566791485,0.8448459807203808,10.038421354313284,0.22310394661909577,0.08416123919299018,True,-19.256313060239542,-13.301119241238258
0.21513704170887993,10.370353424038928,0.6035759851458993,7.258789503332707,0.15939021720353952,0.08315105223381683,True,-22.940048213733636,-17.940574974234515
0.30657066942904015,21.40716678861879,0.6777496700887289,10.186895366390367,0.178977742295292,0.06653152365978246,True,-21.565624295587902,-15.813683241523355
0.21153859555106314,10.404731179411245,1.0858223803684295,13.437044282836002,0.2867401442579812,0.08080812695954422,True,-19.81891451784964,-14.815435710110558
0.13109641484671786,6.235555693880344,0.6082920347500019,6.725151602467487,0.16063561494838002,0.09045030814276618,True,-24.097945673353504,-19.787659289532925
0.38762612776344063,35.89416553026822,0.4151656195919488,13.620110529897064,0.10963547243551622,0.030481809870825365,True,-26.174057361618033,-20.015306535575235
0.29531295591517065,23.158065971039676,1.1063589314144264,7.60615561689144,0.2921633642209852,0.1454557317966871,True,-16.310502367392697,-10.490462186116869
0.14278291352144268,6.855535563929444,1.0764254594624654,9.659244423342395,0.28425863853027394,0.11143992348523563,True,-19.848527273626303,-15.398075661430603
0.20335476592397267,11.350755514664536,1.0539231151928838,12.443116045947896,0.27831629882659864,0.08469929166465455,True,-19.596615999527515,-14.489850607166389
0.2032711891422851,9.846428146536317,0.9054465497285669,11.624474694402576,0.2391071311303848,0.07789139496897507,True,-20.997679417542166,-16.06170826858261
0.2381063040918419,18.560462267800002,0.9735948753688436,6.718117000519509,0.25710350059037185,0.14492079779104114,True,-17.459927628059262,-11.837819704699225
0.4326847942725093,33.40406574156207,0.7723019233154719,9.166085466175359,0.2039467678194796,0.08425646107767776,True,-19.489361278323216,-13.381707837579295
0.3182600696142504,17.806920659340587,0.9673820214199468,12.108850869910851,0.25546283203373743,0.07989048934641549,True,-19.372285309434755,-13.789449482300792
0.08572147256443005,7.432966036849644,0.3990988281548844,11.882942370778643,0.10539261082415069,0.033585859099704865,True,-28.93468950069733,-24.369109485472666
0.24281810915490715,12.753931141337256,0.5418409183744761,7.125506060291276,0.14308743852457406,0.07604244720161348,True,-23.378889703232943,-18.139772772512114
0.31775459033336995,21.052694551671635,0.9618005552439344,6.898227046889203,0.25398889813311376,0.13942721060155072,True,-17.425801611686712,-11.68863252874119
0.25600688364753305,16.227485276069984,0.6648760110384422,7.190892727272301,0.17557811182170133,0.09246084405025572,True,-21.163275423172514,-15.671096437734253
0.31541782505157107,17.165130274908662,1.0195064985048887,10.098968509886177,0.26922768008709647,0.10095154742851845,True,-18.348180767458587,-12.800730794703632
0.2843649448236898,20.0225964597296,0.5493841281538009,16.94368987390218,0.14507942275643146,0.03242411376992916,True,-25.373683106832768,-19.68156033513402
0.32069161565190013,23.478051820496052,0.7066500670154809,18.20465702763006,0.18660965717724348,0.038816994241801156,True,-23.232635649396695,-17.400950749153438
0.12486048753245321,7.010300569267733,1.0965537771011769,12.609641579827546,0.2895740536550168,0.08696153416885413,True,-20.54418918065316,-16.061553038597452
0.3241043014281708,26.617728518940986,1.0103019131562216,14.589777466077331,0.2667969656549477,0.06924724626576884,True,-19.08298343711326,-13.148036432090564
0.10427022898662655,8.203749309215425,0.4982936719095317,14.287559384359719,0.1315876352794437,0.034876052550654874,True,-27.41314989671707,-22.712442572633257
0.18808941069739032,10.717942386990677,0.950644863939598,5.250046540691652,0.2510429425221993,0.1810736069807027,True,-18.30106309412398,-13.261943710059512
0.22948185986818376,18.048513102244048,0.8736882297664519,8.542146457878276,0.23072050601381824,0.10227970616924557,True,-19.076491867272335,-13.480808025015572
0.24175608215757088,13.159699614601388,0.7091366325841327,9.734924309292149,0.1872663006419142,0.0728445964297072,True,-21.876160249635554,-16.60261052780792
0.38770191783900915,28.607206047217208,0.8888236008337589,6.995655772135176,0.23471740141927588,0.12705365012013406,True,-17.711134595507133,-11.719451614731968
0.2669366152262475,15.887077911309683,1.026267259510003,9.300584080646479,0.27101303800654036,0.11034438811703831,True,-18.160339108425802,-12.689377251176362
0.2953815322120393,19.792410546374406,0.6733791625334404,8.915083776052853,0.17782359407589465,0.07553256698969335,True,-21.316505570950554,-15.63490814124987
0.4300802470881435,37.26263590950406,0.6360372424476588,16.05821550384946,0.16796247153333488,0.03960821439313656,True,-23.059284732358684,-16.874591971756104
0.3922469419952998,35.084056338689415,0.919009802761452,16.867142891583914,0.2426888671505407,0.05448520882692019,True,-20.12497723042376,-13.982270794516193
0.4647411865071645,44.784788036265894,1.0030278778885913,5.665297958856987,0.264876064078697,0.1770476831356208,True,-15.724004802301181,-9.418032471253964
0.43801194173798297,33.06341529156967,1.0365921826625897,8.344027963396277,0.27373960729425456,0.12423162856235977,True,-16.661990069485967,-10.56175750600625
0.4801146794424634,39.30247431575886,1.0341788029204166,16.643819291563048,0.2731022904844968,0.06213590671731544,True,-18.91878098331857,-12.697887225492831
0.16611330390653622,11.181321043046186,0.45996917746329474,17.759804444000096,0.12146703796554466,0.02589945057749152,True,-28.198184915846984,-23.108991800017712
0.1608278387631656,7.60042774767976,1.055224604197219,17.389460606408058,0.2786599914522071,0.06068184793543086,True,-21.874784035951862,-17.27818589471595
0.07243658475280698,4.356637377273537,0.6422913017535687,17.260486007103015,0.1696140214553084,0.037211657973550326,True,-28.11440060448706,-24.389515373582057
0.2838949870856711,20.58509118880215,0.8938262510129509,12.457574699287626,0.23603848363307867,0.07174962001745519,True,-19.927400635128624,-14.210276509904748
0.4657232886571972,44.47235245335982,0.6539932696721013,8.46458031447999,0.17270423586765432,0.07726233851823029,True,-20.37566763792718,-14.074129464546473
0.2901540547031122,21.951366292035214,0.7375236807684639,9.21853458427528,0.19476265219866834,0.08000443823539061,True,-20.469971321145124,-14.696026179472534
0.4641181126218358,34.36554950391252,0.9313551627528874,15.63547545161033,0.24594898627210432,0.05956679511507693,True,-19.735439984722362,-13.60742055378058
0.1397521296583273,7.646116729707481,0.8092169546904374,11.214458756654059,0.21369515909702347,0.07215836022494544,True,-22.508561313505176,-17.903669879495894
0.45325387959469504,35.36490240855834,0.4317715403172456,11.0768626062235,0.11402070540768294,0.0389795879633513,True,-25.10021330833153,-18.95188425344167
0.08052718858900701,5.8034705215695235,0.4113079840839121,17.19032501068004,0.10861676165733734,0.023926713650170885,True,-30.859601038504834,-26.65939091328066
0.3781613664861022,30.58903445450924,0.995330681109808,9.42238984710377,0.26284341550317075,0.1056346316869653,True,-17.480267506370765,-11.437480661819768
0.2042116866838598,13.047711800377625,0.70935452575612,10.38687350950956,0.1873238411022124,0.06829336326341899,True,-22.105493344050196,-16.841292821405027
0.46187800091222625,42.982293131278624,0.9611796647427594,10.243431673270603,0.2538249355595897,0.09383375565933429,True,-17.667583265328098,-11.387833391661522
0.3007745806269402,15.698985997309295,0.4779536918701889,8.01071368118237,0.126216325094525,0.05966430843645427,True,-24.37442151725002,-18.915465993136337
0.10559023950377323,5.97173860338482,0.929681379184551,13.60801737511274,0.24550697941120453,0.06831865021607153,True,-22.773419350542007,-18.528987675188063
0.13751861628057926,9.982512477818913,0.7789724929623121,15.188023990084755,0.20570830832315654,0.05128860037822242,True,-23.267994773598033,-18.315071276405522
0.25816527982726895,18.639400693113625,0.4199815742163865,7.839536188465804,0.1109072527457384,0.05357224765851573,True,-25.141152283371223,-19.515063385878
0.33607272650345327,21.588305610517533,0.5743378155286248,7.4087441720568155,0.15166910450087825,0.07752161529545394,True,-22.040836320364342,-16.281482260454354
0.20341110872085594,13.317361255034106,0.6310668212077215,8.510343754400344,0.16664990022413148,0.07415291783970808,True,-22.44790909870686,-17.161389162316283
0.3643868907923955,29.1765126146412,0.5650710290095329,10.384372668730922,0.14922196420304173,0.05441551907233221,True,-22.776354725094254,-16.769477844059892
0.47646424441702057,40.777091319320114,0.9727807950416559,18.22070789806297,0.25688852112902,0.05338874869648021,True,-19.770779433715244,-13.525373924733241
0.39961581854910533,27.889936864819166,0.5839623151649002,8.09915030965493,0.15421070841696263,0.07210167645225248,True,-21.77502192085026,-15.803117148697506
0.36424234910269965,31.029471506854907,0.3971936029349495,6.802957966801612,0.10488948566824562,0.05838542658550171,True,-24.53908059835065,-18.485584665341154
0.3226404188533011,21.769423180407646,1.0339398148941301,15.202392492486638,0.2730391793694818,0.06801165115327251,True,-19.327381012917744,-13.560704074721084
0.15588595215048315,7.503124656994794,0.9684941484330316,17.065460632755837,0.25575651861262055,0.056751714429206894,True,-22.581946721215633,-18.00325094368072
0.3767564876835908,27.13427592028546,0.7792988254541018,7.907671912099962,0.20579448505653725,0.09854971654320331,True,-19.23831971267522,-13.288064684300913
0.09528123240300741,5.791192316110538,0.6685706282239017,8.216640006007365,0.1765537732962578,0.08136788611100097,True,-24.04052135970566,-19.843609817037887
0.24379099352097794,16.80277926954382,0.8998253727578146,14.03069895610118,0.2376227105431556,0.06413261203687434,True,-20.646938839270128,-15.12032102220109
0.24270172733368273,17.47342045832564,1.0714952238758757,11.889439720514332,0.2829566793066624,0.09012159101383824,True,-18.450660490080175,-12.88597891288882
0.40890480437699545,31.015804658785665,1.0653917191049416,16.52831607390457,0.2813448872952442,0.06445857607884302,True,-18.90909530804135,-12.855928361434055
0.40680014505473483,25.581269678195063,0.6604570496947489,13.063141845721127,0.1744111680967699,0.05055882095554859,True,-22.41208597446366,-16.509191749554276
0.39049538786916893,36.4499094250293,0.6660045229737718,7.8378302485898725,0.17587612527305738,0.08497307314018375,True,-20.214397604682503,-14.044941098073632
0.263206747222614,17.560019302435943,0.5459729788938434,7.886853332280326,0.14417861849178384,0.06922570458603752,True,-22.978629346804972,-17.409186010285033
0.4572529293101306,33.1478512865483,0.7106550016604425,9.695748269825591,0.18766726619194293,0.07329552932723014,True,-20.399978558396068,-14.297896294408002
0.09975482322098386,5.427441349509094,0.7389171155132357,11.840920709987579,0.19513062553109717,0.06240368748436715,True,-24.592093716448005,-20.49769366672429
0.42415265757782544,30.532735695686775,1.0132708213619894,16.733620492056634,0.2675809844618926,0.06055299400646645,True,-19.413063039847426,-13.371661198459774
0.17140467339941365,11.825010924210384,0.4801349634021263,10.077581417013096,0.12679234758682373,0.04764386845752063,True,-25.59959663399215,-20.445584023497616
0.3878319988784428,30.469055853403127,0.8411439755213652,16.241872066650764,0.22212633414397867,0.051788609839408584,True,-20.915268292258954,-14.875437504522314
0.15313687557430927,11.64260951723545,0.9244219109029627,9.97306065359309,0.2441180775787785,0.09269189700254278,True,-19.90853540010106,-14.772367175850984
0.2655312712762636,19.326536306948235,0.6649490639604599,16.39824824034779,0.17559740337967303,0.04055000596492721,True,-23.64269860433438,-17.982953765060856
0.4073889139486091,24.209026395861162,0.4940909336453687,8.349687904983146,0.1304777909826852,0.05917477865855228,True,-23.507282087226436,-17.64983638133455
0.3959805845200122,33.834671132710916,1.056444643871815,8.275654946984034,0.27898217522610885,0.12765692270154688,True,-16.445958562084723,-10.329080281548556
0.29354170978447197,15.600397149078304,0.9045240710006348,14.957763172137305,0.23886352620171092,0.06047188076125876,True,-20.978870230329193,-15.526290877243206
0.20646199518007247,10.045218503970322,0.5440145377197242,11.902885299071302,0.1436614402544029,0.04570442578003921,True,-25.45949535818044,-20.498871501983942
0.46777725581239826,42.75897525653753,1.0996871875038208,9.73246863010232,0.290401513621875,0.11299159846274885,True,-16.33490178298352,-10.058512194755236
0.11303338459350598,5.715601658765217,0.6287063095873542,11.209579454071463,0.1660265446415019,0.05608652065524189,True,-25.61651743307491,-21.440136577979388
0.0911428395321239,7.501943594258154,0.702203068365161,9.767792977036022,0.18543530945927222,0.0718896346407047,True,-23.327632895445,-18.749156456264448
0.4820109505762928,45.93772149766236,0.4099491414581669,13.223541443616117,0.10825792328968657,0.031001463806511274,True,-25.907855669879805,-19.58590261231105
0.26728634235151044,19.856281575709193,0.5038031441015166,10.79849720944637,0.13304255726270495,0.046654931175126556,True,-24.45632106559433,-18.771785470995525
0.395333464358301,28.3175780661166,0.4180339385281402,14.219079570674289,0.11039292798295332,0.029399507643961827,True,-26.567349003817565,-20.58356493521627
0.4489096577419085,33.6891009826282,1.0856942417635433,16.555293153407263,0.2867063058671777,0.06557988624563228,True,-18.65116867581498,-12.537389784914506
0.46507153560318865,32.97899063433547,0.9373819302187268,7.378731246084769,0.24754051376666356,0.12703836187503256,True,-17.20312838078599,-11.104752134678343
0.38428960302271564,31.604959817151407,0.5899059216415818,10.969753493136057,0.15578027505083336,0.05377567709344563,True,-22.489927954139652,-16.42276681043453
0.4338201122408263,30.71959426631871,0.8125743834966908,11.146310572933757,0.2145817770537415,0.07290074847455266,True,-19.799067124551087,-13.753082558884985
0.3078972003487826,16.44498138931495,1.057939900112229,10.947909433526121,0.2793770372199586,0.0966339652822179,True,-18.375528384540477,-12.870125652364441
0.4416100679680072,29.173462453860456,0.5559423053972377,13.387922601913035,0.14681128307065192,0.04152565875439089,True,-23.825104827709275,-17.818308204060113
0.13255272050940725,8.941306514574347,0.8903761152882769,6.560757593080952,0.23512738396034308,0.13571239337165536,True,-19.68960472940976,-14.875610481894627
0.4113089997980243,35.77517383312688,0.7651392738823324,11.038524482279833,0.20205528062151737,0.06931535778270113,True,-20.105115388403632,-13.948688113810503
0.3377443535470982,26.17830858621037,0.5515162948745369,9.66898949324968,0.1456424778233923,0.05703970360703911,True,-22.894611604675532,-16.973029409536707
0.1698072432743975,8.710893299215197,1.0960992083241634,9.709675578063209,0.28945401273575355,0.11288731528791227,True,-19.031289180180323,-14.251205240754024
0.3383168663648312,22.33433017939496,0.636587152108092,7.043189566505761,0.16810768973680199,0.09038336198352716,True,-20.970324281102926,-15.181361162545222
0.24115354864737437,18.759403084462296,0.4736613430424298,11.132529096680033,0.12508281675620947,0.04254750550651479,True,-25.189414411546856,-19.557319962692617
0.47658323293942123,32.62073174431441,0.8159137173719793,6.5347344491007435,0.21546361656491542,0.1248579760550574,True,-18.135896520840365,-12.045474996419948
0.26950257333716937,16.99584610752016,0.4459623998994483,5.777131547559089,0.11776817755166738,0.07719443398997432,True,-24.09501720763865,-18.557220035764438
0.479937863441787,42.33873879654789,0.9668267428529632,12.414825024368483,0.25531619602836586,0.07787679173530226,True,-18.306660764630724,-12.036664286663264
0.35377652162987644,31.22949168577637,0.9407121349944204,8.227645607252128,0.24841994249741695,0.11433551952763311,True,-17.534055990691332,-11.475769114392172
0.18825694238753116,12.205768271853618,0.5044800361098847,10.970032101751944,0.1332213085167182,0.045987106640218295,True,-25.39052739292601,-20.200507775626573
0.1137883287466871,7.645721376730237,0.547642983356811,13.475506794324344,0.14461962737986767,0.040639880318821785,True,-26.56717557663438,-21.962355601060032
0.08428923240288766,4.852960777315713,1.129854558626263,9.690375815205583,0.2983680065805097,0.11659553562962542,True,-20.642568546329144,-16.73187415678932
0.47399027096177115,35.35617371305946,0.42183982892613664,12.703094023671476,0.11139797409498987,0.03320764438490833,True,-25.79362331750741,-19.64546803648059
0.07451900907418042,5.15744819878521,0.8950576119598412,15.040328787833593,0.2363636570886352,0.05951050835297366,True,-24.00892054598504,-19.997201208755225
0.14637697642324288,7.1667473279463945,1.0635817561091931,14.436420695799848,0.2808669186514901,0.07367350803365222,True,-21.250467459999296,-16.73631483489369
0.13272103959653064,6.536091481887689,0.45612035512677807,6.0314297610634675,0.12045065453861467,0.07562391890415622,True,-26.224283912387314,-21.84367487946414
0.4078864089464615,32.03210344239961,0.5241184038471841,9.090153258436736,0.13840733939966415,0.05765781818482987,True,-22.88120723589096,-16.804134539630645
0.4307298261004171,31.478762771904858,0.7402886053736987,7.1174853312245165,0.19549280373588246,0.10400985332924274,True,-19.220114769030097,-13.155919187187992
0.1088949465627329,6.606270244024554,1.036011787052539,15.859337119505469,0.27358633846874353,0.06532503718445733,True,-22.090959118871226,-17.694592899032735
0.09989902290094194,6.899740126428622,0.6040458370550592,5.5174949322728475,0.1595142940384328,0.10947827673060169,True,-23.469480188387465,-19.009730548413003
0.31021164353983494,16.636396160285454,0.4241925423105047,7.084534862849752,0.11201927034696293,0.05987584937084683,True,-24.986365873610463,-19.469531757957537
0.18452603765472964,11.324495954423476,0.6348805006456884,16.31557985072572,0.16765700323836966,0.0389125306274327,True,-25.034543432929866,-19.930476728748662
0.23274754458620528,12.118181628835758,0.43513061279308296,10.435740806063993,0.11490775741886712,0.04169618821312978,True,-26.519226226537164,-21.337345333406308
0.4599096889668893,34.90284959685353,0.6965776627240734,16.904470296286107,0.18394977217969635,0.04120671340273293,True,-22.546764291997086,-16.407720474384025
0.4109120195083424,38.75453657446714,0.4382405619759818,15.40303622689694,0.11572902182956829,0.028451569906115106,True,-26.08846187378088,-19.877019691791606
0.320534676678639,23.074297983936887,0.8692129171930273,13.036715537302392,0.22953868125490334,0.06667422593565989,True,-20.165254588195264,-14.348301305918241
0.17373993853715036,10.369069089177344,0.6535721628923715,16.276727764270994,0.1725930314746055,0.040153781052173536,True,-24.97301295499898,-19.973689730311563
0.3455430757764319,27.55892573998325,0.6445582268244009,11.966408237626235,0.17021266303203836,0.05386396770233048,True,-22.202439847249458,-16.239912741217793
0.463261870998741,30.138501537240966,1.0111907952564199,10.122471316511742,0.2670316985046728,0.09989564441708704,True,-17.594930321275456,-11.563331828559367
0.2727182952638697,15.43260452028644,0.7203610668097904,15.41333481739089,0.19023040964101887,0.04673622388303704,True,-23.092153615291075,-17.650560558449317
0.28281110919722685,16.54649954257111,1.1228389668672802,8.87660202494881,0.296515353854432,0.12649423323377568,True,-17.161929804438177,-11.650440644153088
0.134654163454647,8.052428085062969,0.401180333954611,16.385358689566978,0.10594228753378429,0.02448407395622373,True,-29.87785083441071,-25.202202048751357
0.14606052917529877,10.105908497495564,0.9021267345402763,8.773072356033815,0.23823044604522634,0.10282905439846565,True,-20.03569734193398,-15.067686042163269
0.07818695266226441,4.351450036331665,1.0230012322110709,10.053363587336564,0.2701505570374812,0.10175711077431493,True,-22.078788820341913,-18.3560045401412
0.4490738641585677,42.77028041065,0.7363890393760041,6.30219887622874,0.19446302010189337,0.11684636645688688,True,-18.646735949543494,-12.3701756383042
0.309872195216546,27.121005340187985,1.1069198486868645,7.580683224907528,0.29231148927580414,0.1460184809002314,True,-16.076908301609635,-10.127041259433444
0.16524372902338724,9.755285974069817,0.6922500946447421,7.262868938562303,0.18280696326565218,0.09531358757821316,True,-21.89608866957242,-16.971660289780747
0.23824693113492784,15.001893478053258,1.1327376456359377,18.092376852067105,0.2991293620287019,0.06260855911292382,True,-19.84564225063614,-14.433054411592604
0.4448294494219423,37.62860450235155,0.7758792421476632,11.247625104851926,0.20489145355864377,0.06898160588700361,True,-19.99226573095012,-13.800868835260223
0.21412892498364033,14.99115030557445,0.5021352919364306,15.925594856942276,0.13260211674585404,0.03153008075660923,True,-26.4078553285697,-20.996006244212232
0.22096900318792978,12.372624256850525,0.9199551331001162,15.895414453503593,0.24293850665197372,0.05787550464891113,True,-21.520640931438134,-16.31534635785927
0.22515611368376726,10.923973328114963,0.747303027690589,7.710476073758226,0.19734514763981734,0.09692047813155846,True,-21.122070506255334,-16.060310910433135
0.12947989611732602,10.013170150690096,1.1173719995913043,8.231250516892613,0.29507165641946564,0.1357475388822359,True,-18.011264831533374,-13.054567905966257
0.41153657792288195,32.74085374200203,0.5530941357124329,13.037812341447916,0.14605914846644988,0.042422311445158366,True,-23.627457432807162,-17.534354671346016
0.34533602436781147,25.127575892687286,0.6247455227153837,7.862264318330842,0.16498059401497445,0.07946127189578094,True,-21.24726850490687,-15.359002617576248
0.36190017224993765,29.9775669837836,0.8661784591452246,17.520958930351945,0.22873735227688347,0.0494367039263316,True,-20.98097216153764,-14.953429194835055
0.08634350331129868,6.5042918925303566,0.7309935294855405,8.29268246810854,0.19303819288124616,0.08814922460817089,True,-22.90640186785929,-18.533012764027255
0.3621099194644599,30.091702072351474,0.9147115836073618,8.193205056719943,0.2415538085971536,0.11164270603200992,True,-17.81189138691755,-11.781468991196594
0.3231331822722084,26.35981650934693,0.723274908142975,16.976943279842708,0.1909998865824858,0.042603364823733815,True,-22.59016755101749,-16.663025777847757
0.21117168220918725,13.98559741132861,1.087040948514495,15.756705861399588,0.2870619394358191,0.06898909950318376,True,-19.789850766753446,-14.450713958427242
0.12396171386745261,6.416370586657522,0.7519827958732745,17.317931244190042,0.19858096431486308,0.04342220703327689,True,-25.313744516994152,-20.96058333645042
0.4804447501499483,41.46132875143084,1.020582693298794,8.849174765959736,0.26951187781228,0.11533083256810409,True,-16.716195537712636,-10.459849690511856
